date,v_combo,v_rule,t_combo,t_rule
2026-02-03 09:28:00+00:00,-3.5735313398019015e-12,-3.582094540637843e-12,,
2026-02-03 16:04:48+00:00,-1.375157674635774e-16,-1.3784529448403006e-16,,
2026-02-04 00:43:48+00:00,-1.6273416851929392e-17,-1.631241260250193e-17,,
2026-02-04 00:44:02+00:00,-5.493014693812539e-18,-5.5061775245100025e-18,,
2026-02-04 03:38:54+00:00,-4.216127705342869e-17,-4.2262307504424615e-17,,
2026-02-04 04:14:46+00:00,-4.8447705970395164e-17,-4.856380049897655e-17,,
2026-02-04 04:51:28+00:00,-6.379597286256022e-17,-6.394884621840901e-17,,
2026-02-04 04:53:30+00:00,-1.9242215364261978e-17,-1.9288325203248793e-17,,
2026-02-04 06:19:44+00:00,-1.737137312014389e-11,-1.7412999887248753e-11,,
2026-02-04 06:20:08+00:00,-5.732640037877486e-16,-5.74637707927901e-16,,
2026-02-04 07:07:06+00:00,-6.734019357714688e-16,-6.750155989720949e-16,,
2026-02-04 07:29:22+00:00,-2.2643622424119e-16,-2.2697883005049484e-16,,
2026-02-04 07:29:40+00:00,-3.075962992266355e-17,-3.0833338773550977e-17,,
2026-02-04 07:29:52+00:00,-1.3194063157602698e-16,-1.3225679897996783e-16,,
2026-02-04 07:30:06+00:00,-4.253064857504015e-17,-4.263256414560601e-17,,
2026-02-05 07:23:19+00:00,-5.602930176102825e-12,-5.6163563956614264e-12,,
2026-02-05 09:14:31+00:00,-17.764800733981552,-19.391370265917992,,
2026-02-06 00:00:00+00:00,-1.0456461853913746e-13,-29.092249533593574,,
2026-02-06 00:20:33+00:00,,-0.040816200000000004,,
2026-02-06 00:30:59+00:00,,-2.6062356,,
2026-02-06 01:28:55+00:00,-1.5309523479374332e-17,-1.534620946636884e-17,,
2026-02-06 01:40:41+00:00,,1.94,,
2026-02-06 01:40:45+00:00,,-0.031000000000000003,,
2026-02-06 01:41:29+00:00,-4.850880861709298e-17,-4.8625049565052164e-17,,
2026-02-06 02:00:45+00:00,-8.25626215462967e-18,-0.009895362849150897,,
2026-02-06 02:02:09+00:00,-4.253064857504017e-18,-0.04800000152587891,,
2026-02-06 02:04:17+00:00,-4.2530648575040147e-17,-4.263256414560601e-17,,
2026-02-06 02:07:21+00:00,-3.045814676597928e-19,-0.01528720004582405,,
2026-02-06 02:07:22+00:00,-2.784827951455019e-18,-2.7915011939074482e-18,,
2026-02-06 02:21:17+00:00,,-0.03012,,
2026-02-06 02:52:55+00:00,,-0.1489892,,
2026-02-06 03:13:15+00:00,,-0.433608,,
2026-02-06 03:13:57+00:00,,-0.03713999999999999,,
2026-02-06 03:53:51+00:00,-2.4809545002106753e-17,-0.06852000000000004,,
2026-02-06 03:54:01+00:00,-4.430275893233349e-18,-0.01486839962005616,,
2026-02-06 03:54:13+00:00,-2.0809890225576577e-16,-2.0859756660884062e-16,,
2026-02-06 04:29:09+00:00,-8.648936889503975e-16,-8.669662210358809e-16,,
2026-02-06 07:05:39+00:00,-0.1588236147767522,-0.15920631587979153,,
2026-02-07 00:00:00+00:00,-1.0941178846178658e-13,-1.0967397032877694e-13,,
2026-02-07 02:06:11+00:00,-1.594899424700952e-17,-1.5987212588443173e-17,,
2026-02-07 04:06:03+00:00,-1.6547995112395783e-17,-1.6587648830834272e-17,,
2026-02-07 04:06:04+00:00,-2.6006196700536013e-18,-2.6068514968979695e-18,,
2026-02-07 04:06:57+00:00,-1.1177005358209747e-15,-1.120378865252725e-15,,
2026-02-07 04:33:29+00:00,-4.253064857504015e-18,-4.2632564145606015e-18,,
2026-02-07 05:20:39+00:00,-2.8353765716693435e-18,-2.842170943040401e-18,,
2026-02-07 05:20:47+00:00,-3.0657509181174774e-17,-3.073097332162434e-17,,
2026-02-07 05:20:53+00:00,-4.375527170070677e-17,-4.386012181774117e-17,,
2026-02-07 05:20:59+00:00,-1.368955251009105e-17,-1.3722356584366935e-17,,
2026-02-07 05:21:11+00:00,-2.6761795350134934e-16,-2.6825924248561294e-16,,
2026-02-07 05:50:11+00:00,-2.4304815307302852e-17,-2.4363056580420782e-17,,
2026-02-07 05:54:25+00:00,-2.0042568882892832e-16,-2.009059659729981e-16,,
2026-02-07 05:56:21+00:00,-7.040942236464333e-16,-7.057814343271838e-16,,
2026-02-07 12:12:07+00:00,-1.7971071306440972e-16,-1.8014135121530556e-16,,
2026-02-08 00:00:00+00:00,-0.1462451548763036,-0.14659560000002214,,
2026-02-08 04:07:58+00:00,-2.8353765716693435e-18,-2.842170943040401e-18,,
2026-02-08 04:08:32+00:00,-1.1341506286677386e-17,-1.1368683772161616e-17,,
2026-02-08 04:11:29+00:00,-1.701225943001606e-17,-1.7053025658242406e-17,,
2026-02-08 04:46:55+00:00,-5.139120036150685e-17,-5.151434834260727e-17,,
2026-02-08 05:05:05+00:00,-0.05976609558127388,-0.5688029132357283,,
2026-02-08 06:10:15+00:00,-2.0889991760476434e-17,-2.0940050141919378e-17,,
2026-02-08 06:17:41+00:00,-7.088441429173359e-17,-7.105427357601002e-17,,
2026-02-08 07:00:25+00:00,-1.4176882858346717e-16,-1.4210854715202006e-16,,
2026-02-09 04:17:53+00:00,-2.1632709947772383e-15,-2.1684548093934747e-15,,
2026-02-09 04:31:53+00:00,-2.5136411241744355e-15,-2.5196645256026092e-15,,
2026-02-09 04:31:54+00:00,-1.0632662143760039e-16,-1.0658141036401505e-16,,
2026-02-09 05:20:03+00:00,-1.761698484267087e-05,-9.939850492042645,,
2026-02-09 05:35:09+00:00,-0.29970183848486986,-1.3606394096130372,,
2026-02-09 05:36:45+00:00,-5.997934978013613e-16,-6.01230774179648e-16,,
2026-02-09 05:42:23+00:00,-0.25714381005235254,-3.3248150434353168,,
2026-02-09 05:42:25+00:00,-2.003428904657468e-15,-3.039236132886841,,
2026-02-09 05:50:09+00:00,-6.464509193574957e-05,-4.2875535637275615,,
2026-02-09 06:07:53+00:00,-3.1696824954534995e-17,-3.177277959215751e-17,,
2026-02-09 07:28:39+00:00,-0.014880342453215657,-0.014916000000000046,,
2026-02-09 07:44:43+00:00,-2.381716324805427e-16,-2.387423596768146e-16,,
2026-02-09 08:15:35+00:00,-0.012392705846003544,-0.01242240230560307,,
2026-02-09 08:15:43+00:00,-1.0632662143760038e-17,-1.0658141036401505e-17,,
2026-02-09 08:20:45+00:00,-0.07978481282102287,-0.07997600000000037,,
2026-02-09 08:20:46+00:00,-1.7366681501474727e-17,-1.7408297026122457e-17,,
2026-02-09 09:09:57+00:00,-0.02278539968030605,-0.20552000000000006,,
2026-02-09 09:12:31+00:00,-1.5765271781770087e-16,-0.013200000000000161,,
2026-02-10 20:16:17+00:00,-2.3545114585688718e-17,-2.3601535399088854e-17,,
2026-02-10 20:58:23+00:00,-2.1265324287520095e-17,-2.1316282072803028e-17,,
2026-02-10 21:32:05+00:00,-6.471334736583084e-18,-6.486841901277219e-18,,
2026-02-10 21:32:16+00:00,-1.8540913356636257e-17,-1.8585342675888696e-17,,
2026-02-10 21:36:11+00:00,-1.4176882858346717e-17,-1.4210854715202004e-17,,
2026-02-10 21:36:25+00:00,-5.387215486171752e-17,-5.4001247917767614e-17,,
2026-02-10 22:01:51+00:00,-1.015061812383642e-17,-1.017494190144968e-17,,
2026-02-10 23:03:57+00:00,-1.0632662143760038e-17,-1.0658141036401503e-17,,
2026-02-10 23:35:57+00:00,-3.6925691827584316e-17,-3.701417632234831e-17,,
2026-02-11 00:14:57+00:00,-2.8358029584621954e-17,-2.842598351577683e-17,,
2026-02-11 00:15:51+00:00,-1.5948993215640056e-18,-1.5987211554602254e-18,,
2026-02-11 01:15:59+00:00,-3.54422071458668e-18,-3.552713678800501e-18,,
2026-02-11 05:21:13+00:00,-6.411568438791922e-17,-6.426932386381591e-17,,
2026-02-11 06:21:11+00:00,-0.007988856602978342,-0.07018000018310562,,
2026-02-11 06:55:15+00:00,-6.365420403397675e-16,-6.380673767125699e-16,,
2026-02-11 07:25:07+00:00,-7.486683277232233e-16,-7.50462350677044e-16,,
2026-02-11 07:27:05+00:00,-6.658704667529724e-16,-6.674660824046443e-16,,
2026-02-11 07:27:06+00:00,-2.985888466855865e-17,-2.993043507677985e-17,,
2026-02-11 07:28:21+00:00,6.840345979152291e-16,6.856737400084967e-16,,
2026-02-11 07:29:03+00:00,-2.480809975783005e-17,-2.48675470441091e-17,,
2026-02-11 12:38:09+00:00,-3.8270989818532253e-17,-3.836269803117788e-17,,
2026-02-11 12:38:10+00:00,-1.9847636001685398e-17,-1.9895196601282802e-17,,
2026-02-11 12:43:05+00:00,2.1569241213019024e-14,2.1620927269981432e-14,,
2026-02-11 12:44:35+00:00,-4.253064857504015e-17,-4.263256414560602e-17,,
2026-02-11 12:45:03+00:00,-1.3277820410489143e-17,-1.3309637857162181e-17,,
2026-02-11 14:13:31+00:00,-1.174471951220128e-16,-1.1772863211635117e-16,,
2026-02-11 22:06:01+00:00,-4.2530648575040147e-17,-4.2632564145606006e-17,,
2026-02-11 23:35:27+00:00,-1.860715875158006e-18,-1.865174681370263e-18,,
2026-02-12 00:00:00+00:00,-2.5111749542887178e-14,-2.5171924460700975e-14,,
2026-02-12 04:58:01+00:00,-4.013504054266878e-15,-4.023121555277645e-15,,
2026-02-12 05:05:31+00:00,-1.5751322335001403e-15,-1.578906699812607e-15,,
2026-02-12 05:07:55+00:00,-1.8615873296240505e-16,-1.8660482240898866e-16,,
2026-02-12 05:10:45+00:00,-6.881087551740638e-16,-6.897576601107285e-16,,
2026-02-12 05:13:13+00:00,-5.458099900463486e-17,-5.471179065352772e-17,,
2026-02-12 05:14:11+00:00,-5.954290800505621e-16,-5.968558980384842e-16,,
2026-02-12 05:32:15+00:00,-6.042896318370287e-16,-6.057376822354854e-16,,
2026-02-12 05:42:49+00:00,-1.0632662143760036e-18,-1.0658141036401502e-18,,
2026-02-12 06:24:07+00:00,-7.150918943187481e-15,-7.168054585567336e-15,,
2026-02-12 07:00:07+00:00,-1.458712640715752e-15,-1.4622081324623188e-15,,
2026-02-12 07:17:15+00:00,-4.1881282018517484e-15,-4.198164152151016e-15,,
2026-02-12 07:17:53+00:00,-6.325059358582632e-17,-6.340216005729818e-17,,
2026-02-12 07:18:23+00:00,,-0.00010160000324249266,,
2026-02-12 07:18:33+00:00,-3.3807435341263663e-16,-3.388844760365826e-16,,
2026-02-12 07:20:01+00:00,-2.6998902926087358e-05,-2.7063600001926908e-05,,
2026-02-12 07:20:09+00:00,-1.0995552193331454e-15,-1.102190067408629e-15,,
2026-02-12 07:20:17+00:00,-2.454372844851276e-15,-2.4602542225693473e-15,,
2026-02-12 07:20:23+00:00,4.773188670678407e-16,4.784626592814309e-16,,
2026-02-12 07:20:29+00:00,-0.00039944283966416254,-1.3110342170240918e-15,,
2026-02-12 07:20:35+00:00,-5.1036778685834e-17,-5.115907737146145e-17,,
2026-02-12 07:20:43+00:00,-1.0774431053641548e-15,-1.0800249665046378e-15,,
2026-02-12 07:27:07+00:00,-5.087010072336514e-06,-5.099200000103115e-06,,
2026-02-12 07:27:13+00:00,-5.670753143338688e-17,-5.684341886080802e-17,,
2026-02-12 07:27:19+00:00,-1.0632662143760038e-17,-1.0658141036401505e-17,,
2026-02-12 07:27:35+00:00,-2.2683012573354746e-16,-2.2737367544323206e-16,,
2026-02-12 07:27:39+00:00,-5.440378796890552e-16,-5.453415496958768e-16,,
2026-02-12 18:37:49+00:00,-5.670753143338687e-18,-5.684341886080802e-18,,
2026-02-12 18:49:01+00:00,-3.174996518526497e-17,-3.1826047162044445e-17,,
2026-02-12 20:46:41+00:00,-7.655516386249771e-16,-7.673861188095535e-16,,
2026-02-12 21:36:21+00:00,-2.4811759371175224e-16,-2.487121542693216e-16,,
2026-02-12 21:36:33+00:00,-3.8377958574235437e-16,-3.846992311454442e-16,,
2026-02-12 21:36:45+00:00,-7.797285572090694e-17,-7.815970093361103e-17,,
2026-02-12 21:43:57+00:00,-2.091057685621292e-16,-2.0960684565419428e-16,,
2026-02-12 23:33:51+00:00,-0.002121049959044263,-0.005603332627476474,,
2026-02-12 23:35:55+00:00,-7.873335054738174e-17,-7.892201812270549e-17,,
2026-02-12 23:44:41+00:00,-2.2333267626006232e-17,-2.2386784508277346e-17,,
2026-02-13 00:00:00+00:00,-0.0014252094695812998,0.11337071018739969,,
2026-02-13 20:01:49+00:00,-4.692548226112764e-16,-4.703792910731864e-16,,
2026-02-13 20:14:25+00:00,-7.088441429173364e-18,-7.105427357601008e-18,,
2026-02-13 20:14:31+00:00,-5.103677829004819e-16,-5.115907697472722e-16,,
2026-02-13 20:23:13+00:00,1.6303415287098726e-16,1.6342482922482306e-16,,
2026-02-13 21:03:21+00:00,-3.479915938469792e-17,-3.4882548100899754e-17,,
2026-02-13 21:50:45+00:00,-2.835376571669343e-17,-2.842170943040401e-17,,
2026-02-13 22:05:53+00:00,-2.3077809818755808e-17,-2.313311083658391e-17,,
2026-02-13 22:06:03+00:00,-5.316331071880018e-18,-5.329070518200751e-18,,
2026-02-13 22:06:19+00:00,-2.5695600180753427e-16,-2.5757174171303635e-16,,
2026-02-13 22:26:45+00:00,-1.9824692865435783e-14,-1.987219848673166e-14,,
2026-02-13 22:59:03+00:00,-3.0693955432075973e-15,-3.0767506908143025e-15,,
2026-02-13 23:02:41+00:00,-3.69503679724747e-16,-3.703891159832346e-16,,
2026-02-13 23:15:25+00:00,-7.503284299029177e-15,-7.52126430935289e-15,,
2026-02-13 23:15:33+00:00,-9.052742500708215e-18,-9.074435455037788e-18,,
2026-02-13 23:28:53+00:00,-6.595109219292559e-18,-6.610912982967652e-18,,
2026-02-13 23:36:15+00:00,-2.4525314039548163e-15,-2.4584083690550246e-15,,
2026-02-14 00:00:00+00:00,1.5697272697442638e-15,1.5734887842212066e-15,,
2026-02-14 00:04:55+00:00,4.677730485735269e-15,4.688939662820023e-15,,
2026-02-14 00:24:53+00:00,9.073210755101407e-16,9.094952757209344e-16,,
2026-02-14 01:56:55+00:00,-4.118933654342738e-06,-5.3168037948063835e-06,,
2026-02-14 03:08:53+00:00,-2.0935711761063518e-15,-2.0985879700674563e-15,,
2026-02-14 03:31:09+00:00,-4.1520545671382956e-14,-4.162004074714788e-14,,
2026-02-14 05:10:43+00:00,-3.0568905318617817e-15,-3.064215713892862e-15,,
2026-02-14 07:53:03+00:00,-1.7887685764187473e-15,-1.793054976372285e-15,,
2026-02-14 12:35:09+00:00,-7.98442042582087e-13,-8.003553375601768e-13,,
2026-02-15 00:00:00+00:00,-6.477974702051091e-16,-6.493497777997273e-16,,
2026-02-15 03:11:39+00:00,-7.144978601982952e-05,-2.118668703138158,,
2026-02-15 04:27:39+00:00,-7.088441429173359e-17,-7.105427357601003e-17,,
2026-02-15 04:35:43+00:00,-1.953574457880179e-15,-1.9582557797548378e-15,,
2026-02-15 07:08:11+00:00,0.041769977975073126,1.0041798893618186,,
2026-02-15 08:23:31+00:00,-9.922046328148016e-15,-9.945822382513375e-15,,
2026-02-16 01:53:05+00:00,-2.4581098739655836e-06,-2.4640002066718146e-06,,
2026-02-16 04:32:09+00:00,-1.5618777402865108e-15,-1.5656204450509248e-15,,
2026-02-16 04:32:10+00:00,-2.2683012573354748e-17,-2.2737367544323207e-17,,
2026-02-16 05:06:47+00:00,-5.670753143338685e-17,-5.684341886080802e-17,,
2026-02-16 05:09:11+00:00,-1.6951244027121296e-16,-1.69918640450309e-16,,
2026-02-16 05:09:37+00:00,-4.64292913610855e-17,-4.6540549192286564e-17,,
2026-02-16 05:48:51+00:00,-2.725957279603312e-15,-1.2904871903869657,,
2026-02-16 06:20:57+00:00,-0.0001995218886191463,-4.263256414560605e-18,,
2026-02-16 06:23:45+00:00,-6.159855601951649e-16,-6.174616373755271e-16,,
2026-02-16 07:02:33+00:00,-5.906322941255768e-15,-5.92047617645608e-15,,
2026-02-16 07:03:39+00:00,-2.0648715540249917e-15,-0.011697800000002073,,
2026-02-16 07:05:11+00:00,-2.1563097005645564e-15,-2.1614768339333788e-15,,
2026-02-16 07:05:13+00:00,-1.3111024761663506e-16,-1.3142442518365016e-16,,
2026-02-16 07:05:15+00:00,-3.888521992655657e-05,-3.8978400009818216e-05,,
2026-02-16 07:05:19+00:00,-6.134178044520271e-16,-6.148877285568919e-16,,
2026-02-16 07:05:33+00:00,-4.607486928962687e-18,-4.618527782440656e-18,,
2026-02-16 07:05:35+00:00,-9.668559889942884e-16,-9.691728518467208e-16,,
2026-02-16 07:21:17+00:00,-5.949626725879164e-15,-5.963883729304636e-15,,
2026-02-16 07:21:31+00:00,-3.852567920241486e-15,-3.861799772350263e-15,,
2026-02-16 13:03:51+00:00,-1.4885727001264053e-17,-1.4921397450962106e-17,,
2026-02-18 03:36:30+00:00,-2.3715702083392146e-15,-2.3772531673115766e-15,,
2026-02-18 05:02:20+00:00,-2.9643013567558994e-16,-2.9714046687021043e-16,,
2026-02-18 05:03:00+00:00,-1.4292326155358727e-15,-1.4326574647296646e-15,,
2026-02-18 05:12:34+00:00,-6.02202075503437e-17,-6.036451235212116e-17,,
2026-02-18 05:25:46+00:00,-9.830988023225396e-16,-9.85454587590769e-16,,
2026-02-18 06:32:42+00:00,-4.372023332197238e-16,-4.3824999477052753e-16,,
2026-02-18 06:32:54+00:00,-4.295595943182466e-15,-4.305889416857043e-15,,
2026-02-18 06:32:58+00:00,-1.417688611903134e-17,-1.421085798370016e-17,,
2026-02-18 06:59:54+00:00,-1.7298804036759936e-17,-1.7340256907632638e-17,,
2026-02-18 07:02:30+00:00,-1.9138791858768065e-16,-0.0019780000000001914,,
2026-02-18 13:56:06+00:00,-3.402451886003212e-17,-3.410605131648481e-17,,
2026-02-18 13:56:10+00:00,-7.526996434375283e-18,-7.5450332657418e-18,,
2026-02-18 13:56:22+00:00,,-0.5862,,
2026-02-18 13:56:32+00:00,-6.131407825075418e-18,-6.1461004278877646e-18,,
2026-02-18 13:56:38+00:00,-1.205035042959471e-16,-0.30000000000000016,,
2026-02-18 13:57:34+00:00,-5.316331071880019e-18,-0.01590600004196168,,
2026-02-18 13:57:58+00:00,-8.218161781947862e-18,-0.005268400000000008,,
2026-02-18 16:20:34+00:00,-4.944941529412838e-17,-4.9567910204098005e-17,,
2026-02-18 21:33:08+00:00,-3.5973840253054785e-16,-3.6060043839825077e-16,,
2026-02-18 22:01:24+00:00,-3.93408512171374e-16,-3.943512312299059e-16,,
2026-02-18 22:46:42+00:00,-7.843029459716019e-16,-7.86182359639469e-16,,
2026-02-18 22:57:16+00:00,-4.536602514670949e-15,-4.5474735088646405e-15,,
2026-02-18 23:07:12+00:00,-6.044263135060692e-15,-6.058746914328084e-15,,
2026-02-18 23:31:30+00:00,-4.71853516098566e-16,-4.729842117716369e-16,,
2026-02-18 23:46:48+00:00,7.271234612528167e-14,7.288658565585138e-14,,
2026-02-19 00:05:30+00:00,-2.593706003432258e-18,-2.599921263158512e-18,,
2026-02-19 00:33:12+00:00,-1.1459340164425395e-05,-8.742880001344677e-05,,
2026-02-19 00:38:22+00:00,-2.7466662699897077e-16,-2.753248066163498e-16,,
2026-02-19 16:06:32+00:00,-3.1669827229537684e-14,-0.25200000000003175,,
2026-02-19 16:36:28+00:00,-8.612053961697924e-16,-8.632690900532793e-16,,
2026-02-19 16:36:29+00:00,-4.5366025146709534e-17,-4.547473508864646e-17,,
2026-02-19 16:39:20+00:00,-1.4176882858346727e-16,-1.4210854715202014e-16,,
2026-02-19 16:41:24+00:00,-5.381950861237623e-17,-5.394847551298972e-17,,
2026-02-19 16:52:26+00:00,-2.7219615088025694e-15,-2.7284841053187848e-15,,
2026-02-19 17:00:22+00:00,-2.466777617352329e-15,-2.4726887204451493e-15,,
2026-02-19 17:00:30+00:00,-1.132526129089434e-16,-1.135239984873299e-16,,
2026-02-19 17:00:46+00:00,,-0.004706505882352944,,
2026-02-19 23:12:38+00:00,-4.114344961877001e-15,-0.0020179998874705566,,
2026-02-20 00:00:00+00:00,-3.492656981683611e-16,-0.01000000000000035,,
2026-02-20 00:18:08+00:00,-3.544220714586679e-17,-3.5527136788005016e-17,,
2026-02-20 00:24:56+00:00,-9.35993248515196e-18,-9.382361554344242e-18,,
2026-02-20 00:44:04+00:00,-7.088441429173359e-19,-2.136239999999818e-05,,
2026-02-20 00:50:44+00:00,-7.8610815449532555e-16,-7.879918939579512e-16,,
2026-02-20 00:57:20+00:00,-1.1341506286677373e-16,-1.1368683772161603e-16,,
2026-02-20 01:09:30+00:00,6.663134943422957e-16,6.679101716144943e-16,,
2026-02-20 15:55:38+00:00,1.580498766934751e-13,0.9949619706036434,,
2026-02-20 19:42:58+00:00,-5.635310936192821e-16,-5.648814749292798e-16,,
2026-02-20 19:46:16+00:00,-8.086863567298368e-14,-9.375600081056652e-06,,
2026-02-20 21:30:26+00:00,-5.056092437742197e-16,-5.068208278033629e-16,,
2026-02-21 00:00:00+00:00,-5.233376326427787e-14,-0.0020472480000524604,,
2026-02-21 02:47:46+00:00,-2.7206640126329817e-13,-2.72718349997812e-13,,
2026-02-21 05:50:08+00:00,-8.149065093269988e-13,-0.002038901600817024,,
2026-02-21 08:29:50+00:00,-1.2759194572512046e-16,-1.2789769243681805e-16,,
2026-02-22 14:42:30+00:00,-9.267749571407714e-15,-9.289957744033274e-15,,
2026-02-22 17:06:34+00:00,-2.268301257335475e-16,-2.2737367544323206e-16,,
2026-02-23 05:12:30+00:00,-5.670753143338687e-18,-5.684341886080802e-18,,
2026-02-23 05:51:10+00:00,-2.2683013138087618e-17,-2.273736811040934e-17,,
2026-02-23 05:51:46+00:00,-2.4893524885757058e-14,-2.4953176875019605e-14,,
2026-02-23 05:51:48+00:00,-7.375498684813626e-16,-7.393172484340674e-16,,
2026-02-23 05:52:50+00:00,-1.0251804039158437e-16,-1.0276370287099302e-16,,
2026-02-23 05:59:26+00:00,-2.913349427390252e-16,-2.9203306439740136e-16,,
2026-02-23 05:59:58+00:00,-5.120470219848413e-16,-5.132740327676668e-16,,
2026-02-23 06:38:50+00:00,-1.6587171740389345e-15,-1.662691933720798e-15,,
2026-02-23 06:39:10+00:00,9.031560407322425e-15,9.053202603311707e-15,,
2026-02-23 07:23:42+00:00,-7.269587361792781e-16,-7.28700736756693e-16,,
2026-02-23 14:05:46+00:00,-3.245265697311293e-15,-3.253042279993679e-15,,
2026-02-23 14:57:24+00:00,-2.5056719375005356e-15,-2.5116762424833453e-15,,
2026-02-23 22:11:50+00:00,-3.5442207145866787e-17,-3.5527136788005004e-17,,
2026-02-23 22:41:46+00:00,-5.644171792362453e-17,-5.657696838602353e-17,,
2026-02-24 08:05:26+00:00,-4.253064857504015e-17,-4.263256414560601e-17,,
2026-02-25 01:33:44+00:00,-1.4092186919065683e-16,-1.4125955820281554e-16,,
2026-02-25 01:55:56+00:00,-1.7946422416102474e-17,-1.7989427165416984e-17,,
2026-02-25 01:58:06+00:00,-1.096493283575255e-17,-1.099120794378906e-17,,
2026-02-25 02:09:04+00:00,-1.9610632835501618e-16,-1.965762550788143e-16,,
2026-02-25 02:14:22+00:00,-1.0136471243717911e-15,-1.0160761121369442e-15,,
2026-02-25 02:18:52+00:00,-2.410070085918942e-17,-2.4158453015843408e-17,,
2026-02-25 02:22:50+00:00,-2.4809545002106753e-16,-2.486899575160351e-16,,
2026-02-25 02:22:54+00:00,-1.3955369063685054e-16,-1.3988810110276977e-16,,
2026-02-25 02:40:58+00:00,-9.220104009117188e-16,-9.242198009379324e-16,,
2026-02-25 02:50:12+00:00,-1.648776794000254e-16,-1.6527277336949498e-16,,
2026-02-25 03:10:06+00:00,-9.301479589568648e-15,-9.323768588942947e-15,,
2026-02-25 03:11:48+00:00,-3.1562968739506476e-16,-3.1638602619440466e-16,,
2026-02-25 03:20:30+00:00,-1.1341506286677373e-16,-1.1368683772161603e-16,,
2026-02-25 03:20:31+00:00,-2.835376571669346e-17,-2.842170943040403e-17,,
2026-02-25 03:21:55+00:00,-2.588917342478954e-16,-2.595121127207067e-16,,
2026-02-25 03:22:42+00:00,-1.3361802998868285e-16,-1.339382169178842e-16,,
2026-02-25 03:23:06+00:00,-4.912289910417142e-16,-4.9240611588175e-16,,
2026-02-25 03:23:07+00:00,-6.23782235083836e-17,-6.25276995322097e-17,,
2026-02-25 03:27:35+00:00,,-2.1316282072803028e-17,,
2026-02-25 03:33:54+00:00,-4.6004056293518515e-15,-4.611429514015227e-15,,
2026-02-25 03:34:36+00:00,-5.050514381124673e-15,-5.062616854800691e-15,,
2026-02-25 03:45:16+00:00,-5.387215486171753e-16,-5.400124791776762e-16,,
2026-02-25 03:54:50+00:00,-3.3018847778151017e-16,-3.3097970359712414e-16,,
2026-02-25 03:58:56+00:00,-8.222589461203167e-17,-8.242293131956948e-17,,
2026-02-25 03:59:50+00:00,-1.5271947453033677e-14,-1.5308543397146346e-14,,
2026-02-25 04:00:10+00:00,-2.835376571669346e-17,-2.842170943040403e-17,,
2026-02-25 04:00:38+00:00,-3.577890811375253e-15,-3.586464458749106e-15,,
2026-02-25 04:02:46+00:00,-6.379597286256021e-17,-6.3948846218409e-17,,
2026-02-25 04:03:36+00:00,-1.0223719639632119e-17,-1.0248218589337533e-17,,
2026-02-25 04:05:31+00:00,-1.3361712093991782e-16,-1.339373056907789e-16,,
2026-02-25 04:06:48+00:00,-9.259276616857699e-17,-9.28146448586631e-17,,
2026-02-25 04:08:46+00:00,-5.5289843147552194e-17,-5.542233338928781e-17,,
2026-02-25 04:08:58+00:00,-4.253064857504016e-17,-4.2632564145606024e-17,,
2026-02-25 04:12:12+00:00,-1.5948993215640055e-17,-1.5987211554602253e-17,,
2026-02-25 04:17:06+00:00,-1.0526187095578981e-14,-1.0551410843621198e-14,,
2026-02-25 04:17:12+00:00,2.3834656088444207e-12,11.08743980000239,,
2026-02-25 04:25:16+00:00,-1.5688674891961596e-16,-1.5726269433935613e-16,,
2026-02-25 04:32:02+00:00,-3.5636782153825344e-17,-3.572217805320671e-17,,
2026-02-25 04:36:36+00:00,-2.3622451383929047e-15,-2.3679057518366656e-15,,
2026-02-25 04:40:52+00:00,-1.3609807544012849e-15,-1.3642420526593924e-15,,
2026-02-25 04:44:36+00:00,-2.4975680348103028e-18,-2.5035529205297304e-18,,
2026-02-25 04:44:54+00:00,-3.544220714586679e-17,-3.5527136788005016e-17,,
2026-02-25 04:52:46+00:00,-1.8288178887267264e-15,-1.8332002582610585e-15,,
2026-02-25 04:57:48+00:00,-7.871714207097014e-16,-7.890577080615912e-16,,
2026-02-25 05:01:50+00:00,-2.068407248215653e-14,-2.0733637422247328e-14,,
2026-02-25 05:07:14+00:00,-2.323106133855358e-15,-2.328672959075509e-15,,
2026-02-25 05:11:26+00:00,-7.088441429173359e-17,-7.105427357601003e-17,,
2026-02-25 05:16:52+00:00,-1.3284933724077313e-15,-0.0019383364000013362,,
2026-02-25 05:19:02+00:00,-1.2266294282257542e-13,-1.229568782367743e-13,,
2026-02-25 05:19:42+00:00,-4.242857405124666e-17,-4.253024502212545e-17,,
2026-02-25 05:21:42+00:00,-1.4155803466676458e-16,-1.418972481129407e-16,,
2026-02-25 05:59:02+00:00,-6.237828457672555e-17,-6.252776074688882e-17,,
2026-02-25 06:08:28+00:00,-3.500799180116094e-16,-3.5091880939425206e-16,,
2026-02-25 06:10:22+00:00,-1.3822460786888049e-17,-1.3855583347321955e-17,,
2026-02-25 06:22:22+00:00,-8.636517659504334e-16,-8.657213220340129e-16,,
2026-02-25 06:22:24+00:00,-6.911230393444025e-16,-6.927791673660977e-16,,
2026-02-25 06:22:38+00:00,-1.7721103572933396e-16,-1.7763568394002506e-16,,
2026-02-25 06:23:06+00:00,-2.710977617578986e-16,-2.717473893557458e-16,,
2026-02-25 06:32:22+00:00,-1.4176882858346715e-16,-1.4210854715202002e-16,,
2026-02-25 06:40:30+00:00,-4.111764824079114e-16,-4.1216177859341225e-16,,
2026-02-25 06:52:00+00:00,-9.941539104415636e-16,-9.965361869035404e-16,,
2026-02-25 06:54:18+00:00,-3.2858481285648244e-14,-0.015025000000032937,,
2026-02-25 06:56:28+00:00,-6.307401237406636e-13,-6.32251557065655e-13,,
2026-02-25 07:03:36+00:00,-2.1477977530395275e-15,-2.152944489353104e-15,,
2026-02-25 07:19:52+00:00,-3.848669275372655e-14,-3.857891785215806e-14,,
2026-02-25 07:20:08+00:00,-5.103677829004819e-16,-5.115907697472722e-16,,
2026-02-25 07:20:16+00:00,-3.780219830484116e-15,-3.7892783159245255e-15,,
2026-02-25 07:20:44+00:00,-1.9670424965956077e-17,-0.0035880000114441126,,
2026-02-25 07:20:56+00:00,-1.62658595657587e-15,-1.6304837206917018e-15,,
2026-02-25 07:23:28+00:00,16.363488135219924,16.40269972229004,,
2026-02-25 07:24:40+00:00,-3.0905604631195857e-16,-0.11220766480000037,,
2026-02-25 07:25:48+00:00,-9.116444628976265e-15,-9.138290231783259e-15,,
2026-02-25 07:34:56+00:00,-8.192726091286179e-15,-8.212358200883804e-15,,
2026-02-25 07:38:04+00:00,-5.416877103061618e-15,-5.429857486364958e-15,,
2026-02-25 07:38:34+00:00,-4.43027589323335e-19,-4.440892098500627e-19,,
2026-02-25 07:38:56+00:00,-1.1341506286677373e-16,-1.1368683772161603e-16,,
2026-02-25 07:40:00+00:00,-4.9619090004213506e-17,-4.973799150320701e-17,,
2026-02-25 07:45:12+00:00,-1.3609807544012847e-15,-1.3642420526593924e-15,,
2026-02-25 07:48:44+00:00,8.204874090035969e-16,8.224535309705161e-16,,
2026-02-25 07:57:56+00:00,-5.818183217603612e-15,-5.83212524487443e-15,,
2026-02-25 07:59:56+00:00,-4.961909000421351e-16,-4.973799150320701e-16,,
2026-02-25 08:23:06+00:00,-5.670753143338692e-17,-5.684341886080807e-17,,
2026-02-25 08:23:34+00:00,-3.62928201173676e-15,-3.637978807091714e-15,,
2026-02-25 08:24:38+00:00,-6.012132482567676e-14,-6.026539267622866e-14,,
2026-02-25 08:34:10+00:00,-8.647897307292634e-16,-8.668620137011836e-16,,
2026-02-25 08:48:18+00:00,-2.126532428752008e-17,-2.1316282072803012e-17,,
2026-02-25 09:28:06+00:00,-3.118914488484007e-17,-3.12638829761436e-17,,
2026-02-25 10:07:52+00:00,-1.7012259430016059e-16,-1.7053025658242405e-16,,
2026-02-25 10:32:46+00:00,-0.11713930080830441,-0.11742000000000616,,
2026-02-25 10:33:06+00:00,-2.421025834472615e-15,-2.42682730323789e-15,,
2026-02-25 13:01:56+00:00,-1.1341506286677383e-17,-0.1600080001831055,,
2026-02-25 13:25:08+00:00,-0.00017158882420871904,-0.0001719999999962479,,
2026-02-25 14:42:32+00:00,-2.8353765716693434e-16,-2.8421709430404013e-16,,
2026-02-25 14:51:08+00:00,-9.073205029341899e-16,-9.094947017729283e-16,,
2026-02-25 14:53:22+00:00,-2.1265324287520073e-17,-2.1316282072803006e-17,,
2026-02-25 15:04:40+00:00,0.0003905640969718577,0.0003914999999998869,,
2026-02-25 15:05:58+00:00,-0.00011073464818487056,-0.00011100000000124973,,
2026-02-25 15:22:30+00:00,-5.228913637456007e-15,-5.241443606658351e-15,,
2026-02-25 15:23:50+00:00,-3.1752067601198593e-16,-0.027280000000000314,,
2026-02-25 19:36:42+00:00,-0.004074236965602905,-0.004084000000000026,,
2026-02-25 20:44:18+00:00,1.379056280045677e-14,1.3823608924212749e-14,,
2026-02-25 20:44:19+00:00,-1.602193783983962e-18,-1.6060330974936936e-18,,
2026-02-26 13:36:08+00:00,,-0.03945600128173832,,
2026-02-26 16:59:00+00:00,-5.538194741495781e-16,-5.551465836480108e-16,,
2026-02-26 18:21:52+00:00,-2.5376622191334275e-16,-2.5437431819598027e-16,,
2026-02-26 18:26:08+00:00,-1.1341506286677373e-16,-1.1368683772161603e-16,,
2026-02-26 20:13:42+00:00,-1.5430650936131752e-15,-1.546762717907768e-15,,
2026-02-26 23:53:34+00:00,-4.678372176157078e-16,-4.689582890915195e-16,,
2026-02-26 23:57:46+00:00,-3.544220714586679e-18,-3.552713678800501e-18,,
2026-02-27 02:07:16+00:00,-2.832139716220105e-17,-1.6689200000067186e-05,,
2026-02-27 02:55:52+00:00,-1.9929927952931277e-18,-1.997768574752676e-18,,
2026-02-27 22:02:49+00:00,-8.506129332232194e-17,-8.526512445428125e-17,,
2026-02-27 22:28:59+00:00,-1.4885727001264057e-16,-1.492139745096211e-16,,
2026-02-27 23:45:49+00:00,-9.0732050293419e-16,-9.094947017729283e-16,,
2026-02-27 23:58:57+00:00,-3.5513097497617026e-15,-3.559819701326737e-15,,
2026-02-28 00:00:00+00:00,-612.4747725601816,-837.3868122001356,,
2026-02-28 00:14:49+00:00,2.8989953317260873e-14,2.9059421518005414e-14,,
2026-02-28 00:18:43+00:00,-1.1341506286677373e-16,-1.1368683772161603e-16,,
2026-02-28 00:22:15+00:00,-1.2493378220894555e-16,-1.252331592023227e-16,,
2026-02-28 01:00:57+00:00,-0.0020869989549562257,-0.002092,,
2026-02-28 01:08:19+00:00,-0.35171718525782375,-0.3525600000000002,,
2026-02-28 01:12:31+00:00,-2.2763278932207962e-14,-2.2817826244277107e-14,,
2026-02-28 01:15:07+00:00,-1.3025011695580576e-16,-1.3056223340430995e-16,,
2026-02-28 01:16:27+00:00,-1.7012259430016059e-16,-1.7053025658242405e-16,,
2026-02-28 01:51:47+00:00,-4.176903129665558e-14,,,
2026-02-28 07:34:11+00:00,-12.545929336826273,-12.57599296363379,,
2026-02-28 09:15:23+00:00,-83.55017455092899,-108.88359348592526,,
2026-02-28 09:36:35+00:00,10.808246651984174,10.820510295212282,,
2026-02-28 09:47:33+00:00,-0.0011045531754259577,-0.0011072000000304605,,
2026-02-28 10:38:47+00:00,-1.0706019573773956e-13,-1.073167425175107e-13,,
2026-02-28 11:07:55+00:00,-2.153389069898581e-14,-19.991660490993837,,
2026-02-28 11:07:57+00:00,-0.00013784049485982084,-24.30151542436274,,
2026-02-28 12:27:17+00:00,-0.39915763440038,-0.8200301299963467,,
2026-02-28 13:58:13+00:00,2.669511246077108,-0.2625495999999752,,
2026-02-28 14:39:31+00:00,-8.080823229257629e-16,-8.100187187665143e-16,,
2026-02-28 16:08:59+00:00,2.9200803691539584e-12,-0.11016799999707294,,
2026-02-28 16:32:29+00:00,-19.063798695183163,-19.12837299711611,,
2026-02-28 17:22:41+00:00,-5.228841869970829e-15,-0.24012000000000525,,
2026-02-28 17:37:31+00:00,-0.13268205592981772,1.9164709480250816e-12,,
2026-02-28 17:59:37+00:00,-7.017557014881627e-17,-7.034373084024994e-17,,
2026-02-28 18:09:17+00:00,-1.0083445340104409,-0.814816695150193,,
2026-02-28 18:18:39+00:00,-4.821380959835648e-14,-4.832934364448561e-14,,
2026-02-28 19:02:03+00:00,-5.223739208479374e-15,-5.23625677827331e-15,,
2026-02-28 19:30:41+00:00,-2.1265324287520076e-17,-2.1316282072803006e-17,,
2026-02-28 19:43:53+00:00,-7.560812708277224e-16,-7.578930573085847e-16,,
2026-02-28 19:58:33+00:00,-8.613517755516719e-17,-8.634158202019287e-17,,
2026-02-28 19:58:37+00:00,-4.7353055878003174e-17,-4.7466527312592965e-17,,
2026-02-28 20:37:37+00:00,-0.02620216214243705,-0.37195655000000044,,
2026-02-28 21:50:43+00:00,-0.20773306070984376,-0.26868804840217775,,
2026-02-28 22:01:37+00:00,-6.273270724897842e-17,-6.288303271700275e-17,,
2026-02-28 22:06:17+00:00,-4.9619093300353545e-17,-4.973799480724555e-17,,
2026-02-28 22:32:45+00:00,-0.210523525557608,-0.22073468983460126,,
2026-02-28 23:15:53+00:00,-1.2971848912898556e-16,-1.3002933164551096e-16,,
2026-02-28 23:22:21+00:00,-9.3911577684369e-15,-0.10800000000000945,,
2026-02-28 23:22:22+00:00,,-0.0030799999237060543,,
2026-02-28 23:23:31+00:00,-3.435677734506272e-15,-0.27983999633789414,,
2026-02-28 23:31:09+00:00,-7.590610730699065e-05,-0.4635960880000008,,
2026-02-28 23:43:19+00:00,-0.1861379599652345,-0.18658399963378908,,
2026-02-28 23:48:25+00:00,-3.435596348807941e-16,-3.4438290180442205e-16,,
2026-02-28 23:53:11+00:00,169.6877440362775,170.61022692305934,,
2026-03-01 00:00:00+00:00,-1.7959763282163532,-1.8021216000000084,,
2026-03-01 00:02:27+00:00,-7.396994667795976e-05,-8.832239977830977e-05,,
2026-03-01 00:03:47+00:00,-1.993624151955007e-19,-1.9984014443252817e-19,,
2026-03-01 00:16:37+00:00,-1.9209188376402924e-16,-1.9255219073302224e-16,,
2026-03-01 00:17:07+00:00,-3.1620990205429604e-14,-0.024904000000031696,,
2026-03-01 00:20:01+00:00,-0.003548403013807454,-0.003556906000003673,,
2026-03-01 00:22:27+00:00,-1.3532337155119806e-15,-1.3564764496542083e-15,,
2026-03-01 00:22:28+00:00,-4.5366025146709497e-17,-4.5474735088646414e-17,,
2026-03-01 00:46:43+00:00,-0.00021379169794994481,-0.00021430400386600364,,
2026-03-01 01:46:41+00:00,-6.59225058268281e-17,-6.608047496248844e-17,,
2026-03-01 01:59:01+00:00,-3.379612969265453e-15,-3.3877114863488868e-15,,
2026-03-01 02:32:09+00:00,-1.5761660957786843,-1.6980230960203648,,
2026-03-01 02:48:35+00:00,-4.1768677933695515e-15,-4.186876760516816e-15,,
2026-03-01 03:02:35+00:00,-2.0095689691605013e-16,-2.0143844698628264e-16,,
2026-03-01 03:11:55+00:00,-0.0036021682524837906,-0.00361080007553437,,
2026-03-01 03:13:13+00:00,-0.8733667640087939,-0.8726200000000007,,
2026-03-01 03:22:39+00:00,-5.619848365020061,-2.7582269771093086,,
2026-03-01 03:26:23+00:00,-0.48562169818798206,-0.4712453863542386,,
2026-03-01 03:28:03+00:00,-2.6304731194453674e-15,-2.6367764836734827e-15,,
2026-03-01 04:28:41+00:00,-1.7474043440030026e-15,-0.22004026688477332,,
2026-03-01 04:29:23+00:00,-5.053149278590824e-15,-5.065258066233067e-15,,
2026-03-01 05:00:35+00:00,-0.004279744510881088,-0.004290000000000492,,
2026-03-01 05:00:36+00:00,-1.5595408526512064e-17,-1.56327795756599e-17,,
2026-03-01 05:01:15+00:00,-0.27012470199478794,-0.27077199786376954,,
2026-03-01 05:01:16+00:00,-1.5366538809599903e-17,-1.5403361421595573e-17,,
2026-03-01 05:02:21+00:00,-5.23462427540165e-16,-5.247167928922104e-16,,
2026-03-01 05:02:23+00:00,-4.961909000421351e-17,-4.973799150320702e-17,,
2026-03-01 05:02:35+00:00,-5.777079767838602e-17,-5.790923299514471e-17,,
2026-03-01 05:02:36+00:00,-4.927204172934005e-18,-4.939011160163299e-18,,
2026-03-01 05:03:09+00:00,-0.9730029854370521,-1.0112401782470732,,
2026-03-01 05:03:19+00:00,-0.22765447491444138,-0.22820000000000035,,
2026-03-01 05:03:20+00:00,-3.8728912779852524e-18,-3.882171830658674e-18,,
2026-03-01 05:04:21+00:00,-1.9790043208487363e-14,-1.9837465799317537e-14,,
2026-03-01 05:04:59+00:00,-1.4564646424859367e-16,-1.4599547473872543e-16,,
2026-03-01 05:05:07+00:00,-2.5295600705949483e-15,-2.535621618361389e-15,,
2026-03-01 05:05:09+00:00,-9.439659604042464e-16,-9.462279722162601e-16,,
2026-03-01 05:05:53+00:00,-9.73331613743367e-16,-9.756639940405878e-16,,
2026-03-01 05:05:54+00:00,-2.2683012573354748e-17,-2.2737367544323207e-17,,
2026-03-01 05:06:07+00:00,-1.594899321564006e-18,-1.598721155460226e-18,,
2026-03-01 05:06:41+00:00,-2.0169056285383834e-15,-2.0217387099701726e-15,,
2026-03-01 05:07:25+00:00,-1.7946390564499577e-13,-1.7989395237488556e-13,,
2026-03-01 05:10:39+00:00,-5.446985113929682e-15,-5.460037644618709e-15,,
2026-03-01 05:10:40+00:00,-4.427253872114977e-17,-4.4378628357572884e-17,,
2026-03-01 05:11:19+00:00,-0.07662219136455732,-7.857224539437786,,
2026-03-01 05:13:39+00:00,-0.11995255730670448,-0.12023999786376954,,
2026-03-01 05:13:41+00:00,-9.923818000842702e-18,-9.947598300641404e-18,,
2026-03-01 05:13:47+00:00,-1.4986355569694322e-17,-1.5022267154157783e-17,,
2026-03-01 05:15:21+00:00,-3.187078936791762e-17,-3.1947160873917225e-17,,
2026-03-01 05:18:37+00:00,-0.09976094430957069,-0.1434148010253903,,
2026-03-01 05:18:38+00:00,-0.0026241119643639036,-0.002630400085449219,,
2026-03-01 05:31:05+00:00,-1.558865143213296e-15,-1.5626006289354457e-15,,
2026-03-01 05:43:05+00:00,-0.010485812884271053,-0.01051093988418176,,
2026-03-01 05:45:09+00:00,-9.017391747992026e-06,-9.038999991830373e-06,,
2026-03-01 05:46:59+00:00,-1.861197632970078e-15,-1.8656575936115268e-15,,
2026-03-01 05:49:23+00:00,-3.39066773906295e-17,-3.3987927465294165e-17,,
2026-03-01 05:55:19+00:00,-0.03463340709419116,-0.03672239862060574,,
2026-03-01 05:56:23+00:00,4.958238431140698,4.762830091709957,,
2026-03-01 05:56:45+00:00,-19.917254821549925,-20.67701425256792,,
2026-03-01 06:39:47+00:00,-0.03057273899311116,-0.03064600000000003,,
2026-03-01 06:39:48+00:00,-0.039904377723828405,-0.04,,
2026-03-01 06:43:47+00:00,-0.07600985570477517,-0.07619199700927734,,
2026-03-01 06:44:09+00:00,-0.17992883596005782,-0.1803599967956554,,
2026-03-01 06:44:31+00:00,-0.011083440912793377,-0.01111000000000004,,
2026-03-01 06:45:31+00:00,-0.02399950764089876,-0.02405701730972515,,
2026-03-01 06:45:32+00:00,-1.9618894064420207e-16,-1.966590653306194e-16,,
2026-03-01 06:49:41+00:00,-0.5327433978464335,-0.5340200030517578,,
2026-03-01 06:57:49+00:00,-1.9120450995430737e-15,-0.007500000000001917,,
2026-03-01 06:59:09+00:00,0.3268168449004652,0.3275999913215643,,
2026-03-01 07:04:57+00:00,-9.305628383642862e-16,-9.327927324711666e-16,,
2026-03-01 07:07:59+00:00,-0.0019952188862047294,-0.002000000000013341,,
2026-03-01 07:11:05+00:00,-0.5527155139326242,-0.5540399780273502,,
2026-03-01 07:12:33+00:00,-0.07283347040423854,-0.07300800018314477,,
2026-03-01 07:12:47+00:00,-1.020871822355441,-2.972263122558608,,
2026-03-01 07:12:49+00:00,-6.135046057699017e-16,-6.149747378754939e-16,,
2026-03-01 07:13:05+00:00,-0.6517948963203184,-0.5853084853867132,,
2026-03-01 07:16:25+00:00,-9.75515706152737e-19,-9.77853320158625e-19,,
2026-03-01 07:17:17+00:00,-3.671582367252229e-14,-3.680380526329861e-14,,
2026-03-01 07:20:19+00:00,-0.2476226255267851,-0.28140799999933874,,
2026-03-01 07:20:43+00:00,-0.505916479753417,-0.5071288000076395,,
2026-03-01 07:26:01+00:00,,-0.019856000000000002,,
2026-03-01 07:27:37+00:00,-5.451604318854203e-16,-0.022232000000000546,,
2026-03-01 07:41:27+00:00,-1.159015912721098e-16,-1.1617932455856904e-16,,
2026-03-01 07:51:07+00:00,-2.3480479760868863e-16,-2.353674569078448e-16,,
2026-03-01 07:53:41+00:00,-0.2719004489365892,-0.0036600000019719105,,
2026-03-01 07:54:37+00:00,-1.1035211870729669e-16,-0.03515999908447277,,
2026-03-01 07:55:49+00:00,5.3571160380622915,4.813705216800428,,
2026-03-01 07:56:33+00:00,-1.4695129043613505e-16,-1.473034276621584e-16,,
2026-03-01 08:02:23+00:00,-5.840455429666911e-14,-5.854450827513449e-14,,
2026-03-01 08:03:39+00:00,-8.535621237997797e-15,-8.556075022215778e-15,,
2026-03-01 08:04:47+00:00,-1.1333064593587127e-16,-1.1360221850365783e-16,,
2026-03-01 08:07:53+00:00,-0.002841191693938678,-2.100719618099096e-15,,
2026-03-01 08:08:07+00:00,-0.025159710154873807,-0.025220000000000003,,
2026-03-01 08:10:13+00:00,-2.410070085918942e-16,-2.415845301584341e-16,,
2026-03-01 08:20:09+00:00,-2.5235816356162214e-13,-0.009400000000252965,,
2026-03-01 08:28:25+00:00,-0.09092212496341193,-0.09114000032043493,,
2026-03-01 08:39:39+00:00,-0.007342405501185822,-0.007360000000001399,,
2026-03-01 08:48:39+00:00,-4.1008958915600945e-16,-0.03552800000000042,,
2026-03-01 08:49:09+00:00,-0.004397462417554968,-0.004407999992370839,,
2026-03-01 08:59:49+00:00,-4.92252425974874e-05,-1.6003200325706e-05,,
2026-03-01 09:01:37+00:00,-3.0363944046326334e-15,-3.043670472094081e-15,,
2026-03-01 09:14:09+00:00,-9.68833420569043e-15,-9.711550219118101e-15,,
2026-03-01 09:22:03+00:00,-137.06322329403065,-242.7787576806128,,
2026-03-01 09:22:43+00:00,-5.494137537004714e-12,-590.1176455706861,,
2026-03-01 09:53:39+00:00,-3.356565190088731e-14,-3.3646084781163243e-14,,
2026-03-01 10:26:41+00:00,514.1953760232902,513.152205194019,,
2026-03-01 10:26:45+00:00,-0.35602802605877976,-0.14228836821707386,,
2026-03-01 11:58:17+00:00,-0.5785000620512059,-4.612555629680594,,
2026-03-01 12:17:35+00:00,-4.825992881172548,-4.8375573372650456,,
2026-03-01 13:07:35+00:00,-0.19951789818149024,-0.1999960000001209,,
2026-03-01 13:12:33+00:00,-1.0657746159013473,-1.068328516011348,,
2026-03-01 16:15:35+00:00,-2.7787823417061843,17.91421529898402,,
2026-03-01 18:19:13+00:00,-0.7952301635925572,-3.4941548746761266,,
2026-03-01 20:42:35+00:00,-2.4026836775094085e-14,-0.0028398000000240883,,
2026-03-02 01:46:09+00:00,-0.25139757966011894,-0.39557600000000004,,
2026-03-02 04:43:15+00:00,-4.800369167840998e-16,-4.81187222220435e-16,,
2026-03-02 05:12:29+00:00,-3.878773943771929e-16,-3.8880685929912576e-16,,
2026-03-02 05:12:39+00:00,-1.7421427756928686e-16,-0.0038309081912042456,,
2026-03-02 05:12:40+00:00,-1.9603970827557575e-17,-1.9650947535865276e-17,,
2026-03-02 05:12:55+00:00,-1.3366307794765015e-14,-1.339833728246161e-14,,
2026-03-02 05:37:01+00:00,-1.4362332462630392e-15,-0.3579000000000014,,
2026-03-02 06:34:59+00:00,-0.006967304556081758,-0.006984000205993757,,
2026-03-02 06:38:25+00:00,-0.5527299546874823,-0.5940544533863777,,
2026-03-02 06:41:31+00:00,,-0.012948000049591067,,
2026-03-02 07:38:13+00:00,-0.14531348717381742,-0.18303019951171876,,
2026-03-02 07:43:41+00:00,-1.417688285834673e-18,-1.4210854715202018e-18,,
2026-03-02 07:44:11+00:00,-0.04321644107491049,-1.3658767008000043,,
2026-03-02 07:44:59+00:00,,-0.42452,,
2026-03-02 08:06:49+00:00,-1.2050350607278474e-16,-1.207922668603125e-16,,
2026-03-02 08:07:09+00:00,-1.1884835322223512e-16,-0.008977024435997127,,
2026-03-02 11:07:25+00:00,-3.160259889087991e-16,-3.1678327735965483e-16,,
2026-03-02 15:26:57+00:00,-0.006797036361271596,-9.50166926596903e-16,,
2026-03-02 17:26:31+00:00,-2.197418438796791e-17,-2.2026840804332402e-17,,
2026-03-02 17:33:14+00:00,-1.77211035729334e-18,-1.776356839400251e-18,,
2026-03-02 17:45:23+00:00,-7.08844142917336e-18,-7.105427357601004e-18,,
2026-03-02 19:44:17+00:00,-2.303743464481341e-16,-2.309263891220325e-16,,
2026-03-02 21:59:23+00:00,-0.08296393872832253,-0.9059778891112716,,
2026-03-02 22:36:35+00:00,-1.871348537301767e-16,-1.875832822406665e-16,,
2026-03-02 22:53:13+00:00,-8.50612971500803e-17,-8.526512829121202e-17,,
2026-03-02 22:53:47+00:00,-0.05718636515035329,-0.05732340000000066,,
2026-03-02 23:09:47+00:00,-0.38947964107686434,-0.43904883040948267,,
2026-03-02 23:43:55+00:00,-7.08844142917336e-18,-7.105427357601002e-18,,
2026-03-03 01:08:57+00:00,-0.00806148244409037,-0.008080800056457522,,
2026-03-03 22:03:55+00:00,-0.02471278112436693,-0.024772000000000002,,
2026-03-03 23:50:25+00:00,-8.578483505693092e-05,-0.00020422720000138432,,
2026-03-04 00:34:09+00:00,-3.853136004881285,-6.012235355360455,,
2026-03-04 01:05:59+00:00,7300.295892436736,11017.120422009755,,
2026-03-04 12:42:12+00:00,,-0.9100915984741211,,
2026-03-04 12:57:45+00:00,,-2.1425096128316166,,
2026-03-04 13:10:43+00:00,,-0.19999999999999996,,
2026-03-04 13:14:23+00:00,-1.063266214376004e-16,-0.9971120000000002,,
2026-03-04 13:22:49+00:00,-1.8288178887267265e-16,-0.5003380000000003,,
2026-03-04 13:26:59+00:00,-3.425320918317762e-15,-0.5089449659774816,,
2026-03-04 13:36:27+00:00,-0.00011973508057923562,-0.6220120220000002,,
2026-03-04 13:51:55+00:00,,-0.5686824,,
2026-03-04 13:51:57+00:00,,-0.2,,
2026-03-04 13:52:15+00:00,-0.0005985656658574261,-0.8549702,,
2026-03-04 13:52:19+00:00,,-0.6193546006103515,,
2026-03-04 13:52:25+00:00,-1.4797121483399386e-16,-0.5094000021362306,,
2026-03-04 14:02:47+00:00,-2.8353765716693427e-17,-1.8596270000000001,,
2026-03-04 14:14:13+00:00,-1.4176882858346717e-17,-0.699999,,
2026-03-04 14:33:51+00:00,,-0.84412,,
2026-03-04 15:37:35+00:00,,-0.54,,
2026-03-04 15:37:53+00:00,-1.2404772814970306e-17,-0.54,,
2026-03-04 18:46:27+00:00,-5.268295511925534e-16,-5.280919851337149e-16,,
2026-03-04 19:05:05+00:00,-1.0591290601018268e-17,-1.0616670355637506e-17,,
2026-03-04 19:42:01+00:00,,-16.51966299897084,,
2026-03-04 20:27:55+00:00,-7.088441429173357e-17,-7.105427357601001e-17,,
2026-03-04 21:09:23+00:00,-1.1518717322406709e-17,-1.1546319456101629e-17,,
2026-03-04 22:04:55+00:00,-2.2151379466166765e-18,-2.220446049250315e-18,,
2026-03-04 22:10:57+00:00,-1.5284642534653308,-1.5622841419804216,,
2026-03-04 23:08:51+00:00,-4.7027308740186295e-06,-4.076564713999959,,
2026-03-04 23:26:51+00:00,,-0.045739,,
2026-03-04 23:29:03+00:00,-1.2404772501053387e-17,-1.2434497875801766e-17,,
2026-03-04 23:43:23+00:00,,-0.00408,,
2026-03-05 00:05:35+00:00,,-0.06266319999999999,,
2026-03-05 00:11:19+00:00,,-0.012012000274658204,,
2026-03-05 00:11:37+00:00,-2.835376571669343e-17,-2.842170943040401e-17,,
2026-03-05 00:19:13+00:00,-0.5447910844995211,-6.650262594404352,,
2026-03-05 00:21:11+00:00,,-2.58,,
2026-03-05 00:22:11+00:00,,-0.008004000091552735,,
2026-03-05 00:28:19+00:00,2.1322031818953464e-14,2.1373125491663817e-14,,
2026-03-05 00:31:53+00:00,,-0.008297796866660418,,
2026-03-05 00:40:19+00:00,-0.010973703874053328,-5.17985654369113e-16,,
2026-03-05 00:41:41+00:00,-0.04328705586172623,-0.04339078399999999,,
2026-03-05 00:55:35+00:00,,-0.518,,
2026-03-05 01:10:05+00:00,-1.651406991372064e-17,-1.6553642337702182e-17,,
2026-03-05 01:10:06+00:00,-5.670753143338687e-18,-5.684341886080802e-18,,
2026-03-05 01:11:43+00:00,-0.02059664456215449,-0.024928800000000462,,
2026-03-05 03:18:17+00:00,-6.996867512470494,-7.013634003662112,,
2026-03-05 03:31:39+00:00,-0.023122591672072416,-0.02317800000000005,,
2026-03-05 04:04:59+00:00,-1.161344701420196e-15,-1.1641276147270564e-15,,
2026-03-05 06:19:43+00:00,-3.336523167766554e-17,-3.344518429389456e-17,,
2026-03-05 08:23:25+00:00,-8.063884061222333e-17,-8.083207428549458e-17,,
2026-03-05 08:46:15+00:00,-4.5366025146709534e-17,-4.547473508864646e-17,,
2026-03-05 09:19:35+00:00,-0.10310892160060024,-0.10335600000000003,,
2026-03-05 12:29:19+00:00,-1.6468252837019602e-16,-1.6507715470210966e-16,,
2026-03-05 13:05:41+00:00,-0.33243860423929533,-0.333235222,,
2026-03-05 14:04:17+00:00,-1.9493213930226735e-17,-1.9539925233402757e-17,,
2026-03-05 14:09:53+00:00,-0.030447041421066037,-0.030520001220703127,,
2026-03-05 14:10:47+00:00,-0.5116599165575848,-0.5128859997253419,,
2026-03-05 14:11:01+00:00,-0.22345839069583845,-0.30532986076621166,,
2026-03-05 14:13:35+00:00,-2.5473065117421085,-2.5534105850456763,,
2026-03-05 14:14:21+00:00,-1.6944166726207042e-15,-1.6984769784884071e-15,,
2026-03-05 14:16:17+00:00,-0.022388150991173077,-0.02244179938964869,,
2026-03-05 14:16:21+00:00,-0.0019952188861915438,-0.0020000000000001236,,
2026-03-05 14:16:33+00:00,-1.4880142432035222,-1.4915799499511786,,
2026-03-05 14:18:47+00:00,-0.019953725180456672,-0.020001540000000106,,
2026-03-05 14:18:57+00:00,-0.19951789818137022,-0.19999600000000056,,
2026-03-05 14:18:59+00:00,-0.051885667135407904,-0.052010000000000015,,
2026-03-05 14:19:03+00:00,-0.2611083099792142,-0.26173400000000163,,
2026-03-05 14:19:47+00:00,-0.023631363288153545,-0.023687990778056785,,
2026-03-05 14:21:45+00:00,-0.012458146725379244,-0.012488000000000016,,
2026-03-05 14:21:47+00:00,-0.02546681324247644,-0.025527838994235715,,
2026-03-05 14:22:21+00:00,,-0.0077300000190734875,,
2026-03-05 14:57:27+00:00,-0.9259604722252502,-0.9281793377495265,,
2026-03-05 14:58:15+00:00,-0.18170806723940894,-0.1821434916208747,,
2026-03-05 14:58:27+00:00,-0.0254669738633473,-0.025528000000000012,,
2026-03-05 15:22:33+00:00,-1.0433837128729842e-15,-1.0458839579898428e-15,,
2026-03-05 15:26:31+00:00,-0.000604951180895328,-0.0006064008165541085,,
2026-03-05 15:35:17+00:00,-0.09451538374321759,-0.0993090696621532,,
2026-03-05 15:39:01+00:00,-0.1657592475417211,-0.24742645367958863,,
2026-03-05 15:39:07+00:00,-0.11097726533884633,-0.1710517025351599,,
2026-03-05 15:39:11+00:00,-6.992083836507656e-17,-7.008838864646592e-17,,
2026-03-05 15:39:37+00:00,-1.106391785166371e-15,-1.1090430156044787e-15,,
2026-03-05 15:39:57+00:00,-0.003008790080376662,-0.003016,,
2026-03-05 15:40:23+00:00,-0.03520763246573402,-0.035292000000000226,,
2026-03-05 15:41:49+00:00,-2.809008814788675e-05,-2.8157400014899217e-05,,
2026-03-05 16:38:07+00:00,-6.572408088890498e-15,-6.588157454179135e-15,,
2026-03-05 16:46:31+00:00,-0.2764510162418785,-0.3166894717650783,,
2026-03-05 16:51:31+00:00,-3.377692524161044e-17,-3.3857864393099877e-17,,
2026-03-05 17:00:57+00:00,-0.6954633641831552,-1.1301538920987835,,
2026-03-05 17:19:27+00:00,-1.289210285712895e-15,-1.2922996014475467e-15,,
2026-03-05 20:20:17+00:00,-0.009912646470379477,-0.0014804000000032725,,
2026-03-05 22:39:13+00:00,-0.0010686392354443612,-0.0010712000000002372,,
2026-03-05 23:19:13+00:00,-6.379597286256023e-17,-6.394884621840902e-17,,
2026-03-05 23:36:07+00:00,-0.517670707110491,-1.2497911938476565,,
2026-03-05 23:45:45+00:00,-9.923818000842701e-17,-9.947598300641404e-17,,
2026-03-05 23:46:07+00:00,-8.50612971500803e-17,-8.526512829121202e-17,,
2026-03-05 23:46:11+00:00,-4.5366025146709534e-17,-4.547473508864646e-17,,
2026-03-06 00:18:29+00:00,-5.322246378917918e-05,-5.335000000002311e-05,,
2026-03-06 00:45:33+00:00,-0.13013017097629093,-0.1304420000000003,,
2026-03-06 01:11:24+00:00,-1.0632662143760038e-17,-1.0658141036401503e-17,,
2026-03-06 01:16:15+00:00,-2.0414711316019274e-15,-2.0463630789890888e-15,,
2026-03-06 01:19:37+00:00,-0.0013246259426003752,-0.0013278001243551695,,
2026-03-06 01:20:19+00:00,-0.026933509625170143,-0.026998050000000006,,
2026-03-06 01:23:01+00:00,-0.048297064855211264,-0.048412798404693605,,
2026-03-06 01:39:11+00:00,36.70741970684937,33.728902000739296,,
2026-03-06 01:41:15+00:00,,-0.0005436000108718873,,
2026-03-06 01:44:41+00:00,591.8913835391563,713.2796856874522,,
2026-03-06 04:33:21+00:00,-0.09060707958161342,-0.09082420000000004,,
2026-03-06 20:48:51+00:00,-0.00039791647851205404,5.5667648268808997e-14,,
2026-03-06 23:19:55+00:00,-1.766657228739141e-16,-1.770890643593927e-16,,
2026-03-07 00:00:00+00:00,-0.0011052953973181752,-69.93708905477119,,
2026-03-07 00:00:27+00:00,-3.721431750316013e-17,-3.730349362740526e-17,,
2026-03-07 02:24:49+00:00,-1.5049374969970816e-16,-1.5085437566900604e-16,,
2026-03-07 02:27:15+00:00,-8.16588452640771e-15,-8.185452315956357e-15,,
2026-03-07 06:45:57+00:00,-0.17075624191723338,-0.1514294226000055,,
2026-03-07 14:01:05+00:00,-2.003393751014599,-2.008194454132081,,
2026-03-07 22:38:21+00:00,-5.418607394396605e-16,-5.431591923971741e-16,,
2026-03-08 00:00:00+00:00,-0.042084154924283926,-0.5642617998589621,,
2026-03-08 15:41:33+00:00,-0.4262677827208444,-1.6726584394018789,,
2026-03-09 03:55:15+00:00,-6.391552628153731e-17,-6.406868612149382e-17,,
2026-03-09 03:55:16+00:00,-3.81096147657777e-18,-3.820093627774681e-18,,
2026-03-09 04:00:17+00:00,-1.1039179744535939e-15,-1.1065632769353051e-15,,
2026-03-09 04:05:21+00:00,-6.73401935771469e-18,-6.7501559897209525e-18,,
2026-03-09 04:09:27+00:00,-4.803549123560862e-16,-4.815059798005553e-16,,
2026-03-09 04:26:17+00:00,-2.3698628725103783e-15,-2.3755417402188876e-15,,
2026-03-09 05:42:33+00:00,-0.004682619325501022,-0.5400891842176411,,
2026-03-09 06:14:17+00:00,-1.342905228756893e-15,-1.3461232128975099e-15,,
2026-03-09 06:22:31+00:00,-1.911164239358631e-16,-1.9157439342474979e-16,,
2026-03-09 06:23:03+00:00,-1.3434456864608416e-16,-1.3466649656923428e-16,,
2026-03-09 06:23:15+00:00,-1.0117864384917017e-14,-1.0142109675225192e-14,,
2026-03-09 06:46:23+00:00,-4.628752253250204e-16,-4.639844064513454e-16,,
2026-03-09 06:57:13+00:00,-1.2404772501053378e-17,-1.2434497875801755e-17,,
2026-03-09 06:58:13+00:00,-3.471967383318049e-15,-3.480287207931883e-15,,
2026-03-09 06:58:29+00:00,-6.207835311654529e-16,-0.05520000000000063,,
2026-03-09 08:01:41+00:00,-0.0016089445098273277,-0.39308996507849825,,
2026-03-09 08:32:05+00:00,-2.1265324287520076e-17,-0.037736000000000054,,
2026-03-09 10:08:41+00:00,-0.0008619345930918446,-0.000864000034339241,,
2026-03-09 15:08:43+00:00,-2.349913119260101,-2.8330430691669446,,
2026-03-09 15:32:25+00:00,-1.1206671429310773,-1.134352581200017,,
2026-03-09 17:39:01+00:00,-0.8917048859350095,-4.182218127627299,,
2026-03-09 17:39:31+00:00,-0.23942626634308173,-0.2614322638512773,,
2026-03-09 22:41:51+00:00,-7.30996172446795e-18,-7.327478478736329e-18,,
2026-03-09 22:50:57+00:00,-3.0622066974028934e-16,-3.069544618483635e-16,,
2026-03-09 23:01:19+00:00,-9.043529132163196e-05,-0.10009065200008634,,
2026-03-09 23:02:07+00:00,-1.3647942431757853e-13,,,
2026-03-09 23:27:27+00:00,-2.099950773392609e-16,-2.1049828546892984e-16,,
2026-03-09 23:53:33+00:00,-0.0005913828778671369,,,
2026-03-09 23:59:15+00:00,-2.9270832826592737e-16,-0.017853963541984867,,
2026-03-10 00:00:00+00:00,-96.62796250498516,-288.1665283664846,,
2026-03-10 00:19:35+00:00,-0.0001598170327841565,-2.242852675351725e-16,,
2026-03-10 00:22:41+00:00,-1.0632662143760047e-17,-1.0658141036401512e-17,,
2026-03-10 00:23:27+00:00,-8.749879642239912e-15,-8.770846850735408e-15,,
2026-03-10 00:29:39+00:00,-1.8212282282171303e-16,-1.82559241075909e-16,,
2026-03-10 00:29:57+00:00,-3.390344189550382e-16,-3.3984684216998883e-16,,
2026-03-10 00:49:57+00:00,-1.1961744911730053e-17,-0.007675999927520765,,
2026-03-10 00:58:45+00:00,-0.00047885253268594076,,,
2026-03-10 01:09:17+00:00,-8.683342749703754e-17,-8.704150516817711e-17,,
2026-03-10 01:16:37+00:00,-2.2683012573354767e-17,-2.273736754432323e-17,,
2026-03-10 01:17:51+00:00,-2.835376571669343e-17,-2.842170943040401e-17,,
2026-03-10 01:20:11+00:00,-0.07182787990289113,-0.07200000000000001,,
2026-03-10 01:21:59+00:00,,-0.0922269856000001,,
2026-03-10 01:26:53+00:00,-7.561004191118249e-17,-7.579122514774403e-17,,
2026-03-10 01:27:05+00:00,-4.1334474349617327e-16,-4.143352354539783e-16,,
2026-03-10 01:59:23+00:00,-28.599489162090507,-29.455946609754022,,
2026-03-10 02:32:17+00:00,-2.9937051715229615,-3.0008789434000445,,
2026-03-10 07:55:51+00:00,-0.020522821585143444,-0.020572000122070316,,
2026-03-10 10:54:33+00:00,-21.395574038483122,-29.203402331665743,,
2026-03-10 18:50:45+00:00,-0.0182204237209564,-2.0799168028290236,,
2026-03-11 13:52:19+00:00,-3.054675241201704e-16,-3.061995114764206e-16,,
2026-03-11 14:18:23+00:00,-7.685052139786193e-17,-7.703467717725778e-17,,
2026-03-11 17:06:45+00:00,-4.541032790564183e-17,-4.551914400963142e-17,,
2026-03-11 17:20:39+00:00,-5.64860176387252e-19,-5.662137425588299e-19,,
2026-03-11 17:22:27+00:00,-5.819167385762004e-17,-5.833111771380572e-17,,
2026-03-11 17:46:23+00:00,-1.063266214376004e-17,-1.0658141036401505e-17,,
2026-03-11 21:17:11+00:00,-5.741194583385169e-16,-5.754952123918862e-16,,
2026-03-12 00:33:09+00:00,-3.5566254870877327e-16,-3.5651481766763025e-16,,
2026-03-12 00:33:15+00:00,1.462868795330171,9.875041210267602,,
2026-03-12 00:42:25+00:00,-3.726748081387893e-15,-3.8494400003737545e-05,,
2026-03-12 02:16:05+00:00,-2.1265324287520095e-17,-0.001480834743193521,,
2026-03-12 02:27:59+00:00,-5.4633201702263634e-15,-0.0016200000000054762,,
2026-03-12 02:33:59+00:00,,-2.1340799999998713e-05,,
2026-03-12 02:44:43+00:00,-3.040409909820225e-15,-3.0476955995779703e-15,,
2026-03-12 04:16:03+00:00,-1.1293002014033151e-15,-1.1320063269438906e-15,,
2026-03-12 04:16:07+00:00,-4.57913316324599e-15,-4.590106073010248e-15,,
2026-03-12 04:16:15+00:00,-4.4371056433988224e-17,-4.4477382146964395e-17,,
2026-03-12 04:16:31+00:00,-9.452666099992398e-17,-9.475317385388378e-17,,
2026-03-12 04:16:37+00:00,-9.075296397540924e-17,-9.097043397443307e-17,,
2026-03-12 04:16:49+00:00,-0.007913623670239022,-1.1772322252046597e-17,,
2026-03-12 04:21:51+00:00,-1.6368812812663312e-15,-1.6408037159180036e-15,,
2026-03-12 04:23:35+00:00,-1.0951642008072838e-15,-1.097788526749355e-15,,
2026-03-12 04:23:36+00:00,-1.8146410058683799e-16,-1.8189894035458566e-16,,
2026-03-12 04:25:59+00:00,-3.6292820117367597e-16,-3.637978807091713e-16,,
2026-03-12 04:26:09+00:00,,-0.00396,,
2026-03-12 04:26:11+00:00,-6.339869608817948e-17,-6.355061745550963e-17,,
2026-03-12 04:31:51+00:00,-3.8476946441746775e-17,-3.856914818523357e-17,,
2026-03-12 04:31:52+00:00,-1.4313903537465477e-16,-1.4348203734968262e-16,,
2026-03-12 04:37:11+00:00,-9.526865280808992e-16,-9.549694368615746e-16,,
2026-03-12 04:37:12+00:00,-5.704969960712359e-17,-5.71864069671304e-17,,
2026-03-12 04:41:23+00:00,-1.1469098232402495e-15,-1.149658146459842e-15,,
2026-03-12 04:41:49+00:00,-8.096500185377779e-16,-0.0012096000000008118,,
2026-03-12 05:13:51+00:00,-5.3341439236087987e-17,-5.346926054605363e-17,,
2026-03-12 05:22:13+00:00,-2.1592258786359887e-05,-2.1643999999996332e-05,,
2026-03-12 20:50:43+00:00,-4.463945998060148e-16,-4.474642886506719e-16,,
2026-03-12 22:19:31+00:00,-5.670753143338692e-17,-5.684341886080807e-17,,
2026-03-12 22:38:03+00:00,-6.073908285126758e-16,-6.088463102633272e-16,,
2026-03-12 22:38:27+00:00,-2.7432241008362044e-16,-2.7497976485904424e-16,,
2026-03-12 22:41:23+00:00,-1.1341506286677376e-16,-1.1368683772161603e-16,,
2026-03-12 22:59:09+00:00,-5.670753143338692e-17,-5.684341886080807e-17,,
2026-03-12 23:36:43+00:00,-1.2475656915345112e-15,-1.2505552149377766e-15,,
2026-03-13 01:08:01+00:00,-4.022361277264854e-07,-4.032000002709428e-07,,
2026-03-13 03:57:23+00:00,-2.1265324287520076e-17,-2.131628207280301e-17,,
2026-03-13 06:29:27+00:00,-9.92381800084271e-18,-9.94759830064141e-18,,
2026-03-13 06:34:19+00:00,-2.835376571669346e-18,-2.8421709430404036e-18,,
2026-03-13 19:49:53+00:00,-4.01205784891212e-15,-4.021671884402167e-15,,
2026-03-13 20:14:03+00:00,-3.1011931252633472e-18,-3.108624468950441e-18,,
2026-03-13 20:42:35+00:00,-2.3429581410651745e-16,-2.348572537359585e-16,,
2026-03-13 21:02:23+00:00,-1.6916284077017093e-17,-1.6956820320910048e-17,,
2026-03-13 21:45:13+00:00,-1.9847636001685402e-15,-1.9895196601282807e-15,,
2026-03-13 21:49:43+00:00,-1.0774430972343507e-15,-1.0800249583553527e-15,,
2026-03-13 21:49:51+00:00,-1.467137253244585e-15,-1.4706529327668251e-15,,
2026-03-14 00:00:00+00:00,-5.090923482615006,-9.278421160183042,,
2026-03-14 04:03:15+00:00,-4.777049352058162,-4.810751125344392,,
2026-03-14 04:25:39+00:00,-2.376117411463085e-16,-2.381811266831725e-16,,
2026-03-14 04:25:40+00:00,-2.2683012573354748e-17,-2.2737367544323207e-17,,
2026-03-14 05:45:33+00:00,-0.02901646898567844,-0.029086000725531046,,
2026-03-14 11:09:53+00:00,-0.018044759713272754,-0.018088000106812892,,
2026-03-15 00:00:00+00:00,-3.650175832275305,-4.558714236186547,,
2026-03-15 06:59:09+00:00,-2.506622078746789e-14,-2.5126286605391576e-14,,
2026-03-15 16:02:55+00:00,-0.024469365059677693,-0.024528000640958364,,
2026-03-15 22:39:03+00:00,-1.5948993215640055e-17,-1.5987211554602253e-17,,
2026-03-16 02:47:30+00:00,-1.878246172770532e-17,-1.8827469865783275e-17,,
2026-03-16 04:00:27+00:00,-0.4184372920253226,-0.41943998718261727,,
2026-03-16 04:00:28+00:00,-0.024840475133083184,-0.0249,,
2026-03-16 04:04:45+00:00,-0.030018068142750126,-0.030090000000000207,,
2026-03-16 04:04:46+00:00,-0.00042498162275877245,-0.00042599999999999995,,
2026-03-16 04:05:30+00:00,-8.50612971500803e-17,-8.526512829121202e-17,,
2026-03-16 04:06:51+00:00,-0.024840475133083184,-0.024900000000000002,,
2026-03-16 04:17:01+00:00,-6.81154918584628e-19,-6.82787160144472e-19,,
2026-03-16 04:17:02+00:00,-2.4809545002106755e-18,-2.486899575160351e-18,,
2026-03-16 04:53:17+00:00,-7.816110372013535,-7.834840002876418,,
2026-03-16 05:07:45+00:00,-1.2782026439105322e-16,-1.281265582194276e-16,,
2026-03-16 05:12:33+00:00,-0.10641898973279391,-0.10667400000000214,,
2026-03-16 05:28:59+00:00,-0.00039904377723838614,-0.00040000000000010237,,
2026-03-16 05:29:00+00:00,-6.804903772006424e-17,-6.821210263296962e-17,,
2026-03-16 05:33:41+00:00,-0.5012616340843112,-0.5024628000000001,,
2026-03-16 05:39:25+00:00,-0.16393743076417128,-0.16433027162959923,,
2026-03-16 05:39:51+00:00,-0.139344091792723,-0.1396780000000004,,
2026-03-16 05:41:07+00:00,-5.1875691040988965e-05,-5.200000000001208e-05,,
2026-03-16 05:43:39+00:00,-5.316331421972635e-18,-5.329070869132289e-18,,
2026-03-16 05:44:37+00:00,-0.15961751089531362,-0.16000000000000003,,
2026-03-16 05:47:53+00:00,-0.059990246251118054,-0.06013400000000063,,
2026-03-16 05:48:37+00:00,-0.2679958055743482,-0.2686380000000029,,
2026-03-16 05:58:13+00:00,-0.15961751089531362,-0.16,,
2026-03-16 06:15:35+00:00,-8.883630287740784e-14,-0.3876060000000891,,
2026-03-16 07:13:51+00:00,-0.0105347557190907,-0.01056,,
2026-03-16 07:55:51+00:00,-0.18770819777667042,-0.18815800018310552,,
2026-03-16 07:56:47+00:00,-7.797285572090696e-18,-7.815970093361103e-18,,
2026-03-17 12:20:09+00:00,-42.620695216741396,-128.7962741941136,,
2026-03-17 17:20:25+00:00,-1.5062938036993386e-16,-1.5099033134902128e-16,,
2026-03-17 17:45:07+00:00,-3.8277583717536124e-16,-3.8369307731045405e-16,,
2026-03-17 17:51:25+00:00,-7.088441429173358e-18,-7.105427357601002e-18,,
2026-03-17 17:52:39+00:00,-7.088441429173359e-17,-7.105427357601002e-17,,
2026-03-17 17:58:59+00:00,-2.83537667582434e-16,-2.8421710474449825e-16,,
2026-03-17 18:17:45+00:00,-1.205035042959471e-16,-1.2079226507921704e-16,,
2026-03-17 18:32:43+00:00,-7.088441429173364e-18,-7.105427357601008e-18,,
2026-03-17 18:46:03+00:00,-1.1341506286677374e-17,-1.1368683772161604e-17,,
2026-03-17 20:52:23+00:00,-2.1265324287520076e-17,-2.131628207280301e-17,,
2026-03-18 03:38:21+00:00,-2.4597308726374453e-15,-2.4656250897190636e-15,,
2026-03-18 05:29:49+00:00,-0.00010048361260504667,-0.00010072440001493282,,
2026-03-18 06:22:15+00:00,-2.463233396637742e-16,-2.4691360067663484e-16,,
2026-03-18 07:21:25+00:00,-2.862931063388795e-14,-2.8697914631849846e-14,,
2026-03-18 07:23:13+00:00,-1.8624969953517458e-05,-1.8669600696362484e-05,,
2026-03-18 07:23:33+00:00,-8.961535707463746e-14,-8.983010104289863e-14,,
2026-03-18 07:31:43+00:00,-2.067582526656357e-16,-2.0725370443972373e-16,,
2026-03-18 07:37:31+00:00,-5.851526527358766e-16,-5.865548454714632e-16,,
2026-03-18 07:44:59+00:00,-2.8353765716693434e-16,-2.8421709430404013e-16,,
2026-03-18 08:05:19+00:00,-0.28542635461698596,-0.2861103176121423,,
2026-03-18 08:48:13+00:00,-2.0202058073144068e-17,-2.0250467969162853e-17,,
2026-03-18 09:42:59+00:00,-0.1548097642775157,-0.1551807326493634,,
2026-03-18 13:12:53+00:00,-5.316331829748232e-18,-5.329071277885033e-18,,
2026-03-18 13:31:09+00:00,-7.80579170180571e-15,-7.824496606190231e-15,,
2026-03-18 13:35:49+00:00,-9.214973857925365e-17,-9.237055564881302e-17,,
2026-03-18 14:09:07+00:00,-1.708042231347215e-14,-1.712135187941827e-14,,
2026-03-18 14:21:35+00:00,-4.041895757053049e-15,-4.05158129268557e-15,,
2026-03-18 14:37:37+00:00,-3.548297267202605e-05,-3.556799999999783e-05,,
2026-03-18 14:48:33+00:00,-4.253064857504015e-17,-4.263256414560602e-17,,
2026-03-18 16:29:11+00:00,,-0.00040080000000000004,,
2026-03-18 16:46:59+00:00,-2.3391856716272087e-16,-2.344791028008331e-16,,
2026-03-18 18:11:39+00:00,-0.39904377723828405,-0.4,,
2026-03-18 18:15:23+00:00,-1.417688285834673e-18,-1.4210854715202018e-18,,
2026-03-18 19:29:27+00:00,-0.14191015886031166,-0.14225021609653798,,
2026-03-18 20:17:59+00:00,-5.103678039957779e-15,-5.115907908931186e-15,,
2026-03-18 20:54:31+00:00,-1.0435011219251682e-16,-1.0460016483876199e-16,,
2026-03-18 20:56:53+00:00,-6.432760596974823e-16,-6.448175327022909e-16,,
2026-03-18 21:05:51+00:00,-0.0003320770486296999,-0.0003328727999999902,,
2026-03-18 21:07:25+00:00,1.1636448901634747e-15,1.1664333153789476e-15,,
2026-03-18 21:14:05+00:00,-0.03199817111475485,-0.032074847863769636,,
2026-03-18 21:15:55+00:00,1.0798258571042895e-13,-7.275957614183426e-15,,
2026-03-18 21:19:25+00:00,-1.4410268883630756e-05,-1.4444800000001848e-05,,
2026-03-18 21:21:43+00:00,-2.219681010887353e-05,-2.2249999999993968e-05,,
2026-03-18 21:26:11+00:00,-0.00023942626634367045,-0.00024000000000070173,,
2026-03-18 21:28:07+00:00,-0.14964141646435666,-0.15000000000000016,,
2026-03-18 21:28:17+00:00,-9.349654458610816e-15,-9.372058898718559e-15,,
2026-03-18 21:53:25+00:00,-0.17391704513098613,-0.1743338000002278,,
2026-03-18 22:15:57+00:00,-1.7721103572933396e-17,-1.7763568394002505e-17,,
2026-03-18 22:17:49+00:00,-0.00220272165035533,-0.0022080000000000016,,
2026-03-18 22:19:07+00:00,-8.717799036000072e-05,-8.73868937020847e-05,,
2026-03-18 22:21:55+00:00,-3.402451886003212e-16,-3.410605131648481e-16,,
2026-03-18 22:23:21+00:00,-2.3258948660722534e-17,-2.3314683738905908e-17,,
2026-03-18 22:25:59+00:00,-1.1341506286677374e-17,-1.1368683772161604e-17,,
2026-03-18 22:28:43+00:00,-4.394833686087482e-17,-4.4053649617126216e-17,,
2026-03-18 22:29:05+00:00,-2.246821996183895e-15,-2.2522060228416824e-15,,
2026-03-18 22:29:13+00:00,-6.218926061970816e-15,-6.233828383453038e-15,,
2026-03-19 01:53:25+00:00,-3.2689304167769403e-18,-3.2767637068801493e-18,,
2026-03-19 03:06:15+00:00,-6.60992318695145e-16,-6.62576244912038e-16,,
2026-03-19 05:02:19+00:00,-0.01178981623596381,-1.611340721000007,,
2026-03-19 05:02:53+00:00,-8.12014182519695e-05,-8.13960000218032e-05,,
2026-03-19 17:10:11+00:00,-4.430275893233353e-18,-4.44089209850063e-18,,
2026-03-19 17:22:35+00:00,-1.417688285834673e-17,-1.4210854715202016e-17,,
2026-03-19 17:32:11+00:00,-7.50665947381348e-15,-7.52464757201912e-15,,
2026-03-19 18:11:49+00:00,-0.0023942626634297047,-0.0024000000000000002,,
2026-03-20 00:00:00+00:00,-5.424579751474376e-14,-5.437578592521348e-14,,
2026-03-20 00:12:01+00:00,-0.1556973569633916,-0.1552672522605988,,
2026-03-20 04:02:17+00:00,-1.450723652153554e-05,-1.4542000000037814e-05,,
2026-03-20 04:02:18+00:00,-2.414756050723286e-16,-2.420542495297547e-16,,
2026-03-20 04:16:21+00:00,-0.0019952188861915026,-0.0020000000000000824,,
2026-03-20 04:16:22+00:00,-2.3391856716272084e-17,-2.344791028008331e-17,,
2026-03-20 04:46:13+00:00,-5.110766270433991e-16,-5.123013124830322e-16,,
2026-03-20 05:37:51+00:00,-7.690958950653094e-16,-7.709388682997087e-16,,
2026-03-20 05:57:01+00:00,-5.101121106411136e-16,-5.113344848242118e-16,,
2026-03-20 05:59:11+00:00,-0.0028859842528978644,-2.385725253695124e-16,,
2026-03-20 05:59:19+00:00,-0.0006003613628550495,-0.0006018000000000513,,
2026-03-20 06:51:13+00:00,-3.51586697242277e-16,-3.52429199297932e-16,,
2026-03-20 06:51:27+00:00,-2.8070228761430283e-16,-2.813749303968571e-16,,
2026-03-20 06:58:27+00:00,-6.190124269815895e-15,-6.204957573985211e-15,,
2026-03-20 07:01:29+00:00,-5.075324063288125e-16,-5.087485988042317e-16,,
2026-03-20 07:35:21+00:00,-6.110357844097653e-06,-0.0018223250000051487,,
2026-03-20 13:54:39+00:00,-2.1974169799102837e-17,-2.2026826180508246e-17,,
2026-03-20 14:51:23+00:00,-8.151708686565027e-18,-8.171242506756181e-18,,
2026-03-20 16:31:25+00:00,-0.0004397462425181368,-0.0004408000000015515,,
2026-03-20 17:19:07+00:00,-5.670753143338692e-17,-5.684341886080807e-17,,
2026-03-20 17:19:25+00:00,-1.1870655098176408e-15,-1.1899100575211318e-15,,
2026-03-20 17:19:33+00:00,-1.1341506286677383e-16,-1.1368683772161613e-16,,
2026-03-20 17:39:47+00:00,-7.939054400674161e-16,-7.958078640513123e-16,,
2026-03-20 17:40:33+00:00,-3.402451886003212e-17,-3.410605131648481e-17,,
2026-03-20 17:40:43+00:00,-6.756303494421131e-16,-6.77249352557796e-16,,
2026-03-20 17:53:51+00:00,-2.394262663429653e-05,-2.3999999999999492e-05,,
2026-03-20 17:57:41+00:00,-1.9489669764238422e-15,-1.9536372574581368e-15,,
2026-03-20 18:13:43+00:00,-6.645413839850024e-19,-6.661338147750939e-19,,
2026-03-20 19:12:17+00:00,-0.0004715859455031555,-7.281461628935812e-16,,
2026-03-20 23:01:55+00:00,-2.901716649427878,-2.908669990556103,,
2026-03-21 00:00:00+00:00,-0.0797488988810725,-0.090039999904634,,
2026-03-21 02:22:11+00:00,-1.1406017766963252e-15,-1.1433349840363294e-15,,
2026-03-21 04:52:47+00:00,-6.896080074420888e-14,-6.912605050150153e-14,,
2026-03-21 04:52:57+00:00,-0.020502973025889965,-0.020552104000004862,,
2026-03-21 04:56:11+00:00,-1.5157197961585561e-13,-1.5193518933171716e-13,,
2026-03-21 05:07:29+00:00,-1.3958041002341245e-14,-1.3991488451660656e-14,,
2026-03-21 05:11:19+00:00,-0.0003912061585238208,-0.012376940000114623,,
2026-03-21 06:09:37+00:00,-0.003591393995153915,-0.0036000000000093817,,
2026-03-21 07:09:21+00:00,-1.5824081014462743e-05,-1.5862000028145873e-05,,
2026-03-21 13:14:51+00:00,-0.002662819125513174,-0.0026692000000021095,,
2026-03-22 00:00:00+00:00,-0.7845669536959571,-0.7864470000016692,,
2026-03-22 05:44:41+00:00,-1.5686929372571136e-15,-1.5724519731782592e-15,,
2026-03-22 06:06:11+00:00,-3.6787152350655106,-4.984380881329864,,
2026-03-22 08:23:29+00:00,-0.2818063118495421,-0.2931592001892092,,
2026-03-23 00:00:00+00:00,-0.07521054610856341,-0.07539077203918143,,
2026-03-23 04:00:31+00:00,-6.685990721826433e-17,-6.702012263515615e-17,,
2026-03-23 04:01:19+00:00,-4.430275893233349e-18,-4.440892098500626e-18,,
2026-03-23 04:04:03+00:00,-9.699778534877416e-16,-9.723021972183582e-16,,
2026-03-23 04:08:49+00:00,-3.685989571607671e-17,-3.69482225445819e-17,,
2026-03-23 04:11:51+00:00,-1.763249805506873e-16,-1.7674750552032493e-16,,
2026-03-23 05:00:27+00:00,-1.1519987653463171e-16,-1.154759283123381e-16,,
2026-03-23 05:01:03+00:00,-1.7750825074686252e-15,-1.779336111695491e-15,,
2026-03-23 06:03:19+00:00,-4.2239459477442946e-17,-4.234067727583701e-17,,
2026-03-23 06:05:15+00:00,-9.817491491136793e-17,-9.84101700227682e-17,,
2026-03-23 06:14:01+00:00,-7.08844142917336e-18,-7.105427357601004e-18,,
2026-03-23 06:43:13+00:00,-8.515594206506168e-05,-8.536000000241766e-05,,
2026-03-23 07:14:45+00:00,-0.17502060130560387,-0.1754400006103516,,
2026-03-23 07:33:27+00:00,-1.4797554954986041e-15,-1.4833014119300364e-15,,
2026-03-23 07:36:39+00:00,-8.130663833056505e-17,-8.150147223773275e-17,,
2026-03-23 09:03:53+00:00,-1.0462816707903544e-16,-1.0487888602413467e-16,,
2026-03-23 10:21:03+00:00,-0.005753014136444433,-0.005766800000000092,,
2026-03-23 10:33:05+00:00,-1.5858910939144308e-16,-1.5896913415266072e-16,,
2026-03-23 10:35:23+00:00,-1.2802929516650316e-15,-1.2833608989226468e-15,,
2026-03-23 10:48:39+00:00,-2.345579780014111e-17,-2.351200458503556e-17,,
2026-03-23 10:58:17+00:00,-6.17959193434923e-06,-6.194400000037252e-06,,
2026-03-23 13:24:59+00:00,-0.3023155642657161,-0.30303999862670916,,
2026-03-23 14:17:25+00:00,-0.0017458165254297159,-0.0017500000000122526,,
2026-03-23 15:19:39+00:00,-0.013886723048306984,-0.013919999599457177,,
2026-03-23 15:29:19+00:00,-4.96190900042135e-18,-4.973799150320701e-18,,
2026-03-23 16:27:23+00:00,-1.426549127384243e-17,-1.4299675461746612e-17,,
2026-03-23 18:23:53+00:00,-0.00012270596150077234,,,
2026-03-23 18:47:21+00:00,-0.04186615244230805,-0.04224247569051873,,
2026-03-23 18:58:31+00:00,-1.1341506286677383e-17,-1.1368683772161614e-17,,
2026-03-23 19:37:35+00:00,-5.810077396582827e-06,-3.327999999996226e-07,,
2026-03-23 19:53:07+00:00,-9.0732050293419e-16,-9.094947017729285e-16,,
2026-03-23 19:56:43+00:00,-1.5370497468467956e-18,-1.540732956653992e-18,,
2026-03-23 19:58:03+00:00,-4.253064857504015e-17,-4.263256414560602e-17,,
2026-03-23 20:20:07+00:00,-5.103677829004818e-16,-5.115907697472721e-16,,
2026-03-23 20:53:53+00:00,-0.030443500684977313,-0.030516452000000343,,
2026-03-23 21:06:35+00:00,-2.604448440734555e-16,-2.610689442406056e-16,,
2026-03-24 04:00:03+00:00,-0.003422462864839148,-0.003430664062500057,,
2026-03-24 15:23:25+00:00,-1.417688285834673e-17,-1.4210854715202016e-17,,
2026-03-24 15:38:25+00:00,-1.1341506286677383e-17,-1.1368683772161614e-17,,
2026-03-24 16:56:01+00:00,-9.321500883705068e-16,-9.34383785981341e-16,,
2026-03-25 04:01:27+00:00,-5.916633455413138e-16,-5.930811397547587e-16,,
2026-03-25 04:01:45+00:00,-1.5948993215640052e-17,-1.598721155460225e-17,,
2026-03-25 04:02:01+00:00,-8.579098965014225e-17,-8.599656934272976e-17,,
2026-03-25 04:07:49+00:00,-2.4809545002106756e-17,-2.4868995751603507e-17,,
2026-03-25 04:27:29+00:00,-7.08844142917336e-18,-7.105427357601004e-18,,
2026-03-25 05:30:09+00:00,-8.364360886424565e-17,-8.384404281969183e-17,,
2026-03-25 05:32:57+00:00,-3.189798643128011e-17,-3.1974423109204506e-17,,
2026-03-25 06:29:35+00:00,-4.253064857504015e-18,-4.2632564145606015e-18,,
2026-03-25 06:57:37+00:00,-9.073205033482084e-15,-9.094947021879388e-15,,
2026-03-25 13:08:29+00:00,-4.031551071151476e-17,-4.041211817964609e-17,,
2026-03-25 14:25:41+00:00,-1.946951653948074e-17,-1.9516171056946224e-17,,
2026-03-25 14:46:41+00:00,-3.3670096788573454e-17,-3.3750779948604764e-17,,
2026-03-25 22:01:13+00:00,-5.965664029880561e-14,-5.979959463262838e-14,,
2026-03-26 00:12:11+00:00,-3.880921682472413e-16,-3.890221478286548e-16,,
2026-03-26 00:13:33+00:00,-1.1341506286677374e-15,-1.1368683772161603e-15,,
2026-03-26 00:39:03+00:00,-4.891024586129615e-15,-4.90274487674469e-15,,
2026-03-26 02:45:51+00:00,-7.882710777659986e-06,-7.901600002099943e-06,,
2026-03-26 03:31:53+00:00,-1.0207355658009643e-16,-1.0231815394945449e-16,,
2026-03-26 03:32:13+00:00,-2.777339321105638e-16,-2.783994618662788e-16,,
2026-03-26 04:03:23+00:00,-1.001998927869659e-06,-1.0044000032320542e-06,,
2026-03-26 05:48:07+00:00,-1.2333888086761644e-16,-1.2363443602225742e-16,,
2026-03-26 05:49:21+00:00,-4.253064857504015e-18,-4.2632564145606015e-18,,
2026-03-26 05:49:25+00:00,-1.2759194988554676e-17,-1.2789769660721391e-17,,
2026-03-26 06:21:37+00:00,-7.126098774265844e-17,-7.143174940438259e-17,,
2026-03-26 07:02:29+00:00,-1.0218450722127092e-16,-1.0242937046002622e-16,,
2026-03-26 16:31:55+00:00,-7.549190123047956e-17,-7.567280136825742e-17,,
2026-03-26 17:12:17+00:00,-5.670753143338692e-17,-5.684341886080807e-17,,
2026-03-26 18:09:03+00:00,-2.4809545002106756e-17,-2.486899575160351e-17,,
2026-03-26 18:17:25+00:00,-1.1341506286677374e-17,-1.1368683772161604e-17,,
2026-03-26 18:18:23+00:00,-3.907503337831813e-16,-3.916866830877552e-16,,
2026-03-26 18:19:35+00:00,-1.0919744275082251e-15,-1.0945911098432353e-15,,
2026-03-26 18:19:36+00:00,-8.499810650285007e-18,-8.520178622115888e-18,,
2026-03-26 18:24:23+00:00,-1.2759194572512057e-17,-1.2789769243681815e-17,,
2026-03-26 18:32:49+00:00,-4.200480645368088e-17,-4.210546195646924e-17,,
2026-03-26 18:32:59+00:00,-7.088441429173359e-19,-7.105427357601002e-19,,
2026-03-26 18:33:45+00:00,-3.54422071458668e-18,-3.552713678800501e-18,,
2026-03-26 19:14:13+00:00,-4.0144834705219083e-16,-4.024103318493509e-16,,
2026-03-26 21:00:39+00:00,-1.030039231125051e-17,-1.0325074990556496e-17,,
2026-03-26 21:36:49+00:00,-1.7721103572933396e-18,-1.7763568394002505e-18,,
2026-03-26 22:08:53+00:00,-6.292381684314214e-16,-6.307460026428926e-16,,
2026-03-27 00:00:00+00:00,-5.020388642212031e-16,-5.0324189260209095e-16,,
2026-03-27 01:10:59+00:00,-1.275919457251205e-16,-1.2789769243681807e-16,,
2026-03-27 01:32:57+00:00,-1.9961051064552176e-14,-2.0008883439004423e-14,,
2026-03-27 04:33:27+00:00,-7.088441429173357e-18,-7.105427357601002e-18,,
2026-03-27 17:26:05+00:00,-1.1991265550876024e-06,-4.498049704249497e-15,,
2026-03-27 18:03:25+00:00,-1.0207355658009637e-15,-1.0231815394945444e-15,,
2026-03-27 18:08:53+00:00,9.649131008714638e-17,-9.703349436802081e-16,,
2026-03-27 18:55:15+00:00,-9.923818000842701e-17,-9.947598300641402e-17,,
2026-03-27 19:14:43+00:00,-2.89208410310273e-16,-2.899014361901209e-16,,
2026-03-27 19:18:43+00:00,-9.923818000842703e-17,-9.947598300641404e-17,,
2026-03-27 19:39:37+00:00,-2.835376571669346e-17,-2.842170943040403e-17,,
2026-03-27 19:43:11+00:00,-2.835376571669346e-16,-2.8421709430404033e-16,,
2026-03-27 20:31:15+00:00,-1.148327511526085e-16,-1.1510792319313632e-16,,
2026-03-27 20:51:55+00:00,-1.8429947715850732e-17,-1.8474111129762607e-17,,
2026-03-27 23:22:45+00:00,-1.117638909345597e-16,-1.1203170911027266e-16,,
2026-03-27 23:52:37+00:00,-5.670753143338692e-17,-5.684341886080807e-17,,
2026-03-28 00:00:00+00:00,-1.8075525678841992e-16,-1.8118839796415036e-16,,
2026-03-28 00:38:13+00:00,-6.379597286256023e-17,-6.394884621840902e-17,,
2026-03-28 01:06:35+00:00,-9.214977223647658e-18,-9.237058938668824e-18,,
2026-03-28 01:33:53+00:00,-1.1341506286677383e-16,-1.1368683772161613e-16,,
2026-03-28 01:58:21+00:00,-2.197416843043741e-16,-2.2026824808563108e-16,,
2026-03-28 11:35:07+00:00,-6.237842127754069e-17,-6.252789777527811e-17,,
2026-03-28 13:49:25+00:00,-1.0157328657429333e-14,-1.0181668515396004e-14,,
2026-03-28 16:12:55+00:00,-2.135038600680864e-15,-2.1401547624244265e-15,,
2026-03-28 16:13:54+00:00,-5.090559682407255e-18,-5.102758116052506e-18,,
2026-03-29 00:00:00+00:00,-0.01298887494915598,-0.013020000000049953,,
2026-03-29 00:46:48+00:00,-0.00199521888619142,-0.002,,
2026-03-29 10:47:04+00:00,-2.96540690647493e-16,-2.9725128676337427e-16,,
2026-03-29 16:57:44+00:00,-3.322585763793018e-17,-3.33054762741881e-17,,
2026-03-30 04:03:40+00:00,-1.3567568201249962e-16,-1.3600079966312326e-16,,
2026-03-30 04:03:41+00:00,-2.835376571669346e-18,-2.8421709430404036e-18,,
2026-03-30 04:32:18+00:00,-2.0162185809189123e-16,-2.021050015988549e-16,,
2026-03-30 05:54:38+00:00,-1.6480626322828064e-17,-1.6520118606422334e-17,,
2026-03-30 06:01:40+00:00,-4.678371343254417e-17,-4.689582056016661e-17,,
2026-03-30 06:01:42+00:00,-1.3290827679700048e-18,-1.3322676295501879e-18,,
2026-03-30 06:02:50+00:00,-8.594724156249396e-17,-8.615319567925164e-17,,
2026-03-30 06:02:54+00:00,-3.5442207145866794e-19,-3.552713678800501e-19,,
2026-03-30 06:03:33+00:00,-2.6776662630888613e-18,-2.6840827155562195e-18,,
2026-03-30 06:03:34+00:00,-7.321473941157433e-14,-7.339018281982136e-14,,
2026-03-30 06:21:22+00:00,-9.676327480977859e-14,-9.69951472286687e-14,,
2026-03-30 07:35:22+00:00,-2.5844256062298567e-15,-2.5906186274761517e-15,,
2026-03-30 07:44:00+00:00,-1.5996242046319072e-15,-1.603457360696254e-15,,
2026-03-30 07:54:30+00:00,-2.2505803916797323e-16,-2.255973424525627e-16,,
2026-03-30 08:36:40+00:00,-3.563082742491962e-16,-3.5716209055071286e-16,,
2026-03-30 09:22:32+00:00,-1.0626593543482703e-14,-1.0652057894026164e-14,,
2026-03-30 09:29:48+00:00,-7.459949278243651e-17,-7.477825445491446e-17,,
2026-03-30 10:31:04+00:00,-1.0578506659353304,-2.067385578000028,,
2026-03-30 21:18:35+00:00,-0.002440950785375157,-0.002446800000008594,,
2026-03-31 00:00:00+00:00,-5314.361349995604,-5837.035733574689,,
2026-03-31 01:10:49+00:00,-1.180051540773822,-1.182879281005972,,
2026-03-31 01:40:39+00:00,-0.14299049495430458,-0.14333314098409766,,
2026-03-31 01:54:15+00:00,-1.719833102100168e-16,-1.7239543129857562e-16,,
2026-03-31 01:58:41+00:00,-0.08473992475832655,-0.08494298579950055,,
2026-03-31 02:55:31+00:00,-0.06359540725664257,-0.06374780000006602,,
2026-03-31 03:27:31+00:00,-3.838016547231471e-17,-3.847213530098125e-17,,
2026-03-31 03:59:23+00:00,-9.18601825941105e-17,-9.208030580490153e-17,,
2026-03-31 07:58:01+00:00,-1.7298455743380732e-15,-1.7339907779643108e-15,,
2026-03-31 11:56:03+00:00,-0.3108950068463482,-0.31164000000000114,,
2026-03-31 11:56:11+00:00,-1.5784477622477273e-15,-1.582230173513195e-15,,
2026-03-31 12:38:07+00:00,-2.19245493404332e-15,-2.19770868170599e-15,,
2026-03-31 13:44:55+00:00,-0.1025323033424909,-0.302778,,
2026-03-31 13:44:57+00:00,-2.6404444323670762e-18,-2.6467716907063732e-18,,
2026-03-31 13:45:17+00:00,-0.06783744213051648,-0.0680000000000082,,
2026-03-31 13:56:39+00:00,-9.301833046435148,-11.495549063603661,,
2026-03-31 13:59:45+00:00,-0.006302896230291715,-0.006317999768259029,,
2026-03-31 14:24:35+00:00,-2.9014611688438524e-14,-2.9084138977676934e-14,,
2026-03-31 14:31:17+00:00,-2.030949226355498e-16,-2.0358159602551497e-16,,
2026-03-31 14:51:11+00:00,-4.612101498260995,-5.289595308565896,,
2026-03-31 15:21:53+00:00,-0.9335641139802974,-0.9358012000000001,,
2026-03-31 15:25:41+00:00,-0.050934750802323195,-0.27293320135755617,,
2026-03-31 15:33:13+00:00,-6.598188747034417,-6.810661359611903,,
2026-03-31 15:37:31+00:00,-61.88000165562063,-64.06837895638083,,
2026-03-31 15:38:33+00:00,-9.16930109415343,-9.511890647795223,,
2026-03-31 16:00:17+00:00,-1.5027495829847522e-16,-1.5063505998114126e-16,,
2026-03-31 16:05:21+00:00,-5.5829333479800455e-15,-5.596311649432153e-15,,
2026-03-31 16:07:45+00:00,-3.35106074555404e-16,-3.359090843361776e-16,,
2026-03-31 18:18:33+00:00,-2.2640905687217505,-3.39648842729637,,
2026-03-31 18:39:39+00:00,-17.318374632395486,-17.35987440000001,,
2026-03-31 18:40:19+00:00,-2.6085367864896836,-2.7284095858892767,,
2026-03-31 19:51:47+00:00,-0.24814138243785544,-0.24873600000000087,,
2026-03-31 20:03:07+00:00,-3.2946050383242747e-13,-3.302499852147242e-13,,
2026-03-31 20:16:33+00:00,-37.84843367858221,-38.71105932613555,,
2026-03-31 21:20:49+00:00,-2.281528163923914,-4.082795356463387,,
2026-03-31 21:58:05+00:00,-0.6085417602883834,-0.6100000000000002,,
2026-03-31 22:07:37+00:00,-0.5609820103587909,-0.562326283337888,,
2026-03-31 22:09:07+00:00,-2.9636641412355837e-13,-2.970765926231566e-13,,
2026-03-31 22:16:03+00:00,-0.3444376291515542,-0.345263,,
2026-03-31 22:24:05+00:00,-3.610548145163393,-3.6192000488281253,,
2026-03-31 22:25:27+00:00,-0.104242205927957,-0.10449200000000006,,
2026-03-31 22:26:39+00:00,-8.024116006286043e-16,-8.043344078005298e-16,,
2026-03-31 22:29:43+00:00,-0.4090124893593623,-0.40999260000000004,,
2026-03-31 22:32:01+00:00,-1.8014452231833964,-1.8057620000000005,,
2026-03-31 22:32:13+00:00,-19.46210617796428,-39.5978929856628,,
2026-03-31 22:34:01+00:00,-0.6148745807709077,-0.6163479957275395,,
2026-03-31 22:36:59+00:00,-1.7402123708620594e-16,-1.7443824162910461e-16,,
2026-03-31 23:09:05+00:00,-2.818261843916139,-2.8250152035156275,,
2026-03-31 23:09:33+00:00,-1.6464282880910017,-1.6503736000953675,,
2026-03-31 23:09:39+00:00,-0.40901987166924114,-0.41000000000000003,,
2026-03-31 23:09:51+00:00,-0.40901987166924125,-0.41000000000000014,,
2026-03-31 23:09:59+00:00,-4.937339689792734e-16,-4.9491709646127e-16,,
2026-03-31 23:10:00+00:00,-3.8431268636489895e-17,-3.8523360922920637e-17,,
2026-03-31 23:23:09+00:00,-2.835376571669343e-18,-2.8421709430404005e-18,,
2026-03-31 23:23:37+00:00,-0.0001155531017947784,-0.0001158300000010047,,
2026-03-31 23:27:33+00:00,-0.7267824219218597,-1.9048240000000005,,
2026-03-31 23:38:57+00:00,-1.9894920174146832e-17,-1.99425940801145e-17,,
2026-03-31 23:40:09+00:00,-1.7711831144991224,-1.7754273746676996,,
2026-03-31 23:47:41+00:00,-3.146981525085444,-3.1545225908447265,,
2026-03-31 23:47:57+00:00,-0.009976094430957101,-0.01,,
2026-03-31 23:50:49+00:00,-2.5977247095441824,-2.6039495992370614,,
2026-03-31 23:57:05+00:00,-2.441092445907503,-2.4469420000000004,,
2026-04-01 00:16:23+00:00,-0.32866331383668596,-0.32945088492426605,,
2026-04-01 00:24:33+00:00,-6.379597286256022e-18,-6.394884621840902e-18,,
2026-04-01 00:35:13+00:00,-0.7480432352687276,-1.0398357603226505,,
2026-04-01 00:38:45+00:00,-7.952131310715165,-16.65126985849744,,
2026-04-01 00:39:39+00:00,-1.9064364687256234,-1.911004834526933,,
2026-04-01 00:50:13+00:00,-9.504411508521075e-16,-9.527186790682e-16,,
2026-04-01 00:55:23+00:00,-2.17574119790168e-16,-2.1809548946831099e-16,,
2026-04-01 00:55:24+00:00,-1.1341506286677374e-17,-1.1368683772161604e-17,,
2026-04-01 00:55:35+00:00,-2.527880069771285e-17,-2.5339375917763456e-17,,
2026-04-01 01:21:01+00:00,-0.02194740774810562,-0.022,,
2026-04-01 01:21:07+00:00,-0.009976094430957101,-0.01,,
2026-04-01 01:22:03+00:00,0.3212719435113452,0.3220418027664185,,
2026-04-01 01:48:11+00:00,-0.009976094430957101,-0.01,,
2026-04-01 01:50:39+00:00,-0.07525965638714036,-0.07544,,
2026-04-01 01:58:07+00:00,-0.01779735246482747,-0.01784,,
2026-04-01 02:05:07+00:00,-0.007940971167041915,-0.007960000000000063,,
2026-04-01 02:08:13+00:00,-0.8769685695886522,-0.8790700365338425,,
2026-04-01 02:17:25+00:00,-1.3021190047674072e-15,-1.305239253476556e-15,,
2026-04-01 02:24:01+00:00,-0.048388048427914894,-0.048504000000000574,,
2026-04-01 02:24:02+00:00,-0.04088602505049909,-0.04098399963378907,,
2026-04-01 02:24:11+00:00,-1.8854818474509316,-1.8982499811982905,,
2026-04-01 02:25:59+00:00,-9.616396359497215e-16,-9.639439989317166e-16,,
2026-04-01 02:33:03+00:00,-2.618846803751382,-2.644556757799516,,
2026-04-01 02:49:41+00:00,-0.14802967864809213,-0.17112000000000108,,
2026-04-01 02:49:42+00:00,-0.00039944283966285467,-0.0004004000186920167,,
2026-04-01 02:49:55+00:00,-0.00479296461890436,-0.0005144499298554913,,
2026-04-01 02:49:57+00:00,-0.06123965236427324,-0.27286378016612145,,
2026-04-01 02:50:01+00:00,-0.010695570361317847,-1.203273083178201e-16,,
2026-04-01 02:50:02+00:00,-0.0003994428396628546,-0.00040040001869201666,,
2026-04-01 02:56:45+00:00,-2.533129849198025,-17.93047480958511,,
2026-04-01 03:00:17+00:00,-0.3854367853235608,-1.6363233751830804,,
2026-04-01 03:05:41+00:00,-0.027849265213465292,-0.027916000000005464,,
2026-04-01 03:07:41+00:00,-1.2582450492295327,-1.2876993634213054,,
2026-04-01 03:17:23+00:00,-1.138813495400551e-15,-1.1415424175082653e-15,,
2026-04-01 03:18:01+00:00,-28.93683835380227,-56.8657987881043,,
2026-04-01 03:21:31+00:00,-0.029162119400429634,-0.029232000160238893,,
2026-04-01 03:22:19+00:00,-0.6848864442034326,-1.0865276275634903,,
2026-04-01 03:30:43+00:00,-0.13824669669322245,-0.2485779752286879,,
2026-04-01 03:33:51+00:00,-97.31111040138865,-37.305423682575295,,
2026-04-01 03:34:47+00:00,-29.932144975632003,-41.00076988631629,,
2026-04-01 03:35:17+00:00,-46.90355735683642,-47.17165858470023,,
2026-04-01 03:47:45+00:00,-0.349163305083511,-0.35000000000001247,,
2026-04-01 03:57:23+00:00,-0.5033378588574045,-0.7916639973107612,,
2026-04-01 03:59:17+00:00,-4.9619092829467766e-17,-4.973799433523139e-17,,
2026-04-01 04:00:03+00:00,-0.6008737216702489,-0.6023135865731791,,
2026-04-01 04:01:39+00:00,-4.793245091082324,-5.510644004141614,,
2026-04-01 04:01:55+00:00,-7.655516743507227e-17,-7.673861546209082e-17,,
2026-04-01 04:02:39+00:00,-0.023952501172262584,-0.02400000000017623,,
2026-04-01 04:06:55+00:00,-6.308314150633603e-16,-6.323430671484118e-16,,
2026-04-01 04:13:43+00:00,-9.045255569475126e-14,-9.066930582980989e-14,,
2026-04-01 04:14:53+00:00,-1.417688285834672e-17,-1.4210854715202007e-17,,
2026-04-01 04:14:54+00:00,-8.860551786466697e-17,-8.88178419700125e-17,,
2026-04-01 04:15:05+00:00,-0.854773724417216,-0.8568220061798367,,
2026-04-01 04:15:13+00:00,-0.012083045940110915,-0.012112000366211122,,
2026-04-01 04:15:14+00:00,-4.253064857504015e-18,-4.2632564145606015e-18,,
2026-04-01 04:16:25+00:00,-0.27933064406679964,-0.2800000000000008,,
2026-04-01 04:16:55+00:00,-0.1553525960488215,-0.1557248652004962,,
2026-04-01 04:17:09+00:00,-1.49059290593372e-14,-1.494164791893127e-14,,
2026-04-01 04:21:13+00:00,-0.0006530351182409822,-0.000654599976734914,,
2026-04-01 04:24:03+00:00,-0.036798464601581454,-0.03688664422360629,,
2026-04-01 04:26:41+00:00,-0.2214692963672486,-0.222000000000001,,
2026-04-01 04:29:31+00:00,-0.0828015837769447,-0.08300000000000075,,
2026-04-01 04:31:23+00:00,-0.06426854040674736,-0.18766254616928424,,
2026-04-01 04:31:29+00:00,-5.103677847167505e-16,-5.115907715678932e-16,,
2026-04-01 04:31:59+00:00,-2.3059620639535896,-3.000535807088938,,
2026-04-01 04:32:17+00:00,-2.243760288623017,-2.122072937418102,,
2026-04-01 04:32:51+00:00,-0.01375424091386179,-0.013787200000012646,,
2026-04-01 04:35:11+00:00,-0.09497241959184517,-0.09520000061059324,,
2026-04-01 04:42:29+00:00,-1.0322559293005265e-14,-0.35758000000001033,,
2026-04-01 04:43:01+00:00,-9.540543265660606e-14,-9.563405129822225e-14,,
2026-04-01 04:45:01+00:00,-2.3710836587460677e-15,-2.3767654518067626e-15,,
2026-04-01 04:45:11+00:00,-5.97848356598227e-17,-5.992809718631239e-17,,
2026-04-01 04:46:19+00:00,-1.8500832130142464e-16,-1.8545165403338614e-16,,
2026-04-01 04:46:27+00:00,-0.03096819137635643,-0.031042400000002163,,
2026-04-01 04:51:25+00:00,-189.9978080360326,-206.115669896653,,
2026-04-01 04:53:25+00:00,-0.6227687299641531,-0.6242610615549326,,
2026-04-01 04:54:33+00:00,-1.7543892537204063e-17,-1.7585932710062478e-17,,
2026-04-01 04:55:45+00:00,-1.6113441129682514e-17,-1.6152053532773746e-17,,
2026-04-01 04:56:21+00:00,-0.005063865533154049,-0.005076000000000224,,
2026-04-01 04:56:39+00:00,-0.10008716036092255,-0.11971515913123829,,
2026-04-01 04:58:23+00:00,-5.180200776251576e-16,-5.192614015537733e-16,,
2026-04-01 05:05:27+00:00,-0.18955776702373356,-2.4020120015258795,,
2026-04-01 05:10:11+00:00,-0.2618285839971279,-0.26245600000000024,,
2026-04-01 05:10:25+00:00,-0.023946617163403298,-0.024004000091552735,,
2026-04-01 05:11:37+00:00,-0.0199521888619142,-0.019999999999999997,,
2026-04-01 05:11:47+00:00,-10.473929024162269,-10.499027546952968,,
2026-04-01 05:12:31+00:00,-0.0043635437041017995,-0.004374000000001166,,
2026-04-01 05:12:37+00:00,-2.9442038001225125e-16,-2.9512589525879694e-16,,
2026-04-01 05:12:39+00:00,-0.10259415512796283,-0.10284000000000001,,
2026-04-01 05:12:51+00:00,-0.007980875544765799,-0.008000000000000118,,
2026-04-01 05:14:17+00:00,-0.7916070834357891,-0.910624002647917,,
2026-04-01 05:14:45+00:00,-0.019952188861914202,-0.02,,
2026-04-01 05:17:15+00:00,-3.7847516188590696e-16,-3.79382096375762e-16,,
2026-04-01 05:17:45+00:00,-0.019952188861914202,-0.02,,
2026-04-01 05:18:39+00:00,-2.9163783927172567e-13,-2.92336686756629e-13,,
2026-04-01 05:21:53+00:00,-1.3045541947084935e-16,-1.3076802788276486e-16,,
2026-04-01 05:22:55+00:00,-0.019303742723902458,-0.01935000000000047,,
2026-04-01 05:43:09+00:00,-0.6332874534548646,-0.6348049909087592,,
2026-04-01 05:48:07+00:00,-1.1221468539212975,-1.1248358380000212,,
2026-04-01 05:53:55+00:00,-7.493844075186847,-11.145412517895354,,
2026-04-01 05:57:45+00:00,-2.390929227293918,-2.396658576,,
2026-04-01 06:03:41+00:00,-0.039904377723828405,-0.039999999999999994,,
2026-04-01 06:03:42+00:00,-6.451339931602082e-17,-6.46679918303775e-17,,
2026-04-01 06:03:45+00:00,-0.02948933513790919,-0.029560000000000003,,
2026-04-01 06:05:23+00:00,-4.346816806239144e-15,-1.2092782000000044,,
2026-04-01 06:05:27+00:00,-11.083318477709058,-11.109877271526319,,
2026-04-01 06:05:43+00:00,-0.012732312717405322,-0.012762822971979218,,
2026-04-01 06:06:25+00:00,-0.23409304626018085,-0.2346540000000001,,
2026-04-01 06:06:29+00:00,-1.1756428243105879,-1.1784600000000174,,
2026-04-01 06:06:31+00:00,-0.0010534755720962516,-0.02250000000018762,,
2026-04-01 06:08:31+00:00,-0.48096945795290924,-0.7335120048523037,,
2026-04-01 06:09:19+00:00,-0.4014288706389508,-0.4023908087650669,,
2026-04-01 06:14:01+00:00,-0.00059976278178613,-0.05480119998456009,,
2026-04-01 06:16:59+00:00,-0.016131344694857844,-0.016170000000000212,,
2026-04-01 06:17:07+00:00,-1.0755259851877827e-15,-1.0781032523612523e-15,,
2026-04-01 06:18:15+00:00,-0.0024208151326418946,-0.014572216096505457,,
2026-04-01 06:19:15+00:00,-0.2425260699991921,-0.24310723167034443,,
2026-04-01 06:20:01+00:00,-3.6851040008050195e-16,-3.693934561575189e-16,,
2026-04-01 06:20:02+00:00,-0.007521975200941653,-0.00754,,
2026-04-01 06:21:17+00:00,-0.031041615431371357,-0.031116000000005254,,
2026-04-01 06:21:23+00:00,-1.404029807463596e-13,-1.4073942635373533e-13,,
2026-04-01 06:23:57+00:00,-1.9778523697750965e-15,-1.9825918684546197e-15,,
2026-04-01 06:24:31+00:00,-21.258574512810416,-21.39136932530702,,
2026-04-01 06:24:59+00:00,-2.5384388471431497e-17,-2.5445216709918546e-17,,
2026-04-01 06:25:00+00:00,-0.008972499331202817,-0.008994,,
2026-04-01 06:25:01+00:00,-0.002505995004780411,-0.0025120000839246137,,
2026-04-01 06:25:02+00:00,-0.019952188861914202,-0.02,,
2026-04-01 06:25:03+00:00,-0.0399043777238286,-0.040000000000000195,,
2026-04-01 06:25:13+00:00,-0.485887674478652,-0.4870520000000003,,
2026-04-01 06:25:49+00:00,-0.07834107391916692,-0.07319000148774908,,
2026-04-01 06:26:03+00:00,-2.223765279682732e-14,-2.2290940558682997e-14,,
2026-04-01 06:26:15+00:00,-2.218682167331261e-15,-2.2239987629291136e-15,,
2026-04-01 06:26:17+00:00,-0.18018544774134482,-0.18061722349199727,,
2026-04-01 06:26:25+00:00,-0.003990437772391563,-0.004000000000008744,,
2026-04-01 06:26:27+00:00,-0.3847520837401986,-0.400727659526004,,
2026-04-01 06:27:11+00:00,-1.041076855667642e-15,-1.0435715728963502e-15,,
2026-04-01 06:27:15+00:00,-0.8574094273654128,-0.8594640250244238,,
2026-04-01 06:28:19+00:00,-0.021852278938318988,-0.02190464323443908,,
2026-04-01 06:28:21+00:00,-5.887772821419707e-16,-5.901881605239414e-16,,
2026-04-01 06:29:19+00:00,-2.1477977530395277e-16,-0.008002917961204739,,
2026-04-01 06:29:21+00:00,-3.854340027113013e-16,-3.8635761256955442e-16,,
2026-04-01 06:30:37+00:00,-2.2407916006562716,-2.2461611767655363,,
2026-04-01 06:31:01+00:00,-2.5518389145024083e-16,-2.55795384873636e-16,,
2026-04-01 06:31:07+00:00,-7.663867352107542,-7.68223216525054,,
2026-04-01 06:32:07+00:00,-3.4168491569548807,-18.259779306368966,,
2026-04-01 06:32:25+00:00,-0.005001039495414996,-0.005013023413146661,,
2026-04-01 06:32:59+00:00,-96.92002371804823,-133.88399175205254,,
2026-04-01 06:33:31+00:00,-0.7375537709565251,-0.7393211602606738,,
2026-04-01 06:33:45+00:00,-0.07428983961307702,-0.10452785849572209,,
2026-04-01 06:33:53+00:00,-3.699979652349776e-15,-3.708845859425974e-15,,
2026-04-01 06:34:01+00:00,-2.413815530550098e-15,-2.419599721369636e-15,,
2026-04-01 06:34:13+00:00,-9.902437855943885,-10.23628933434885,,
2026-04-01 06:36:35+00:00,1.9527614984005046,1.957440872192263,,
2026-04-01 06:37:11+00:00,-0.019952188861914202,-0.02,,
2026-04-01 06:37:17+00:00,-0.10973703874052812,-0.11,,
2026-04-01 06:37:27+00:00,-0.019952188861914202,-0.02,,
2026-04-01 06:38:53+00:00,-4.8733034825566845e-18,-4.88498130835069e-18,,
2026-04-01 06:41:35+00:00,-5.8375458558636195,-5.8515342815410465,,
2026-04-01 06:49:31+00:00,-252.69066541741725,-500.2942409253595,,
2026-04-01 06:49:37+00:00,-0.12310899571578325,-0.12340400000000024,,
2026-04-01 06:52:21+00:00,-5.830545518717781e-16,-5.844517169589786e-16,,
2026-04-01 06:53:57+00:00,-5.3163314156698394e-18,-5.329070862814391e-18,,
2026-04-01 06:56:59+00:00,-1.3736479863170272,-1.9898096460186496,,
2026-04-01 07:05:37+00:00,-0.15856741123376,-0.158947384,,
2026-04-01 07:05:45+00:00,-0.38607485447803996,-0.3870000000000002,,
2026-04-01 07:07:47+00:00,-4.253066258266883e-18,-4.263257818680097e-18,,
2026-04-01 07:07:48+00:00,-0.002505994921056424,-0.0025120000000000003,,
2026-04-01 07:07:57+00:00,-1.324280205095295e-15,-1.3274535583643674e-15,,
2026-04-01 07:13:21+00:00,-318.5795395164861,-335.3095340721739,,
2026-04-01 07:16:37+00:00,-1.8858223813389188e-16,-1.8903413499043975e-16,,
2026-04-01 07:17:27+00:00,-0.18156491864342117,-0.18200000000000197,,
2026-04-01 07:17:28+00:00,-0.09281758258562486,-0.09304000000000001,,
2026-04-01 07:20:45+00:00,-51.4670025039749,-72.62115866528995,,
2026-04-01 07:24:31+00:00,-5.080391141501831e-16,-5.092565208421369e-16,,
2026-04-01 07:25:57+00:00,-0.2350427700704295,-0.01318399963381716,,
2026-04-01 07:26:05+00:00,-7.708680611575232e-17,-7.727152810075863e-17,,
2026-04-01 07:27:55+00:00,-101.5485598037316,-101.79189913100001,,
2026-04-01 07:28:55+00:00,-46.21955176216852,-108.03523348213723,,
2026-04-01 07:31:03+00:00,-7.75925969985155e-15,-7.777853100280979e-15,,
2026-04-01 07:32:59+00:00,-2.921363778743541,-3.255964200000127,,
2026-04-01 07:35:43+00:00,-0.005985656658574261,-0.006,,
2026-04-01 07:36:37+00:00,-0.4782260978026839,-0.4576000000000028,,
2026-04-01 07:42:33+00:00,-1.486520933517684,-1.5800828618692009,,
2026-04-01 07:43:11+00:00,-0.03990437772382842,-0.040000000000000015,,
2026-04-01 07:43:17+00:00,-0.006066960494561243,-0.006081498663178936,,
2026-04-01 07:43:33+00:00,-0.01633109432829311,-0.016370228290557905,,
2026-04-01 07:44:31+00:00,-0.05387090992717021,-0.05400000000000187,,
2026-04-01 07:46:37+00:00,-1.8642600958725933e-16,-1.8687273950490638e-16,,
2026-04-01 07:49:17+00:00,-0.019952188861914202,-0.02,,
2026-04-01 07:56:55+00:00,-5.420442774085255e-16,-5.43343170175387e-16,,
2026-04-01 08:06:09+00:00,-2.4382555796726257,-5.243997751824094,,
2026-04-01 08:07:59+00:00,-3.1551395637490507,-3.162700178496956,,
2026-04-01 08:10:13+00:00,-0.019573097273550038,-0.16962000000001223,,
2026-04-01 08:34:23+00:00,-0.019467196043126064,-0.019513845000020107,,
2026-04-01 08:45:57+00:00,-0.0221491244800599,-0.022202200102806092,,
2026-04-01 08:49:01+00:00,-0.004397462425166127,-0.004408000000000238,,
2026-04-01 09:19:15+00:00,-0.1823460736989759,-0.1827830269259808,,
2026-04-01 09:29:41+00:00,-1.0333925411395734e-15,-1.0358688445578703e-15,,
2026-04-01 09:30:57+00:00,-1.3542836953769704,-1.3821475455705774,,
2026-04-01 09:54:01+00:00,-0.06703935457603585,-0.06720000000000416,,
2026-04-01 12:16:45+00:00,-0.16929292754853614,-0.16624000000000005,,
2026-04-01 14:27:09+00:00,-21.29677369200541,-21.347806839035915,,
2026-04-01 16:00:17+00:00,-7.662404297932334e-17,-7.68076560518003e-17,,
2026-04-01 20:12:39+00:00,-0.01802480741786078,-0.01806800000000751,,
2026-04-01 22:33:07+00:00,28.13258629529902,28.199999999999996,,
2026-04-02 01:20:03+00:00,-3.677652421132829,-3.686465125791715,,
2026-04-02 01:22:13+00:00,-0.005925800091988519,-0.005940000000000001,,
2026-04-02 01:24:33+00:00,-56.07446490418646,-56.20883532355128,,
2026-04-02 01:25:31+00:00,-0.07980875544765681,-0.08,,
2026-04-02 01:37:51+00:00,-0.8739240286437064,-0.8760182000000001,,
2026-04-02 01:39:47+00:00,2.349043198629117,0.3999995928142548,,
2026-04-02 01:43:27+00:00,-1.3937459549714224,-1.397085768,,
2026-04-02 01:51:23+00:00,1.934599447435323,-1.0213288040000004,,
2026-04-02 01:52:07+00:00,-2.1667514851356677,-2.1719436399999985,,
2026-04-02 02:10:41+00:00,-1.9057401986604547,-1.9103068960000003,,
2026-04-02 02:11:53+00:00,-4.0863111087175215,-4.096103076207031,,
2026-04-02 02:15:09+00:00,-0.8114296549964101,-0.8133740720000001,,
2026-04-02 02:27:15+00:00,-118.05908352119964,-118.3419867747514,,
2026-04-02 02:38:27+00:00,-0.5086923757536476,-0.5099113478468185,,
2026-04-02 03:08:49+00:00,-39.77849099470027,-39.87381161034574,,
2026-04-02 03:08:55+00:00,-11.350062258102634,-11.377260246135938,,
2026-04-02 03:11:59+00:00,-1.1074794731510973,-1.1101333100000002,,
2026-04-02 03:13:45+00:00,-0.7414594515705719,-0.7432362000000002,,
2026-04-02 03:21:51+00:00,-3.698057073896187,-3.7069186739257813,,
2026-04-02 03:26:27+00:00,-0.7512817449527306,-0.7530820304,,
2026-04-02 03:27:13+00:00,-0.7922443564464678,-0.7941428,,
2026-04-02 03:29:13+00:00,-51.54990475452406,-51.67343303663816,,
2026-04-02 03:32:39+00:00,4830.006990354863,4841.58106539843,,
2026-04-02 03:33:15+00:00,0.3614913466940515,0.3623575831161928,,
2026-04-02 03:35:37+00:00,-3.1388070127050667,-3.1463284899999997,,
2026-04-02 03:38:57+00:00,-42.904383960549566,-43.007195107748544,,
2026-04-02 04:04:57+00:00,-0.37176954208870006,-0.37266040799999994,,
2026-04-02 04:08:59+00:00,-3.744209340280295e-16,-3.7531815343101935e-16,,
2026-04-02 04:09:00+00:00,-9.136068233957895e-17,-9.157960860522235e-17,,
2026-04-02 04:31:31+00:00,-6.236783069574003e-15,-6.251728181542133e-15,,
2026-04-02 04:40:31+00:00,-0.12623791876260088,-0.12654042083931002,,
2026-04-02 05:42:49+00:00,-1.735844201351665,-1.7400037794000005,,
2026-04-02 05:57:57+00:00,-0.7820665722050941,-0.7839406268832433,,
2026-04-02 06:00:27+00:00,-0.4891158621030797,-0.49028792328317433,,
2026-04-02 06:00:31+00:00,-0.7618835575843239,-0.7637092480000004,,
2026-04-02 06:04:43+00:00,-0.18941271308847596,-0.18986660000000005,,
2026-04-02 06:06:13+00:00,-0.2992802315174597,-0.29999739235502293,,
2026-04-02 06:08:39+00:00,-0.0806451512047483,-0.08083840000000006,,
2026-04-02 06:24:53+00:00,-0.11049003434817685,-0.1107548000000001,,
2026-04-02 06:36:51+00:00,-0.6025256868652804,-0.603969510348224,,
2026-04-02 06:50:25+00:00,-0.05405322972030375,-0.054182756683386686,,
2026-04-02 06:50:33+00:00,-0.01106109466789081,-0.01108760020711794,,
2026-04-02 06:50:59+00:00,-0.6128370733519439,-0.614305605859375,,
2026-04-02 07:10:41+00:00,-0.041899596610020094,-0.04200000000000027,,
2026-04-02 07:12:27+00:00,-1.9899385142256152,-1.9947069747561539,,
2026-04-02 07:13:19+00:00,-1.5738227048421032,-1.5775940331502172,,
2026-04-02 07:13:20+00:00,-1.0774430972343504e-16,-1.0800249583553524e-16,,
2026-04-02 07:45:31+00:00,-1.7385905298942333e-16,-1.742756688929451e-16,,
2026-04-02 08:45:17+00:00,-0.09456938484381415,-0.0947960000762956,,
2026-04-02 08:57:01+00:00,-14.385935103972441,-14.420407909663565,,
2026-04-02 09:08:43+00:00,-1.65514587875749,-1.6591120805967512,,
2026-04-02 09:28:51+00:00,-0.4643842569851192,-0.4654970541819204,,
2026-04-02 15:18:45+00:00,-0.3362243668717199,-0.33703005640000017,,
2026-04-02 15:18:55+00:00,-6.377807912920893,-6.393090960656644,,
2026-04-03 03:19:39+00:00,-1.7231352651051257,-1.9923021452773007,,
2026-04-03 04:08:03+00:00,-0.43137973961286874,-0.43241344856785047,,
2026-04-04 00:00:00+00:00,-5.4771258144740935,-5.490250570882599,,
2026-04-05 00:00:00+00:00,-6.173777445902299,-6.188571578416776,,
2026-04-05 01:32:35+00:00,-3.799193323788072,-3.8082972751327295,,
2026-04-05 02:03:09+00:00,-84.47370584623732,-84.67612895092951,,
2026-04-05 04:44:21+00:00,-1.3220301634545064,-1.3251981249817335,,
2026-04-05 06:14:03+00:00,-56.0707788022703,-102.36334926936226,,
2026-04-05 22:53:03+00:00,948.2984549381734,950.5708486434147,,
2026-04-05 23:44:33+00:00,-0.239426266342971,-0.2400000000000006,,
2026-04-06 03:58:49+00:00,-3.598093427703284e-15,-3.606715486310894e-15,,
2026-04-06 04:00:39+00:00,-0.047882858989186115,-0.047997599983215344,,
2026-04-06 04:00:51+00:00,-0.21883560743747496,-0.21936,,
2026-04-06 04:12:07+00:00,-0.24467370110662764,-0.24531335311476313,,
2026-04-06 04:29:27+00:00,-3.1999685424041133,-3.2076365801773097,,
2026-04-06 04:34:33+00:00,-0.010391599331038613,-0.010416500568390918,,
2026-04-06 04:58:47+00:00,-0.20949798305009915,-0.21000000000000002,,
2026-04-06 04:58:53+00:00,-2.129354635456954e-17,-2.1344571767978595e-17,,
2026-04-06 05:00:17+00:00,-0.08877925955997391,-0.08899200000000049,,
2026-04-06 05:00:21+00:00,-1.1119992492015705e-16,-1.1146639167236572e-16,,
2026-04-06 05:00:27+00:00,-4.430275904282376e-17,-4.44089210957613e-17,,
2026-04-06 05:00:33+00:00,-5.050514561260167e-17,-5.062617035367841e-17,,
2026-04-06 05:00:41+00:00,-9.067888817526796e-16,-9.089618066753634e-16,,
2026-04-06 05:00:53+00:00,-3.433463817255846e-18,-3.4416913763379856e-18,,
2026-04-06 05:01:27+00:00,-0.6553211175380825,-0.6568914539386645,,
2026-04-06 05:01:49+00:00,-1.2925336955416105e-16,-1.2956309751145827e-16,,
2026-04-06 05:02:21+00:00,-0.14008032756172722,-0.14041599999999999,,
2026-04-06 05:05:11+00:00,-0.01966124995758622,-0.01970836392303469,,
2026-04-06 05:06:37+00:00,-0.02597774989821229,-0.02604,,
2026-04-06 05:16:19+00:00,-0.0003463699870358176,-0.00034719998836517336,,
2026-04-06 05:16:35+00:00,-0.06953337818377098,-0.0697,,
2026-04-06 05:56:49+00:00,-1.7721103572933396e-17,-1.7763568394002508e-17,,
2026-04-06 05:57:17+00:00,-0.02898454475970278,-0.02905400000000002,,
2026-04-06 05:57:29+00:00,-2.906260985961077e-17,-2.913225216616411e-17,,
2026-04-06 05:57:47+00:00,-0.0059856566585743745,-0.006000000000000115,,
2026-04-06 05:57:57+00:00,-2.4366517412783422e-18,-0.00010799999758601433,,
2026-04-06 06:26:33+00:00,-0.5906954052477112,-0.5921108800000005,,
2026-04-06 06:27:31+00:00,-0.024631060608619134,-0.024690083658576643,,
2026-04-06 06:40:15+00:00,-0.33341027783209004,-0.33420922400000064,,
2026-04-06 07:07:53+00:00,-61.75302511043762,-61.90100298049511,,
2026-04-06 07:55:09+00:00,314.1258451879051,314.878580352179,,
2026-04-06 17:54:03+00:00,-1.4424143544909007,-1.4458707908927806,,
2026-04-06 18:30:03+00:00,-1.2450753217589824e-13,-1.2480588775256118e-13,,
2026-04-06 18:39:29+00:00,-1.4885727001264053e-17,-1.4921397450962106e-17,,
2026-04-06 18:44:13+00:00,-1.975266697340098e-05,-1.0613732115416513e-16,,
2026-04-06 19:29:49+00:00,-0.04191974832077437,-0.042020200000004025,,
2026-04-06 19:34:27+00:00,-1.417688285834673e-17,-1.4210854715202016e-17,,
2026-04-06 19:57:09+00:00,-0.43890805106249997,-0.4399598,,
2026-04-06 20:18:21+00:00,-0.24676368379693941,-0.24735500000000005,,
2026-04-06 20:19:37+00:00,3.037397152400784e-15,3.0446756227320296e-15,,
2026-04-06 20:22:35+00:00,-1.5966714360467767e-15,-1.6004975164349892e-15,,
2026-04-06 20:35:11+00:00,-9.57345926151479e-05,-9.596400001795411e-05,,
2026-04-06 20:36:37+00:00,-0.029298592212398087,-0.029368800000008816,,
2026-04-06 20:39:35+00:00,-0.008143685405878901,-0.0081632,,
2026-04-06 20:40:37+00:00,2.76449215737761e-15,2.771116669464391e-15,,
2026-04-06 20:42:37+00:00,-2.445512293064809e-17,-2.4513724383723462e-17,,
2026-04-06 20:43:11+00:00,-1.1341506286677383e-16,-1.1368683772161613e-16,,
2026-04-06 20:50:01+00:00,-0.01234142642053703,-0.012371000000000002,,
2026-04-06 20:51:11+00:00,-0.5826039299902069,-0.5840000152587893,,
2026-04-06 20:59:11+00:00,-0.000498804721547855,-0.0005,,
2026-04-06 20:59:19+00:00,-1.0632662831339682e-17,-1.0658141725628784e-17,,
2026-04-06 22:46:27+00:00,-0.01595693099610084,-0.015995168356250155,,
2026-04-07 00:13:17+00:00,-1.515677469638295e-14,-1.5193094653704897e-14,,
2026-04-07 00:24:09+00:00,-1.7012259430016076e-16,-1.7053025658242422e-16,,
2026-04-07 00:56:14+00:00,-1.3119220154981919e-18,-1.3150657550184465e-18,,
2026-04-07 00:56:43+00:00,-2.4100700859189417e-17,-2.4158453015843405e-17,,
2026-04-07 00:56:59+00:00,-6.518504241648107e-14,-6.534124437936706e-14,,
2026-04-07 01:13:21+00:00,-2.6305206143662346e-15,-2.6368240924057333e-15,,
2026-04-07 01:41:05+00:00,-0.36194053154109385,-0.3628078443383074,,
2026-04-07 01:41:11+00:00,-1.063266214376004e-18,-1.0658141036401506e-18,,
2026-04-07 01:41:15+00:00,-7.088441429173359e-17,-7.105427357601003e-17,,
2026-04-07 01:49:39+00:00,-3.9032502916077187e-14,-3.9126035931410513e-14,,
2026-04-07 02:01:47+00:00,-0.003998418647935222,-0.004008000000007636,,
2026-04-07 02:22:27+00:00,-68.46310424921603,-64.01020770344579,,
2026-04-08 00:00:00+00:00,-6.025175214797359e-17,-6.039613253960858e-17,,
2026-04-08 00:44:29+00:00,-1.4808994622793253e-12,-1.4844481199816074e-12,,
2026-04-08 06:24:49+00:00,-754.4373776355934,-756.5033355805678,,
2026-04-08 14:07:57+00:00,,-0.016000000000000014,,
2026-04-08 14:09:35+00:00,,-0.37872,,
2026-04-08 14:16:29+00:00,,-0.4,,
2026-04-08 14:46:43+00:00,-0.0042298638103911304,-0.0042399997711181645,,
2026-04-08 14:49:01+00:00,,-0.8838942180480962,,
2026-04-08 15:14:57+00:00,,-0.02,,
2026-04-08 16:24:02+00:00,-2.1244069651594067e-17,-2.1294976504704082e-17,,
2026-04-08 17:54:17+00:00,4.1201565807070145e-16,4.130029651605583e-16,,
2026-04-09 03:08:05+00:00,-6.645413839850024e-19,-6.66133814775094e-19,,
2026-04-09 03:11:31+00:00,-7.613248498466836e-18,-7.631492014391873e-18,,
2026-04-09 04:04:17+00:00,-1.77211035729334e-18,-1.776356839400251e-18,,
2026-04-09 04:21:41+00:00,-8.165914454234608e-18,-8.185482315498868e-18,,
2026-04-09 04:30:41+00:00,-3.402451886003212e-16,-3.410605131648481e-16,,
2026-04-09 04:30:49+00:00,-6.000499460142611e-16,-6.014878369156463e-16,,
2026-04-09 04:47:03+00:00,-1.3290830544628008e-18,-1.3322679167295025e-18,,
2026-04-09 04:50:17+00:00,28.290807152974057,28.358600000000056,,
2026-04-09 05:04:35+00:00,-2.868081294295299e-16,-2.874954035514414e-16,,
2026-04-09 05:04:41+00:00,-2.835376571669344e-17,-2.8421709430404014e-17,,
2026-04-09 05:04:49+00:00,-1.234274863854811e-16,-1.2372325386422745e-16,,
2026-04-09 05:04:55+00:00,,-0.0005871000051498414,,
2026-04-09 05:07:57+00:00,-4.253064857504015e-17,-4.263256414560601e-17,,
2026-04-09 05:11:19+00:00,-2.1818222982685694e-15,-2.1870505671017856e-15,,
2026-04-09 06:00:19+00:00,-0.009251861898771791,-0.009274031999999998,,
2026-04-09 06:03:55+00:00,-0.38749923655349156,-0.38882781530136734,,
2026-04-09 06:04:01+00:00,-0.005746230620566363,-0.005760000228882228,,
2026-04-09 06:06:47+00:00,-2.948791634536117e-15,-2.955857780762017e-15,,
2026-04-09 06:06:49+00:00,-1.6270720807494096e-17,-1.6309710097574822e-17,,
2026-04-09 06:06:55+00:00,-1.4364537492659145e-15,-1.439895902356752e-15,,
2026-04-09 06:07:53+00:00,-1.12015095684512e-15,-1.1228351581848983e-15,,
2026-04-09 06:10:13+00:00,-8.50612971500803e-17,-8.526512829121204e-17,,
2026-04-09 06:12:31+00:00,-0.25605112097470784,-0.25666469252751695,,
2026-04-09 06:15:03+00:00,-1.0632662143760038e-17,-1.0658141036401503e-17,,
2026-04-09 06:15:09+00:00,-1.2026361358676503e-17,-1.2055179952344035e-17,,
2026-04-09 06:15:15+00:00,-1.4176882898263235e-17,-1.4210854755214172e-17,,
2026-04-09 06:47:37+00:00,-3.6886723661833397e-16,-3.6975114777752263e-16,,
2026-04-09 13:37:53+00:00,-0.025626042689055516,-0.025687450000006638,,
2026-04-09 20:35:33+00:00,-3.402451886003212e-17,-3.410605131648481e-17,,
2026-04-09 20:38:05+00:00,-4.2530648575040156e-16,-4.263256414560602e-16,,
2026-04-09 20:45:49+00:00,-1.1341506286677373e-16,-1.1368683772161603e-16,,
2026-04-09 20:46:25+00:00,-2.5518389145024093e-16,-2.557953848736361e-16,,
2026-04-09 21:17:19+00:00,-1.7721103572933396e-17,-1.7763568394002508e-17,,
2026-04-09 22:41:53+00:00,-1.240477250105339e-18,-1.2434497875801765e-18,,
2026-04-09 22:47:03+00:00,-3.544220714586679e-18,-3.552713678800501e-18,,
2026-04-10 00:00:00+00:00,-1.4059197602722427e-13,-1.4092887452122478e-13,,
2026-04-10 00:01:51+00:00,-4.253064857504015e-17,-4.263256414560602e-17,,
2026-04-10 00:01:52+00:00,-4.253064857504015e-17,-4.263256414560602e-17,,
2026-04-10 00:01:57+00:00,-4.53660251467095e-16,-4.547473508864642e-16,,
2026-04-10 00:40:09+00:00,2.0955204903974673e-15,2.100541955471871e-15,,
2026-04-11 00:30:01+00:00,128503.70272063019,128493.59018699208,,
2026-04-11 06:26:59+00:00,-0.00032389106504909847,-0.0003246672004667708,,
2026-04-11 06:27:45+00:00,-31.395726700778273,-31.470959821063143,,
2026-04-11 17:50:59+00:00,-87.82001996618098,-88.03046179441144,,
2026-04-11 18:12:15+00:00,-366.3658864027797,-367.24380361306464,,
2026-04-12 00:00:00+00:00,-15.283387227639674,-15.660010584716762,,
2026-04-12 04:09:57+00:00,-0.015615668578348334,-0.015653088176361796,,
2026-04-12 05:07:31+00:00,0.199047711376048,0.1995246864929199,,
2026-04-12 14:06:49+00:00,-0.29928283292871305,-0.30000000000000004,,
2026-04-12 19:40:01+00:00,-2.9448858132365023,-2.9519425999999998,,
2026-04-12 19:40:57+00:00,-1.049354846343419,-1.0518694000000004,,
2026-04-12 19:43:47+00:00,-0.7001764623035587,-0.7018542849101562,,
2026-04-12 19:48:09+00:00,-2.8169412552810478,-2.8236914503733224,,
2026-04-12 19:49:05+00:00,-0.698326610166997,-0.7,,
2026-04-12 20:08:05+00:00,-0.08266724450558542,-0.08286533881341214,,
2026-04-12 21:25:59+00:00,-1.0933065255778864,-1.0959264000000002,,
2026-04-12 22:05:59+00:00,-0.2215091970916166,-0.22203999633789062,,
2026-04-12 22:15:11+00:00,-0.1595324008432854,-0.15991468600000008,,
2026-04-12 22:16:35+00:00,-0.6497777470968558,-0.6513348000000001,,
2026-04-12 22:50:07+00:00,-0.1273542229399325,-0.1276594,,
2026-04-12 23:41:51+00:00,-1.1622209868631608,-1.165006,,
2026-04-12 23:48:35+00:00,-8.326445630930198,-8.346398170703125,,
2026-04-13 00:00:00+00:00,-16.237707492078904,-16.27661767283519,,
2026-04-13 01:00:59+00:00,-0.21947407748105624,-0.22,,
2026-04-13 01:01:03+00:00,-3.18979915916819e-17,-3.1974428281972094e-17,,
2026-04-13 01:05:07+00:00,-1.063266214376004e-17,-1.0658141036401506e-17,,
2026-04-13 01:05:17+00:00,-0.03970485583520926,-0.0398,,
2026-04-13 01:17:25+00:00,-0.09930375802388719,-0.09954171816551263,,
2026-04-13 01:20:33+00:00,-0.34457430164525826,-0.3454,,
2026-04-13 01:21:59+00:00,-0.07499756443425032,-0.07517728000000005,,
2026-04-13 01:22:00+00:00,-1.3797318273464932e-18,-1.3830380585261988e-18,,
2026-04-13 01:32:47+00:00,-0.039904377723828405,-0.04,,
2026-04-13 01:37:19+00:00,-0.34379557019155566,-0.3446194024835149,,
2026-04-13 03:08:51+00:00,-0.005155885028184972,-0.00516824,,
2026-04-13 03:24:25+00:00,-0.5666854975562952,-0.5680434377182692,,
2026-04-13 04:00:15+00:00,-0.0802077992248951,-0.08040000000000001,,
2026-04-13 04:20:13+00:00,-0.2071482137678316,-0.2076446000000001,,
2026-04-13 04:21:37+00:00,-0.007128916989028124,-0.0071459999084473175,,
2026-04-13 04:23:19+00:00,-0.002755796380408186,-0.0027624000549319144,,
2026-04-13 04:28:33+00:00,-0.0030291413130164387,-0.0030364000000006257,,
2026-04-13 04:56:49+00:00,-8.830567175786341e-17,-8.851727734637272e-17,,
2026-04-13 04:57:03+00:00,-1.1306064079531506e-16,-1.1333156635373597e-16,,
2026-04-13 06:00:07+00:00,-0.006350781889804383,-0.006366000175476579,,
2026-04-13 06:33:35+00:00,-0.018475407651110283,-0.01851967999999952,,
2026-04-13 06:38:43+00:00,-0.020331279613063438,-0.020379999160766632,,
2026-04-13 06:46:43+00:00,-2.835376571669343e-17,-2.842170943040401e-17,,
2026-04-13 06:46:59+00:00,-0.0027933064406679884,-0.0028000000000000004,,
2026-04-13 06:47:05+00:00,-0.06488511674461084,-0.0650406,,
2026-04-13 06:54:23+00:00,-0.15907339714713073,-0.15945458240000773,,
2026-04-13 06:57:25+00:00,-0.02408229248911144,-0.024140000534057692,,
2026-04-13 06:57:47+00:00,-6.197336031360129e-15,-6.21218661696806e-15,,
2026-04-13 07:27:43+00:00,-0.0067947178893344425,-0.006810999972343447,,
2026-04-13 07:56:11+00:00,-214.72975656658647,-215.24431033877596,,
2026-04-13 12:20:27+00:00,-1.0397486487341154,-1.0422401831999926,,
2026-04-13 13:19:49+00:00,-0.27933064406679886,-0.2800000000000001,,
2026-04-13 15:04:25+00:00,-1.4961801254682152,-1.4997654000000005,,
2026-04-13 15:09:53+00:00,-1.7680061508192744,-1.7722427980762938,,
2026-04-13 16:21:17+00:00,-2.078495626256516e-17,-2.0834762948982095e-17,,
2026-04-13 16:59:21+00:00,-1.8839583773200712,-1.8884728792000072,,
2026-04-13 17:17:41+00:00,-0.7980512414928395,-0.7999636,,
2026-04-13 18:32:43+00:00,-26.513277007626154,-26.57681038518652,,
2026-04-13 19:10:27+00:00,-0.00893858061013765,-0.00896000000000009,,
2026-04-13 19:10:45+00:00,-0.7714683477953703,-0.773317006103516,,
2026-04-13 20:12:17+00:00,-7.8961999417296855,-7.915121490056032,,
2026-04-13 20:22:11+00:00,-2.5661589482667226,-2.57230819738795,,
2026-04-13 20:26:57+00:00,-4.4124890969722195,-4.423062680000001,,
2026-04-13 20:39:21+00:00,-0.10110402495434889,-0.10134629904926534,,
2026-04-13 23:54:03+00:00,-0.21361211641254088,-0.3893639919999906,,
2026-04-13 23:54:04+00:00,-7.442863500632026e-18,-7.460698725481053e-18,,
2026-04-14 00:00:00+00:00,-3.904307860354661,-3.9136636961245,,
2026-04-14 03:45:39+00:00,-2.472719433892053,-2.478644775272864,,
2026-04-14 04:55:13+00:00,-0.529863096817865,-0.5311327999999998,,
2026-04-14 05:02:23+00:00,-6.025507485489347e-16,-6.039946320868239e-16,,
2026-04-14 05:58:07+00:00,-0.01848179153136839,-0.01852607917785644,,
2026-04-14 05:58:57+00:00,-0.08007072768741376,-0.08026260000000002,,
2026-04-14 05:59:19+00:00,-0.36439560437961793,-0.3652688002319341,,
2026-04-14 06:00:15+00:00,-0.1635470936696628,-0.1639389991760254,,
2026-04-14 06:00:17+00:00,-0.08314077098759648,-0.08334,,
2026-04-14 06:00:19+00:00,-4.770218652935291,-4.781649458061153,,
2026-04-14 06:00:21+00:00,-0.00988431435458114,-0.009907999992370606,,
2026-04-14 06:00:23+00:00,-0.08114101600463458,-0.08133545303344722,,
2026-04-14 06:01:13+00:00,-0.3310636769574131,-0.33185700000000007,,
2026-04-14 06:01:43+00:00,-0.0872170023158313,-0.08742599914169391,,
2026-04-14 06:03:03+00:00,-0.6484660906577426,-0.6500200004577636,,
2026-04-14 06:15:43+00:00,-1.080484564451451,-1.0830737137958204,,
2026-04-14 06:20:01+00:00,-0.041067591036352546,-0.041166000703556443,,
2026-04-14 09:34:31+00:00,-0.19556700170444302,-0.19603563604768368,,
2026-04-14 21:26:50+00:00,-0.6674446826887065,-0.6690440706109798,,
2026-04-14 23:36:00+00:00,-1571.7041748171166,-1575.4704265227451,,
2026-04-15 00:00:00+00:00,16054.247504429264,16250.09697223903,,
2026-04-15 05:08:40+00:00,-1.3519168859556459,-1.3551564645984848,,
2026-04-15 06:36:16+00:00,-58.42374602446807,-58.56374599178986,,
2026-04-15 11:35:14+00:00,-0.21947407748105624,-0.22000000000000003,,
2026-04-15 11:36:10+00:00,-4.517832391701419,-4.528658407324219,,
2026-04-15 11:43:48+00:00,-0.11965686799889466,-0.11994360000000005,,
2026-04-15 12:01:36+00:00,-6.116002185496252,-6.1306578720000005,,
2026-04-15 12:06:12+00:00,-1.8370876996388428,-1.841489886,,
2026-04-15 12:13:24+00:00,-0.31233481165397486,-0.3130832549908107,,
2026-04-15 12:37:30+00:00,-1.13800665531138,-1.140733644,,
2026-04-15 12:41:38+00:00,-1.1075689733083373e-18,-1.1102230246251568e-18,,
2026-04-15 12:48:48+00:00,-1.9285460051370333,-2.1921532552935328,,
2026-04-15 12:57:36+00:00,-0.24975810697394984,-0.2503565986694336,,
2026-04-15 13:10:48+00:00,-0.7581831767527396,-0.76,,
2026-04-15 13:16:14+00:00,-0.05187569104097693,-0.052000000000000005,,
2026-04-15 13:17:14+00:00,-0.22043178924424542,-0.2209600067138672,,
2026-04-15 13:17:28+00:00,-12.671679000987814,-12.702043959874686,,
2026-04-15 13:24:48+00:00,-0.45484158450954526,-0.4559315147399903,,
2026-04-15 13:32:22+00:00,-0.3412672423031471,-0.342085016,,
2026-04-15 13:37:06+00:00,-0.026496506275841134,-0.026559999465942383,,
2026-04-15 13:37:48+00:00,-2.0595842484161784,-2.0645196,,
2026-04-15 13:39:56+00:00,-0.4365139879209589,-0.43756,,
2026-04-15 13:45:56+00:00,-177.15869411586976,-125.85617611521008,,
2026-04-15 13:53:42+00:00,-3.862408871872746,-3.871664305709854,,
2026-04-15 13:58:58+00:00,-1.1870804023264159,-1.1899249857166077,,
2026-04-15 13:59:38+00:00,-0.02244621246965349,-0.022500000000000013,,
2026-04-15 14:04:02+00:00,-0.21123242682786533,-0.2117386,,
2026-04-15 14:04:12+00:00,-0.012293760727238085,-0.012323220086097991,,
2026-04-15 14:05:14+00:00,-0.9233637569689851,-0.9255764000225067,,
2026-04-15 14:05:26+00:00,-0.14836668308928216,-0.14872221200000002,,
2026-04-15 14:05:36+00:00,-2.4988563909420756,-2.504844363930441,,
2026-04-15 14:05:50+00:00,-0.2528057528752612,-0.25341154760000323,,
2026-04-15 14:31:00+00:00,-0.37766634708315266,-0.37857134342193627,,
2026-04-15 14:52:30+00:00,-0.6132704290486568,-0.6147400000000001,,
2026-04-15 15:09:26+00:00,0.011144730215087814,0.011171436168952244,,
2026-04-15 15:11:32+00:00,-0.09976094430957101,-0.1,,
2026-04-15 15:14:28+00:00,-0.8578565309532069,-0.8599122000000001,,
2026-04-15 15:21:10+00:00,-0.19795887604329673,-0.19843324200000045,,
2026-04-15 15:46:50+00:00,-1.3071979838528676,-1.3103304032452465,,
2026-04-15 17:21:28+00:00,-1.136673021079573,-1.1393968140000066,,
2026-04-16 04:40:52+00:00,-0.5187568951874572,-0.5199999847412109,,
2026-04-16 04:47:50+00:00,-3.001934508283708,-3.0091280000000005,,
2026-04-16 05:14:00+00:00,-0.1897213734444614,-0.19017599999427798,,
2026-04-16 05:14:44+00:00,-0.13027582206153923,-0.13058800010681199,,
2026-04-16 05:49:42+00:00,-0.06779938512595145,-0.06796185180000026,,
2026-04-16 06:00:14+00:00,-0.039904377723828426,-0.04000000000000002,,
2026-04-16 06:10:38+00:00,-0.03192350217906272,-0.032,,
2026-04-16 06:12:52+00:00,-0.20420412628135937,-0.2046934576397831,,
2026-04-16 06:25:00+00:00,-0.15810180386763703,-0.15848066090576174,,
2026-04-16 06:40:44+00:00,-2295.631242568497,-3027.6384046792177,,
2026-04-16 06:41:50+00:00,-75.73465375002473,-76.51613559211145,,
2026-04-16 06:42:02+00:00,-1.3811391654366336,-1.3844487690000022,,
2026-04-16 07:04:20+00:00,-0.21960961482298413,-0.2201358621280762,,
2026-04-16 07:25:34+00:00,-0.027933064406679888,-0.028000000000000004,,
2026-04-16 07:26:58+00:00,-0.06372387541022084,-0.06387657600000005,,
2026-04-16 07:46:30+00:00,-81.12107270473773,-81.31546194371279,,
2026-04-16 07:54:04+00:00,-11.294224855241218,-11.32128904092346,,
2026-04-16 07:55:04+00:00,-0.02194740774810562,-0.022,,
2026-04-16 07:55:12+00:00,-0.02274549530258219,-0.0228,,
2026-04-16 14:58:24+00:00,-0.80745245960614,-0.8093873461146393,,
2026-04-16 15:04:02+00:00,-0.1968234109416971,-0.19729505600000016,,
2026-04-16 16:17:08+00:00,-0.027311325470588815,-0.027376771199998137,,
2026-04-16 21:49:24+00:00,-1.4423592256592055,-1.445815529956673,,
2026-04-17 00:00:00+00:00,-0.241241915529408,-0.24182000000000342,,
2026-04-17 00:04:02+00:00,-0.3754203856257776,-0.37632,,
2026-04-17 00:04:03+00:00,-0.2708509607560229,-0.27149999694824223,,
2026-04-17 00:05:30+00:00,-1.7837382541341127,-1.7880126,,
2026-04-17 00:16:54+00:00,-5.246105434346442,-5.258676599999999,,
2026-04-17 00:43:34+00:00,-0.6984080150975537,-0.7000816000000001,,
2026-04-17 01:17:36+00:00,-0.4077572971580592,-0.4087344,,
2026-04-17 01:17:52+00:00,-0.7485063651547115,-0.7503000000000002,,
2026-04-17 01:18:40+00:00,-0.45295522255252435,-0.4540406325214266,,
2026-04-17 01:25:30+00:00,-0.20973741479647443,-0.21024000549316407,,
2026-04-17 02:03:38+00:00,-1.298602178707312,-1.3017140000976564,,
2026-04-17 02:11:48+00:00,-0.06424604813536373,-0.06440000000000001,,
2026-04-17 02:11:52+00:00,-0.9367646186577914,-0.9390093740000001,,
2026-04-17 02:15:26+00:00,-0.22437893076679788,-0.2249166067138672,,
2026-04-17 02:28:06+00:00,-82.6658015614758,-82.86389241159668,,
2026-04-17 02:28:08+00:00,-3.167420246218801,-3.1750102889863285,,
2026-04-17 02:37:36+00:00,-1.7654494795620626,-1.7696800003051758,,
2026-04-17 02:38:52+00:00,-0.9992513047267193,-1.0016457960000003,,
2026-04-17 02:44:24+00:00,-1.930254559257028,-1.9348800000000004,,
2026-04-17 04:45:56+00:00,-4.06709136201619,-4.076837273508041,,
2026-04-17 05:26:18+00:00,-0.2624209584987813,-0.263049794,,
2026-04-17 05:29:50+00:00,-8.564516973354396,-8.585040000000001,,
2026-04-17 05:34:42+00:00,-1.414501650097862,-1.4178911996948242,,
2026-04-17 05:49:44+00:00,-0.3481504338120986,-0.3489847016,,
2026-04-17 06:38:40+00:00,-0.12146208219055461,-0.12175314000000059,,
2026-04-17 07:12:00+00:00,-0.2103778718388934,-0.210881997253418,,
2026-04-17 08:18:24+00:00,-12.297259543124714,-12.326727286145909,,
2026-04-17 08:58:06+00:00,-0.6084398046032987,-0.6098977999999999,,
2026-04-17 15:41:14+00:00,-1.3991767703112852,-1.4025295971231588,,
2026-04-17 22:26:02+00:00,-1.2483815216350083,-1.251373,,
2026-04-17 23:04:34+00:00,-0.5453679188398322,-0.5466747760000001,,
2026-04-17 23:13:00+00:00,-7.590451113115954,-7.608640000000007,,
2026-04-17 23:16:18+00:00,-0.6097787862555422,-0.611239990234375,,
2026-04-18 00:00:00+00:00,-2.5372048795872852,-2.5432847464976005,,
2026-04-18 00:02:30+00:00,-23.689783113911258,-23.74655059438774,,
2026-04-18 00:03:30+00:00,-2.0318710571307568,-2.03674,,
2026-04-18 00:07:14+00:00,-1.280200574316462,-1.283268300211589,,
2026-04-18 00:23:26+00:00,-1.3097686340239827,-1.3129072134277346,,
2026-04-18 00:23:40+00:00,-9.43491126026654,-9.45752,,
2026-04-18 00:45:14+00:00,-0.2955916779892589,-0.2963,,
2026-04-18 01:20:08+00:00,-0.23619401174734034,-0.23676000000000003,,
2026-04-18 01:46:26+00:00,-2.2744433686503127,-2.2798935839985868,,
2026-04-18 01:53:10+00:00,-1.273479292634882,-1.2765309124211097,,
2026-04-18 02:00:52+00:00,-0.6697004067192545,-0.6713052000000002,,
2026-04-18 02:16:44+00:00,-3.7310593171779556,-3.7399999999999993,,
2026-04-18 02:20:52+00:00,-0.053769219606195975,-0.05389806600000015,,
2026-04-18 02:41:38+00:00,-0.8741593447591438,-0.8762540800000002,,
2026-04-18 02:58:22+00:00,-0.20949798305009912,-0.21000000000000002,,
2026-04-18 02:59:26+00:00,-0.5705927037708397,-0.5719600067138674,,
2026-04-18 03:04:56+00:00,-0.5132812971179139,-0.514511265576172,,
2026-04-18 03:29:46+00:00,-0.32205473694847286,-0.32282647200000003,,
2026-04-18 03:29:58+00:00,-0.07612218951164093,-0.07630460000000001,,
2026-04-18 04:04:20+00:00,-2.3854789637984006,-2.391195252117856,,
2026-04-18 04:43:48+00:00,-9.907902597214067,-0.7055893487032023,,
2026-04-18 06:06:44+00:00,-0.5307093535779267,-0.5319810846327472,,
2026-04-18 06:45:38+00:00,-5.708570280950164,-5.722249644345525,,
2026-04-18 11:44:46+00:00,-1.9559264859948031,-1.9606134440000007,,
2026-04-18 19:51:28+00:00,-15.2131455977246,-15.249600635812204,,
2026-04-18 21:30:28+00:00,-6.610457911214272,-6.626298454735125,,
2026-04-19 00:00:00+00:00,-68.36421298778853,-68.52803315057406,,
2026-04-19 04:35:30+00:00,-0.0470472613363937,-0.047160000000000014,,
2026-04-19 07:47:22+00:00,-128.37107101456718,-128.6786847327901,,
2026-04-19 08:31:14+00:00,-137.79870263223708,-138.12890764609247,,
2026-04-19 08:55:22+00:00,-6.504902227615123,-6.520489829596618,,
2026-04-19 09:36:48+00:00,134.5724795415532,134.8949536042457,,
2026-04-20 00:29:00+00:00,-367.3687866474728,-23.058911287055487,,
2026-04-20 01:59:46+00:00,-0.14748658006727489,-0.14784000000000508,,
2026-04-20 03:24:02+00:00,-1.0073460975602435,-1.00975998626709,,
2026-04-20 03:24:28+00:00,-0.21201195884670032,-0.21252000000000001,,
2026-04-20 03:24:42+00:00,0.585961561503684,0.5873656926155091,,
2026-04-20 04:15:58+00:00,-0.5192129595338055,-0.5204571419478761,,
2026-04-20 05:00:08+00:00,-0.1476629574168093,-0.1480168000000002,,
2026-04-20 05:01:02+00:00,-0.10070196934505433,-0.10094328000000001,,
2026-04-20 05:01:06+00:00,-0.1270006701532995,-0.1273050000000001,,
2026-04-20 05:20:22+00:00,-1.3296133462427167e-16,-1.3327994792398476e-16,,
2026-04-20 05:22:06+00:00,-0.01039973684284915,-0.01042465758000188,,
2026-04-20 05:47:20+00:00,-0.06444557002398288,-0.0646,,
2026-04-20 05:53:06+00:00,-1.4879943409438376,-1.4915600000000004,,
2026-04-20 05:55:04+00:00,-0.4544358426105548,-0.45552480056762706,,
2026-04-20 05:55:48+00:00,-3.0905940547105097,-3.098,,
2026-04-20 05:55:49+00:00,-5.145608916131638e-18,-5.157939263449786e-18,,
2026-04-20 05:56:58+00:00,-3.1897986431280116e-17,-3.197442310920451e-17,,
2026-04-20 05:57:18+00:00,-0.10356517229374339,-0.103813344,,
2026-04-20 06:04:56+00:00,40.926187320455796,41.02425814400532,,
2026-04-20 06:12:32+00:00,-0.07789234770747053,-0.07807900000000058,,
2026-04-20 06:12:46+00:00,-0.145448663496914,-0.14579720000000013,,
2026-04-20 09:00:36+00:00,6.521365949320702e-16,6.536993003077504e-16,,
2026-04-20 11:33:52+00:00,-0.09051863401873085,-0.0907355424963099,,
2026-04-21 00:00:00+00:00,-243.51650357254874,-244.10003860517375,,
2026-04-21 00:16:52+00:00,-3.0130038651752034,-3.020223882229368,,
2026-04-21 06:03:08+00:00,-633.8646444674271,-705.7177171925306,,
2026-04-21 08:55:08+00:00,-0.1866806598676148,-0.1871280000000008,,
2026-04-21 08:55:28+00:00,-1.9753484980148692,-1.980081996703148,,
2026-04-21 08:55:44+00:00,-3.952208969503551,-3.96167959000001,,
2026-04-21 09:55:58+00:00,-0.050000185287956994,-0.050120000000000005,,
2026-04-21 10:37:30+00:00,-5.702684777275972,-5.716350037325037,,
2026-04-21 13:43:54+00:00,-2.5971808392613887,-2.534152425685871,,
2026-04-21 14:41:42+00:00,-2.5518389145024114e-17,-2.557953848736363e-17,,
2026-04-21 14:41:46+00:00,-3.8986427860453476e-17,-3.9079850466805514e-17,,
2026-04-21 15:07:38+00:00,-2.8531630072538155e-05,-2.8600000000000848e-05,,
2026-04-21 16:50:58+00:00,-2.8353765716693424e-16,-2.8421709430404e-16,,
2026-04-21 17:13:40+00:00,2.5604843488383118,,,
2026-04-21 17:41:30+00:00,-0.6206011472840198,-0.6220882847281546,,
2026-04-21 18:07:22+00:00,1.959954048295252e-16,1.9646506574890302e-16,,
2026-04-21 18:09:42+00:00,-2.9771454002528136e-17,-2.9842794901924237e-17,,
2026-04-21 18:46:52+00:00,-2.045363336568237,-2.0502646107891804,,
2026-04-21 18:53:56+00:00,-1.4176882858346717e-17,-1.4210854715202004e-17,,
2026-04-21 18:53:58+00:00,-0.5126116743489805,-0.4892180382,,
2026-04-21 21:19:44+00:00,-1.7721103572933397e-19,-1.7763568394002505e-19,,
2026-04-21 22:03:40+00:00,-5.280888864734153e-17,-5.2935433814127464e-17,,
2026-04-21 22:11:40+00:00,-7.088441429173358e-18,-7.105427357601002e-18,,
2026-04-21 23:12:14+00:00,-5.670753143338687e-17,-5.684341886080802e-17,,
2026-04-22 01:03:22+00:00,-1.0999641744602726e-05,-2.5088304279353544e-14,,
2026-04-22 03:51:34+00:00,-30.500950251592126,-30.84068263827414,,
2026-04-22 05:43:30+00:00,-13.573557073433037,-13.569058589542138,,
2026-04-22 05:53:40+00:00,-1315.5348572547487,-718.3038761072958,,
2026-04-22 06:54:38+00:00,-68.63763625566057,-69.88538247755768,,
2026-04-22 07:45:42+00:00,-87.14450891711095,-87.61851457930346,,
2026-04-22 11:12:46+00:00,-0.9811141704760111,-0.9834652,,
2026-04-22 11:15:54+00:00,-0.3137161059560376,-0.3144678592681885,,
2026-04-22 11:41:30+00:00,-1.0973703874052811,-1.1,,
2026-04-22 11:49:26+00:00,-0.5640463809847444,-0.5653979970703125,,
2026-04-22 11:53:40+00:00,-1.550596562631672e-17,-1.5543122344752193e-17,,
2026-04-22 12:02:02+00:00,-0.22773228845100255,-0.22827800000000004,,
2026-04-22 12:21:38+00:00,-0.26458678555910287,-0.2652208110000003,,
2026-04-22 12:24:12+00:00,-0.15530784023226385,-0.15568000213623048,,
2026-04-22 12:38:52+00:00,-0.16287490524890977,-0.16326520000000003,,
2026-04-22 12:58:50+00:00,-0.046089555129348425,-0.04619999885559085,,
2026-04-22 13:30:22+00:00,-0.23346574944236217,-0.2340252,,
2026-04-22 13:45:54+00:00,-1.4176882858346717e-17,-1.4210854715202004e-17,,
2026-04-22 13:59:04+00:00,-1.1936033816898508,-1.196463596,,
2026-04-22 13:59:12+00:00,-0.36153365608896054,-0.36239999389648436,,
2026-04-22 14:00:30+00:00,-0.9896285675509441,-0.9919999999999998,,
2026-04-22 15:56:22+00:00,-2.7325331567959013,-2.7390810859974426,,
2026-04-22 16:09:16+00:00,-0.308361078860884,-0.3091,,
2026-04-23 00:22:02+00:00,-1.434952799545865,-1.4383913559328614,,
2026-04-23 07:30:44+00:00,-1218.6389995933562,-1231.1522586237863,,
2026-04-23 18:14:34+00:00,-2.182677317688821,-2.376753975225229,,
2026-04-23 19:50:48+00:00,-8.506129715008038e-17,-8.526512829121211e-17,,
2026-04-23 20:14:40+00:00,-5.670753143338687e-18,-5.684341886080802e-18,,
2026-04-23 21:05:44+00:00,-7.815006675663628e-16,-7.833733661755105e-16,,
2026-04-23 23:43:10+00:00,-4.253064857504015e-17,-4.263256414560602e-17,,
2026-04-23 23:45:14+00:00,-2.7933064406679878e-05,-2.8e-05,,
2026-04-24 00:03:32+00:00,-7.730635192059537,-7.749159999999984,,
2026-04-24 01:40:26+00:00,3.2606830574197446e-16,3.268496584496461e-16,,
2026-04-24 02:23:26+00:00,-0.006525996051188547,-0.006541634199990674,,
2026-04-24 02:45:34+00:00,-2.7644921573776125e-17,-2.7711166694643934e-17,,
2026-04-24 05:22:02+00:00,-19.191243641307686,-21.671673280627957,,
2026-04-24 07:20:24+00:00,-88.27895757717563,-692.3161294473961,,
2026-04-24 17:49:06+00:00,-1.3175793086678815,-1.6085606046769403,,
2026-04-25 00:31:08+00:00,3304.281805269341,2920.0270547730997,,
2026-04-25 00:43:38+00:00,8820.166463380352,8312.071958294104,,
2026-04-25 01:42:54+00:00,-2.5518390190016193e-17,-0.012000000686726783,,
2026-04-25 03:20:06+00:00,-4.316528752181994,-4.346582136682027,,
2026-04-25 04:27:56+00:00,-4.891024586129617e-16,-4.902744876744691e-16,,
2026-04-25 05:15:52+00:00,-1.0632662143760038e-17,-1.0658141036401503e-17,,
2026-04-25 05:50:06+00:00,-0.17557926198484503,-0.17600000000000005,,
2026-04-25 06:25:58+00:00,-16.502753349458043,-106.08055245005505,,
2026-04-25 06:27:50+00:00,-104.76037445081911,-115.1021068676411,,
2026-04-25 19:12:16+00:00,-0.21607569697052403,-0.216593476,,
2026-04-25 21:42:02+00:00,-17.16395480993056,-17.315850343965693,,
2026-04-26 00:00:00+00:00,-5.125061983065093,-5.971162093409508,,
2026-04-26 03:03:16+00:00,-1.3028555346820637e-15,-5.279940000000001,,
2026-04-26 03:03:18+00:00,-0.034605076362104456,-2.0946963207244473,,
2026-04-26 03:03:24+00:00,-6.379597286256022e-17,-6.394884621840901e-17,,
2026-04-26 03:04:48+00:00,-2.729049950231743e-16,-2.756973969389649,,
2026-04-26 03:05:16+00:00,,-0.5771600036621093,,
2026-04-26 03:13:34+00:00,,-0.9218460808447266,,
2026-04-26 03:22:32+00:00,-1.5948993215640055e-17,-0.14900000000000002,,
2026-04-26 03:29:52+00:00,-1.1341506286677373e-16,-0.7978636054931642,,
2026-04-26 03:30:02+00:00,,-2.1996734,,
2026-04-26 03:30:08+00:00,-5.856429674405409e-17,-0.4199412000000001,,
2026-04-26 03:30:16+00:00,-3.544220714586679e-18,-0.021,,
2026-04-26 03:36:24+00:00,-2.5518389145024093e-16,-1.1379797200000001,,
2026-04-26 03:36:40+00:00,-3.6061586148992596e-06,-0.2172417121815918,,
2026-04-26 03:36:48+00:00,-7.088441429173357e-18,-9.792809802471924,,
2026-04-26 03:53:50+00:00,,-4.408652801237489,,
2026-04-26 03:54:40+00:00,-1.9442304486297635e-16,-1.9488893795918439e-16,,
2026-04-26 04:17:16+00:00,-0.02298492156892516,-0.14533999954223634,,
2026-04-26 04:22:00+00:00,,-0.2101777452,,
2026-04-26 04:22:12+00:00,,-0.109,,
2026-04-26 04:22:18+00:00,,-0.5116916480000001,,
2026-04-26 04:23:32+00:00,-7.939054400674162e-16,-1.6801598606301622,,
2026-04-26 04:25:18+00:00,-0.2194684908681822,-104.74620349568514,,
2026-04-26 04:46:10+00:00,-0.0023962578328435786,-5.8755494988659365,,
2026-04-26 04:49:22+00:00,-6.237828457672555e-16,-0.023520000000000624,,
2026-04-26 04:49:28+00:00,,-0.8939600219726562,,
2026-04-26 05:06:38+00:00,-1.1341509365086301e-15,-4.398800172772658,,
2026-04-26 05:16:40+00:00,-0.008559488707801006,-0.5265419996852875,,
2026-04-26 05:16:50+00:00,,-0.98424,,
2026-04-26 05:19:16+00:00,,-1.8866678517173376,,
2026-04-26 05:42:08+00:00,,-0.2,,
2026-04-26 05:57:20+00:00,-0.19956179299686583,-0.46008000000000004,,
2026-04-26 07:20:38+00:00,-446.6179171718931,-463.2003115597366,,
2026-04-26 08:06:58+00:00,-1.4354093894076052e-15,-1.438849039914203e-15,,
2026-04-26 10:40:52+00:00,-8.137530876312883e-15,-2.791848433220711,,
2026-04-26 18:26:38+00:00,-0.09766347035195057,-0.6920774998962402,,
2026-04-26 18:26:39+00:00,-4.5366025146709497e-17,-4.5474735088646414e-17,,
2026-04-26 20:52:44+00:00,2.685211466617932,2.6049651095460513,,
2026-04-26 21:16:42+00:00,1.9952075134437688,1.359412353913028,,
2026-04-27 01:42:42+00:00,,5.975079339999999,,
2026-04-27 03:27:44+00:00,3.402451886003212e-16,11.1559836918,,
2026-04-27 05:56:40+00:00,-7.651086467613995e-17,-0.4293803368000001,,
2026-04-27 05:59:54+00:00,-0.01695936053262739,-0.5569539997863773,,
2026-04-27 06:00:00+00:00,-1.1341506286677374e-17,-1.1368683772161604e-17,,
2026-04-27 06:01:04+00:00,-0.27933064703568533,-0.5875400016027098,,
2026-04-27 06:01:24+00:00,-0.42362511192902047,-0.726240237057326,,
2026-04-27 06:01:46+00:00,-0.3028229897631449,-1.8401478820604291,,
2026-04-27 06:01:47+00:00,-0.4354365697224155,-0.43648,,
2026-04-27 06:02:26+00:00,-0.0021371404969564344,-0.02160226169544327,,
2026-04-27 06:06:14+00:00,-0.03364126471613775,-0.3584460074202761,,
2026-04-27 06:12:34+00:00,-0.1972601861764067,-0.0030017558369710554,,
2026-04-27 06:30:56+00:00,-0.05549501810052823,-0.46925599560546893,,
2026-04-27 06:37:02+00:00,-1.9050186576604788e-16,-1.909583625981889e-16,,
2026-04-27 06:49:40+00:00,-0.1307207557666039,-0.13103400000000065,,
2026-04-27 07:06:46+00:00,-0.007290529810143449,-0.007308,,
2026-04-27 07:25:54+00:00,-3.721431750316013e-18,-0.081112,,
2026-04-27 07:48:48+00:00,-1.8776842006855818e-16,-0.03579039916992207,,
2026-04-27 09:25:14+00:00,,-0.08170232220261125,,
2026-04-27 09:25:16+00:00,-0.009445116401478139,-0.06389549919128419,,
2026-04-27 09:28:42+00:00,,-0.010678400000000001,,
2026-04-27 09:34:12+00:00,,-0.1706452,,
2026-04-27 10:05:54+00:00,-7.265652530116373e-17,-0.21522448204335903,,
2026-04-27 10:53:30+00:00,-179.5620078440123,-270.89768374201543,,
2026-04-27 12:36:06+00:00,-0.00581865683780004,-0.039984394046390426,,
2026-04-27 16:02:48+00:00,-0.024365613038169625,-0.11250400183105468,,
2026-04-27 17:08:36+00:00,-10.787390309732098,-10.813239975212586,,
2026-04-27 20:48:34+00:00,-4.082597271441236,-6.042714138525011,,
2026-04-28 01:49:28+00:00,,-0.053742846726251924,,
2026-04-28 02:18:48+00:00,,-0.2,,
2026-04-28 03:01:48+00:00,-348.01433135958126,-512.9384688213552,,
2026-04-28 03:07:44+00:00,-5.443923017605139e-16,-5.426658114231111,,
2026-04-28 03:25:14+00:00,-0.005150857076591785,-5.2935285238982654,,
2026-04-28 12:42:08+00:00,-0.11684800253471385,-0.11712800369262696,,
2026-04-28 12:42:22+00:00,-0.2858171006658072,-0.28650200000000003,,
2026-04-28 12:56:23+00:00,-1.7721103572933396e-18,-1.7763568394002505e-18,,
2026-04-28 12:56:52+00:00,-0.023918683459656725,-0.023975999450680806,,
2026-04-28 12:59:10+00:00,,-0.2364078,,
2026-04-28 13:03:02+00:00,-0.005985656658574261,-0.006,,
2026-04-28 13:17:22+00:00,-0.19953785037023158,-0.20001600000000003,,
2026-04-28 13:33:45+00:00,-2.2151379466166746e-18,-2.220446049250313e-18,,
2026-04-28 14:19:05+00:00,-0.019972141050776118,-0.02002,,
2026-04-28 14:36:48+00:00,-4.000961604849426,-4.010549050572266,,
2026-04-28 15:13:52+00:00,-2.2400185820032803,-5.806760317491314,,
2026-04-28 15:58:08+00:00,-0.025358832999715707,-0.025419599999999997,,
2026-04-28 15:58:09+00:00,-0.00429778506221324,-0.0043080837816417035,,
2026-04-28 16:03:50+00:00,-0.11951361128286692,-0.5351176000000009,,
2026-04-28 17:15:16+00:00,-1.2759194572512048e-17,-0.10652400000000005,,
2026-04-28 17:15:34+00:00,-0.19905862241729283,-0.19953562368013317,,
2026-04-28 17:57:56+00:00,-1.379672397717462,-1.3829784864868175,,
2026-04-28 18:52:42+00:00,-0.010688387408647833,-0.998849999834926,,
2026-04-28 18:53:44+00:00,-0.1795696997572278,-0.18,,
2026-04-28 18:53:48+00:00,-0.849963245517545,-0.852,,
2026-04-28 18:53:56+00:00,-0.00898147781619071,-0.009003000000000034,,
2026-04-28 18:56:36+00:00,-18.451514029936966,-18.49572912289157,,
2026-04-28 19:02:14+00:00,-58.017431990934,-58.15645831388531,,
2026-04-28 19:36:46+00:00,-6.804903772006425e-17,-6.821210263296964e-17,,
2026-04-28 19:54:14+00:00,-0.07980875544765681,-0.08,,
2026-04-28 20:08:50+00:00,-0.3990054690356692,-0.39996160000000003,,
2026-04-28 20:10:24+00:00,-0.058020965058223385,-0.05815999984741211,,
2026-04-28 20:24:18+00:00,-1.0009979113588157,-1.0033965880000002,,
2026-04-28 20:26:00+00:00,-0.8949509572397166,-0.8970955151171875,,
2026-04-28 20:29:04+00:00,-0.3990054690356692,-0.39996160000000003,,
2026-04-28 20:37:38+00:00,-0.31224337552607867,-0.3129915997558598,,
2026-04-28 20:41:36+00:00,-1.6585616031104755,-1.6625359900000005,,
2026-04-28 20:42:48+00:00,-0.2739451382891263,-0.27460158901367193,,
2026-04-28 21:00:10+00:00,-0.08645283487145518,-0.08666000053405763,,
2026-04-28 21:00:34+00:00,-0.3990054690356692,-0.39996160000000003,,
2026-04-28 21:03:52+00:00,-0.05219303684590935,-0.0523181062560391,,
2026-04-28 21:10:26+00:00,-0.42304286233257743,-1.2130765937505776,,
2026-04-28 21:13:54+00:00,-1.4084876616355502,-1.4118628000000002,,
2026-04-28 21:21:04+00:00,-0.8452896972831138,-0.8473152526103516,,
2026-04-28 22:04:42+00:00,-0.7980875544765681,-0.8,,
2026-04-28 22:55:14+00:00,-0.5186902700989705,-0.5199332,,
2026-04-28 23:00:22+00:00,-3.175630850282152,-3.1832405680000004,,
2026-04-28 23:03:22+00:00,-0.07666845339866807,-0.07685217289118278,,
2026-04-29 00:00:00+00:00,-0.04714562562748293,-0.047258600000000005,,
2026-04-29 00:27:06+00:00,-1.4299108887151488,-6.227460534536195,,
2026-04-29 01:39:58+00:00,-1.7263032993239609,-1.857479940613536,,
2026-04-29 02:21:00+00:00,-1.0013263363587963,-1.0037258000000002,,
2026-04-29 04:56:28+00:00,-7.301094672048561e-17,-7.318590178329034e-17,,
2026-04-29 04:56:29+00:00,-6.166944043380822e-17,-6.181721801112872e-17,,
2026-04-29 06:33:34+00:00,-95.68076977239515,-208.02274134635434,,
2026-04-29 11:03:44+00:00,,-0.21975999450683595,,
2026-04-29 12:10:04+00:00,,-0.3253999938964844,,
2026-04-29 12:42:28+00:00,-4.630524363607496e-16,-0.014308000000000464,,
2026-04-29 12:49:34+00:00,2.116739734533004,45.826920809726275,,
2026-04-29 12:50:18+00:00,,-0.4060000000000001,,
2026-04-29 13:31:54+00:00,-9.03413354018429e-17,-0.12000000000000009,,
2026-04-29 13:45:52+00:00,,-0.6,,
2026-04-29 13:49:38+00:00,,-0.0055998,,
2026-04-29 13:49:46+00:00,-1.1518717322406717e-16,-1.1546319456101638e-16,,
2026-04-29 13:51:14+00:00,,-0.24648159790039068,,
2026-04-29 14:16:38+00:00,-0.13066695136397427,-1.3759800666666686,,
2026-04-29 14:41:56+00:00,-0.07196495041743332,-0.45243708831520113,,
2026-04-29 15:37:02+00:00,-0.09688782911345849,-0.09712000000000312,,
2026-04-29 15:48:52+00:00,-0.08178680982190394,-0.08198279435698702,,
2026-04-29 15:51:20+00:00,-0.07761401467284636,-0.22780000000000009,,
2026-04-29 16:10:02+00:00,-0.6085417602883968,-0.6100000000000136,,
2026-04-29 16:41:48+00:00,-1.561219871725147,-3.299167311147429,,
2026-04-29 17:43:10+00:00,-5.512014963779035,-14.540029264061522,,
2026-04-29 17:49:40+00:00,8.752330554574749e-14,62.88304120000009,,
2026-04-29 18:30:24+00:00,-0.5997740617000875,-1.0012110915039276,,
2026-04-29 18:31:36+00:00,-0.0024678862403301693,-0.0438518,,
2026-04-29 18:59:58+00:00,-0.0076957587659293916,-0.12771420000000058,,
2026-04-29 19:43:56+00:00,-0.012968922760244243,-0.015010000228881834,,
2026-04-29 19:51:08+00:00,-1.232945781086841e-16,-1.2359002710127242e-16,,
2026-04-29 19:53:58+00:00,-0.03435208354502934,-0.4344344009399416,,
2026-04-29 20:01:58+00:00,-0.0004537295345585737,-0.0004548168000000008,,
2026-04-29 20:15:36+00:00,-2.0213389725863495e-15,,,
2026-04-29 20:31:12+00:00,-9.85261228671739,-15.126448828392611,,
2026-04-29 20:32:56+00:00,-0.27371487711855746,-0.2743707760716309,,
2026-04-29 20:34:10+00:00,-0.5488673172825722,-0.7790214192798032,,
2026-04-29 20:49:12+00:00,-2.835376571669344e-17,-2.8421709430404014e-17,,
2026-04-29 20:49:13+00:00,-9.356742686508835e-17,-9.379164112033325e-17,,
2026-04-29 21:06:20+00:00,-8.449422183574652e-16,-8.469669410260402e-16,,
2026-04-29 21:16:56+00:00,0.9832100681311103,0.7680576652239677,,
2026-04-29 21:17:26+00:00,-6.049886470206446,-17.4088555688117,,
2026-04-29 21:20:42+00:00,-0.003990437772382869,-0.004000000000000029,,
2026-04-29 21:21:22+00:00,-8.702346694633474e-06,-8.723200000622464e-06,,
2026-04-29 21:27:32+00:00,-4.074077348093667e-05,-4.0838400000016865e-05,,
2026-04-29 21:32:50+00:00,-8.50612971500803e-17,-8.526512829121202e-17,,
2026-04-29 21:38:08+00:00,-4.253064857504015e-17,-4.263256414560602e-17,,
2026-04-29 21:38:52+00:00,-2.1265324287520095e-16,-0.05154633045196559,,
2026-04-29 21:51:14+00:00,-0.5586612881335976,-0.56,,
2026-04-29 22:03:26+00:00,-0.012274445085803444,-0.010691058158874544,,
2026-04-29 23:09:02+00:00,-8.311197613972463e-16,-0.014893423318863746,,
2026-04-30 00:00:00+00:00,-303.1097138042834,-546.4784221940571,,
2026-04-30 00:46:26+00:00,-2.3721097427089037,-2.971200394559577,,
2026-04-30 00:51:04+00:00,5.3069844619032125,-9.036431688920715,,
2026-04-30 03:10:36+00:00,-0.35881492168678364,-0.35967474463085963,,
2026-04-30 03:51:32+00:00,-0.007164831180147666,-0.0071820001602172865,,
2026-04-30 03:52:58+00:00,-0.07992314618831518,-0.08011466485351564,,
2026-04-30 03:52:59+00:00,-2.2683012573354748e-17,-2.2737367544323207e-17,,
2026-04-30 03:56:54+00:00,-0.04378255413709371,-0.04388746963063103,,
2026-04-30 03:56:55+00:00,-8.50612971500803e-18,-8.526512829121203e-18,,
2026-04-30 03:57:34+00:00,-0.07496475025829927,-0.07514438719191956,,
2026-04-30 04:01:02+00:00,-0.12046173926866184,-0.12075039997100831,,
2026-04-30 04:02:50+00:00,-0.04611040017174366,-0.04622089384865602,,
2026-04-30 04:59:08+00:00,-0.10596828975407872,-0.10622222001552584,,
2026-04-30 05:21:40+00:00,-0.01097370387405281,-0.011,,
2026-04-30 05:54:02+00:00,-0.8937689364457866,-0.9710438939808321,,
2026-04-30 05:54:54+00:00,92.15817902587949,-85.91862464288158,,
2026-04-30 08:38:20+00:00,-1.2249804516709668,-1.2282118543879608,,
2026-04-30 09:08:06+00:00,-0.9502777057680383,-0.9525548423230685,,
2026-04-30 09:33:44+00:00,-0.19952388383802824,-0.200002,,
2026-04-30 09:44:58+00:00,-0.08466072810184896,-0.08486359936523442,,
2026-04-30 10:17:46+00:00,-3.778419868469499e-15,-3.787474040687283e-15,,
2026-04-30 12:09:26+00:00,-0.9223530393612746,-0.9245632604469889,,
2026-04-30 12:22:18+00:00,-0.033357861748997394,-0.03343779670477424,,
2026-04-30 12:43:16+00:00,-0.18964744978365386,-0.1901018991912842,,
2026-04-30 14:03:34+00:00,-0.05990245671907015,-0.7694036952991822,,
2026-04-30 15:21:32+00:00,-0.3989240641051126,-0.39988000000000007,,
2026-04-30 15:29:42+00:00,-0.007988856793257091,-0.054270600373840336,,
2026-04-30 15:30:54+00:00,-2.687025671291653,-2.6934645515718736,,
2026-04-30 15:37:52+00:00,-0.15363185423674347,-0.15400000000000416,,
2026-04-30 16:25:02+00:00,-1.5120682948804427,-1.5156916420000002,,
2026-04-30 18:46:18+00:00,-1.521715433774698,-1.5253618981919617,,
2026-04-30 18:46:19+00:00,-6.8950756470122e-18,-6.91159821584677e-18,,
2026-04-30 18:59:48+00:00,-2.3923489823460087e-17,-2.3980817331903384e-17,,
2026-04-30 19:02:32+00:00,-0.4387785617963305,-0.4398300004405976,,
2026-04-30 19:15:14+00:00,-0.2000325335242763,-0.20051186855604503,,
2026-04-30 19:19:28+00:00,1.7783678777116585,1.7826293546231429,,
2026-04-30 19:19:29+00:00,-2.5765067200773692e-17,-2.5826807654127034e-17,,
2026-04-30 19:51:18+00:00,-1.949321393022674e-18,-1.9539925233402756e-18,,
2026-04-30 19:51:34+00:00,-0.01995218886191421,-0.020000000000000007,,
2026-04-30 19:51:44+00:00,-0.020068111079201922,-0.020116200000000004,,
2026-04-30 20:11:06+00:00,-10.364952187300343,-9.394301778020179,,
2026-04-30 20:32:46+00:00,-7.1639192119563955,-7.1910860066899875,,
2026-04-30 20:42:06+00:00,-1.7721103572933393e-17,-1.7763568394002502e-17,,
2026-04-30 20:50:32+00:00,-0.104044679258224,-0.104294,,
2026-04-30 20:51:50+00:00,-4.375783499746578e-15,-4.386269125689068e-15,,
2026-04-30 20:54:28+00:00,-0.019952188861914202,-0.02,,
2026-04-30 21:16:48+00:00,-3.622905683609682,-1.0696172068252556,,
2026-04-30 21:34:06+00:00,-227.19673682115246,-227.74116503561942,,
2026-04-30 21:37:18+00:00,-0.023128094685282447,-0.023183516200000077,,
2026-04-30 21:52:20+00:00,-0.024063622500330572,-0.2641212858066562,,
2026-04-30 22:18:50+00:00,-2.664016256842784,-2.6704,,
2026-04-30 22:41:46+00:00,-0.13308109970896803,-0.13340000000000032,,
2026-04-30 23:06:04+00:00,-26.419586515481694,379.10376022691986,,
2026-04-30 23:12:12+00:00,-1.5948993641793563e-16,-1.5987211981776947e-16,,
2026-04-30 23:12:13+00:00,-7.405434598071667e-18,-7.423180132589414e-18,,
2026-04-30 23:23:16+00:00,-0.4429685210177905,-0.4440300000000024,,
2026-04-30 23:35:32+00:00,-8.847266817293638,14.47069251691986,,
2026-04-30 23:41:40+00:00,-1.6923292389909642e-15,-0.09701000000000169,,
2026-05-01 00:00:00+00:00,-40.92646040216291,-57.429492728417756,,
2026-05-01 00:07:38+00:00,-2.721961508802571e-16,-0.010000000000000273,,
2026-05-01 00:34:10+00:00,-2187.608209473361,-1462.7747040201584,,
2026-05-01 00:35:50+00:00,-1.6208757890079324,-6.4979333839648215,,
2026-05-01 00:38:28+00:00,-0.19953785037023178,-0.20001600000000022,,
2026-05-01 00:39:28+00:00,-0.6757137366350452,-0.6773329395702378,,
2026-05-01 00:43:56+00:00,-0.20414600733209268,-0.20463519942092911,,
2026-05-01 00:48:20+00:00,267.0373854402439,275.2848432177617,,
2026-05-01 00:51:54+00:00,-0.02483847867928731,-0.08429799876213113,,
2026-05-01 00:52:16+00:00,-0.37519412780408445,-0.3760932000000009,,
2026-05-01 01:08:24+00:00,-0.16759838644008346,-0.1680000000000042,,
2026-05-01 01:08:25+00:00,-3.3106568919904778e-18,-3.318590170635399e-18,,
2026-05-01 01:09:28+00:00,-0.7019963487840027,-0.9901892277023813,,
2026-05-01 01:10:18+00:00,-15.370555040412192,-16.18338727644296,,
2026-05-01 01:10:32+00:00,-1.0045512086445474,-1.0069584,,
2026-05-01 01:10:46+00:00,-0.398569370325089,-0.39952445627246386,,
2026-05-01 01:36:24+00:00,-1.2458960777948436,-1.2488816003271466,,
2026-05-01 01:49:40+00:00,-1.0072836371796916e-16,-1.0096973762136426e-16,,
2026-05-01 01:57:40+00:00,-0.9182376371058318,-0.9204379965133676,,
2026-05-01 02:11:48+00:00,-1.306753047385304,-1.309884400582939,,
2026-05-01 02:30:50+00:00,-1.970901604432442,-3.3195424470947286,,
2026-05-01 02:32:28+00:00,-1.3786284520242305,-4.041431559201804,,
2026-05-01 02:32:29+00:00,-5.280888864734154e-16,-5.293543381412748e-16,,
2026-05-01 03:05:50+00:00,-4.066830713097342,-4.076576000000004,,
2026-05-01 03:26:24+00:00,,-0.30948600000000004,,
2026-05-01 03:26:32+00:00,-9.137860054992829e-18,-0.5293482799597022,,
2026-05-01 03:26:46+00:00,,-0.032522740219171294,,
2026-05-01 03:26:48+00:00,-1.0163769116495852e-16,-0.027400558677147063,,
2026-05-01 03:26:50+00:00,-0.0372884857470875,-0.03737783959960979,,
2026-05-01 03:26:56+00:00,-0.6698600268902488,-0.6808849196982371,,
2026-05-01 03:26:58+00:00,-0.27170491841994815,-0.2723560009384162,,
2026-05-01 03:27:18+00:00,-2.9328426819659546e-15,-2.9398706099502904e-15,,
2026-05-01 03:27:38+00:00,-2.243205725592398,-2.2485810866339064,,
2026-05-01 03:31:22+00:00,-0.03851518130680229,-0.03860747467193649,,
2026-05-01 03:31:26+00:00,-2.111981286909699e-15,-2.1170421967498128e-15,,
2026-05-01 03:32:00+00:00,-0.029469382949048092,-0.029540000000000816,,
2026-05-01 03:32:16+00:00,-2.8531630072537344,-2.8600000000000034,,
2026-05-01 03:32:58+00:00,-0.4980592191896919,-0.49925271120544956,,
2026-05-01 03:34:38+00:00,-7.033126621635897,-7.049980000000002,,
2026-05-01 03:35:54+00:00,-1.814561508893009,-1.8189097160730474,,
2026-05-01 03:43:50+00:00,-0.6762539651745126,-0.6778744626514459,,
2026-05-01 03:46:24+00:00,-0.009976094430957101,-0.01,,
2026-05-01 03:46:30+00:00,-0.46796779942382627,-0.6691591838109131,,
2026-05-01 03:47:38+00:00,-0.11971313317148521,-0.12000000000000001,,
2026-05-01 04:00:34+00:00,-0.04389481549621177,-0.044000000000000525,,
2026-05-01 04:02:14+00:00,-3.519311231456861,-3.527744505440914,,
2026-05-01 04:07:34+00:00,-6.651610659515162e-17,-6.667549816764326e-17,,
2026-05-01 04:08:00+00:00,-1.0340264396269244e-15,-1.030302800000001,,
2026-05-01 04:15:54+00:00,-0.00310855100946392,-0.0031159999847412104,,
2026-05-01 04:17:26+00:00,-0.6730497520809998,-0.6800895583490043,,
2026-05-01 04:18:32+00:00,-58.389448983433766,-58.665138078734735,,
2026-05-01 04:18:36+00:00,-48.95966816941195,-49.076989505516124,,
2026-05-01 04:19:12+00:00,-10.991095548657954,-22.177300666413924,,
2026-05-01 04:27:36+00:00,21.145162887575214,21.195832731854523,,
2026-05-01 04:29:56+00:00,-3.0142327704207346,-3.021455732282549,,
2026-05-01 04:30:46+00:00,-6.771624061502577,-13.657644399418283,,
2026-05-01 04:35:24+00:00,-77.52211983927657,-87.584685321606,,
2026-05-01 04:36:14+00:00,-0.009976094430957271,-0.01000000000000017,,
2026-05-01 04:40:24+00:00,-1.0210401472686234e-18,-1.0234868508263161e-18,,
2026-05-01 04:43:30+00:00,-2.564195455966632,-2.5703400000000043,,
2026-05-01 04:43:32+00:00,-0.4189959661001983,-0.42000000000000004,,
2026-05-01 04:45:04+00:00,24.114664156343682,24.156449773042226,,
2026-05-01 04:45:20+00:00,-1.032928146846323e-16,-1.0354033374433731e-16,,
2026-05-01 04:45:28+00:00,-0.008622200746573083,-0.00864286200000001,,
2026-05-01 04:45:58+00:00,-8.506130055294066e-17,-8.526513170222661e-17,,
2026-05-01 04:46:12+00:00,-2.1265324287520076e-16,-2.1316282072803007e-16,,
2026-05-01 04:46:56+00:00,-0.32717599204433806,-0.4745399990844804,,
2026-05-01 04:49:38+00:00,,-0.18,,
2026-05-01 04:50:04+00:00,-0.0006504413549956494,-0.000651999998092687,,
2026-05-01 04:50:14+00:00,-4.0475000560579875e-14,-0.5672992325831796,,
2026-05-01 05:05:50+00:00,-0.5261567163356213,-3.242957537972465,,
2026-05-01 05:08:12+00:00,-5.130767016318588e-15,-0.10483527474395413,,
2026-05-01 05:09:12+00:00,-151.15995406112745,-158.81305744152314,,
2026-05-01 05:10:08+00:00,143.18919533746245,137.29108866120754,,
2026-05-01 05:14:02+00:00,-0.001426581451315838,-0.0014299999475636202,,
2026-05-01 05:14:30+00:00,-0.006751022331048898,-0.00676719970703125,,
2026-05-01 05:45:16+00:00,,-0.9077474909210206,,
2026-05-01 05:45:30+00:00,-2.4241920776433773e-17,-2.4300011336308106e-17,,
2026-05-01 05:46:44+00:00,-44.941019439198186,-45.13283014083936,,
2026-05-01 05:47:52+00:00,-0.0030018068142749913,-0.0030089999999999995,,
2026-05-01 05:47:54+00:00,-0.0254040253787988,-0.025464900672919503,,
2026-05-01 05:48:06+00:00,-0.0030018068142750975,-0.003009000000000106,,
2026-05-01 05:48:16+00:00,-0.01741954214226269,-0.0174612843360901,,
2026-05-01 05:48:36+00:00,-0.01200722789294698,-0.012036000637370684,,
2026-05-01 05:49:50+00:00,-137.55765972364014,-218.61313793193182,,
2026-05-01 05:50:10+00:00,-172.84339106119174,-203.54645013237723,,
2026-05-01 05:51:38+00:00,-3.544220714586678e-18,-3.5527136788005e-18,,
2026-05-01 05:51:46+00:00,-0.21986420262987322,-0.42039106,,
2026-05-01 05:52:46+00:00,-30.19628146991612,-30.85681599980028,,
2026-05-01 06:03:34+00:00,-9.795339999938935e-17,-9.818812429784885e-17,,
2026-05-01 06:04:42+00:00,-0.42157037379970563,-0.42258057671499044,,
2026-05-01 06:05:32+00:00,-0.16642121127786114,-0.16682000399017352,,
2026-05-01 06:07:26+00:00,-8.534118894913926,-8.914539079089167,,
2026-05-01 06:08:12+00:00,-4.317242374887279,-5.411755206590683,,
2026-05-01 06:09:48+00:00,-0.009469308651196735,-0.00949199981689453,,
2026-05-01 06:11:36+00:00,-1.786574496521933,-1.800855638833934,,
2026-05-01 06:12:42+00:00,-0.7671018051740153,-0.8022400004291534,,
2026-05-01 06:14:40+00:00,-157.94054500292359,-192.14160267069173,,
2026-05-01 06:25:34+00:00,-0.9626528502783109,-0.964959641210969,,
2026-05-01 06:26:00+00:00,-6.485923907693623e-17,-6.501466032204917e-17,,
2026-05-01 06:28:50+00:00,112.32467563591048,106.08950431379996,,
2026-05-01 06:30:26+00:00,-6.665707416298179e-16,-6.681680353399255e-16,,
2026-05-01 06:31:08+00:00,-0.1866327746143458,-0.27187999542236363,,
2026-05-01 06:32:20+00:00,2544.369460119373,2557.4773874994644,,
2026-05-01 06:34:40+00:00,-0.15107062585845418,-0.3613654213919918,,
2026-05-01 06:37:06+00:00,-0.06751820710871771,-0.06768000000000005,,
2026-05-01 06:38:04+00:00,-1.1760882403666137,-3.766488451881993,,
2026-05-01 06:39:04+00:00,-0.1774946702889128,-0.17791999816894688,,
2026-05-01 06:41:04+00:00,-0.01669998207742219,-0.016739999999999998,,
2026-05-01 06:41:10+00:00,-1.6259319909723757,-1.6676074840643822,,
2026-05-01 06:42:00+00:00,-0.020746741635148714,-0.020796456748413402,,
2026-05-01 06:42:28+00:00,-0.22012760221489172,-0.26563395876558815,,
2026-05-01 06:42:58+00:00,-0.07980875544765711,-0.40544000000000036,,
2026-05-01 06:43:58+00:00,-0.14933015976076225,-0.14968799743652347,,
2026-05-01 06:44:10+00:00,-0.20949798305009915,-0.21000000000000002,,
2026-05-01 06:44:16+00:00,-18.13234733491988,-18.17579761339556,,
2026-05-01 06:44:22+00:00,-0.32090839437534296,-0.3216773824629437,,
2026-05-01 06:46:42+00:00,-0.360955048834085,-0.3618200001335144,,
2026-05-01 06:47:18+00:00,-133.01714759540457,-133.97605663892332,,
2026-05-01 06:47:34+00:00,-0.12764847452914757,-0.1279543566999907,,
2026-05-01 06:48:08+00:00,-46.338356053654365,-67.15440463467165,,
2026-05-01 06:48:20+00:00,-0.14205758947794417,-0.14239800000000125,,
2026-05-01 06:50:08+00:00,-0.37623242397844286,-0.4470739861720481,,
2026-05-01 06:51:18+00:00,-7.871825514809016,-7.890688655052955,,
2026-05-01 06:51:28+00:00,-12.440844702752816,-21.765534607463678,,
2026-05-01 06:52:08+00:00,-0.01610344694582523,-0.016142035399999994,,
2026-05-01 06:52:10+00:00,-0.052524137178989135,-0.05265,,
2026-05-01 06:52:16+00:00,-0.0394394917233458,-0.039534,,
2026-05-01 06:52:26+00:00,-4.294119707421085e-18,-4.3044096436135175e-18,,
2026-05-01 06:52:32+00:00,-0.05636925215240847,-0.05650432896614075,,
2026-05-01 06:52:36+00:00,-0.47533296657069934,-0.4764720000000001,,
2026-05-01 06:52:48+00:00,-0.07699225865179417,-0.07717675407409669,,
2026-05-01 06:52:50+00:00,-104.1040873083917,-104.37604520880865,,
2026-05-01 06:55:34+00:00,-170.93251711048646,-181.38876735291058,,
2026-05-01 06:59:36+00:00,-7.99873522248304e-16,-8.017902474601622e-16,,
2026-05-01 07:03:24+00:00,-0.023950607509841865,-0.024008000000000057,,
2026-05-01 07:06:18+00:00,-57.13633975728074,-64.35950223478268,,
2026-05-01 07:06:30+00:00,-2.0465242779672785e-16,-2.0514283341351015e-16,,
2026-05-01 07:07:12+00:00,-0.6582920184730036,-0.6598694740000045,,
2026-05-01 07:12:02+00:00,-0.3715953514990601,-0.37248580000000003,,
2026-05-01 07:15:34+00:00,-0.9858855447142761,-3.465961799114994,,
2026-05-01 07:21:06+00:00,-1113.1902831382886,-1868.378003426157,,
2026-05-01 07:30:10+00:00,-64.58037930958011,-277.48298146413305,,
2026-05-01 07:30:12+00:00,-82.60515255817036,-81.63079479277899,,
2026-05-01 07:33:52+00:00,-46.397494954205015,-57.08135894173552,,
2026-05-01 07:34:04+00:00,-0.0698326610166997,-0.44806000335693363,,
2026-05-01 07:35:58+00:00,-0.02833210863144223,-0.028400000448596464,,
2026-05-01 07:40:24+00:00,-0.10074061863613488,-0.16728702118964223,,
2026-05-01 07:40:34+00:00,-0.12183225515050936,-0.31133171030756684,,
2026-05-01 07:47:24+00:00,-5.704793686402866,-6.0732214,,
2026-05-01 07:47:34+00:00,-0.09693970480449635,-0.25584,,
2026-05-01 07:56:26+00:00,-1.4067053525567073,-1.9302681716056254,,
2026-05-01 07:56:27+00:00,-0.005047903782064297,-0.005060000000000005,,
2026-05-01 07:57:04+00:00,-0.11082642825238864,-0.11109200000000001,,
2026-05-01 07:57:36+00:00,-0.19306735164062544,-0.19352999610901103,,
2026-05-01 08:09:12+00:00,-0.06536337071163262,-0.0655200000000017,,
2026-05-01 08:09:14+00:00,-0.0002295566032117918,-0.00023010668633954409,,
2026-05-01 08:17:46+00:00,-0.003981608870481967,-0.00399114994153075,,
2026-05-01 08:25:10+00:00,-13.07496951348087,-13.162989209724861,,
2026-05-01 08:25:24+00:00,-2.760061881484376e-17,-2.76667577736589e-17,,
2026-05-01 08:28:12+00:00,-0.08305876771245706,-0.08325780022161282,,
2026-05-01 08:28:32+00:00,-0.03450751015856926,-0.03459020000000003,,
2026-05-01 08:28:33+00:00,-1.4176882858346718e-18,-1.4210854715202004e-18,,
2026-05-01 08:33:26+00:00,-1.7561294861288364e-16,-0.4921800000000002,,
2026-05-01 08:46:50+00:00,-2.835376571669344e-17,-2.8421709430404014e-17,,
2026-05-01 09:13:32+00:00,3.5567814005058898,3.5653044637075024,,
2026-05-01 09:16:30+00:00,-56.865630545939865,-58.61863244594998,,
2026-05-01 09:16:32+00:00,-11.374710134178757,-11.435595185556675,,
2026-05-01 10:01:44+00:00,-0.0036696065754832606,-0.0036784000000000005,,
2026-05-01 10:43:04+00:00,-14.864808160328986,-18.857502841971186,,
2026-05-01 11:18:04+00:00,-0.4307677575287293,-0.4318000000000018,,
2026-05-01 11:51:52+00:00,-0.15101811749584865,-0.1513800000000201,,
2026-05-01 12:49:48+00:00,-9.14160839955528,-9.539313640258868,,
2026-05-01 13:19:52+00:00,-0.6311316285178429,-0.7069279030013882,,
2026-05-01 13:42:34+00:00,-1243.0535155570735,-1264.8699280293235,,
2026-05-01 13:50:04+00:00,-124.46928800556893,-97.71938072172082,,
2026-05-01 14:08:24+00:00,-0.03886087824635032,-0.03895400000000002,,
2026-05-01 14:11:18+00:00,-0.011731887041291605,-0.02970799999046326,,
2026-05-01 14:11:20+00:00,-6.137830801796718e-18,-6.152538795894154e-18,,
2026-05-01 14:28:44+00:00,-0.013826866538804522,-0.013859999656677247,,
2026-05-01 14:32:24+00:00,-11.474289071266385,-11.501784742193493,,
2026-05-01 14:36:52+00:00,-0.007250625432419621,-0.007267999999999999,,
2026-05-01 14:38:44+00:00,-1.6364489943494251,-2.3491767212264323,,
2026-05-01 14:47:50+00:00,-0.2998745611831407,-0.3005931462041813,,
2026-05-01 14:56:34+00:00,-0.12688434932226475,-0.1271884004310608,,
2026-05-01 15:00:52+00:00,0.09712725079059029,0.0973599953997949,,
2026-05-01 15:00:53+00:00,-0.00798087554476568,-0.008,,
2026-05-01 15:18:00+00:00,-0.28611438827984964,-1.0068,,
2026-05-01 15:18:04+00:00,-0.29985147058527917,-0.3005700002746582,,
2026-05-01 15:49:14+00:00,-1.4365501774098903,-1.439992561570078,,
2026-05-01 15:54:00+00:00,-4.62237033947982e-17,-4.63344685785653e-17,,
2026-05-01 16:00:04+00:00,-0.17462156106993898,-0.1750400041604116,,
2026-05-01 16:00:16+00:00,-8.88810810252261e-18,-8.909406545853926e-18,,
2026-05-01 16:03:58+00:00,0.050702502335895794,0.050823999999999536,,
2026-05-01 16:05:54+00:00,-21.017168466877276,-21.067531600000002,,
2026-05-01 16:07:46+00:00,-2.1526348545639475,-2.1577931819530956,,
2026-05-01 16:12:24+00:00,-0.6384700435812534,-0.639999999999999,,
2026-05-01 16:21:22+00:00,-0.20949798305009662,-0.20999999999999752,,
2026-05-01 16:23:32+00:00,-0.1396653220333994,-0.13999999999999999,,
2026-05-01 17:09:32+00:00,-6.89295860157021,-6.909476097359779,,
2026-05-01 17:12:50+00:00,-3.0413242037042125,-3.620760374213347,,
2026-05-01 18:27:34+00:00,-0.05399062306033985,-0.09060640272379894,,
2026-05-01 18:27:35+00:00,-5.287613903450104e-18,-5.3002845352405245e-18,,
2026-05-01 18:27:56+00:00,-0.3321297489560174,-0.8569256266113284,,
2026-05-01 19:10:38+00:00,-1.0295925758659201,-1.0320597734830599,,
2026-05-01 19:26:56+00:00,-46.962639945178815,-47.36469583178415,,
2026-05-01 19:31:24+00:00,-0.27140962495542365,-0.2720599998664856,,
2026-05-01 19:34:30+00:00,-77.00974217805548,-77.19427949587603,,
2026-05-01 20:08:46+00:00,-3.9885397120223005,18.00650587092212,,
2026-05-01 20:17:28+00:00,-2.1346669267569967,-2.1397821978637763,,
2026-05-01 20:28:32+00:00,360.0745265674341,410.1562666952567,,
2026-05-01 20:30:50+00:00,-127.5762052249459,-127.88191421791335,,
2026-05-01 21:07:08+00:00,-0.8525769821442883,-0.8546199998855591,,
2026-05-01 21:11:58+00:00,-1.1812536491730907,-1.1840842700000005,,
2026-05-01 21:33:38+00:00,-0.5586612881335986,-0.5600000000000009,,
2026-05-01 21:40:36+00:00,-0.71898868588835,-0.7207115879509278,,
2026-05-01 21:45:52+00:00,-0.25387444049323643,-0.25448279609847263,,
2026-05-01 21:51:22+00:00,-1.3362846857269084,-1.3394868051571822,,
2026-05-01 22:41:26+00:00,-1.13249631949584,-1.1352101038474123,,
2026-05-01 22:44:04+00:00,-0.8072057047864628,-0.8091400000000001,,
2026-05-01 22:46:36+00:00,-0.06085417602883832,-0.061,,
2026-05-01 22:47:34+00:00,-0.049880472154785506,-0.05000000000000001,,
2026-05-01 22:49:38+00:00,-0.21947407748105624,-0.22000000000000003,,
2026-05-01 23:00:46+00:00,-3.593669546181171,-3.602281003906252,,
2026-05-01 23:05:02+00:00,-0.08412001833600612,-0.08432159390449526,,
2026-05-01 23:05:58+00:00,-0.6222106058339034,-0.6237016000000001,,
2026-05-01 23:08:08+00:00,-0.19952188861914202,-0.2,,
2026-05-01 23:08:40+00:00,-2.6017969522803486,-2.6080316002288817,,
2026-05-01 23:11:26+00:00,-0.06225083077140352,-0.06240000152587891,,
2026-05-01 23:16:44+00:00,-0.815677404177233,-0.8176320000000015,,
2026-05-01 23:25:34+00:00,-0.5738848082352382,-0.5752600000000002,,
2026-05-01 23:27:38+00:00,-3.1167417972578257,-3.1242104,,
2026-05-01 23:35:30+00:00,-0.009976094431036819,-0.010000000000079909,,
2026-05-01 23:35:44+00:00,-1.338769817484875,-1.341977892,,
2026-05-01 23:36:46+00:00,-0.19864399383144898,-0.19912000152587894,,
2026-05-01 23:39:36+00:00,-0.5048861531883263,-0.5060960044860842,,
2026-05-01 23:40:34+00:00,-1.366724937041123,-1.37,,
2026-05-01 23:56:52+00:00,-0.06245883129756058,-0.06260850048065184,,
2026-05-01 23:58:54+00:00,-0.1613732980351297,-0.16175999450683592,,
2026-05-02 00:04:26+00:00,-2.344399662684641,-2.350017513276206,,
2026-05-02 00:06:00+00:00,-1.9328368424511553,-1.937468471081543,,
2026-05-02 00:11:16+00:00,17.455533742108646,17.49736218207988,,
2026-05-02 00:12:40+00:00,-0.3124778127709778,-0.3132265987792969,,
2026-05-02 00:31:30+00:00,-0.909979429614183,-0.9121600000000002,,
2026-05-02 00:39:08+00:00,-39.45023969633356,-39.54477372819809,,
2026-05-02 01:35:30+00:00,-0.7641544080581081,-0.7756975400795314,,
2026-05-02 03:12:30+00:00,-1.1355469475153543,-1.138268042042191,,
2026-05-02 05:39:36+00:00,-14.379537704830025,-14.413995180527236,,
2026-05-02 06:17:08+00:00,-0.8318682064158284,-0.8338616000209809,,
2026-05-02 11:03:22+00:00,-0.37362400673352497,-0.3745193164713054,,
2026-05-02 11:03:23+00:00,-1.1341506286677383e-17,-1.1368683772161614e-17,,
2026-05-02 13:34:04+00:00,-0.003990437772382844,-0.0040000000000000036,,
2026-05-02 14:13:04+00:00,-0.922099187520914,-1.0463088003051795,,
2026-05-02 14:18:40+00:00,-1.8943234019219956e-17,-1.8988627413586496e-17,,
2026-05-02 14:24:44+00:00,-4.596746515940748,-4.607761632324224,,
2026-05-02 14:49:34+00:00,-0.0765525582253924,-0.076736,,
2026-05-02 14:50:54+00:00,-4.2647933860636265,-4.507292848021504,,
2026-05-02 14:52:38+00:00,-5.429746134746794e-16,-0.017155400000000553,,
2026-05-02 16:34:42+00:00,-1.283256813029026,-1.2863318625442393,,
2026-05-02 18:26:04+00:00,-11.84038450131535,-17.849277443441153,,
2026-05-02 18:53:30+00:00,-55.158999700026364,-55.291176403524126,,
2026-05-02 19:12:42+00:00,-79.57019220278988,-79.76086508952177,,
2026-05-02 21:59:10+00:00,-31.317136365478802,-48.1786671845408,,
2026-05-02 23:28:08+00:00,-0.11365125915145846,-0.11392360000000001,,
2026-05-02 23:33:24+00:00,-0.3018111753973013,-0.30253440109863283,,
2026-05-03 00:00:00+00:00,-7.987055942744784,-8.006195207976305,,
2026-05-03 00:32:14+00:00,-0.22211180473385453,-0.222644048,,
2026-05-03 21:32:00+00:00,-0.009976094430957101,-0.01,,
2026-05-03 21:57:30+00:00,-0.029928283292871304,-0.03,,
2026-05-03 22:47:24+00:00,-0.2793316416762419,-0.280001,,
2026-05-03 22:47:25+00:00,-3.402451886003212e-17,-3.410605131648481e-17,,
2026-05-03 22:50:12+00:00,-1.1661894772277954,-1.168984,,
2026-05-03 22:55:34+00:00,-2.1269448198372527,-2.1320415865722664,,
2026-05-03 22:56:32+00:00,-0.6554729296893653,-0.657043629875183,,
2026-05-03 23:02:42+00:00,-1.5594571144181398e-16,-1.5631940186722218e-16,,
2026-05-03 23:03:08+00:00,-1.729579708718299e-16,-1.733724275254644e-16,,
2026-05-03 23:04:34+00:00,-0.2419502210196857,-0.24253000279235842,,
2026-05-03 23:08:08+00:00,-1.5780861253198084,-1.5818676700000003,,
2026-05-03 23:16:36+00:00,-0.04669809803131023,-0.04681000000000004,,
2026-05-03 23:22:36+00:00,-0.6564837037111906,-0.658056826,,
2026-05-04 00:00:00+00:00,-45.45815547405879,-45.567086186550426,,
2026-05-04 00:43:14+00:00,-0.3309828705925223,-0.331776,,
2026-05-04 00:56:14+00:00,-0.9539312713975525,-0.9562171629384155,,
2026-05-04 00:56:20+00:00,-0.5586473216013943,-0.5599860000000001,,
2026-05-04 01:02:28+00:00,-0.3395535328400462,-0.3403672,,
2026-05-04 01:04:04+00:00,-7.797285572090694e-18,-7.815970093361103e-18,,
2026-05-04 01:18:22+00:00,-0.1795696997572278,-0.18,,
2026-05-04 03:56:51+00:00,-7.08844142917336e-18,-7.105427357601004e-18,,
2026-05-04 03:58:26+00:00,-2.1265326508569486e-17,-2.1316284299174684e-17,,
2026-05-04 03:58:36+00:00,1.2227561465324042e-16,1.225686219186173e-16,,
2026-05-04 05:16:50+00:00,-0.018852822829397996,-0.018897999572753912,,
2026-05-04 05:22:57+00:00,-0.039904377723828405,-0.04,,
2026-05-04 06:02:38+00:00,-0.26266059793600344,-0.26329000768169747,,
2026-05-04 06:03:32+00:00,-0.1995218886191431,-0.2000000000000011,,
2026-05-04 06:20:50+00:00,-0.009976094430957101,-0.01,,
2026-05-04 06:21:14+00:00,-0.009976094430957101,-0.01,,
2026-05-04 12:07:34+00:00,-0.0598565665857426,-0.06,,
2026-05-04 12:07:35+00:00,-3.1897986431280116e-17,-3.197442310920451e-17,,
2026-05-04 12:07:36+00:00,-0.023304157199608277,-0.02336000061035157,,
2026-05-04 12:30:18+00:00,-0.007593803080844548,-0.0076120000000000024,,
2026-05-04 13:37:08+00:00,-0.08851988110476855,-0.088732,,
2026-05-04 13:37:10+00:00,-0.08816592847185677,-0.08837719919557556,,
2026-05-04 16:36:56+00:00,-0.24265195634998105,-0.24323341968075293,,
2026-05-04 18:23:48+00:00,228.72631372225283,229.2744072394561,,
2026-05-04 18:42:52+00:00,-0.2563447248884306,-0.25695900000000005,,
2026-05-04 19:07:10+00:00,-3.510471800924507,-3.5188838931105773,,
2026-05-04 19:41:54+00:00,-1.477091822933463,-1.4806313564453215,,
2026-05-04 19:44:58+00:00,-2.825282010079108,-2.832052192000003,,
2026-05-04 20:00:54+00:00,-0.04030741126905734,-0.040403999328613285,,
2026-05-04 20:02:04+00:00,-241.84996885341866,-242.42551039329297,,
2026-05-04 20:08:34+00:00,-746.5937381061834,-748.4022809512751,,
2026-05-04 20:15:16+00:00,-151.51195415409913,-151.8750200318254,,
2026-05-04 20:15:58+00:00,-0.547887118326014,-0.5492000122070316,,
2026-05-04 20:18:08+00:00,4772.186311495891,4811.077571193625,,
2026-05-04 20:20:20+00:00,-0.5586612881335976,-0.56,,
2026-05-04 20:25:14+00:00,-0.04515679144172732,-0.04526500000000001,,
2026-05-04 20:31:08+00:00,-0.6807802501491278,-0.6824115938964845,,
2026-05-04 20:38:40+00:00,-1.4761679276253536e-16,-3.5934306120000006,,
2026-05-04 20:40:52+00:00,-0.0798087554476568,-0.07999999999999999,,
2026-05-04 21:00:48+00:00,-0.558584671728368,-0.5599232000000001,,
2026-05-04 21:17:22+00:00,-0.11381925658167631,-0.11409200000000057,,
2026-05-04 21:17:44+00:00,-3.095614684315793,-3.103032660466508,,
2026-05-04 21:17:54+00:00,-0.0798087554476568,-0.07999999999999999,,
2026-05-04 21:24:10+00:00,-0.08388059815059626,-0.0840816,,
2026-05-04 21:24:32+00:00,-0.47885253268594086,-0.48,,
2026-05-04 21:38:30+00:00,-0.5563156346965982,-0.5576487257080079,,
2026-05-04 21:39:48+00:00,-0.45364733154046216,-0.4547344000000003,,
2026-05-04 21:40:38+00:00,-0.5686373825645548,-0.5700000000000001,,
2026-05-04 21:57:48+00:00,-0.5686373825645548,-0.5700000000000001,,
2026-05-04 23:55:20+00:00,-0.24523236060849726,-0.24582000732421874,,
2026-05-05 00:00:00+00:00,-567.4823536650429,-558.821431032668,,
2026-05-05 00:28:24+00:00,392.6370658649555,393.57793631799666,,
2026-05-05 00:51:44+00:00,-71.17540606013496,-56.5157386777887,,
2026-05-05 00:51:52+00:00,-31.475838131859554,-19.343830234176874,,
2026-05-05 00:57:36+00:00,-50.3420799948801,-36.45191398420424,,
2026-05-05 01:10:18+00:00,-36.64991409745071,-36.73773775007715,,
2026-05-05 02:18:14+00:00,-0.9780124111568074,-0.9803560079803468,,
2026-05-05 04:11:28+00:00,-0.22658340127656473,-0.2271263597640449,,
2026-05-05 05:00:02+00:00,-0.049242002111204254,-0.04936,,
2026-05-05 05:07:50+00:00,-0.019952188861914202,-0.02,,
2026-05-05 05:07:58+00:00,-8.6315951283044e-18,-8.652278893350743e-18,,
2026-05-05 05:09:32+00:00,-5.316331071880021e-19,-5.329070518200754e-19,,
2026-05-05 05:13:18+00:00,-5.670753143338688e-17,-5.684341886080803e-17,,
2026-05-05 06:21:44+00:00,-0.009976094430957101,-0.01,,
2026-05-05 06:21:45+00:00,-1.4176882858346726e-17,-1.4210854715202013e-17,,
2026-05-05 06:59:32+00:00,-0.5816196732913365,-0.5830134,,
2026-05-05 08:52:28+00:00,-0.015929827587352337,-0.015968000000000038,,
2026-05-05 09:08:08+00:00,-1.3313098322558492,-1.334500030517578,,
2026-05-05 10:36:38+00:00,-1.1628375014886916,-1.1656239919705025,,
2026-05-05 11:25:36+00:00,-0.03365934314283019,-0.03374000053405763,,
2026-05-05 11:44:48+00:00,-0.02394262663429704,,,
2026-05-05 13:16:00+00:00,-0.21947407748105624,-0.2,,
2026-05-05 13:22:08+00:00,-0.9575694957478853,-0.9598641055124982,,
2026-05-05 13:25:34+00:00,-0.6404157810390683,-0.6419504,,
2026-05-05 13:41:16+00:00,-3.0275215224417544,-3.0347763279455,,
2026-05-05 13:47:28+00:00,-0.13655277837892787,-0.13687999780273435,,
2026-05-05 15:34:20+00:00,-60.13945199113147,-62.11445922681021,,
2026-05-05 15:37:00+00:00,-3.298618275820674,-3.3065227065059033,,
2026-05-05 15:53:02+00:00,-14.870121582376504,-14.905754637037726,,
2026-05-05 15:55:02+00:00,-23.86547762557972,-22.44466812024249,,
2026-05-05 15:56:30+00:00,-0.684919027608048,-0.6740080014686585,,
2026-05-05 16:00:06+00:00,-0.43015780108352364,-0.4311885819250956,,
2026-05-05 16:07:36+00:00,-1.1616364087362978,-1.1644200210571292,,
2026-05-05 16:07:38+00:00,-7.04784204394071,-7.064730684655863,,
2026-05-05 16:10:54+00:00,-0.7049491409532511,-0.7066384002598286,,
2026-05-05 16:55:52+00:00,23.401907907367438,23.45798555670074,,
2026-05-05 16:57:38+00:00,-0.32592507526634246,-0.32670608475292207,,
2026-05-05 16:58:32+00:00,-30.487806089601538,-29.90178664125438,,
2026-05-05 17:20:28+00:00,-162.5751865443435,-123.0599136960453,,
2026-05-05 17:43:16+00:00,-0.019620981796135445,-0.01966799926757812,,
2026-05-05 18:03:56+00:00,-5.108887361308698,-5.121129713302597,,
2026-05-05 18:09:08+00:00,-1.046358626142025,-1.048866,,
2026-05-05 18:17:58+00:00,-60.27471691419324,-56.309683565066095,,
2026-05-05 18:23:38+00:00,-7.594132648933698,-7.61233035782834,,
2026-05-05 19:14:50+00:00,-0.14414857899245004,-0.14449400012207034,,
2026-05-05 19:23:02+00:00,-0.03192350217906273,-1.2434497875801755e-17,,
2026-05-05 19:31:50+00:00,-0.24843783772883765,-0.249033165682457,,
2026-05-05 19:40:36+00:00,-125.21632175737135,-129.59718999613222,,
2026-05-05 19:42:20+00:00,-1.576222920091222,-1.58,,
2026-05-05 19:46:42+00:00,78.53634575916165,108.20315360518084,,
2026-05-05 19:53:46+00:00,2.019161512825717,2.024,,
2026-05-05 19:58:00+00:00,-2.0530802338909715,-2.0580000000000003,,
2026-05-05 20:35:28+00:00,-0.009976094430957101,-0.01,,
2026-05-05 21:05:36+00:00,-0.11971313317148521,-0.12,,
2026-05-05 21:34:28+00:00,-3.0841028123261918,-3.0914932027465833,,
2026-05-05 21:35:10+00:00,-0.7068627551277898,-0.7085566,,
2026-05-05 22:03:24+00:00,-7.942641761172026,-7.961674597350433,,
2026-05-05 22:04:44+00:00,-0.11971313317148521,-0.12,,
2026-05-05 22:18:06+00:00,-1.2770685792587797,-1.2801288,,
2026-05-05 22:21:22+00:00,-0.4872152931255237,-0.4883828000000001,,
2026-05-05 22:34:34+00:00,-1.4215566146946532,-1.42496307,,
2026-05-05 22:34:48+00:00,-1.5423518847573479,-1.5460478000000002,,
2026-05-05 22:39:00+00:00,-2.14535567560084,-2.15049656,,
2026-05-05 22:42:12+00:00,-0.880422251554111,-0.8825319945068361,,
2026-05-05 22:46:52+00:00,-0.05740643779349954,-0.057544000000000005,,
2026-05-05 22:59:50+00:00,0.8124430566354724,-1.8563300979614255,,
2026-05-05 23:08:10+00:00,-0.28717701974898857,-0.2878651778373723,,
2026-05-05 23:31:02+00:00,-1.0433917271337638,-1.0458919914550782,,
2026-05-05 23:45:30+00:00,-0.009897083763065934,-0.00992080000000202,,
2026-05-05 23:45:36+00:00,-1.414158934187109,-1.1509076625389514,,
2026-05-05 23:47:00+00:00,-0.01505233038647103,-0.015088400065422112,,
2026-05-05 23:48:44+00:00,-0.4204616540279518,-0.42146920013427835,,
2026-05-05 23:49:50+00:00,-0.12183804128527917,-9.318235072441895e-17,,
2026-05-05 23:50:18+00:00,-0.14964141646435652,-0.15000000000000002,,
2026-05-05 23:51:16+00:00,-3.5442207145866794e-19,-3.552713678800501e-19,,
2026-05-05 23:52:16+00:00,-0.4624083330113204,-0.001202399969100952,,
2026-05-05 23:52:36+00:00,-2.126532428752008e-18,-2.131628207280301e-18,,
2026-05-06 00:01:44+00:00,-0.1945039131203706,-0.19497,,
2026-05-06 00:07:56+00:00,-0.25569910821289465,-0.25631183624267584,,
2026-05-06 00:19:00+00:00,-1.231706489535943,-1.234658009765625,,
2026-05-06 00:50:02+00:00,-0.33394776159515543,-0.3347479957275391,,
2026-05-06 00:50:03+00:00,-1.1341506286677374e-17,-1.1368683772161604e-17,,
2026-05-06 01:06:18+00:00,-1.4525530717992918,-1.4560338034610352,,
2026-05-06 01:06:52+00:00,-0.5403363069582611,-0.541631106940536,,
2026-05-06 01:11:52+00:00,-0.05200537905079444,-0.05212999877929691,,
2026-05-06 01:21:42+00:00,-0.5187569104097693,-0.52,,
2026-05-06 01:38:42+00:00,-0.9353074292956955,-0.937548692796368,,
2026-05-06 01:40:02+00:00,-0.10102541580092636,-0.10126750152587925,,
2026-05-06 01:45:58+00:00,-0.32094406677696535,-0.5017131403458199,,
2026-05-06 02:03:10+00:00,-0.3383544859752043,-0.339165279876709,,
2026-05-06 02:03:16+00:00,-0.18081671156109747,-0.18125000000000002,,
2026-05-06 02:05:58+00:00,-0.0849244966718516,-0.08512800000000001,,
2026-05-06 02:27:22+00:00,14.6688517235769,14.704002478221911,,
2026-05-06 02:43:02+00:00,-7.035427255257553,-6.949086998418227,,
2026-05-06 02:46:28+00:00,-0.013253076825266063,-0.013284834979248058,,
2026-05-06 03:06:32+00:00,-0.06122213775103525,-0.061368843463485166,,
2026-05-06 03:24:10+00:00,-0.28686977176546136,-0.2875571936000001,,
2026-05-06 03:24:56+00:00,-0.6611056046065686,-0.6626898022888328,,
2026-05-06 06:18:54+00:00,-0.8814903037928463,-0.8836026061035157,,
2026-05-06 06:24:10+00:00,-283.1917377248309,-308.68296401679373,,
2026-05-06 07:48:18+00:00,-0.14802109551699202,-0.14837579630126957,,
2026-05-06 10:07:58+00:00,-8.821377575393027,-8.887596113739606,,
2026-05-06 10:07:59+00:00,-2.2683012573354767e-17,-2.273736754432323e-17,,
2026-05-06 14:29:07+00:00,-1.0703649001248365,-0.7365257998657239,,
2026-05-06 15:31:48+00:00,-1.6035243769300827,-1.6073668789202122,,
2026-05-06 15:31:49+00:00,-0.5157561012049374,-0.5169920000000001,,
2026-05-06 16:41:24+00:00,-0.15589956229488425,-0.15627314213376722,,
2026-05-06 16:54:50+00:00,-0.10076852817264335,-0.10100999832153322,,
2026-05-06 17:01:03+00:00,-0.6344404996891921,-0.6359608001708985,,
2026-05-06 17:22:24+00:00,-1.1831647995115122,-1.1860000000000002,,
2026-05-06 17:26:06+00:00,-0.029928283292871304,-0.03,,
2026-05-06 17:30:04+00:00,-0.029928283292871304,-0.03,,
2026-05-06 17:39:19+00:00,-1.5665363221783721,-1.5702901902343755,,
2026-05-06 18:03:14+00:00,-0.009976094430957101,-0.01,,
2026-05-06 18:21:42+00:00,-0.18948593762159918,-0.18994000000000003,,
2026-05-06 18:45:04+00:00,192.6733691551771,193.1350695291004,,
2026-05-06 18:51:58+00:00,-0.003587403557372174,-0.0035960000000000002,,
2026-05-06 18:56:52+00:00,-0.599949344066075,-0.6013869938964844,,
2026-05-06 18:56:56+00:00,-0.04554406217169632,-0.0456531987411499,,
2026-05-06 19:16:06+00:00,-0.20359373132208153,-0.20408160000000006,,
2026-05-06 19:21:01+00:00,-0.08759010910380341,-0.08780000000000006,,
2026-05-06 19:55:56+00:00,-0.27406326620725346,-0.27471999999999996,,
2026-05-06 21:04:57+00:00,-0.17885712158358796,-1.77635683940025e-18,,
2026-05-06 21:33:05+00:00,-31.094108044086703,-31.1686184,,
2026-05-06 21:33:16+00:00,-43.425860754058945,-43.5299215084642,,
2026-05-06 21:33:25+00:00,-6.275772700420033,-5.856811242669782,,
2026-05-07 00:00:00+00:00,-0.05517757536867722,-0.06874979597442628,,
2026-05-07 03:00:20+00:00,-0.5816682275588257,-0.5830620706173697,,
2026-05-07 13:45:30+00:00,-0.03192350217906278,-0.032000000000000056,,
2026-05-07 18:18:50+00:00,1.2899403070511388,1.2930313721252362,,
2026-05-07 20:10:18+00:00,-0.03611146786695488,-0.036198001248761595,,
2026-05-07 22:21:45+00:00,-0.19952188861914222,-0.20000000000000018,,
2026-05-07 22:41:55+00:00,-0.1420575905739494,-0.14239800109863282,,
2026-05-07 22:42:37+00:00,-0.007837219784959899,-0.007856,,
2026-05-07 22:54:24+00:00,-0.041899596610019824,-0.042,,
2026-05-08 00:00:00+00:00,-239.01695567100603,-238.91355850286436,,
2026-05-08 00:17:24+00:00,-0.01365527805709408,-0.013688,,
2026-05-08 02:17:41+00:00,-0.03627307935096002,-0.036359999999999996,,
2026-05-08 02:18:56+00:00,-0.018539573890490674,-0.018584,,
2026-05-08 02:56:36+00:00,-4.52737087790018e-18,-4.538219750457822e-18,,
2026-05-08 03:44:31+00:00,-0.014389518607212524,-0.014424,,
2026-05-08 04:02:01+00:00,-3.579662921732549e-17,-3.5882408155885095e-17,,
2026-05-08 04:06:32+00:00,-9.640280343675776e-17,-9.66338120633737e-17,,
2026-05-08 04:53:44+00:00,-0.04341396774463918,-0.043518000000000064,,
2026-05-08 05:52:16+00:00,-4.5366025146709484e-17,-4.547473508864641e-17,,
2026-05-08 05:59:53+00:00,-0.012968922760244231,-0.013000000000000001,,
2026-05-08 06:16:49+00:00,-0.03475456505389202,-0.034837846909351766,,
2026-05-08 06:40:36+00:00,-0.331546617693601,-0.3323410980000042,,
2026-05-08 06:49:22+00:00,-0.04197940536546748,-0.042080000000000006,,
2026-05-08 07:02:37+00:00,-26.672149281279548,-25.934805361502583,,
2026-05-08 07:02:39+00:00,-6.361310569416098,-6.444294084809116,,
2026-05-08 07:20:51+00:00,-0.004485251964824444,-0.00449599990844727,,
2026-05-08 07:20:52+00:00,-6.789663622933707e-19,-6.805933594478126e-19,,
2026-05-08 07:23:04+00:00,-0.0009776572732616861,-0.0009800000190734867,,
2026-05-08 07:28:24+00:00,-0.04469290305068783,-0.04480000000000002,,
2026-05-08 07:29:16+00:00,-0.2962491586516809,-0.28695905617370837,,
2026-05-08 07:29:17+00:00,-2.8800818420396717e-16,-2.886983339995668e-16,,
2026-05-08 08:03:47+00:00,-3.7496286690572056,-3.734613849345318,,
2026-05-08 08:14:15+00:00,-0.020081878089516645,-0.020130000000000002,,
2026-05-08 08:18:51+00:00,-0.05188169267535491,-0.05200601601600659,,
2026-05-08 08:20:08+00:00,-1.4176882858346718e-18,-1.4210854715202004e-18,,
2026-05-08 09:07:43+00:00,-123.6799080578453,-111.33654898214986,,
2026-05-08 09:56:51+00:00,-0.015339242797040152,-0.015376000000000518,,
2026-05-08 10:06:52+00:00,-6.804903772006424e-17,-6.821210263296962e-17,,
2026-05-08 10:07:02+00:00,-0.10175616319576243,-0.10200000000000001,,
2026-05-08 10:07:27+00:00,-0.010624540568969313,-0.010650000000000001,,
2026-05-08 10:20:25+00:00,-0.48829111807164194,-0.48946120292968753,,
2026-05-08 10:20:26+00:00,-0.005586612881335977,-0.005600000000000001,,
2026-05-08 10:21:46+00:00,-0.36320765021450746,-0.36407799938964847,,
2026-05-08 10:56:04+00:00,-1.0524397423128669,-1.0549616882604995,,
2026-05-08 11:04:23+00:00,-0.869051186164804,-0.8711336808,,
2026-05-08 11:31:21+00:00,-0.8154127483197653,-0.8173667099515769,,
2026-05-08 11:56:25+00:00,-18.258477305647457,-10.470781058216245,,
2026-05-08 12:46:33+00:00,-5.884749660517742,-5.8988511999812365,,
2026-05-08 13:00:19+00:00,-0.7379536524656451,-0.7397220000000003,,
2026-05-08 13:34:49+00:00,-0.017956969975722787,-0.018000000000000006,,
2026-05-08 14:01:30+00:00,,-0.01,,
2026-05-08 14:06:26+00:00,-0.17441405598198684,-0.17483200183105488,,
2026-05-08 14:26:35+00:00,-0.009976094430957101,,,
2026-05-08 14:47:09+00:00,-0.04564661838612485,-0.04575600070953372,,
2026-05-08 15:06:01+00:00,-1.7012259430016056e-16,-1.70530256582424e-16,,
2026-05-08 15:25:44+00:00,-1.2451958255763205,-1.2481796701044832,,
2026-05-08 15:39:12+00:00,-0.41452383154606526,-0.4155171489353034,,
2026-05-08 15:53:04+00:00,-4.2530648575040147e-17,-4.263256414560601e-17,,
2026-05-08 15:55:20+00:00,-4.104702477990513,-4.1145385164489765,,
2026-05-08 15:58:01+00:00,-2.3615465615002353,-2.300493881129688,,
2026-05-08 16:00:02+00:00,-0.05985656658574261,-0.06,,
2026-05-08 16:24:54+00:00,-3.7001513536242507e-16,-3.7090179721456995e-16,,
2026-05-08 16:29:29+00:00,-0.020949798305010304,-0.021000000000000397,,
2026-05-08 16:29:55+00:00,-4.1684549286471295,-4.178443736169817,,
2026-05-08 16:33:27+00:00,-0.22740986130732865,-0.22795480022888187,,
2026-05-08 17:04:05+00:00,2.6515024009965866e-14,2.657856157384231e-14,,
2026-05-08 17:06:53+00:00,-5.109116750244457,-4.767847141713668,,
2026-05-08 17:21:38+00:00,4.839021629777842,5.1271898185012885,,
2026-05-08 17:24:03+00:00,-1.5549986913997296,-1.558724912,,
2026-05-08 17:28:31+00:00,-2.181592282350561,-2.1388200000000004,,
2026-05-08 17:34:18+00:00,-0.20099036971937903,-0.20147200000000015,,
2026-05-08 17:50:20+00:00,-1.254322586349638,-1.2573283012010332,,
2026-05-08 17:51:49+00:00,-3.240355597943266,-3.248120414626416,,
2026-05-08 17:57:10+00:00,-0.2394262663429736,-0.24000000000000316,,
2026-05-08 17:57:53+00:00,-16.822623818447525,-16.70293562563398,,
2026-05-08 17:58:35+00:00,-0.08476168737015874,-0.08496480056076088,,
2026-05-08 17:59:54+00:00,-2.7034188123999496,-2.5155769680000066,,
2026-05-08 18:03:19+00:00,20.67387817261244,20.733418684228518,,
2026-05-08 18:20:42+00:00,-7.698913019832594e-16,-7.717361812396121e-16,,
2026-05-08 18:26:34+00:00,-9.454978215851067,-9.26763504173643,,
2026-05-08 18:52:35+00:00,-2.269585226147493,-3.316527797802742,,
2026-05-08 19:20:15+00:00,-3.792120668062876,-3.2025476713061565,,
2026-05-08 19:38:52+00:00,-107.44128914035078,-105.67176152972091,,
2026-05-08 19:41:07+00:00,-61.9953832819059,-62.14394191130175,,
2026-05-08 19:41:21+00:00,-65.16225794669523,-65.31840531148983,,
2026-05-08 19:44:07+00:00,-17.02920698995805,-16.268989229374185,,
2026-05-08 20:32:13+00:00,-0.17387015627219324,-0.17428679878234896,,
2026-05-08 20:56:36+00:00,-0.982362653309602,-0.9847166745547283,,
2026-05-08 22:46:49+00:00,-0.09068269837740006,-0.09090000000000001,,
2026-05-08 22:46:52+00:00,-0.10405066217486639,-0.10429999725341799,,
2026-05-08 22:46:54+00:00,-0.09068269837740006,-0.09090000000000001,,
2026-05-08 22:47:54+00:00,-0.3727597627632726,-0.373653001525879,,
2026-05-08 22:49:32+00:00,-0.33759103310801836,-0.3383999975585938,,
2026-05-08 22:53:38+00:00,-0.36429773866187065,-0.36517069999999996,,
2026-05-08 22:54:13+00:00,-0.5386031531488267,-0.5398938,,
2026-05-08 22:54:36+00:00,-0.8767091613847582,-0.8788100067138672,,
2026-05-08 23:08:17+00:00,-0.1925984790840578,-0.19306,,
2026-05-08 23:11:21+00:00,-0.3814303851969041,-0.38234440124511715,,
2026-05-08 23:15:05+00:00,-0.2535524166660982,-0.2541600006103516,,
2026-05-08 23:15:06+00:00,-2.4641085805341677e-18,-2.470013287853133e-18,,
2026-05-09 00:00:00+00:00,-2.8762018585059326,-2.883094058914187,,
2026-05-09 00:08:55+00:00,-0.017598628663762814,-0.017640800000000012,,
2026-05-09 00:44:25+00:00,-1.180852680651183e-17,-1.1836823406430936e-17,,
2026-05-09 03:04:55+00:00,-0.29916311979554155,-0.29988,,
2026-05-09 03:06:36+00:00,-0.10670430603351716,-0.10696,,
2026-05-09 03:07:50+00:00,-0.029888378915147472,-0.02996,,
2026-05-09 03:08:28+00:00,-0.2094580786723753,-0.213026,,
2026-05-09 03:09:28+00:00,,-0.004,,
2026-05-09 03:10:48+00:00,-0.08846800541372757,-0.08868000000000001,,
2026-05-09 03:58:10+00:00,-1.7721103572933396e-18,-1.7763568394002505e-18,,
2026-05-09 04:13:53+00:00,-3.3666037954492564e-17,-3.374671138839918e-17,,
2026-05-09 04:53:02+00:00,-752.248366068302,-739.7427181080576,,
2026-05-09 05:58:06+00:00,-1.772110357293341e-18,-1.776356839400252e-18,,
2026-05-09 06:21:21+00:00,-0.187668293216282,-0.18811800000000323,,
2026-05-09 06:50:13+00:00,-193.20351751753591,-506.89811043930297,,
2026-05-09 09:04:37+00:00,-6.508429140960264,-6.524025194432577,,
2026-05-09 09:34:38+00:00,-0.009976094430957342,-0.010000000000000241,,
2026-05-09 09:51:35+00:00,-2.0509888390915396,-2.055903593621826,,
2026-05-09 10:25:44+00:00,-0.04309672794173471,-0.04320000000000004,,
2026-05-09 10:25:49+00:00,-0.01915410130744315,-0.019200000000005532,,
2026-05-09 11:04:14+00:00,-0.6916360650986471,-0.6932934224764469,,
2026-05-09 11:04:16+00:00,-0.3367879625677457,-0.33759500263214176,,
2026-05-09 12:16:04+00:00,-4.2417153395302245,-4.661420899903037,,
2026-05-09 12:59:11+00:00,-0.8020409247308052,-4.8612920221104545,,
2026-05-09 13:14:45+00:00,-7.088441429173358e-18,-7.105427357601002e-18,,
2026-05-09 15:57:29+00:00,-0.5797373026192081,-0.5811265186305865,,
2026-05-09 16:23:38+00:00,-4.461644972569484,-4.472336347102356,,
2026-05-09 16:24:10+00:00,-2.1815335576937436,-2.0377506083661965,,
2026-05-09 16:59:19+00:00,-10.754611598953971,-10.780382717289676,,
2026-05-09 17:04:23+00:00,-0.7709767197728882,-0.7728242000000005,,
2026-05-09 19:48:20+00:00,-1.1959972492999447,-2.098794800000004,,
2026-05-09 20:29:34+00:00,-12.044951164335933,-12.073814304482628,,
2026-05-09 20:49:30+00:00,-18.790848271673628,-18.180038524614673,,
2026-05-09 20:55:25+00:00,-80.26899239710114,-80.4613398085088,,
2026-05-09 22:02:42+00:00,-16.343359468550492,-16.490178221591332,,
2026-05-09 22:06:59+00:00,-0.5603167981446338,-0.5616594770854402,,
2026-05-09 22:58:53+00:00,-51.279292805348504,-51.40217262401033,,
2026-05-10 00:00:00+00:00,-41.94315255191745,-42.59511767141771,,
2026-05-10 13:05:09+00:00,-0.24539212808967342,-0.23058015803534054,,
2026-05-10 14:03:10+00:00,-3.402451886003212e-17,-3.410605131648481e-17,,
2026-05-10 15:23:34+00:00,-3.5579520157407303,-3.5664778840704923,,
2026-05-10 20:28:27+00:00,-0.015109992147016246,-0.0151462,,
2026-05-10 21:05:03+00:00,-0.0305388216877209,-0.030612001419067385,,
2026-05-10 22:30:12+00:00,-102.26173029303551,-75.10821803343218,,
2026-05-10 22:46:16+00:00,-3.6322134104764077,-3.640917230299248,,
2026-05-11 00:00:00+00:00,-0.01417403496750385,-0.014208,,
2026-05-11 02:45:07+00:00,-11.202027901322541,-11.228871156793796,,
2026-05-11 03:37:00+00:00,-1.1297203527745034e-17,-1.1324274851176593e-17,,
2026-05-11 03:37:19+00:00,-1.3290827679700046e-17,-1.3322676295501878e-17,,
2026-05-11 04:06:59+00:00,-0.2394262663429704,-0.24,,
2026-05-11 04:10:41+00:00,6.127957615520367e-16,6.142641950646065e-16,,
2026-05-11 04:59:24+00:00,-3.544220714586679e-18,-3.552713678800501e-18,,
2026-05-11 05:19:03+00:00,-3.7037106467430797e-16,-3.712585794346524e-16,,
2026-05-11 05:19:17+00:00,-4.9619093300375e-17,-4.9737994807267044e-17,,
2026-05-11 05:49:53+00:00,-0.09784553600550473,-0.09808000183105474,,
2026-05-11 06:11:24+00:00,-0.004928190648892826,-0.004940000000000018,,
2026-05-11 07:26:29+00:00,-0.21753951730596063,-0.21806080406667727,,
2026-05-11 08:13:11+00:00,-0.009976094430957101,-0.01,,
2026-05-11 08:40:16+00:00,-0.15961751089531362,-0.16,,
2026-05-11 13:17:44+00:00,-1.4729736357674954,-3.011503300927735,,
2026-05-11 14:49:23+00:00,-0.5985652668136489,-0.5999996000000001,,
2026-05-11 18:18:02+00:00,-19.01976596057182,-24.44221966648936,,
2026-05-11 18:21:57+00:00,-0.05948026830382897,-0.45945480000002215,,
2026-05-11 18:46:34+00:00,-0.2680586549694145,-0.27270900000015447,,
2026-05-11 18:48:52+00:00,-0.48132579064417,-0.482479184590068,,
2026-05-11 18:49:15+00:00,-0.12213756997163835,-0.12243024644256555,,
2026-05-11 18:54:09+00:00,-31.92502401398665,-32.630458880515015,,
2026-05-11 18:59:31+00:00,-7.788515171348638,-7.8071786762361395,,
2026-05-11 19:08:45+00:00,-0.3542311656401477,-0.3550800045967117,,
2026-05-11 19:21:39+00:00,16.164818283502722,16.203553800915536,,
2026-05-11 19:47:08+00:00,-0.08978484987861433,-0.09000000000000043,,
2026-05-11 22:22:11+00:00,-3.544220714586679e-17,-3.552713678800501e-17,,
2026-05-11 22:45:45+00:00,-1.134150628667737e-16,-1.13686837721616e-16,,
2026-05-12 00:00:00+00:00,-15.733925317890789,-17.245362309094418,,
2026-05-12 00:04:53+00:00,-8.151707643549362e-18,-8.171241461241152e-18,,
2026-05-12 02:28:11+00:00,-0.4167949197318894,-0.4177936792965003,,
2026-05-12 02:28:12+00:00,-0.029324903139951536,-0.02939517397605279,,
2026-05-12 02:47:28+00:00,4.552055335293051,14.292958758854583,,
2026-05-12 03:46:23+00:00,-2.7115621272787025,-2.718059803909211,,
2026-05-12 06:37:09+00:00,-0.4198319628135151,-0.4208380000000026,,
2026-05-12 07:34:10+00:00,-1.772110357293341e-18,-1.776356839400252e-18,,
2026-05-12 08:47:31+00:00,-424.0233481251563,-550.0012861449214,,
2026-05-12 10:58:34+00:00,-0.1795696997572337,-0.18000000000000588,,
2026-05-12 12:41:05+00:00,-1.3594683258759332,-1.362725999923706,,
2026-05-12 13:25:17+00:00,-0.3950158086005644,-0.39596237920000005,,
2026-05-12 13:25:18+00:00,-4.67783971014723e-19,-4.689049148964843e-19,,
2026-05-12 14:24:48+00:00,-0.02414214852291618,-0.0242,,
2026-05-12 14:29:13+00:00,-0.11552317351048319,-0.11579999999999996,,
2026-05-12 14:29:25+00:00,-1.4292070031570784e-16,-1.4326317909763022e-16,,
2026-05-12 14:33:19+00:00,-26.8556315460091,-29.13609389320181,,
2026-05-12 14:33:21+00:00,-27.564128145628725,-27.756197662387418,,
2026-05-12 15:06:48+00:00,-24.91312341975712,-28.356947707536328,,
2026-05-12 15:27:41+00:00,-0.5766142696200061,-0.5779960019531271,,
2026-05-12 15:45:24+00:00,-3.012587607398677e-17,-3.019806626980426e-17,,
2026-05-12 15:50:14+00:00,-7.586865188265685e-16,-7.605045482250717e-16,,
2026-05-12 16:03:53+00:00,-1.0951379370431376,-1.0977622000497347,,
2026-05-12 16:26:22+00:00,-7.148377102196708,-10.769555453600208,,
2026-05-12 16:26:40+00:00,-9.253352639568062,-9.275526313036615,,
2026-05-12 17:26:01+00:00,-0.20427649064302028,-0.20476599540710452,,
2026-05-12 18:44:08+00:00,-1.2091026450320006,-1.2120000000000002,,
2026-05-12 18:47:41+00:00,-4.306228224250086e-17,-4.3165471759041375e-17,,
2026-05-12 18:48:28+00:00,-75.19230788942228,-75.37249011606276,,
2026-05-12 19:03:19+00:00,-16.541552306975728,-17.966553831813904,,
2026-05-12 19:11:59+00:00,1888.4274165670538,2085.0169573607245,,
2026-05-12 19:56:00+00:00,-8.054864013514878e-18,-8.07416576623373e-18,,
2026-05-12 19:58:35+00:00,-6.025175214797356e-17,-6.039613253960852e-17,,
2026-05-12 20:55:02+00:00,-0.038583136993649104,-0.03867559320000088,,
2026-05-13 00:29:14+00:00,-1.7441503938782687e-16,-1.7483298759341592e-16,,
2026-05-13 01:00:05+00:00,-0.04271803539713585,-0.04282040000000031,,
2026-05-13 01:00:06+00:00,-1.7721103572933397e-19,-1.7763568394002505e-19,,
2026-05-13 01:13:41+00:00,-0.06597207234425193,-0.06613016025543235,,
2026-05-13 01:13:42+00:00,-8.50612971500803e-18,-8.526512829121203e-18,,
2026-05-13 01:13:58+00:00,-7.088441429173359e-17,-7.105427357601002e-17,,
2026-05-13 01:14:12+00:00,-0.00024940236449034,-0.000250000003725318,,
2026-05-13 01:15:08+00:00,-3.26068307618997e-17,-3.268496603311665e-17,,
2026-05-13 01:16:11+00:00,-5.81483439226925e-18,-5.8287683947989435e-18,,
2026-05-13 01:29:34+00:00,-0.0806068430021334,-0.08080000000000004,,
2026-05-13 03:08:36+00:00,-0.035589539972534334,-0.03567482266616826,,
2026-05-13 04:35:31+00:00,-0.047609913610306025,-0.04772400054931953,,
2026-05-13 04:57:25+00:00,-0.5868062208433649,-1.0012123760000002,,
2026-05-13 06:00:09+00:00,20.59997421286288,20.6493376295021,,
2026-05-13 06:00:30+00:00,-0.07980875544765874,-0.08000000000000193,,
2026-05-13 06:00:35+00:00,37.90182786933984,36.17329683661085,,
2026-05-13 06:46:02+00:00,-0.00016243875810528774,-1.7553956640077233,,
2026-05-13 08:20:48+00:00,-0.00199521888619142,-0.002,,
2026-05-13 08:27:51+00:00,-0.0360456243979361,-0.036132000000001906,,
2026-05-13 10:57:20+00:00,-0.15961751089531362,-0.16,,
2026-05-13 14:27:39+00:00,-0.07560794341983018,-0.07578912162780761,,
2026-05-13 14:56:35+00:00,-0.11971313317148523,-0.12000000000000002,,
2026-05-13 14:59:14+00:00,-0.037803733385591926,-0.03789432191848755,,
2026-05-13 16:00:08+00:00,-0.28868812075879247,-0.2893798998764048,,
2026-05-13 16:06:51+00:00,-150.90563078033387,-141.7079190952637,,
2026-05-13 16:18:40+00:00,-198.57343863180068,-233.21153926573638,,
2026-05-13 17:19:48+00:00,-381.71146921208265,-398.44935609901336,,
2026-05-13 18:00:17+00:00,-4.373825813925478,-4.830951433266531,,
2026-05-13 18:05:19+00:00,-22.315680279401416,-46.21910878375469,,
2026-05-13 18:11:08+00:00,-0.6589061991544817,-1.1786291264336584,,
2026-05-14 00:00:00+00:00,-91.20757481474386,-100.16829220063697,,
2026-05-14 02:01:39+00:00,-0.10397085737723015,-0.10422000122071344,,
2026-05-14 03:23:36+00:00,-0.733177281694582,-0.7349341836815807,,
2026-05-14 07:16:28+00:00,-157.0671128818519,-214.9598223120602,,
2026-05-14 09:51:21+00:00,-0.19952188861914202,-0.2,,
2026-05-14 10:59:06+00:00,-0.5187569104097692,-0.52,,
2026-05-14 12:31:28+00:00,-0.5985179801260461,-0.5999522,,
2026-05-14 12:44:43+00:00,5.267724585658048,5.280347556967406,,
2026-05-14 15:00:06+00:00,1.7662675190009542,1.7704999999999997,,
2026-05-14 16:45:45+00:00,-0.09976094430957101,-0.12000000000000001,,
2026-05-14 16:49:44+00:00,-0.05985656658574261,-0.06,,
2026-05-14 17:09:57+00:00,5.456923653733535,5.47,,
2026-05-14 17:24:41+00:00,,-0.06,,
2026-05-14 18:22:29+00:00,,-0.19160182800000003,,
2026-05-14 18:40:26+00:00,,-0.14999999999999997,,
2026-05-14 18:55:15+00:00,,-0.14999999999999997,,
2026-05-14 19:06:20+00:00,-0.019952188861914202,-0.05,,
2026-05-14 19:27:07+00:00,,-0.251336166,,
2026-05-14 19:58:04+00:00,-0.05985656658574261,-0.06,,
2026-05-14 20:01:31+00:00,-0.5411033619351131,-0.7904,,
2026-05-15 00:00:00+00:00,-682.7620554413361,-728.2051861052539,,
2026-05-15 00:23:13+00:00,-0.0598565665857426,-0.06,,
2026-05-15 01:16:53+00:00,-1.8826315368085582,-1.8871428592000004,,
2026-05-15 01:37:53+00:00,-0.0925781563192819,-0.09280000000000001,,
2026-05-15 01:37:57+00:00,-0.019952188861914237,-0.020000000000000035,,
2026-05-15 01:37:59+00:00,-0.1692743706089263,-0.16968000030517577,,
2026-05-15 01:38:11+00:00,-0.016848426030708425,-0.016888799667358397,,
2026-05-15 01:38:14+00:00,-0.019952188861914206,-0.020000000000000004,,
2026-05-15 01:38:21+00:00,-0.3613358761296973,-0.38320174039160126,,
2026-05-15 01:38:35+00:00,-0.2547295952000586,-0.25534,,
2026-05-15 01:38:39+00:00,-0.0016025598093889486,-0.0016063999999999998,,
2026-05-15 02:46:59+00:00,51.24943173697916,51.37224,,
2026-05-15 02:50:57+00:00,-0.35092490714652147,-0.35176582336425805,,
2026-05-15 05:13:17+00:00,-12.227283987346198,-36.18582345018746,,
2026-05-15 05:31:12+00:00,-193.02481537046174,-212.01877513038812,,
2026-05-15 05:42:03+00:00,-0.030364038720102175,-0.10552096251750971,,
2026-05-15 05:42:04+00:00,-0.0027162132315243087,-0.0027227220535278322,,
2026-05-15 06:37:50+00:00,-35.73920715385582,-39.63266839146689,,
2026-05-15 07:00:11+00:00,-4.253064857504014e-18,-4.263256414560601e-18,,
2026-05-15 08:36:07+00:00,-2.1265324898088205e-18,-2.131628268483423e-18,,
2026-05-15 08:36:38+00:00,-7.767797655745337e-17,-7.786411515553484e-17,,
2026-05-15 08:37:17+00:00,-28.483785987579257,-28.65643527296156,,
2026-05-15 09:42:00+00:00,-4.02672762714105,-4.036376815605912,,
2026-05-15 09:43:38+00:00,-0.08320112665573888,-0.0834005002975464,,
2026-05-15 10:04:13+00:00,-0.22342460539568293,-0.265566394506836,,
2026-05-15 10:11:50+00:00,-1.1582567602776357,-1.1610322739963412,,
2026-05-15 10:24:37+00:00,-7.555605060475013,-7.593496446410774,,
2026-05-15 10:26:58+00:00,-2.674672500134534,-2.681081778691551,,
2026-05-15 10:28:45+00:00,-15.094837298119797,-15.131008835760998,,
2026-05-15 10:30:21+00:00,-50.31458655057895,-60.98257129998356,,
2026-05-15 10:31:07+00:00,-7.594769300668945,-8.023164535185709,,
2026-05-15 10:32:36+00:00,-12.210217321430992,-12.23947648645057,,
2026-05-15 10:38:59+00:00,-11.782479966159851,-11.810714150416725,,
2026-05-15 10:39:05+00:00,-1.2118775261837027,-1.214781530558784,,
2026-05-15 10:39:45+00:00,-0.028627400579074497,-0.028696000000000003,,
2026-05-15 10:39:47+00:00,-0.01654535261374244,-0.01658500000000009,,
2026-05-15 10:39:57+00:00,-5.394187295433211,-5.407113307482691,,
2026-05-15 10:40:34+00:00,-2.09706910001504,-2.1020942760000003,,
2026-05-15 10:40:41+00:00,-1.2071074261458095,-1.21,,
2026-05-15 10:42:07+00:00,-7.668826618612035,-7.687203315572756,,
2026-05-15 10:45:05+00:00,-0.4065501697797292,-0.40752438000000457,,
2026-05-15 10:46:45+00:00,-1.3395899601889214,-1.3428000000000022,,
2026-05-15 10:48:14+00:00,13.690420819313394,-0.31031999913215735,,
2026-05-15 10:48:37+00:00,-12.877199589705695,-12.908057034570655,,
2026-05-15 10:49:26+00:00,-0.6091235585044414,-0.6105831923706064,,
2026-05-15 10:52:12+00:00,-0.12558207168897786,-0.12588300216894557,,
2026-05-15 10:54:27+00:00,-2.1100738429399493,-2.115130182000001,,
2026-05-15 10:57:39+00:00,-1.4392037411830962,-1.4426524840393076,,
2026-05-15 10:58:18+00:00,-10.142337260577499,-10.348111395672813,,
2026-05-15 10:59:03+00:00,-1.2163121579525453,-1.2192267889708148,,
2026-05-15 11:02:04+00:00,-0.47930946386840534,-0.48040924231996784,,
2026-05-15 11:04:08+00:00,-2.067277659539297,-3.2080828909759527,,
2026-05-15 11:30:25+00:00,-0.33114647717118717,-0.7084708018614199,,
2026-05-15 11:38:00+00:00,-6.52298707488162,-6.538618013317872,,
2026-05-15 14:00:09+00:00,-0.008657254747184635,-0.008678000000000062,,
2026-05-15 14:12:10+00:00,-2.038179406738681,-2.0430634662137406,,
2026-05-15 14:23:33+00:00,-5.316331071880019e-17,-5.329070518200752e-17,,
2026-05-15 14:32:26+00:00,-0.04657838276701502,-0.04668999786376954,,
2026-05-15 14:44:12+00:00,-1.5760154148914882,-1.5797919975585937,,
2026-05-15 15:17:25+00:00,9.781249691591054,9.80468835703738,,
2026-05-15 15:37:29+00:00,-0.1064249737911076,-0.10667999839782716,,
2026-05-15 15:56:53+00:00,-0.881846843318884,-0.8839600000000001,,
2026-05-15 15:57:26+00:00,-0.07247094207687144,-0.07264460313445391,,
2026-05-15 15:58:55+00:00,-0.12414770666793444,-0.1244452000000002,,
2026-05-15 16:00:07+00:00,-0.009976094430957125,-0.010000000000000024,,
2026-05-15 16:00:26+00:00,-0.1313416678839964,-0.1316564000000104,,
2026-05-15 16:02:13+00:00,-0.2633688929772675,-0.264,,
2026-05-15 16:09:18+00:00,-3.544220714586679e-18,-3.552713678800501e-18,,
2026-05-15 17:05:36+00:00,-2.1265324287520076e-16,-2.131628207280301e-16,,
2026-05-15 17:10:59+00:00,-30.29709839540932,-30.36969888876908,,
2026-05-15 17:38:19+00:00,-0.5563069298478918,-0.55764,,
2026-05-15 17:38:38+00:00,-2.0057844669540645,26.10702080953018,,
2026-05-15 17:38:56+00:00,-0.07034781890721839,-0.14184039235583024,,
2026-05-15 17:43:06+00:00,-18.544974233263126,-19.02884228494145,,
2026-05-15 18:22:27+00:00,-12.050554483860376,-10.507802410912067,,
2026-05-15 19:06:22+00:00,2532.123009966942,2710.9549637331693,,
2026-05-15 19:22:53+00:00,-179.67046262506923,-206.79385927425832,,
2026-05-15 19:28:01+00:00,16.64552280121848,16.685410223829965,,
2026-05-15 19:32:48+00:00,-13.524404084380631,-15.791512428108659,,
2026-05-15 22:17:39+00:00,,-0.4121189423076923,,
2026-05-15 22:32:52+00:00,,-0.4729949360600735,,
2026-05-15 22:34:58+00:00,-1.1571471890758347,-1.8419874479125977,,
2026-05-15 22:37:20+00:00,-1.912304942233375e-16,-0.2229182000000002,,
2026-05-15 22:42:09+00:00,,-0.885448,,
2026-05-15 22:45:27+00:00,-3.048029814544544e-17,-3.055333763768431e-17,,
2026-05-15 23:01:01+00:00,-1.2014915561728359,-1.204370672800022,,
2026-05-15 23:13:30+00:00,-12.941337018288305,-12.972348154734457,,
2026-05-15 23:23:41+00:00,-0.5200927940607994,-0.5703680257030606,,
2026-05-15 23:47:24+00:00,-14.615119509734198,-15.643394006781937,,
2026-05-16 00:00:00+00:00,-40.73668922891934,-46.244899638393555,,
2026-05-16 00:01:50+00:00,-7.3606181790820635,-33.983423952608746,,
2026-05-16 00:06:58+00:00,-0.2837700067735789,-0.548906003494263,,
2026-05-16 00:10:40+00:00,,-0.044680000000000004,,
2026-05-16 00:53:54+00:00,,-0.7655510000000001,,
2026-05-16 01:05:41+00:00,-0.03213898618410688,-0.03221600036621093,,
2026-05-16 01:55:54+00:00,-134.75901310974015,-163.74193053562468,,
2026-05-16 02:15:30+00:00,-0.04491237712816887,-0.04502,,
2026-05-16 02:16:16+00:00,-3.6859895431701465e-17,-3.6948222259525214e-17,,
2026-05-16 02:18:11+00:00,215.60735081960803,216.85144654241807,,
2026-05-16 02:26:56+00:00,-7.76385920286446,-7.782463625015627,,
2026-05-16 02:51:33+00:00,-0.5230097194656863,-0.5942630000000002,,
2026-05-16 02:51:40+00:00,-0.7151575328216992,-1.2938312543482686,,
2026-05-16 04:06:45+00:00,-1.1844141175528926,-1.1872523117639142,,
2026-05-16 04:07:23+00:00,-0.43671597917703486,-0.43776247528476586,,
2026-05-16 04:41:13+00:00,-0.0012210739355156812,-0.0012239999771118165,,
2026-05-16 05:09:32+00:00,-0.18915652678255504,-0.18960979979858458,,
2026-05-16 05:26:57+00:00,-17.240969556107594,-17.28228383906096,,
2026-05-16 05:58:34+00:00,-0.6475279382807954,-0.6490796000000091,,
2026-05-16 06:47:04+00:00,-2525.9732418483773,-2167.643266276963,,
2026-05-16 07:17:38+00:00,-108.76515601154739,-114.63708097753312,,
2026-05-16 07:47:22+00:00,-2.236338841290815,-2.3152577473179976,,
2026-05-16 09:38:38+00:00,-31.86620461993741,-31.942565139572547,,
2026-05-16 09:46:41+00:00,-67.24527844541126,-66.84177732173318,,
2026-05-16 09:48:42+00:00,,-0.05053600048828125,,
2026-05-16 10:27:41+00:00,-0.11947370690514225,-0.11976,,
2026-05-16 11:05:05+00:00,-0.06685180420367272,-0.0670120002034293,,
2026-05-16 11:36:28+00:00,-58.38234601441529,-56.50479897628866,,
2026-05-16 13:53:20+00:00,-8.875334257313714e-18,-8.896602090866757e-18,,
2026-05-16 13:55:55+00:00,-0.23166087443791356,-0.5451897731123113,,
2026-05-16 14:00:28+00:00,-0.14999856084287505,-0.20618204662192152,,
2026-05-16 14:00:29+00:00,-1.3932065170009283e-18,-1.3965450373821941e-18,,
2026-05-16 14:09:39+00:00,-0.147155373732162,-0.04679820000000001,,
2026-05-16 14:11:12+00:00,-5.100908950009032e-17,-5.113132183452732e-17,,
2026-05-16 15:12:02+00:00,-9.831357062056062,-10.005911399060704,,
2026-05-16 15:54:35+00:00,-0.21165680988495827,-0.21216400000000005,,
2026-05-16 15:57:36+00:00,-8.77194626860203e-18,-0.139774065556085,,
2026-05-16 15:58:49+00:00,-0.03526549381343334,-0.12287619347074648,,
2026-05-16 15:58:50+00:00,-5.090570549606783e-17,-5.102769009292945e-17,,
2026-05-16 16:00:38+00:00,-0.09749417613296893,-0.09772779999999999,,
2026-05-16 18:07:14+00:00,-84.21369801183846,-84.98326939718326,,
2026-05-16 18:28:28+00:00,-1.1341506286677374e-17,-1.1368683772161604e-17,,
2026-05-16 18:49:16+00:00,109.82732888913226,110.09050650956547,,
2026-05-16 19:01:38+00:00,-1.1121635387931723,-1.1116000000000024,,
2026-05-17 00:00:00+00:00,-16.608619138177545,-18.046438932896223,,
2026-05-17 00:47:31+00:00,-0.5283482779561278,-0.5296143512,,
2026-05-17 02:05:13+00:00,-1.6834143906900645,-1.6874483319506417,,
2026-05-17 02:09:10+00:00,-6.379597286256022e-17,-6.394884621840901e-17,,
2026-05-17 02:22:50+00:00,-0.5095992042146039,-0.6284203493275407,,
2026-05-17 03:46:29+00:00,-0.28529558396863475,-0.2859792336000007,,
2026-05-18 02:03:33+00:00,-5.670753143338692e-18,-0.020000000000000007,,
2026-05-18 03:23:59+00:00,-38.302974825756756,-33.151763875113204,,
2026-05-18 03:35:08+00:00,-1.7065107133595216,-1.7106000000000003,,
2026-05-18 04:21:02+00:00,-7.83286607734424,-24.979993859658517,,
2026-05-18 05:10:43+00:00,-0.012341426515854981,,,
2026-05-18 05:10:57+00:00,-0.012341426515854981,,,
2026-05-18 05:27:36+00:00,-0.7190602036703332,-0.7207832771099251,,
2026-05-18 06:04:24+00:00,-0.0322626896665228,-0.032340000277470846,,
2026-05-18 06:05:15+00:00,-0.07996837295855212,-0.08016000000000001,,
2026-05-18 06:05:31+00:00,-0.07956533955958353,-0.23722380081799757,,
2026-05-18 06:05:33+00:00,-0.21375398517909816,-0.2944262007245963,,
2026-05-18 06:05:34+00:00,-2.171282747396141e-17,-2.1764857604578922e-17,,
2026-05-18 09:28:08+00:00,-11.873400696665255,-8.95616235293763,,
2026-05-18 14:35:48+00:00,-9.650110293711109e-18,-9.673234711738072e-18,,
2026-05-18 14:38:42+00:00,-0.008143685405878901,,,
2026-05-18 15:42:04+00:00,-1.7874660269982314e-17,-1.7917493056716618e-17,,
2026-05-18 17:25:34+00:00,-9.929764112366593,-9.912791590328398,,
2026-05-18 18:20:55+00:00,-51.197698541814034,-47.71921359313663,,
2026-05-18 18:28:37+00:00,-0.42211070229849207,-0.42284220000130707,,
2026-05-18 21:31:00+00:00,-1.701225943001606e-16,-1.7053025658242407e-16,,
2026-05-18 23:41:31+00:00,-7.653660197284575,-7.672000551171895,,
2026-05-19 00:00:00+00:00,-418.4760974969047,-436.54692975320035,,
2026-05-19 00:06:24+00:00,-31.976120236463345,-42.76888217736536,,
2026-05-19 00:24:40+00:00,-111.13767106282346,-112.11282463702514,,
2026-05-19 02:39:44+00:00,-0.1471521138949387,-0.24350473235127648,,
2026-05-19 06:13:05+00:00,-0.1157366619313057,-0.11601399999999999,,
2026-05-19 06:55:51+00:00,-610.979381737173,-420.35363663537527,,
2026-05-19 13:46:59+00:00,-0.227454953025822,-0.22800000000000012,,
2026-05-19 14:18:55+00:00,-0.03890277763365353,-0.03899599979019166,,
2026-05-19 14:19:04+00:00,-0.039904377723828405,-0.04,,
2026-05-19 14:33:04+00:00,-3.544220714586679e-18,-3.552713678800501e-18,,
2026-05-19 14:35:10+00:00,-0.013966532203339944,-0.014000000000000002,,
2026-05-19 14:39:08+00:00,-0.027534021009999403,-0.027600000381469727,,
2026-05-19 14:39:15+00:00,-0.027996911791595813,-0.02806400038146973,,
2026-05-19 14:48:17+00:00,-0.019154101307437634,-0.019200000000000002,,
2026-05-19 14:57:00+00:00,-1.3072674142326186,-1.3104000000000002,,
2026-05-19 15:01:51+00:00,-2.201540893524829,-3.984140417645444,,
2026-05-19 15:55:19+00:00,-0.30546801254146827,-0.30620000106811524,,
2026-05-19 15:55:22+00:00,-0.16422447133397422,-0.16461800003051758,,
2026-05-19 15:58:00+00:00,-4.2530648575040137e-16,-4.2632564145606e-16,,
2026-05-19 16:57:44+00:00,-11.45269548265364,-11.608752946396654,,
2026-05-19 17:36:54+00:00,-3.2189057697695443e-18,-3.2266191865434503e-18,,
2026-05-19 17:57:33+00:00,-9.943061305123608,-9.96688771737065,,
2026-05-19 18:04:38+00:00,-146.40835339241568,-150.2307783953302,,
2026-05-19 18:12:04+00:00,-41.514481385606466,-43.04073311893845,,
2026-05-19 18:12:15+00:00,380.82717830109726,423.3678795022041,,
2026-05-19 19:11:27+00:00,-0.023364013233413097,-0.02342000007629395,,
2026-05-19 19:28:21+00:00,-0.037865265118147244,-0.03923880110549928,,
2026-05-19 19:48:49+00:00,-10.032878292816292,-8.474703932196096,,
2026-05-19 20:20:26+00:00,-1.701225943001606e-17,-1.7053025658242406e-17,,
2026-05-19 22:48:17+00:00,-182.45610573074936,-127.68527310043005,,
2026-05-19 23:55:31+00:00,-0.5986055702351498,-0.60004,,
2026-05-19 23:56:25+00:00,-0.03657901291350937,-0.03666666666666667,,
2026-05-19 23:56:44+00:00,-0.5986055702351498,-0.60004,,
2026-05-19 23:56:56+00:00,-5.316331071880019e-18,-5.329070518200752e-18,,
2026-05-19 23:57:02+00:00,-0.593755991210373,-0.5951788,,
2026-05-19 23:57:10+00:00,-0.5087808259549066,-0.5100000100000001,,
2026-05-19 23:57:24+00:00,-0.12678378986037103,-0.12708760000000066,,
2026-05-19 23:57:33+00:00,-0.19956179299686583,-0.20004,,
2026-05-20 00:00:00+00:00,-24.720325903808128,-25.129962858885722,,
2026-05-20 01:34:39+00:00,-0.07818499957543423,-0.0783723531453513,,
2026-05-20 01:34:41+00:00,-0.023955595054720988,-0.024012999496459964,,
2026-05-20 01:36:26+00:00,-0.054611136133945366,-0.054742000000000006,,
2026-05-20 01:36:55+00:00,-0.03723677007299048,-0.037326000000000005,,
2026-05-20 01:40:41+00:00,-0.5986055702351498,-0.60004,,
2026-05-20 02:24:09+00:00,-0.6543320283986671,-0.6558999946594238,,
2026-05-20 03:56:05+00:00,-0.5985656658574261,-0.6,,
2026-05-20 04:13:08+00:00,-0.574847362276783,-0.5762248605957035,,
2026-05-20 04:13:10+00:00,-0.2737193116594396,-0.27437522123893837,,
2026-05-20 04:27:08+00:00,-0.9774972376791233,-0.9798396,,
2026-05-20 04:35:15+00:00,-0.20953788742782298,-0.21004000000000006,,
2026-05-20 04:35:29+00:00,-0.38812083549340254,-0.3890508837697183,,
2026-05-20 04:53:48+00:00,-3.4847177315093683e-17,-3.493068109595918e-17,,
2026-05-20 05:03:25+00:00,-0.29640971773259733,-0.29711999999999994,,
2026-05-20 05:03:26+00:00,-0.00047087167807185435,-0.0004720000209808351,,
2026-05-20 05:03:27+00:00,-0.056983451389626974,-0.05712000000000001,,
2026-05-20 05:27:24+00:00,-0.036484716525524444,-0.03657214431762763,,
2026-05-20 06:20:13+00:00,-0.4598201397305609,-0.460922,,
2026-05-20 07:32:10+00:00,-1.7537023357975523,-1.7579047070320313,,
2026-05-20 07:35:51+00:00,-598.1150876969316,-612.9052680167287,,
2026-05-20 08:05:36+00:00,-0.05605398698060621,-2.7330912344249646e-16,,
2026-05-20 08:22:54+00:00,-0.18012596678269802,-0.1805576,,
2026-05-20 09:24:02+00:00,-0.8922419581751524,-0.8943800245178224,,
2026-05-20 11:10:50+00:00,-0.16847628275000354,-0.16888,,
2026-05-20 11:11:04+00:00,-0.8061803354723381,-0.8081121736083985,,
2026-05-20 11:20:50+00:00,109.88749641190878,20.13487225546453,,
2026-05-20 11:23:59+00:00,-3.8336769237020123,-1.163583184033905,,
2026-05-20 11:40:46+00:00,-0.33879614565016886,-0.33960799789428714,,
2026-05-20 11:41:01+00:00,-0.44317961517594723,-0.44424160000000007,,
2026-05-20 11:41:14+00:00,-0.0798087554476568,-0.07999999999999999,,
2026-05-20 11:53:50+00:00,-0.6388154159704542,-0.6403462000000001,,
2026-05-20 11:53:53+00:00,-0.9447745021093035,-0.9470384514179688,,
2026-05-20 12:31:31+00:00,-0.008061482444090369,-0.00808080005645752,,
2026-05-20 13:16:17+00:00,-1.3627327035717425,-1.3659982,,
2026-05-20 13:16:26+00:00,-0.2011667470689183,-0.20164880000000007,,
2026-05-20 13:28:39+00:00,-0.022386355903067732,-0.022439999999999998,,
2026-05-20 13:44:26+00:00,-2.168902690234391,-2.174100000000008,,
2026-05-20 13:47:38+00:00,-0.19956179299686583,-0.20004,,
2026-05-20 14:07:37+00:00,-0.04988047215478553,-0.050000000000000024,,
2026-05-20 14:54:01+00:00,-0.3597873028267903,-0.3606494558735572,,
2026-05-20 14:57:07+00:00,-0.05746230392231297,-0.05760000000000007,,
2026-05-20 15:04:28+00:00,-0.5971948068268527,-0.5986258559999998,,
2026-05-20 15:15:43+00:00,-0.5196914122506402,-0.5209367411739518,,
2026-05-20 15:43:13+00:00,-0.11971313317148521,-0.12,,
2026-05-20 16:00:59+00:00,-0.0008184387871157205,-0.0008203999999999999,,
2026-05-20 16:29:15+00:00,-2.835376571669344e-17,-2.8421709430404014e-17,,
2026-05-20 17:37:28+00:00,-1.4176882858346717e-16,-1.4210854715202006e-16,,
2026-05-20 17:39:38+00:00,-0.019952188861914206,-0.020000000000000004,,
2026-05-20 18:58:09+00:00,-0.8532969011274092,-0.855341644,,
2026-05-22 00:00:00+00:00,-465.82103245468437,-464.47062445817073,,
2026-05-22 00:29:37+00:00,-2.5591754858836664,-2.5653080006362172,,
2026-05-22 00:30:31+00:00,-0.6978677101656751,-0.6995400003433228,,
2026-05-22 00:36:33+00:00,-1.2151847524872807e-16,-1.2180966819203379e-16,,
2026-05-22 02:10:56+00:00,-0.01825625299893041,-0.018300000190734876,,
2026-05-22 02:59:18+00:00,-18.50195705630072,-18.546293025140958,,
2026-05-22 03:12:29+00:00,-0.04583017834859785,-0.045940000534057626,,
2026-05-22 04:46:25+00:00,-0.10326055823595076,-0.10350800000000002,,
2026-05-22 06:11:42+00:00,-642.0318911019797,-580.5262908954763,,
2026-05-22 06:34:13+00:00,-0.008241451071745141,-0.031981199940300145,,
2026-05-22 06:34:14+00:00,-2.8353765716693435e-18,-2.842170943040401e-18,,
2026-05-22 06:34:15+00:00,-0.006699147165177688,-0.025375200233459475,,
2026-05-22 06:47:26+00:00,-0.9982405921004062,-1.0006326614178165,,
2026-05-22 07:28:00+00:00,0.1805047743295074,0.18093731527778756,,
2026-05-22 07:29:31+00:00,29.672456174317247,28.82573984577994,,
2026-05-22 07:32:30+00:00,-0.01656031713594659,-0.016600000381469728,,
2026-05-22 12:45:45+00:00,-9.54470811777361,-9.567579962109376,,
2026-05-22 13:40:44+00:00,-3.737461181714406,-4.468583196441658,,
2026-05-22 13:50:54+00:00,-0.11255628247872979,-0.11282599945070007,,
2026-05-22 14:37:41+00:00,-0.05187569104097693,-0.05200000000000001,,
2026-05-22 14:37:54+00:00,-4.042183724986109e-16,-4.0518699506719727e-16,,
2026-05-22 14:38:11+00:00,-1.9697638836413902,-1.9411240000000003,,
2026-05-22 14:41:29+00:00,-0.03339198346196735,-0.03347200018310547,,
2026-05-22 15:11:58+00:00,-1.058369844682499,-1.0609060008476279,,
2026-05-22 15:18:52+00:00,-8.168688097401768,-7.284705000126076,,
2026-05-22 15:51:06+00:00,-16.8789981858261,-10.775996337015467,,
2026-05-22 15:51:10+00:00,-1.2759194572512046e-16,-1.2789769243681805e-16,,
2026-05-22 15:51:27+00:00,-1.459346979042514,-1.4628439908447268,,
2026-05-22 15:58:48+00:00,-0.005602574426924297,-0.005615999794006349,,
2026-05-22 15:58:55+00:00,-9.214973857925366e-18,-9.237055564881304e-18,,
2026-05-22 16:01:52+00:00,-1.8142499394293066,-1.8185974000000003,,
2026-05-22 16:04:36+00:00,-11.094214630801083,-11.101659534567165,,
2026-05-22 16:05:29+00:00,-1.0750433353931685,-1.0776194460000008,,
2026-05-22 16:06:53+00:00,-0.6243039894892954,-0.6258,,
2026-05-22 16:09:06+00:00,3.005473007941894,10.799070918000032,,
2026-05-22 16:11:31+00:00,-0.2374958968591087,-0.2380650048000032,,
2026-05-22 16:12:20+00:00,-5.494005947783759,-5.507171153808602,,
2026-05-22 16:17:18+00:00,-0.0073902907544530945,-0.007408000000000075,,
2026-05-22 16:33:27+00:00,-0.009976094430957112,-0.01000000000000001,,
2026-05-22 16:34:00+00:00,-0.09976094430957101,-0.1,,
2026-05-22 17:13:02+00:00,-0.00039984186479276063,-0.00040080000000000004,,
2026-05-22 17:28:56+00:00,-3.0793787200176,-3.0867577901647487,,
2026-05-22 17:41:26+00:00,-0.3537351515299288,-0.3545828018951417,,
2026-05-22 17:42:49+00:00,-7.497110207166883e-16,-7.515075422604651e-16,,
2026-05-22 17:55:58+00:00,-1.5961751089531362e-05,-1.6e-05,,
2026-05-22 17:57:48+00:00,-0.13175255528053276,-0.13010827200000002,,
2026-05-22 18:19:41+00:00,-126.76021348243653,-125.5493676538028,,
2026-05-22 18:27:51+00:00,-0.00199521888619142,-0.002,,
2026-05-22 18:39:46+00:00,1415.6480964537063,1255.1286205375604,,
2026-05-22 19:13:24+00:00,-0.12184801737971004,-0.12214000000000001,,
2026-05-22 19:13:31+00:00,-0.26572324806628783,-0.26635999679565436,,
2026-05-23 00:00:00+00:00,-0.11409899392161357,-0.11437240767043037,,
2026-05-23 00:41:44+00:00,21296.79096287754,22447.480196050594,,
2026-05-23 00:43:52+00:00,3921.849970308468,4062.081183916237,,
2026-05-23 02:22:25+00:00,-0.037909158837637,-0.03800000000000001,,
2026-05-23 04:59:01+00:00,-0.13472316247762292,-0.13504599761962927,,
2026-05-23 05:24:41+00:00,-3.8060145012039005e-14,-3.815134798036143e-14,,
2026-05-23 06:01:22+00:00,-1.385871751408529,-1.344031494175006,,
2026-05-23 06:01:55+00:00,-2.687595693410594,-2.129706461926321,,
2026-05-23 06:02:32+00:00,-1.1335957527945704,-0.9543121717020614,,
2026-05-23 06:06:42+00:00,-3.599588193842173,-3.6082138343359995,,
2026-05-23 06:11:45+00:00,-17.36031394088672,-17.177076366842176,,
2026-05-23 06:11:49+00:00,-44.48108464322435,-40.64179565693717,,
2026-05-23 06:12:57+00:00,-1063.7073024359777,-1016.1305032275751,,
2026-05-23 07:58:41+00:00,-0.4984793292208563,-0.49967382794013154,,
2026-05-23 10:54:28+00:00,-4.1290171324934815e-16,-4.138911435802584e-16,,
2026-05-23 11:02:17+00:00,-2.4948457622772003e-16,-2.500824124654809e-16,,
2026-05-23 11:02:38+00:00,-0.039218020988470076,-0.03931199855804444,,
2026-05-23 11:03:11+00:00,-0.00798087554476568,-0.008,,
2026-05-23 13:12:29+00:00,-0.1974073585662406,-0.19788040292968784,,
2026-05-23 19:07:00+00:00,-1.197171236092576,-1.20004,,
2026-05-24 00:00:00+00:00,-4.803526140438697,-4.175036759809269,,
2026-05-24 02:01:52+00:00,-0.11890706474146402,-0.11919200000000015,,
2026-05-24 23:13:20+00:00,-5.954290800505621e-17,-5.968558980384841e-17,,
2026-05-24 23:47:17+00:00,-1.594899321564007e-17,-1.5987211554602268e-17,,
2026-05-25 00:00:28+00:00,-4.146738236066414e-17,-4.1566750041965856e-17,,
2026-05-25 04:07:41+00:00,-0.15961751089531365,-0.16000000000000003,,
2026-05-25 04:18:20+00:00,-2.977145400252811e-16,-2.9842794901924215e-16,,
2026-05-25 04:51:03+00:00,-22.151549322420863,-22.204630755781302,,
2026-05-25 05:46:28+00:00,-1392.6982351335253,-1390.375379108393,,
2026-05-25 05:58:12+00:00,-4.252726929236066,-4.262917676516651,,
2026-05-25 06:14:47+00:00,-5.002516013612815,-11.784834473165532,,
2026-05-25 06:21:56+00:00,-7.009510246357508,-7.026307033147259,,
2026-05-25 08:52:03+00:00,-1.772110357293339e-18,-1.77635683940025e-18,,
2026-05-25 15:03:31+00:00,-6.229988817840879,-5.490637648843043,,
2026-05-25 15:44:30+00:00,-0.09069466969071721,-0.090912,,
2026-05-25 17:22:56+00:00,-0.28826999667660025,-0.28896077384959534,,
2026-05-25 18:09:07+00:00,-0.043096728218949464,-0.043200000277879076,,
2026-05-25 18:29:32+00:00,-6.898178893407924,-6.9147088985064045,,
2026-05-25 19:00:48+00:00,-3.912821912325404e-16,-0.004858000000000393,,
2026-05-25 19:00:56+00:00,-9.218149368966827,-9.636958701832878,,
2026-05-25 19:11:25+00:00,-46.44686572333673,-46.498165667724784,,
2026-05-25 23:23:47+00:00,-1.2759195017373156e-16,-1.278976968960893e-16,,
2026-05-26 00:00:00+00:00,-10.325832979807522,-10.517269199192869,,
2026-05-26 01:31:17+00:00,1474.1281421297354,1477.60692900867,,
2026-05-26 01:45:10+00:00,-3.1897986431280116e-17,-3.197442310920451e-17,,
2026-05-26 03:18:03+00:00,970.45405211231,952.9205227276036,,
2026-05-26 04:07:54+00:00,-0.23595770241194516,-0.2365231244000038,,
2026-05-26 08:09:17+00:00,-0.035913939951445574,-0.03600000000000001,,
2026-05-26 11:30:25+00:00,-1.339736870338665e-15,-1.3429472621883867e-15,,
2026-05-26 12:49:21+00:00,-9.976094430957102e-05,-0.0029399999618530273,,
2026-05-26 13:09:44+00:00,4.4696103207448e-14,4.480320782524898e-14,,
2026-05-26 13:49:12+00:00,-1.1500128752225315e-17,-1.1527686342401632e-17,,
2026-05-26 14:02:30+00:00,-6.699113332790334,-7.757999755058658,,
2026-05-26 15:11:55+00:00,-2.2756256704387863e-16,-2.2810787189195283e-16,,
2026-05-26 15:12:07+00:00,-0.07838287602441063,-0.07120070387720655,,
2026-05-26 15:42:50+00:00,-3.969527200337081e-16,-3.9790393202565616e-16,,
2026-05-26 15:57:49+00:00,-0.7408763519390983,-0.5394517030954156,,
2026-05-26 15:57:51+00:00,-21.248998120439794,-21.102195171665297,,
2026-05-26 16:12:10+00:00,,-0.0084,,
2026-05-26 16:19:08+00:00,-3.481141550407968e-17,-3.4894833589440974e-17,,
2026-05-26 16:19:15+00:00,-1.3223487486122902e-15,-1.325517473560467e-15,,
2026-05-26 16:38:23+00:00,-8.412961816478452,-9.33212167372028,,
2026-05-26 16:49:58+00:00,-1.4582743930056781e-15,-1.4617688345856728e-15,,
2026-05-26 17:20:48+00:00,,-0.014520000000000052,,
2026-05-26 17:57:50+00:00,-2.6234217360238152,-2.629708203125064,,
2026-05-26 17:58:43+00:00,-0.04189959660997338,-0.04199999999995345,,
2026-05-26 19:23:35+00:00,-16.92329821547158,-16.095618532041833,,
2026-05-26 19:23:46+00:00,-0.011296929333615821,-0.011324,,
2026-05-26 19:29:08+00:00,-0.06574328078469924,-0.06590082044601482,,
2026-05-26 20:01:53+00:00,-7.088441429173359e-17,-7.105427357601003e-17,,
2026-05-26 21:25:12+00:00,-18.656571735582823,-18.708768605328753,,
2026-05-26 21:25:17+00:00,-8.750114338993637,-7.57850813277771,,
2026-05-26 21:35:25+00:00,-16.128823922507312,-16.22221918777015,,
2026-05-26 22:10:54+00:00,-0.029078320047354854,-0.0291480000000011,,
2026-05-26 22:49:23+00:00,-0.0011995255943782817,-0.0012024,,
2026-05-26 23:19:23+00:00,437.1491763638924,438.1967105357007,,
2026-05-26 23:32:31+00:00,-4.536602514670949e-16,-4.547473508864641e-16,,
2026-05-27 00:00:00+00:00,-0.00032694933752726286,-0.000327732801438504,,
2026-05-27 00:05:33+00:00,-6.157060392526335e-16,-6.17181446621053e-16,,
2026-05-27 00:05:40+00:00,-4.656858514806188e-15,-4.6680176766925524e-15,,
2026-05-27 00:06:50+00:00,-0.27248949327608407,-0.27314245585979446,,
2026-05-27 00:18:57+00:00,-2.480954500210676e-18,-2.486899575160351e-18,,
2026-05-27 00:38:50+00:00,-0.019885996033050732,-0.0089864,,
2026-05-27 01:54:52+00:00,-0.8511008301480584,-0.8531403106079102,,
2026-05-27 03:19:19+00:00,10929.663860721737,10958.442720169845,,
2026-05-27 06:09:07+00:00,-2831.3297322360577,-2837.6660035242503,,
2026-05-27 07:52:26+00:00,-0.13464175992174673,-0.1349644000000001,,
2026-05-27 11:47:03+00:00,-2.517814395642377e-15,-2.523847797419876e-15,,
2026-05-27 15:49:34+00:00,-0.009158553522784791,-0.004,,
2026-05-27 16:47:15+00:00,-0.9936190053233273,-0.9960000000000001,,
2026-05-27 16:53:21+00:00,-0.4610218121804609,-0.4621265520000002,,
2026-05-27 17:09:46+00:00,-0.399043762015972,-0.399999984741211,,
2026-05-27 17:22:14+00:00,-1.0286348954274205,-1.0310997981689454,,
2026-05-27 18:05:27+00:00,-120.07382283530426,-109.47874054123136,,
2026-05-27 18:16:13+00:00,-0.9513545603378784,-0.9536342773437501,,
2026-05-27 18:23:48+00:00,-0.4488615995200431,-0.4499372,,
2026-05-27 18:55:14+00:00,-0.3990062671232236,-0.39996239999999994,,
2026-05-27 18:56:28+00:00,-0.3990062671232236,-0.39996239999999994,,
2026-05-27 18:58:13+00:00,-0.5986255352107539,-0.6000600128173827,,
2026-05-27 20:07:20+00:00,-17.896539248463455,-17.9394244634736,,
2026-05-27 20:09:32+00:00,-0.09577050653718686,-0.09599999999999868,,
2026-05-27 20:29:41+00:00,-1.134150628667737e-16,-1.13686837721616e-16,,
2026-05-27 21:11:30+00:00,-1.6342814100301486,-1.6381976146484378,,
2026-05-27 21:33:02+00:00,-129.03230553497647,-129.3418637598007,,
2026-05-27 22:14:43+00:00,-0.04380942011586485,-0.052419599975144573,,
2026-05-27 22:25:32+00:00,-0.1548289855684547,-0.13440000000000046,,
2026-05-27 23:19:43+00:00,-24.80662904653833,-24.866072808573442,,
2026-05-27 23:26:15+00:00,-1.9788583441303482,-1.8617402541839685,,
2026-05-28 00:00:00+00:00,13.141335458546466,13.172357848308598,,
2026-05-28 06:07:58+00:00,-2207.56495196572,-2212.9956717463638,,
2026-05-28 18:32:37+00:00,-0.5986055702351498,-0.60004,,
2026-05-28 18:32:46+00:00,-0.027693638368671593,-0.027760000228881837,,
2026-05-28 18:32:53+00:00,-0.5986055702351498,-0.60004,,
2026-05-28 18:33:00+00:00,-0.29928283292871305,-0.30000000000000004,,
2026-05-28 18:33:16+00:00,-0.11145293200601575,-0.11172000503540042,,
2026-05-28 18:35:31+00:00,-0.7764982947529238,-0.7783590062493293,,
2026-05-28 18:42:39+00:00,-0.3655590265449989,-0.3664350102888184,,
2026-05-28 19:07:43+00:00,-0.10179686566104074,-0.10204080000000001,,
2026-05-28 19:13:31+00:00,-0.43777207318964695,-0.4388211000000001,,
2026-05-28 19:48:26+00:00,-0.008754421906942094,-0.008775400000000001,,
2026-05-28 19:48:33+00:00,-0.047845347977531566,-0.047959999084472696,,
2026-05-28 19:48:38+00:00,-0.09569069595506306,-0.09591999816894532,,
2026-05-28 19:48:52+00:00,-0.7069669126168021,-0.7086610070800784,,
2026-05-28 19:48:59+00:00,-0.04788525326859409,-0.04800000000000001,,
2026-05-28 19:49:16+00:00,-0.19952188861914202,-0.2,,
2026-05-28 19:49:22+00:00,-0.21947407748105624,-0.22,,
2026-05-28 19:49:27+00:00,-0.19952188861914202,-0.2,,
2026-05-28 19:49:34+00:00,-0.2992828329287131,-0.3000000000000001,,
2026-05-28 19:52:15+00:00,-1.6460164748177522,-1.6499608000000001,,
2026-05-28 21:26:55+00:00,-0.19752666973295074,-0.19800000000000018,,
2026-05-29 00:00:00+00:00,-0.30141212730085015,-0.30323231401664297,,
2026-05-29 04:26:54+00:00,-185.28416641985618,-185.74416015543682,,
2026-05-29 05:51:02+00:00,-2.1901834066643846,-2.19543171109925,,
2026-05-29 06:04:26+00:00,-679.8955462374759,-681.5247699818004,,
2026-05-29 14:53:10+00:00,-2.1619985087821703,-2.167179274158845,,
2026-05-29 14:53:24+00:00,-1.2769119492103747,-1.277979994621303,,
2026-05-29 15:01:32+00:00,-0.7876584314685935,-0.7895458858372355,,
2026-05-29 15:12:46+00:00,-0.48413786763221534,-0.4852980001170332,,
2026-05-29 15:42:43+00:00,-0.2345169626255428,-0.23507893218994258,,
2026-05-29 15:43:48+00:00,-0.9431067793216894,-0.9453667322906528,,
2026-05-29 15:45:22+00:00,-0.39174487273524106,-0.3758036596746765,,
2026-05-29 15:46:58+00:00,-2.244907161815053,-2.257173799983274,,
2026-05-29 15:48:38+00:00,-8.322762205445054,-8.342705918679412,,
2026-05-29 16:57:54+00:00,-186.91561678252694,-187.36351993872853,,
2026-05-29 17:12:56+00:00,-172.8018000204437,-170.31360224415323,,
2026-05-29 18:07:09+00:00,-54.300067805504995,-54.43018626307798,,
2026-05-29 19:40:45+00:00,19.15978075098789,19.205693053117688,,
2026-05-29 20:02:51+00:00,-50.31753246219279,-50.79810762862371,,
2026-05-29 20:55:02+00:00,-5.61760416854462,-6.130651351176494,,
2026-05-29 23:14:02+00:00,-175.21090295714785,-175.6307582789573,,
2026-05-30 00:00:00+00:00,-2.4145481056147258,-2.338870452965801,,
2026-05-30 02:32:15+00:00,-3.078071035838455,-3.085446972401149,,
2026-05-30 06:02:07+00:00,-1538.8292020494182,-1542.5166759390665,,
2026-05-30 06:12:16+00:00,-0.09976094430957101,-0.1,,
2026-05-30 08:47:48+00:00,-2.956673833253035,-2.9637588674763307,,
2026-05-30 09:41:58+00:00,-0.4344702010055137,-0.43551131558788864,,
2026-05-30 11:04:13+00:00,-0.1356748842610166,-0.13600000000000004,,
2026-05-30 11:04:15+00:00,-0.15764823387333307,-0.15802600402832034,,
2026-05-30 11:04:16+00:00,-6.772844684633572e-17,-6.789074353202358e-17,,
2026-05-30 11:04:18+00:00,-0.5027951593202378,-0.504,,
2026-05-30 11:04:20+00:00,-0.023942626634297057,-0.024000000000000014,,
2026-05-30 15:25:47+00:00,-0.6582136013327516,-0.6597908689499072,,
2026-05-30 17:01:52+00:00,-23.51167938215234,-23.568020075263703,,
2026-05-30 18:11:06+00:00,-8.171632491979894,-8.191214055294294,,
2026-05-30 18:32:53+00:00,-47.85140279829047,-47.966068414309945,,
2026-05-31 00:00:00+00:00,-5147.1409594004535,-5136.272307140002,,
2026-05-31 00:00:21+00:00,-7.672122532869277e-16,-7.690507127781086e-16,,
2026-05-31 00:19:22+00:00,-18.749045776086334,-18.79397384000861,,
2026-05-31 01:06:00+00:00,-3.7048182157163883e-16,-3.713696017371149e-16,,
2026-05-31 03:20:26+00:00,-0.00598565665857426,-0.005999999999999999,,
2026-05-31 03:54:31+00:00,-12.433059754035472,-12.462852913114066,,
2026-05-31 04:37:03+00:00,553.8741180694093,554.6738819823756,,
2026-05-31 05:09:24+00:00,-82.49477610399869,-82.69245712831949,,
2026-05-31 06:03:12+00:00,-3.298771352521669e-15,-3.3066761500223558e-15,,
2026-05-31 06:03:35+00:00,-0.8478361426629764,-0.8498678,,
2026-05-31 07:26:32+00:00,-7.088441429173358e-18,-7.105427357601002e-18,,
2026-05-31 07:26:50+00:00,-0.19956179299686583,-0.20004,,
2026-05-31 07:27:07+00:00,-0.1891467526942935,-0.18960000228881843,,
2026-05-31 07:27:16+00:00,-0.03990437772382844,-0.040000000000000036,,
2026-05-31 07:27:28+00:00,-0.3992033947491794,-0.40016,,
2026-05-31 08:33:37+00:00,-0.4988446259255788,-0.50004,,
2026-05-31 08:44:46+00:00,-19.380107689506417,-19.426547957853582,,
2026-05-31 12:11:44+00:00,-5.670753143338685e-17,-5.684341886080802e-17,,
2026-05-31 12:28:58+00:00,-0.1342518403922157,-0.13457354611200853,,
2026-05-31 13:30:48+00:00,-0.6386050211335261,-0.6401353009970042,,
2026-05-31 14:43:03+00:00,-0.11527177550459838,-0.11554799957275393,,
2026-05-31 16:44:03+00:00,-0.6754658029339757,-0.00444880000000238,,
2026-05-31 16:47:11+00:00,-0.00510776042476183,-0.00512000007629418,,
2026-05-31 18:09:57+00:00,-0.43779092800812347,-0.43884000000000206,,
2026-05-31 20:27:11+00:00,-3.014374897561136,-3.0215982000001365,,
2026-05-31 20:35:26+00:00,-5.645717413868769,-5.6592461638588585,,
2026-05-31 21:00:42+00:00,-10.224252214196728,-10.248752440102775,,
2026-05-31 21:37:27+00:00,-6.080124121397805,-6.094693833821781,,
2026-05-31 21:50:48+00:00,-1.043603553319501,-1.0461043252368036,,
2026-05-31 22:04:52+00:00,-0.00399043777238284,-0.004,,
2026-05-31 22:05:42+00:00,-7.088441429173359e-19,-7.105427357601002e-19,,
2026-05-31 22:38:10+00:00,-37.94754820675346,-39.400141360999704,,
2026-05-31 23:10:31+00:00,-1.7636600374410125,-1.7678862701701672,,
2026-05-31 23:10:48+00:00,-1.0697565548237062,-1.0723199967956543,,
2026-05-31 23:30:21+00:00,-1.5961751089531484,-1.6000000000000125,,
2026-06-01 00:00:00+00:00,,,-9.315921567603566e-15,-2.8005331387248594e-14
2026-06-01 01:47:15+00:00,-2.5355042062520754,-2.541579997863774,,
2026-06-01 01:58:24+00:00,-1.2071073896122668,-1.209999963378913,,
2026-06-01 02:22:12+00:00,-96.38674739842362,-79.08330828329323,,
2026-06-01 02:46:40+00:00,-0.2250015217587691,-0.22554068961151827,,
2026-06-01 02:49:46+00:00,-0.00254450413987345,-0.002550601497894334,,
2026-06-01 03:20:25+00:00,-200.40456735375662,-203.08975807079835,,
2026-06-01 04:03:35+00:00,-293.18466665902247,-310.43784705093157,,
2026-06-01 04:11:43+00:00,-0.4004736901588855,-0.40143333940000037,,
2026-06-01 04:12:43+00:00,2433.0342858950257,2438.8645303366498,,
2026-06-01 04:18:33+00:00,-0.19956179299686583,-0.20004,,
2026-06-01 04:24:12+00:00,-0.1356748842610166,-0.136,,
2026-06-01 04:49:17+00:00,-341.33965092141926,-342.0135981299842,,
2026-06-01 04:50:17+00:00,-1.6193196480329566,-1.6232,,
2026-06-01 05:05:56+00:00,-8.038463385720682,-3.361665837855241,,
2026-06-01 05:18:29+00:00,-0.5726278203369376,-0.5740000000000002,,
2026-06-01 05:28:50+00:00,-0.11971313317148538,-0.12000000000000018,,
2026-06-01 05:52:07+00:00,-1.0384591545729316,-1.0409475990428274,,
2026-06-01 05:58:14+00:00,-4.18811568731155,-4.198151607622407,,
2026-06-01 06:01:25+00:00,-196.155296034095,-200.513402696369,,
2026-06-01 06:04:23+00:00,0.3948807745794284,0.3958270215988159,,
2026-06-01 06:09:35+00:00,-145.529790133162,-145.89288083881897,,
2026-06-01 06:15:23+00:00,-134.63753435515596,-137.4622671314109,,
2026-06-01 06:18:02+00:00,-16.07374090254954,-14.44123818599541,,
2026-06-01 06:18:53+00:00,-53.74631178057093,-53.96510328068791,,
2026-06-01 06:20:49+00:00,-19.896433950767147,-19.94411148417557,,
2026-06-01 06:22:25+00:00,-0.9423470675173139,-0.944605200000002,,
2026-06-01 06:28:52+00:00,-83.48102613357173,-83.6810704944005,,
2026-06-01 06:30:17+00:00,-0.01108388002844209,-0.01111044016789515,,
2026-06-01 06:39:32+00:00,522.8744925122774,523.35593242701,,
2026-06-01 06:42:34+00:00,-6.559023749652061e-16,-6.574741042244518e-16,,
2026-06-01 06:45:06+00:00,,,-4.5381258968383944e-17,-1.3642420526593925e-16
2026-06-01 06:55:45+00:00,-7.725294143905445e-18,-7.743806153170389e-18,,
2026-06-01 07:58:49+00:00,-0.01596175108953187,-0.01600000000000051,,
2026-06-01 07:59:27+00:00,-0.2655636337520783,-0.26620000000000027,,
2026-06-01 08:00:27+00:00,-5.36174139978566e-17,-5.3745896622103825e-17,,
2026-06-01 08:02:54+00:00,-3.585084418304762,-3.593675303613592,,
2026-06-01 08:03:43+00:00,-0.5790324729616152,-0.5804200000000032,,
2026-06-01 08:03:44+00:00,-5.766789581457546,-5.780608454910429,,
2026-06-01 08:24:15+00:00,-0.5445428041137029,-0.5458476840635318,,
2026-06-01 08:27:06+00:00,-0.0012403520861661377,-0.0012433243237124601,,
2026-06-01 08:28:37+00:00,-0.1082629949677281,-0.10852242399768605,,
2026-06-01 08:29:09+00:00,-0.07706712671740028,-0.0772518015449524,,
2026-06-01 08:29:17+00:00,-1.7721103572933396e-17,-1.7763568394002508e-17,,
2026-06-01 08:42:18+00:00,-4.272073487180574,-4.282310594338183,,
2026-06-01 09:00:12+00:00,-1.0410348719918243,-1.0435294886156645,,
2026-06-01 09:56:28+00:00,-0.022945017873468,-0.023000000683901574,,
2026-06-01 10:04:56+00:00,-1.0873823216610077,-1.0899880000000008,,
2026-06-01 10:19:17+00:00,-0.02776147546068893,-0.027827999877929693,,
2026-06-01 10:27:35+00:00,,,-2.1272465141429974e-17,-6.394884621840902e-17
2026-06-01 10:27:37+00:00,,,-1.581253242179628e-15,-4.7535309022350705e-15
2026-06-01 11:11:19+00:00,-0.040551495309305685,-0.040648668263874074,,
2026-06-01 11:26:06+00:00,-3.550152795293055,-3.558659974465032,,
2026-06-01 12:21:48+00:00,-0.35913939951445567,-0.36000000000000004,,
2026-06-01 12:22:25+00:00,-16.98242189512083,-17.023116624099103,,
2026-06-01 12:25:01+00:00,594.4745442292593,595.5930028769665,,
2026-06-01 13:04:16+00:00,4.7386448547046225,4.75,,
2026-06-01 13:11:41+00:00,-10.52830165210733,-10.553530467230402,,
2026-06-01 13:20:21+00:00,-56.9077724392167,-57.81032034351245,,
2026-06-01 13:54:09+00:00,-64.65727678512408,-64.81221407095371,,
2026-06-01 14:01:30+00:00,-0.0031923502179062725,-0.0032,,
2026-06-01 14:55:38+00:00,-1.1391459099490232e-16,-1.1418756286168536e-16,,
2026-06-01 15:25:47+00:00,-0.1197131331714852,-0.12,,
2026-06-01 15:33:00+00:00,-0.0003192350217906272,-0.00032,,
2026-06-01 15:50:07+00:00,-0.015717137097294477,-0.01575479984283447,,
2026-06-01 16:22:35+00:00,-0.29926457667590445,-0.2999817000000001,,
2026-06-01 16:27:51+00:00,,,-4.538125896838394e-16,-1.3642420526593924e-15
2026-06-01 17:31:51+00:00,-0.04189959661001983,-0.04200000000000001,,
2026-06-01 17:42:03+00:00,-4.984060379887517e-18,-4.996003610813204e-18,,
2026-06-01 17:42:17+00:00,-0.11959341729829766,-0.11987999725341808,,
2026-06-01 18:58:18+00:00,-0.0799264733619421,-0.08011800000000001,,
2026-06-01 19:29:08+00:00,,,-6.386392906017244e-15,-1.9198642711221835e-14
2026-06-01 19:29:11+00:00,,,-9.983699703878665e-15,-3.0012792255594454e-14
2026-06-01 19:32:43+00:00,-7.655516743507227e-17,-7.673861546209084e-17,,
2026-06-01 19:41:09+00:00,-0.7880149760488,-0.7899032848,,
2026-06-01 20:05:02+00:00,-7.442865390767749e-18,-7.46070062014608e-18,,
2026-06-01 20:05:03+00:00,-0.0003541937601322311,-0.00035504250945452394,,
2026-06-01 20:38:24+00:00,-0.07980875544765681,-0.08,,
2026-06-01 20:42:48+00:00,-0.08212320935563885,-0.08232,,
2026-06-01 20:42:52+00:00,-0.1897493069864681,-0.19020400047302247,,
2026-06-01 20:42:53+00:00,-1.0828348503752466e-17,-1.0854296316753692e-17,,
2026-06-01 20:50:00+00:00,-0.039904377723828405,-0.04,,
2026-06-01 21:08:30+00:00,-0.010631884844710473,-0.010657361874721605,,
2026-06-01 21:08:37+00:00,-0.21991459174706351,-0.22044156986389415,,
2026-06-01 22:02:31+00:00,-3.012587607398678e-17,-3.019806626980426e-17,,
2026-06-01 22:43:19+00:00,-6.626102263488087e-18,-6.641980295341273e-18,,
2026-06-01 22:47:14+00:00,-0.10578743462589829,-0.10604093150684932,,
2026-06-01 22:47:15+00:00,-0.09421423580595889,-0.09444000000000002,,
2026-06-01 22:51:15+00:00,0.7415645934250388,0.7433415938043533,,
2026-06-01 22:51:16+00:00,-1.757933474434993e-16,-1.7621459846850486e-16,,
2026-06-01 23:09:04+00:00,-1.9264985072031086e-17,-1.9311149473735297e-17,,
2026-06-01 23:24:25+00:00,-0.19956179299686583,-0.20004,,
2026-06-01 23:24:28+00:00,-0.024361623837425024,-0.024420001239992058,,
2026-06-01 23:27:29+00:00,-0.3245921847383361,-0.3253700002388559,,
2026-06-01 23:56:58+00:00,-0.12174906230430847,-0.12204080779999987,,
2026-06-02 00:00:00+00:00,,,-1.3719375307893286e-14,-4.12429032528258e-14
2026-06-02 00:01:31+00:00,-0.04290119649088797,-0.043004000000000056,,
2026-06-02 00:08:06+00:00,,,-3.01750153038245e-13,-9.071150900815141e-13
2026-06-02 06:11:21+00:00,,,-4.6348621097929844e-14,-1.3933226935952485e-13
2026-06-02 07:23:55+00:00,,,-3.722681671470777e-18,-1.1191048905062241e-17
2026-06-02 08:53:05+00:00,-0.033236356206176675,-0.033316,,
2026-06-02 09:47:00+00:00,,,-1.0990773656405486e-17,-3.304023721284466e-17
2026-06-02 11:33:35+00:00,-3.1897986431280115e-18,-3.197442310920451e-18,,
2026-06-02 12:29:49+00:00,,,-3.5454108569049956e-18,-1.0658141036401505e-17
2026-06-02 12:46:53+00:00,-0.009976094430957101,-0.01,,
2026-06-02 12:47:19+00:00,-1.0632662143760038e-17,-1.0658141036401505e-17,,
2026-06-02 13:32:12+00:00,,,-9.95001422735235e-16,-2.991152767042046e-15
2026-06-02 14:33:03+00:00,,,-3.084507445507346e-17,-9.272582701669308e-17
2026-06-02 14:37:46+00:00,,,-1.520272177637315e-15,-4.5702108830118966e-15
2026-06-02 14:57:26+00:00,,,-8.863527142262489e-19,-2.6645352591003758e-18
2026-06-02 14:58:29+00:00,,,-1.64926725693773e-15,-4.9579932314266046e-15
2026-06-02 14:59:07+00:00,,,-8.985003277579695e-14,-2.701053164500429e-13
2026-06-02 15:16:07+00:00,,,-1.788195276820994e-17,-5.375635781073565e-17
2026-06-02 15:52:09+00:00,,,-2.9803388448292176e-15,-8.959433201540208e-15
2026-06-02 16:00:12+00:00,,,-1.9362860781399323e-18,-5.82082329539985e-18
2026-06-02 16:00:17+00:00,,,-7.97717442803624e-19,-2.3980817331903386e-18
2026-06-02 16:01:06+00:00,,,-3.0135992283692463e-18,-9.059419880941278e-18
2026-06-02 16:01:51+00:00,,,-2.799084810030946e-17,-8.414551058322761e-17
2026-06-02 16:03:29+00:00,,,-3.501093221193681e-18,-1.052491427344648e-17
2026-06-02 16:10:14+00:00,,,-4.454559559099724e-16,-1.3391205124638562e-15
2026-06-02 16:14:50+00:00,,,-2.0386112427203727e-18,-6.1284310959308655e-18
2026-06-02 16:26:18+00:00,-0.7361757129161598,-0.7379398000000001,,
2026-06-02 16:57:27+00:00,,,-2.8363286855239965e-17,-8.526512829121204e-17
2026-06-02 17:03:05+00:00,,,-1.2488926047922882e-15,-3.754395205077846e-15
2026-06-02 17:09:12+00:00,,,1.0503298222426966e-12,3.1574798611559494e-12
2026-06-02 18:40:21+00:00,,,-3.3588581252596904e-16,-1.009733005994465e-15
2026-06-02 19:03:15+00:00,,,-6.366990633264268e-17,-1.914031599881128e-16
2026-06-02 19:03:48+00:00,,,-1.0860181382061429e-13,-3.264765340961277e-13
2026-06-02 19:11:25+00:00,,,-9.533264539315091e-15,-2.865870334871267e-14
2026-06-02 19:35:02+00:00,,,-7.533998070923115e-17,-2.26485497023532e-16
2026-06-02 20:02:22+00:00,,,1.5409778078038225e-12,4.632455721612875e-12
2026-06-02 20:46:03+00:00,-0.45347075466903397,-0.4545574,,
2026-06-02 20:46:21+00:00,-0.38188329864192894,-0.38279840000000004,,
2026-06-02 22:25:27+00:00,-0.1342928531463205,-0.13461465714437562,,
2026-06-02 22:26:17+00:00,,,-2.6220608638892714e-18,-7.88238532042987e-18
2026-06-02 22:38:16+00:00,-0.1625863984246439,-0.1629760018310547,,
2026-06-03 00:00:00+00:00,,,-3.0252852432904855e-15,-9.094550138113444e-15
2026-06-03 00:02:35+00:00,-0.04577533196010182,-0.045885022717963755,,
2026-06-03 00:45:31+00:00,,,-4.857212958338766e-17,-1.4601653473528238e-16
2026-06-03 01:25:02+00:00,,,-7.09032471815187e-17,-2.1314788014700145e-16
2026-06-03 03:51:10+00:00,-6.556808332959309e-18,-6.572520316781176e-18,,
2026-06-03 04:39:57+00:00,,,-9.749879856488743e-18,-2.930988785010415e-17
2026-06-03 05:13:23+00:00,-0.794032845191087,-0.7959355744740159,,
2026-06-03 07:24:36+00:00,,,-7.062458426954752e-16,-2.1231016944511802e-15
2026-06-03 10:13:39+00:00,-2.5083142776816352e-17,-2.514324914465539e-17,,
2026-06-03 11:46:33+00:00,,,-3.6872272911811954e-17,-1.1084466677857564e-16
2026-06-03 11:50:44+00:00,,,-3.899951942595495e-18,-1.1723955140041655e-17
2026-06-03 15:24:58+00:00,,,-2.2815250675812184e-14,-6.858673629039914e-14
2026-06-03 17:21:33+00:00,-0.016759838644007943,-0.016800000000000013,,
2026-06-03 17:21:43+00:00,-0.025937845520488518,-0.026000000000000054,,
2026-06-03 17:23:42+00:00,-0.13764871440074924,-0.13797856000000122,,
2026-06-03 17:24:03+00:00,-0.19953785037023158,-0.20001600000000005,,
2026-06-03 17:29:07+00:00,,,-9.04966121225e-17,-2.720490499541484e-16
2026-06-03 18:01:55+00:00,,,7.416294678018556e-14,2.229471218882595e-13
2026-06-03 19:03:16+00:00,,,-2.3399716118613328e-17,-7.034374425694985e-17
2026-06-03 19:39:39+00:00,,,-2.883091441510552e-17,-8.667090062246344e-17
2026-06-03 20:41:33+00:00,,,-7.446008352558092e-16,-2.238403682473812e-15
2026-06-03 21:12:18+00:00,-0.023942626634297064,-0.02400000000000002,,
2026-06-03 21:12:22+00:00,-1.9847636001685404e-17,-1.9895196601282808e-17,,
2026-06-03 21:16:03+00:00,-0.0897848498786139,-0.09,,
2026-06-03 21:48:12+00:00,,,-1.1522585284941236e-18,-3.4638958368304894e-18
2026-06-04 00:06:28+00:00,,,-1.588441208386976e-15,-4.7751392180819075e-15
2026-06-04 00:07:16+00:00,,,-1.0210783267886389e-15,-3.0695446184836336e-15
2026-06-04 00:23:04+00:00,-0.0005626517125864688,-0.0005639999866485709,,
2026-06-04 00:39:12+00:00,-0.3471464629030274,-0.34797832489013675,,
2026-06-04 00:41:03+00:00,-2.465783279502478,-2.471691999878065,,
2026-06-04 00:45:30+00:00,,,-1.9831897441140203e-15,-5.9618241292249295e-15
2026-06-04 00:47:12+00:00,,,-5.793201340182763e-16,-1.7415402453480058e-15
2026-06-04 00:54:39+00:00,,,-6.846387229697454e-16,-2.0581468165196903e-15
2026-06-04 01:06:34+00:00,,,-1.0370326756447112e-17,-3.11750625314744e-17
2026-06-04 01:12:03+00:00,,,-2.836328685523996e-16,-8.526512829121204e-16
2026-06-04 01:31:57+00:00,,,-4.868806330751504e-16,-1.4636505230700989e-15
2026-06-04 01:42:51+00:00,-4.139666156617629,-4.149585978027346,,
2026-06-04 02:51:03+00:00,,,2.386649616644132e-13,7.174696881498371e-13
2026-06-04 03:11:43+00:00,,,-3.540777391793156e-17,-1.0644212009092004e-16
2026-06-04 03:12:54+00:00,,,-1.4181643427619982e-17,-4.263256414560602e-17
2026-06-04 03:16:13+00:00,,,-4.2190389197169445e-17,-1.2683187833317792e-16
2026-06-04 03:17:19+00:00,,,-4.0772224854407446e-18,-1.225686219186173e-17
2026-06-04 03:17:56+00:00,,,-4.913490041585215e-18,-1.477083248114305e-17
2026-06-04 03:18:28+00:00,,,-6.245789857997404e-18,-1.8775964726518086e-17
2026-06-04 03:19:24+00:00,,,-2.836328685523997e-17,-8.526512829121205e-17
2026-06-04 03:42:30+00:00,-0.5241149204835414,-0.5253708493948749,,
2026-06-04 03:43:00+00:00,-12.699908878493929,-12.730341484223008,,
2026-06-04 03:46:16+00:00,,,-1.1916459684269203e-14,-3.58230154686236e-14
2026-06-04 03:53:49+00:00,-5.74163755763042e-17,-5.755396159656811e-17,,
2026-06-04 04:15:43+00:00,-1.9700535384925517,-1.9747743489468412,,
2026-06-04 04:53:48+00:00,,,-7.962940974297085e-13,-2.3938029016667207e-12
2026-06-04 05:14:39+00:00,-8.506129715008029e-18,-8.526512829121201e-18,,
2026-06-04 05:16:07+00:00,-4.078375381616525,-4.0881483328393555,,
2026-06-04 05:44:00+00:00,-0.6913433440653274,-0.6930000000000004,,
2026-06-04 05:46:01+00:00,-0.17557926198485002,-0.17600000000000504,,
2026-06-04 05:54:13+00:00,,,-2.701603070408934e-15,-8.121503462064154e-15
2026-06-04 07:18:13+00:00,-3.5091909770334713,-3.517600000000001,,
2026-06-04 07:18:21+00:00,-0.1605353115829617,-0.16092,,
2026-06-04 07:32:10+00:00,0.35920308422394087,0.3600638373162221,,
2026-06-04 08:59:15+00:00,,,-3.16453760475618e-16,-9.51316771673985e-16
2026-06-04 10:07:27+00:00,,,-4.6340635825126336e-15,-1.3930826419702353e-14
2026-06-04 11:37:28+00:00,,,-7.531782204799472e-15,-2.2641888411287993e-14
2026-06-04 11:38:39+00:00,,,-4.963575199666994e-18,-1.4921397450962106e-17
2026-06-04 11:38:58+00:00,,,-3.567067980255305e-17,-1.072324623419848e-16
2026-06-04 12:10:46+00:00,,,-1.4181643427619982e-18,-4.2632564145606015e-18
2026-06-04 13:20:21+00:00,,,-8.675971022823379e-18,-2.6081525250844027e-17
2026-06-04 13:30:43+00:00,,,3.297232096921646e-16,9.912071163853399e-16
2026-06-04 14:10:43+00:00,,,-1.3295290713393734e-18,-3.996802888650564e-18
2026-06-04 15:17:22+00:00,,,-1.559980777038198e-17,-4.6895820560166624e-17
2026-06-04 17:29:06+00:00,,,-2.127246514142997e-17,-6.394884621840902e-17
2026-06-04 17:31:07+00:00,,,-6.381739542428993e-18,-1.918465386552271e-17
2026-06-04 17:32:28+00:00,,,-1.4181643427619986e-17,-4.2632564145606024e-17
2026-06-04 17:36:42+00:00,,,-2.4485493730500126e-18,-7.360778653264789e-18
2026-06-05 00:00:00+00:00,,,-7.85699129167797e-13,-2.3619525264720595e-12
2026-06-05 02:07:52+00:00,,,-1.2187349820610922e-19,-3.663735981263017e-19
2026-06-05 02:09:01+00:00,,,-6.381739542428992e-17,-1.9184653865522707e-16
2026-06-05 03:04:28+00:00,,,-3.899951942595495e-18,-1.1723955140041656e-17
2026-06-05 03:44:03+00:00,,,-2.849181181771174e-16,-8.565149738410702e-16
2026-06-05 03:44:10+00:00,,,-3.252984965541677e-17,-9.77905634956596e-17
2026-06-05 03:44:11+00:00,,,-4.4317635711312445e-20,-1.332267629550188e-19
2026-06-05 03:44:31+00:00,,,-4.2828563170139755e-16,-1.2875034377602812e-15
2026-06-05 05:17:36+00:00,,,-8.50898605657199e-18,-2.5579538487363612e-17
2026-06-05 05:18:15+00:00,,,-8.760001145240862e-15,-2.6334134872740836e-14
2026-06-05 05:31:22+00:00,,,-1.1637545251326322e-12,-3.4984548649579606e-12
2026-06-05 08:52:33+00:00,,,-1.7727054284524978e-19,-5.329070518200752e-19
2026-06-05 11:01:04+00:00,,,-2.6180643296457826e-17,-7.870371021567737e-17
2026-06-05 11:28:30+00:00,,,-9.146039534054308e-14,-2.7494635519774636e-13
2026-06-05 11:33:51+00:00,,,9.273208994890413e-16,2.7876929731593445e-15
2026-06-05 11:42:13+00:00,,,-3.520482186817383e-18,-1.0583200982239307e-17
2026-06-05 13:14:42+00:00,,,-1.0104420942179237e-17,-3.0375701953744284e-17
2026-06-05 14:01:12+00:00,,,-1.11083039960851e-14,-3.3393554497334235e-14
2026-06-05 14:02:25+00:00,,,-4.897098730161631e-17,-1.4721557258615906e-16
2026-06-05 14:02:27+00:00,,,-5.956290239600392e-17,-1.7905676941154527e-16
2026-06-05 14:06:15+00:00,,,-4.303242670609203e-17,-1.2936319413556463e-16
2026-06-05 14:24:22+00:00,,,-8.038050955705721e-17,-2.4163823094534275e-16
2026-06-05 14:43:27+00:00,,,-6.204468999583742e-19,-1.8651746813702633e-18
2026-06-05 14:50:33+00:00,,,-6.0271984567384925e-18,-1.811883976188256e-17
2026-06-05 15:02:28+00:00,,,-1.0636232570714995e-17,-3.197442310920454e-17
2026-06-05 15:30:04+00:00,,,-3.541598840948251e-18,-1.0646681432609503e-17
2026-06-05 15:50:51+00:00,,,-1.7727054284524978e-18,-5.329070518200752e-18
2026-06-05 15:51:13+00:00,,,-4.851129666266896e-16,-1.4583366006296808e-15
2026-06-05 15:57:55+00:00,,,-3.789158015519905e-18,-1.1390888720264494e-17
2026-06-05 15:58:48+00:00,,,-2.1272465141429974e-18,-6.394884621840903e-18
2026-06-05 16:00:33+00:00,,,-1.995938724441115e-17,-6.000149851089252e-17
2026-06-05 16:34:13+00:00,,,-3.4104058105124894e-14,-1.0252291648798128e-13
2026-06-05 16:57:48+00:00,,,-4.0789951908691975e-16,-1.2262191262379931e-15
2026-06-05 17:31:21+00:00,,,-1.172868891800188e-13,-3.525854286159341e-13
2026-06-05 17:39:16+00:00,,,-4.358019025307621e-15,-1.310098696194473e-14
2026-06-05 18:04:42+00:00,,,-2.2158817855656222e-17,-6.66133814775094e-17
2026-06-05 18:04:58+00:00,,,-4.254493028285995e-17,-1.2789769243681805e-16
2026-06-05 18:05:33+00:00,,,-1.5387083073019155e-14,-4.625633195985302e-14
2026-06-05 18:07:31+00:00,,,3.843225367809574e-15,1.1553424880226262e-14
2026-06-05 18:08:00+00:00,,,-3.129058331932928e-18,-9.406510658113564e-18
2026-06-05 21:50:57+00:00,,,-1.2302575673460337e-15,-3.698374939631322e-15
2026-06-06 00:00:00+00:00,,,-1.2045103237236442e-15,-3.620974106582153e-15
2026-06-06 00:49:25+00:00,,,-1.058153451710236e-15,-3.1809990947926325e-15
2026-06-06 01:22:16+00:00,,,-6.883203529075251e-17,-2.0692144565491312e-16
2026-06-06 02:46:28+00:00,,,-1.0636232570714989e-18,-3.197442310920452e-18
2026-06-06 03:09:03+00:00,-0.3897540381041768,-0.39068800000000004,,
2026-06-06 03:10:43+00:00,-0.20956183005445728,-0.21006400000000003,,
2026-06-06 03:14:28+00:00,-0.40074569894820533,-0.401706,,
2026-06-06 03:14:57+00:00,-0.23084682513234733,-0.23140000000000002,,
2026-06-06 03:15:57+00:00,-0.20951394480118865,-0.210016,,
2026-06-06 03:35:01+00:00,-0.056863738256455486,-0.05700000000000001,,
2026-06-06 03:35:30+00:00,-6.911230393444025e-17,-6.927791673660977e-17,,
2026-06-06 03:57:39+00:00,-0.009976094430957101,-0.01,,
2026-06-06 05:48:12+00:00,,,-6.034371753966186e-14,-1.8140403980145128e-13
2026-06-06 08:14:27+00:00,,,-1.0636232570714987e-18,-3.1974423109204515e-18
2026-06-06 10:23:09+00:00,-0.3232785164236317,-0.32405318400000005,,
2026-06-06 14:36:07+00:00,,,-2.50501917292341e-14,-7.53053700163106e-14
2026-06-06 14:51:30+00:00,,,-5.75192428543456e-15,-1.7291316222340782e-14
2026-06-06 15:50:33+00:00,,,-1.0245704833905177e-13,-3.080042667676307e-13
2026-06-06 17:05:19+00:00,,,-4.026700380729848e-15,-1.2104983682093006e-14
2026-06-06 17:46:13+00:00,,,-6.913552020946015e-17,-2.0783377576179117e-16
2026-06-06 17:59:01+00:00,,,-8.644527644405352e-13,-2.5987000814786755e-12
2026-06-07 08:59:03+00:00,,,1.1809094705061878e-15,3.5500257081247047e-15
2026-06-07 16:37:19+00:00,,,-5.524663812004898e-15,-1.6608130471641303e-14
2026-06-08 00:00:00+00:00,,,-3.0796689909107606e-14,-9.258037439196217e-14
2026-06-08 04:01:10+00:00,,,-1.1433951357946465e-17,-3.4372508883986154e-17
2026-06-08 04:02:16+00:00,,,-5.761292642470618e-19,-1.7319479184152447e-18
2026-06-08 05:09:58+00:00,,,-6.798717238289532e-15,-2.0438163619648914e-14
2026-06-08 05:57:07+00:00,,,-2.8452802676754123e-11,-8.553422890865644e-11
2026-06-08 08:06:37+00:00,,,-3.208298080107227e-12,-9.644719555704595e-12
2026-06-08 14:31:52+00:00,,,-2.127246830788291e-17,-6.394885573733457e-17
2026-06-08 14:34:43+00:00,,,-6.5443852654895086e-15,-1.9673596085567628e-14
2026-06-08 14:51:30+00:00,,,-3.7581355083192964e-17,-1.1297629498585596e-16
2026-06-08 15:11:46+00:00,,,-9.791538449098526e-16,-2.9435121052498263e-15
2026-06-08 15:16:01+00:00,,,-1.2763479084857984e-16,-3.8369307731045415e-16
2026-06-08 16:14:54+00:00,,,1.1946224006453574e-14,3.591249236044167e-14
2026-06-08 16:16:24+00:00,,,-6.856302127211886e-15,-2.0611274125728804e-14
2026-06-08 17:22:28+00:00,,,-3.696786292142995e-14,-1.1113202749509044e-13
2026-06-08 17:43:30+00:00,,,-1.929589858870544e-14,-5.800693259061519e-14
2026-06-08 17:49:34+00:00,,,-3.9964581808918485e-14,-1.2014070204323093e-13
2026-06-08 17:50:42+00:00,,,-1.4181643427619996e-16,-4.2632564145606054e-16
2026-06-08 18:16:11+00:00,,,-5.237776926038465e-18,-1.5745697028654245e-17
2026-06-08 18:19:03+00:00,,,-7.755586338801966e-19,-2.3314683785647115e-18
2026-06-08 18:19:10+00:00,,,-9.48689900617781e-14,-2.8519320238729055e-13
2026-06-08 18:19:13+00:00,,,-4.254493028285995e-17,-1.2789769243681805e-16
2026-06-08 18:19:18+00:00,,,-6.523556293239596e-16,-1.961098045853797e-15
2026-06-08 21:56:39+00:00,-0.0753745821366584,-0.07555520114440918,,
2026-06-09 00:00:00+00:00,,,-4.197938395658801e-13,-1.261975587283973e-12
2026-06-09 00:13:06+00:00,,,-4.6763317636614073e-14,-1.4057892154596917e-13
2026-06-09 00:24:34+00:00,,,7.531532187320524e-13,-9.48245181136187e-13
2026-06-09 00:28:48+00:00,,,-1.6250912987043048e-14,-4.885315964124801e-14
2026-06-09 00:43:46+00:00,,,-7.125106075273974e-14,-2.1419347013531793e-13
2026-06-09 02:54:52+00:00,,,-1.0636232570714987e-17,-3.197442310920452e-17
2026-06-09 03:37:27+00:00,,,-4.2676139554234454e-16,-1.2829213104380469e-15
2026-06-09 05:38:21+00:00,,,-3.2413236356306814e-14,-9.744000299962754e-14
2026-06-09 08:19:06+00:00,,,-8.863527142262489e-19,-2.664535259100376e-18
2026-06-09 09:41:21+00:00,,,-6.248786635295055e-18,-1.878497357665765e-17
2026-06-09 09:54:06+00:00,,,-4.431763571131245e-18,-1.3322676295501881e-17
2026-06-09 10:19:12+00:00,,,-1.772705428452498e-18,-5.329070518200753e-18
2026-06-09 11:56:06+00:00,,,-9.9714680350453e-18,-2.997602166487923e-17
2026-06-09 11:56:19+00:00,,,-6.204468999583741e-19,-1.8651746813702633e-18
2026-06-09 12:04:21+00:00,,,-4.609034113976495e-18,-1.3855583347321958e-17
2026-06-09 13:00:24+00:00,,,-1.0636232570714985e-17,-3.197442310920451e-17
2026-06-09 13:20:16+00:00,,,-1.6574795756030867e-16,-4.982680934517706e-16
2026-06-09 14:22:36+00:00,,,4.387445935419932e-16,1.3189449532546863e-15
2026-06-09 15:24:49+00:00,,,-1.870204227017385e-17,-5.622169396701794e-17
2026-06-09 15:37:43+00:00,,,-3.0144263463008644e-14,-9.06190634581791e-14
2026-06-09 15:37:45+00:00,,,-3.168091616131603e-14,-9.523851712477736e-14
2026-06-09 15:50:52+00:00,,,1.6131619398917727e-16,4.849454171562684e-16
2026-06-09 15:52:49+00:00,,,-3.275073289811749e-17,-9.845457814679569e-17
2026-06-09 15:54:40+00:00,,,-7.481948898286535e-14,-2.2492080552463765e-13
2026-06-09 15:57:36+00:00,,,-4.786304656821743e-18,-1.438849039914203e-17
2026-06-09 16:00:24+00:00,,,-1.1877126434436379e-17,-3.570477266375325e-17
2026-06-09 16:20:39+00:00,,,-1.804467858249054e-16,-5.424554079935548e-16
2026-06-09 17:42:10+00:00,,,-5.078711498514437e-14,-1.5267517819250413e-13
2026-06-09 17:50:58+00:00,,,1.221837208455927e-16,3.6730618303049135e-16
2026-06-09 19:20:01+00:00,,,-8.624043607523613e-14,-2.592542212535074e-13
2026-06-09 19:34:42+00:00,,,-7.366490453243689e-16,-2.2144991754923243e-15
2026-06-09 19:44:30+00:00,,,2.675199520089197e-15,8.042129653349883e-15
2026-06-09 20:30:13+00:00,,,-8.863527142262489e-19,-2.664535259100376e-18
2026-06-09 23:38:13+00:00,,,-2.1627006227120476e-17,-6.501466032204918e-17
2026-06-10 00:00:00+00:00,,,-1.0378665286575375e-08,-3.12001296488637e-08
2026-06-10 00:47:19+00:00,,,-2.4817875998334968e-17,-7.460698725481052e-17
2026-06-10 01:29:49+00:00,,,1.6220254670340354e-16,4.876099524153689e-16
2026-06-10 02:09:19+00:00,,,-1.4890725599000978e-16,-4.476419235288631e-16
2026-06-10 02:45:16+00:00,,,-5.6940662590064176e-15,-1.7117384615921177e-14
2026-06-10 02:58:55+00:00,-0.13910666074526584,-0.13944,,
2026-06-10 03:48:13+00:00,,,-1.5954348856072483e-17,-4.7961634663806774e-17
2026-06-10 03:53:39+00:00,,,-1.6663431027453474e-17,-5.009326287108706e-17
2026-06-10 03:53:46+00:00,,,-8.50898605657199e-18,-2.5579538487363612e-17
2026-06-10 03:54:33+00:00,,,-3.882103978277849e-15,-1.16703009576104e-14
2026-06-10 03:59:01+00:00,,,-4.227902446859208e-17,-1.2709833185908795e-16
2026-06-10 04:00:10+00:00,,,-6.596419280728619e-16,-1.9830019669601223e-15
2026-06-10 04:45:34+00:00,,,-4.8394840650950775e-17,-1.45483572401051e-16
2026-06-10 05:27:46+00:00,,,-3.545410856904996e-18,-1.0658141036401506e-17
2026-06-10 05:28:18+00:00,,,-2.5704228712561216e-17,-7.72715225139109e-17
2026-06-10 05:28:27+00:00,,,-1.453618451331048e-17,-4.369837824924616e-17
2026-06-10 08:04:43+00:00,,,-4.691724697555098e-13,-1.410416607517327e-12
2026-06-10 14:22:42+00:00,,,-5.984653526455632e-16,-1.7990942069445735e-15
2026-06-10 16:30:22+00:00,,,-2.0769029349491572e-14,-6.243542791801606e-14
2026-06-10 18:19:55+00:00,,,-7.261001434941431e-15,-2.182787284255028e-14
2026-06-11 00:00:00+00:00,,,-2.122371574214753e-16,-6.380229677915851e-16
2026-06-11 05:05:54+00:00,,,-5.922164385462254e-13,-1.7803088501881382e-12
2026-06-11 06:01:09+00:00,,,-9.569911809462602e-14,-2.876887161681919e-13
2026-06-11 06:01:10+00:00,,,-8.350151650182646e-15,-2.5102053768932825e-14
2026-06-11 06:09:18+00:00,,,-8.71568350952955e-15,-2.6200908109785818e-14
2026-06-11 07:32:15+00:00,,,-1.2573797477830385e-12,-3.779909079390988e-12
2026-06-12 00:00:00+00:00,,,-3.622966146471374e-13,-1.0891286149247186e-12
2026-06-12 00:00:34+00:00,,,-8.50898605657199e-17,-2.557953848736361e-16
2026-06-12 00:12:33+00:00,,,-3.278797832180632e-17,-9.856654457174838e-17
2026-06-12 00:32:16+00:00,,,1.1687842594785688e-11,3.513575148670698e-11
2026-06-12 00:32:17+00:00,,,-1.4522002869882874e-15,-4.36557456851006e-15
2026-06-12 01:45:46+00:00,,,-1.70179723437361e-17,-5.11590776679285e-17
2026-06-12 09:40:42+00:00,,,-3.970860159733595e-17,-1.1937117960769687e-16
2026-06-12 09:41:31+00:00,,,-1.0146965872462098e-15,-3.0503599646181106e-15
2026-06-12 11:16:57+00:00,-0.10674421041124098,-0.08000000000000002,,
2026-06-12 11:31:25+00:00,,,-2.1854018818533536e-12,-6.569710089493995e-12
2026-06-12 11:57:48+00:00,,,-5.318116285357493e-19,-1.5987211554602258e-18
2026-06-12 14:32:56+00:00,,,-3.545410856904998e-19,-1.0658141036401511e-18
2026-06-12 15:37:58+00:00,,,-1.15225853155845e-16,-3.4638958460424043e-16
2026-06-12 15:43:31+00:00,,,-4.147031562823457e-14,-1.2466720801313703e-13
2026-06-12 15:49:22+00:00,,,-1.737251319883448e-17,-5.222489107836738e-17
2026-06-12 15:52:13+00:00,,,-4.1566944990931457e-17,-1.2495769321145337e-16
2026-06-12 16:01:49+00:00,,,-1.5954348856072473e-17,-4.7961634663806756e-17
2026-06-12 16:02:10+00:00,,,-4.786304656821744e-17,-1.4388490399142032e-16
2026-06-12 16:05:07+00:00,,,-5.318116285357493e-19,-1.5987211554602258e-18
2026-06-12 16:11:36+00:00,,,-6.920287451592861e-14,-2.0803625488952097e-13
2026-06-12 16:31:19+00:00,,,2.7228755381030366e-15,8.185452315956355e-15
2026-06-12 16:34:40+00:00,,,-8.535555433712866e-14,-2.5659410801249405e-13
2026-06-12 16:37:30+00:00,,,-6.907571033510248e-14,-2.076539765503593e-13
2026-06-12 17:10:03+00:00,,,-5.3181162853574934e-18,-1.5987211554602256e-17
2026-06-12 17:34:13+00:00,,,-5.743565588186092e-16,-1.7266188478970432e-15
2026-06-12 17:38:43+00:00,,,6.580282550415672e-16,1.978150976356119e-15
2026-06-12 17:47:48+00:00,,,-2.340569651093613e-16,-7.036172238907673e-16
2026-06-12 17:59:04+00:00,,,-1.7271655485411838e-12,-5.192169469925833e-12
2026-06-12 18:08:28+00:00,,,-2.765894066082728e-15,-8.314773728027108e-15
2026-06-12 19:51:19+00:00,,,-4.467217679700294e-17,-1.3429257705865894e-16
2026-06-12 20:48:19+00:00,,,-3.102363392576297e-17,-9.326260881682988e-17
2026-06-12 20:48:31+00:00,,,-8.264806692982098e-17,-2.484549151781388e-16
2026-06-12 21:00:42+00:00,,,-9.954553710879056e-14,-2.992517417222598e-13
2026-06-12 22:08:43+00:00,,,-4.462022961508626e-16,-1.3413641451116932e-15
2026-06-13 00:00:00+00:00,,,-1.3958545800462607e-14,-4.1961892657561456e-14
2026-06-13 06:51:46+00:00,,,-7.398313244653959e-13,-2.2240656774496947e-12
2026-06-13 07:09:13+00:00,,,-8.863527142262486e-17,-2.6645352591003756e-16
2026-06-13 07:40:57+00:00,-0.2607950605037188,-0.2614199998893738,,
2026-06-13 09:29:57+00:00,-0.037370053775585714,-0.0374596030883806,,
2026-06-13 09:30:18+00:00,-1.0132185476346032,-1.027046508407595,,
2026-06-13 11:03:21+00:00,,,-8.24035636461208e-17,-2.477198944466305e-16
2026-06-13 11:16:39+00:00,,,-1.205439819261559e-16,-3.6237683369085226e-16
2026-06-13 12:02:58+00:00,-1.4572057249375263,-1.4606976056838736,,
2026-06-13 13:27:48+00:00,,,-8.707529064558668e-16,-2.6176394385402095e-15
2026-06-13 15:44:27+00:00,,,-1.1345314742095986e-17,-3.410605131648481e-17
2026-06-13 16:22:40+00:00,,,-3.226596411960872e-14,-9.699727623739135e-14
2026-06-13 16:23:34+00:00,,,-2.2649006822601618e-14,-6.808697744566548e-14
2026-06-13 17:04:43+00:00,,,-3.190869771214496e-17,-9.592326932761354e-17
2026-06-13 17:21:43+00:00,,,-2.8137095182273888e-14,-8.458515554643499e-14
2026-06-13 17:26:18+00:00,,,2.2510863983891928e-13,6.767169529147756e-13
2026-06-13 17:50:18+00:00,,,1.5925098772153336e-13,4.787370366446162e-13
2026-06-14 00:00:00+00:00,,,-2.5158235573751785e-14,-7.56301691945897e-14
2026-06-14 00:32:10+00:00,-133.72532886610935,-134.0457729140399,,
2026-06-14 02:57:27+00:00,,,-1.0104420942179238e-15,-3.037570195374429e-15
2026-06-14 04:10:25+00:00,-3.795984000114245,-3.805080261003565,,
2026-06-14 06:17:33+00:00,,,-1.3295290713393731e-17,-3.996802888650564e-17
2026-06-14 06:17:48+00:00,,,-3.63404612832762e-18,-1.0924594562311542e-17
2026-06-15 00:00:00+00:00,,,4.780551242186469e-12,1.4371194602660721e-11
2026-06-15 00:21:33+00:00,,,5.87818439524097e-12,1.7670876761838595e-11
2026-06-15 00:22:12+00:00,1346.4974674733012,198.1444811755035,,
2026-06-15 02:06:21+00:00,,,8.077046552105673e-13,2.4281050852614786e-12
2026-06-15 04:40:00+00:00,,,-6.204468999583743e-17,-1.8651746813702637e-16
2026-06-15 04:56:39+00:00,-26.192419939660336,-26.25518445212577,,
2026-06-15 05:38:30+00:00,,,-3.722681399750246e-18,-1.119104808822158e-17
2026-06-15 05:45:55+00:00,,,-2.304517056988247e-18,-6.927791673660977e-18
2026-06-15 07:53:48+00:00,,,-6.091152421932883e-12,-1.8311096853765543e-11
2026-06-15 08:09:16+00:00,,,-4.254493028285995e-17,-1.2789769243681805e-16
2026-06-15 08:38:57+00:00,,,-1.0716004320228433e-15,-3.221423129825514e-15
2026-06-15 09:14:10+00:00,,,-3.5454108569049956e-19,-1.0658141036401504e-18
2026-06-15 11:43:15+00:00,,,-4.3631594205142404e-14,-1.3116439912055798e-13
2026-06-15 12:34:04+00:00,,,-2.86417038111997e-17,-8.610209960520381e-17
2026-06-15 13:02:52+00:00,,,-2.7951963798794342e-16,-8.402861739753576e-16
2026-06-15 15:44:40+00:00,,,-5.016756362520571e-17,-1.5081269566508134e-16
2026-06-15 15:59:21+00:00,,,-3.405924368418138e-13,-1.0238819629950145e-12
2026-06-15 16:42:58+00:00,,,,-8.526512829121203e-16
2026-06-15 17:12:10+00:00,,,-3.137013855251138e-16,-9.430426388325402e-16
2026-06-15 18:12:52+00:00,,,-7.112080282198092e-14,-2.1380189142888015e-13
2026-06-16 00:00:00+00:00,,,-1.7051648231703511e-12,-5.1260313428174365e-12
2026-06-16 00:32:48+00:00,-4412.264497139842,-4422.8375419623335,,
2026-06-16 04:03:51+00:00,,,-8.151661357649317e-12,-2.450535634300358e-11
2026-06-16 04:58:01+00:00,,,-5.069937525374144e-18,-1.524114168205415e-17
2026-06-16 04:58:02+00:00,,,-7.090821713809991e-19,-2.1316282072803008e-18
2026-06-16 09:05:10+00:00,,,-1.0636232570714987e-18,-3.1974423109204515e-18
2026-06-16 09:05:19+00:00,,,-6.204468999583742e-19,-1.8651746813702633e-18
2026-06-16 10:16:00+00:00,,,-8.438036150516052e-16,-2.5366250342270114e-15
2026-06-16 10:16:01+00:00,,,-3.899951942595495e-18,-1.1723955140041656e-17
2026-06-16 11:11:36+00:00,,,-1.848915015670829e-17,-5.558170208386723e-17
2026-06-16 11:42:15+00:00,,,-7.268092256655242e-18,-2.1849189124623084e-17
2026-06-16 12:20:58+00:00,,,-3.2174603526412837e-17,-9.672262990534366e-17
2026-06-16 12:21:45+00:00,,,-3.2972322106625984e-17,-9.912071505779107e-17
2026-06-16 12:56:39+00:00,,,-3.5454108569049956e-18,-1.0658141036401503e-17
2026-06-16 14:11:41+00:00,,,-6.310831325290893e-17,-1.8971491044794679e-16
2026-06-16 14:21:40+00:00,,,-3.285173009277157e-18,-9.875819383150756e-18
2026-06-16 14:26:20+00:00,,,-2.354627578197365e-14,-7.078432889590633e-14
2026-06-16 14:32:38+00:00,,,-8.686555666651614e-15,-2.6113344588938983e-14
2026-06-16 15:23:34+00:00,,,-2.4853330106904015e-16,-7.471356866517454e-16
2026-06-16 15:48:14+00:00,,,-2.410879382695397e-16,-7.247535904753022e-16
2026-06-16 15:48:47+00:00,,,-3.840034499113801e-15,-1.154383255652647e-14
2026-06-16 16:00:46+00:00,,,-2.836328685523997e-17,-8.526512829121205e-17
2026-06-16 16:00:47+00:00,,,-1.0593338039286591e-14,-3.184547445301032e-14
2026-06-16 16:02:19+00:00,,,-3.722681399750245e-18,-1.119104808822158e-17
2026-06-16 16:08:28+00:00,,,-4.385230053634366e-17,-1.3182788194399111e-16
2026-06-16 16:17:34+00:00,,,-1.9658416848823973e-14,-5.909672751158724e-14
2026-06-16 17:04:23+00:00,,,-8.3392155273968e-14,-2.5069177822040535e-13
2026-06-16 17:20:02+00:00,,,-1.3295290713393731e-17,-3.996802888650564e-17
2026-06-16 18:29:44+00:00,,,-1.8342007114316847e-15,-5.5139363702892616e-15
2026-06-16 18:30:28+00:00,,,-1.5954348856072484e-16,-4.796163466380678e-16
2026-06-16 18:33:52+00:00,,,-1.8737496438840291e-16,-5.632827555804548e-16
2026-06-16 19:19:34+00:00,,,-2.387834212125515e-15,-7.178257988016416e-15
2026-06-16 19:50:17+00:00,,,-4.893145571661054e-13,-1.470967335501801e-12
2026-06-16 20:01:53+00:00,,,3.098689088934966e-14,9.315215265814916e-14
2026-06-16 23:17:46+00:00,,,-2.2158817855656224e-18,-6.6613381477509405e-18
2026-06-16 23:24:17+00:00,,,-8.86352714226249e-18,-2.6645352591003762e-17
2026-06-16 23:38:28+00:00,,,-9.749879856488738e-18,-2.930988785010414e-17
2026-06-17 00:00:00+00:00,,,-4.559841556773409e-14,-1.3707701695865226e-13
2026-06-17 00:10:28+00:00,,,-4.0493737575632336e-16,-1.217314392016275e-15
2026-06-17 00:59:59+00:00,,,-2.1361100412852598e-16,-6.421529974431907e-16
2026-06-17 01:27:14+00:00,,,-1.5344802826740734e-15,-4.6129229955014405e-15
2026-06-17 01:27:53+00:00,,,-5.0145430754443565e-17,-1.5074616028522152e-16
2026-06-17 02:11:57+00:00,-0.05984858571019784,-0.059992000000000004,,
2026-06-17 02:12:19+00:00,-3.260683057419745e-17,-3.268496584496461e-17,,
2026-06-17 04:09:29+00:00,-0.0950522284231633,-0.09528000068664551,,
2026-06-17 06:18:23+00:00,,,-3.952979602169632e-13,-1.1883365797193199e-12
2026-06-17 07:19:34+00:00,,,-3.520487248641839e-13,-1.058321619899165e-12
2026-06-17 07:24:40+00:00,,,2.2726083592761025e-15,6.831868404333365e-15
2026-06-17 07:28:07+00:00,,,-9.971468035045301e-18,-2.997602166487923e-17
2026-06-17 08:47:20+00:00,,,-4.750850548252696e-17,-1.4281908988778026e-16
2026-06-17 17:10:38+00:00,,,-1.5383109111821647e-14,-4.624438551961642e-14
2026-06-17 17:29:17+00:00,,,-3.5798765333426557e-13,-1.0761751042466707e-12
2026-06-17 17:53:25+00:00,,,-2.794311109022956e-16,-8.400200456752936e-16
2026-06-17 18:00:37+00:00,,,-3.936974371244866e-17,-1.1835251201903316e-16
2026-06-17 18:00:59+00:00,,,-1.72906103089803e-17,-5.197867629915369e-17
2026-06-17 18:56:56+00:00,,,-1.5599807770381994e-16,-4.689582056016665e-16
2026-06-17 20:08:26+00:00,-1.4597609960947857,-1.4632590000000003,,
2026-06-18 00:00:00+00:00,,,-4.8449778668552964e-15,-1.456487259371282e-14
2026-06-18 00:30:02+00:00,,,-3.559957645446511e-14,-1.0701871292261751e-13
2026-06-18 00:31:07+00:00,,,-8.158158610740656e-09,3.187512211094881e-08
2026-06-18 00:32:49+00:00,,,-3.6235992482184426e-17,-1.0893189366669082e-16
2026-06-18 00:32:50+00:00,,,-8.929590788964193e-16,-2.6843951763947125e-15
2026-06-18 04:04:19+00:00,,,-1.1158349392482919e-10,-3.3543999936398577e-10
2026-06-18 05:57:28+00:00,-0.06577438620102896,-0.06593200039979834,,
2026-06-18 07:01:32+00:00,,,-2.173671172391518e-13,-6.534445472515178e-13
2026-06-18 07:08:49+00:00,,,-1.299393079055681e-16,-3.906208689841152e-16
2026-06-18 07:09:37+00:00,,,-1.0954869699956428e-16,-3.2932303479056487e-16
2026-06-18 22:16:43+00:00,,,-6.062436058339638e-17,-1.8224770313462519e-16
2026-06-18 23:13:40+00:00,,,-2.2654953787444365e-14,-6.810485508879084e-14
2026-06-19 00:00:00+00:00,,,-1.451505298725756e-13,-4.3634853091210456e-13
2026-06-19 00:58:41+00:00,,,-3.899951942595495e-18,-1.1723955140041655e-17
2026-06-19 00:59:14+00:00,,,-1.506799614184623e-17,-4.5297099404706396e-17
2026-06-19 01:01:56+00:00,,,-1.666343102745348e-17,-5.009326287108707e-17
2026-06-19 01:41:05+00:00,,,-5.486493015939549e-13,-1.6493382211325052e-12
2026-06-19 02:12:17+00:00,,,-5.452841987158979e-15,-1.6392221182254244e-14
2026-06-19 02:15:58+00:00,,,-1.0619633211162971e-15,-3.192452245668218e-15
2026-06-19 02:32:52+00:00,,,-7.799903885190987e-17,-2.3447910280083297e-16
2026-06-19 03:06:38+00:00,,,-6.751038344045645e-15,-2.0294832310578964e-14
2026-06-19 06:04:10+00:00,,,-1.1852499894615846e-13,-3.5630740867372123e-13
2026-06-19 07:20:03+00:00,,,-5.318116285357493e-19,-1.5987211554602258e-18
2026-06-19 07:20:44+00:00,,,-4.5238792851489985e-17,-1.359959265619896e-16
2026-06-19 08:43:29+00:00,,,-8.363419158363011e-16,-2.5141938278541225e-15
2026-06-19 15:32:13+00:00,,,-2.048248733873379e-15,-6.1574031231772324e-15
2026-06-19 15:34:53+00:00,,,-9.533043864044824e-14,-2.8658039959263976e-13
2026-06-19 15:54:04+00:00,,,-1.0636232570714987e-18,-3.1974423109204515e-18
2026-06-19 16:00:25+00:00,,,-7.090821713809996e-17,-2.131628207280302e-16
2026-06-19 16:00:32+00:00,,,-1.445826983327288e-16,-4.3464152744174027e-16
2026-06-19 16:04:16+00:00,,,-5.468360145965688e-16,-1.6438871551382848e-15
2026-06-19 16:08:56+00:00,,,-3.261777988352596e-17,-9.805489753489384e-17
2026-06-19 16:10:17+00:00,,,-7.90626621089814e-17,-2.3767654511175357e-16
2026-06-19 16:13:56+00:00,,,-8.508986056571988e-18,-2.5579538487363606e-17
2026-06-19 16:14:04+00:00,,,-2.127246514142997e-17,-6.394884621840902e-17
2026-06-19 16:28:26+00:00,,,-1.772705428452498e-17,-5.3290705182007524e-17
2026-06-19 16:32:29+00:00,,,-1.0636232570714987e-17,-3.197442310920451e-17
2026-06-19 16:33:11+00:00,,,-9.017401643194664e-17,-2.710792694388784e-16
2026-06-19 16:34:35+00:00,,,-1.701797211314398e-16,-5.115907697472722e-16
2026-06-19 16:34:38+00:00,,,-9.59033847184212e-17,-2.8830277828209294e-16
2026-06-19 16:39:50+00:00,,,-1.4181643427619982e-17,-4.263256414560602e-17
2026-06-19 17:19:50+00:00,,,-6.261819344016858e-14,-1.8824152236973646e-13
2026-06-19 17:26:56+00:00,,,-1.3053813114011178e-14,-3.9242103904824486e-14
2026-06-19 17:45:37+00:00,,,-2.0863744626844616e-12,-6.272015903242683e-12
2026-06-19 18:58:55+00:00,,,-1.3955770925916992e-15,-4.195355088690098e-15
2026-06-19 22:34:47+00:00,-434.16263470306535,-435.20301226881236,,
2026-06-20 00:00:00+00:00,,,-1.3499778469210294e-13,-4.058275576293111e-13
2026-06-20 00:32:11+00:00,,,-1.435359329090638e-12,-4.314947628021154e-12
2026-06-20 02:03:28+00:00,,,-1.4510657555140763e-14,-4.3621639633784075e-14
2026-06-20 02:38:56+00:00,-3.957421615359058,-3.9669047268424715,,
2026-06-20 04:56:55+00:00,,,-5.598258912951086e-18,-1.682937054708842e-17
2026-06-20 04:59:44+00:00,,,2.1029078034466386e-12,6.321718091439849e-12
2026-06-20 08:13:44+00:00,,,-2.1556098009982373e-16,-6.480149750132115e-16
2026-06-20 09:31:44+00:00,,,-1.695149565957701e-17,-5.0959236830294693e-17
2026-06-20 11:06:43+00:00,,,-1.4536184577173224e-17,-4.369837844122903e-17
2026-06-20 11:51:22+00:00,,,-4.05063191170336e-16,-1.2176926157204442e-15
2026-06-20 11:51:43+00:00,,,-5.2472080682193944e-17,-1.577404873387423e-16
2026-06-20 11:51:49+00:00,,,-4.254493113436313e-18,-1.2789769499658939e-17
2026-06-20 13:35:37+00:00,,,-2.2601994212769348e-17,-6.794564910705959e-17
2026-06-20 17:14:58+00:00,,,-3.738564840389179e-14,-1.1238796560064658e-13
2026-06-20 17:36:22+00:00,,,-7.874674001865493e-15,-2.3672682663592263e-14
2026-06-20 18:11:29+00:00,,,-2.277662240172982e-13,-6.847061276909814e-13
2026-06-21 00:00:00+00:00,,,-8.189173220090283e-16,-2.4618123730640825e-15
2026-06-21 01:54:14+00:00,,,-1.3295290713393737e-17,-3.9968028886505646e-17
2026-06-21 04:11:14+00:00,,,-2.0328998360736276e-14,-6.111261582998763e-14
2026-06-21 04:11:15+00:00,,,-2.982918933713444e-16,-8.967189411560547e-16
2026-06-21 07:10:07+00:00,-0.0005626517125864575,-0.0005639999866485595,,
2026-06-21 08:38:46+00:00,,,-1.377872728697468e-15,-4.142132594891673e-15
2026-06-21 10:26:10+00:00,,,-8.349444111397553e-16,-2.509992678042159e-15
2026-06-21 12:34:59+00:00,-134.42045355061438,-134.74256331565033,,
2026-06-21 13:19:01+00:00,-25.982114446832544,-26.04437500732422,,
2026-06-21 13:33:14+00:00,,,-1.4080432397609382e-12,-4.232830563345318e-12
2026-06-21 13:35:49+00:00,-922.1255392546447,-924.3352151851839,,
2026-06-21 17:59:23+00:00,,,-1.0769571047577931e-14,-3.237526248984116e-14
2026-06-22 00:00:00+00:00,,,-1.2193782748698856e-14,-3.6656698348446046e-14
2026-06-22 02:49:26+00:00,,,-2.127246514142997e-17,-6.394884621840901e-17
2026-06-22 04:04:55+00:00,,,-7.36712184116678e-18,-2.2146889820282826e-17
2026-06-22 04:05:19+00:00,,,-8.152908113891168e-18,-2.4509104315918417e-17
2026-06-22 04:05:28+00:00,,,-7.609421248215893e-17,-2.287528530323125e-16
2026-06-22 07:33:14+00:00,,,-1.7125910956477029e-16,-5.148356050060946e-16
2026-06-22 10:31:26+00:00,,,-4.2544930282859986e-18,-1.2789769243681817e-17
2026-06-22 13:33:08+00:00,,,-2.3399711655572966e-17,-7.034373084024991e-17
2026-06-22 14:23:23+00:00,-0.004688764382549838,-0.0047,,
2026-06-22 14:23:47+00:00,-0.2019161512825717,-0.20240000000000002,,
2026-06-22 17:16:08+00:00,,,-6.7112017193449034e-15,-2.017507627055675e-14
2026-06-22 17:45:08+00:00,,,-4.71965093271193e-15,-1.4188117347657685e-14
2026-06-22 18:14:41+00:00,,,-2.515863295636059e-14,-7.563136379799703e-14
2026-06-22 18:41:52+00:00,,,-7.977893680780809e-16,-2.398297953467814e-15
2026-06-23 00:00:00+00:00,,,-2.2001070554281737e-13,-6.613916479176576e-13
2026-06-23 06:32:01+00:00,,,-3.864497834026445e-17,-1.1617373729677638e-16
2026-06-23 06:53:34+00:00,,,-1.1522585284941235e-17,-3.463895836830489e-17
2026-06-23 07:13:11+00:00,,,-4.0524046094424133e-16,-1.2182255204606927e-15
2026-06-23 08:19:29+00:00,,,-1.5245266684691485e-17,-4.5830006456526474e-17
2026-06-23 08:32:31+00:00,,,-1.4004372884774735e-17,-4.2099657093785946e-17
2026-06-23 10:17:05+00:00,,,-1.4181643427619992e-18,-4.2632564145606046e-18
2026-06-23 11:44:43+00:00,,,-1.879067754159648e-17,-5.648814749292798e-17
2026-06-23 11:50:40+00:00,,,-4.609034113976494e-18,-1.3855583347321955e-17
2026-06-23 13:20:35+00:00,,,-8.382653936978762e-15,-2.519976147352901e-14
2026-06-23 15:46:22+00:00,,,-1.1487131176372185e-15,-3.4532376957940876e-15
2026-06-23 16:00:56+00:00,,,-1.595434885607248e-17,-4.796163466380677e-17
2026-06-23 16:01:22+00:00,,,-3.119961554076396e-17,-9.379164112033324e-17
2026-06-23 16:05:52+00:00,,,-8.367169622295789e-16,-2.515321284590755e-15
2026-06-23 18:00:11+00:00,,,-5.132453266676439e-15,-1.5429075214918864e-14
2026-06-23 18:00:55+00:00,,,-6.300076693556168e-14,-1.8939160692559192e-13
2026-06-23 18:01:08+00:00,,,-2.7244136326254574e-15,-8.190076104004884e-15
2026-06-23 18:01:26+00:00,,,-3.0841878938867427e-16,-9.271622072174374e-16
2026-06-23 18:01:38+00:00,,,-8.238839236067087e-17,-2.4767428684103693e-16
2026-06-23 18:02:02+00:00,,,-6.463686051319496e-16,-1.943099977138428e-15
2026-06-23 18:02:56+00:00,,,-4.5381258968383956e-17,-1.364242052659393e-16
2026-06-23 18:03:37+00:00,,,-4.795440520398164e-14,-1.4415954443907725e-13
2026-06-23 18:24:19+00:00,,,-2.8363286855239988e-18,-8.52651282912121e-18
2026-06-23 19:14:50+00:00,,,-1.4054807602598314e-16,-4.2251272902895323e-16
2026-06-23 19:16:25+00:00,,,-4.825058606664537e-18,-1.4504991724323477e-17
2026-06-23 20:18:20+00:00,,,-1.6163491570296685e-17,-4.8590355180244544e-17
2026-06-23 21:52:32+00:00,,,-4.985734017522651e-19,-1.4988010832439617e-18
2026-06-23 23:04:34+00:00,-0.012693582553949815,-0.012724000000000001,,
2026-06-23 23:13:52+00:00,,,-4.763972452284901e-18,-1.432135578619756e-17
2026-06-23 23:23:19+00:00,,,-2.659058142678747e-18,-7.993605777301128e-18
2026-06-23 23:51:02+00:00,,,-1.3064839007694906e-15,-3.9275249719139535e-15
2026-06-24 00:00:00+00:00,,,-6.2202904046138746e-15,-1.8699308795377272e-14
2026-06-24 00:31:23+00:00,,,-1.7868859046506568e-16,-5.371699573445213e-16
2026-06-24 00:42:22+00:00,,,-7.090821713809991e-18,-2.131628207280301e-17
2026-06-24 00:55:29+00:00,,,-1.489072559900098e-17,-4.476419235288631e-17
2026-06-24 00:55:30+00:00,,,-1.4181643427619986e-17,-4.2632564145606024e-17
2026-06-24 01:20:31+00:00,,,-7.97717442803624e-18,-2.3980817331903384e-17
2026-06-24 01:49:47+00:00,,,-3.933042504455801e-15,-1.1823431305009681e-14
2026-06-24 03:43:58+00:00,,,-5.168308834007561e-17,-1.553686348233814e-16
2026-06-24 03:57:01+00:00,,,-5.849927913893242e-18,-1.7585932710062484e-17
2026-06-24 04:46:49+00:00,,,-1.6619113391742164e-15,-4.9960036108132044e-15
2026-06-24 05:00:29+00:00,,,-2.0997704620272926e-14,-6.312286680335093e-14
2026-06-24 06:25:58+00:00,,,-4.4112001881611955e-15,-1.326085907749075e-14
2026-06-24 08:10:37+00:00,,,-6.381739542428989e-17,-1.9184653865522702e-16
2026-06-24 09:14:25+00:00,,,-9.303808751974278e-16,-2.7968918090585545e-15
2026-06-24 10:58:05+00:00,,,-2.9980880558702857e-15,-9.012790513907018e-15
2026-06-24 11:11:23+00:00,,,-8.863527142262496e-20,-2.6645352591003784e-19
2026-06-24 11:40:49+00:00,,,-7.090821713809997e-18,-2.1316282072803028e-17
2026-06-24 11:42:47+00:00,,,-2.836328685523999e-17,-8.526512829121211e-17
2026-06-24 11:54:41+00:00,,,-1.1038510655840364e-17,-3.318374319654205e-17
2026-06-24 12:15:32+00:00,,,-1.843613645590598e-16,-5.542233338928782e-16
2026-06-24 12:21:38+00:00,,,-1.8258865913060726e-16,-5.488942633746775e-16
2026-06-24 12:32:31+00:00,,,-4.786304656821744e-17,-1.4388490399142032e-16
2026-06-24 13:06:23+00:00,,,-1.5599808611055045e-17,-4.6895823087380655e-17
2026-06-24 13:28:44+00:00,,,-1.0636232570714993e-16,-3.197442310920453e-16
2026-06-24 14:07:49+00:00,,,-6.204468999583741e-17,-1.8651746813702634e-16
2026-06-24 16:36:46+00:00,,,-4.733411209975141e-14,-1.4229483209525472e-13
2026-06-24 16:50:13+00:00,,,-1.3295290713393732e-16,-3.996802888650564e-16
2026-06-24 17:04:31+00:00,,,-1.6968394274272704e-14,-5.10100370974614e-14
2026-06-24 18:06:56+00:00,,,-1.1481177462846605e-16,-3.45144790270643e-16
2026-06-24 18:30:07+00:00,,,1.772165322607994e-12,5.327446863144218e-12
2026-06-24 19:17:56+00:00,,,-1.0636232570714987e-17,-3.197442310920451e-17
2026-06-24 19:19:41+00:00,,,-3.2936866860647407e-18,-9.901413022816998e-18
2026-06-24 19:35:40+00:00,,,-1.601709077283691e-16,-4.815024812068359e-16
2026-06-24 20:52:02+00:00,,,-1.8081595509054153e-17,-5.435651970302165e-17
2026-06-24 21:03:08+00:00,,,-6.428893438302381e-15,-1.9326406935313076e-14
2026-06-24 22:42:47+00:00,,,-4.6533517496878055e-18,-1.3988810110276973e-17
2026-06-24 23:38:08+00:00,,,-5.6560994538977726e-14,-1.70032495890141e-13
2026-06-24 23:55:46+00:00,,,-1.6319211520293956e-15,-4.905847728406784e-15
2026-06-25 12:46:22+00:00,,,-4.431763571131245e-19,-1.3322676295501883e-18
2026-06-25 12:56:31+00:00,,,-2.954497744320041e-15,-8.881750217852654e-15
2026-06-25 14:54:25+00:00,,,-1.189850105581862e-14,-3.576902860995703e-14
2026-06-25 15:18:07+00:00,-0.3152445840182444,-0.31600000000000006,,
2026-06-25 15:18:20+00:00,-0.024011062642093434,-0.024068600000000023,,
2026-06-25 15:26:53+00:00,-9.14807859318766,-9.17,,
2026-06-25 15:30:19+00:00,,,-9.076251793676797e-16,-2.728484105318787e-15
2026-06-25 17:53:19+00:00,,,1.4283206674842806e-14,4.293788148588199e-14
2026-06-25 22:07:05+00:00,,,-1.3118020170548484e-16,-3.9435121834685566e-16
2026-06-25 22:24:04+00:00,-0.03969424179270782,-0.03978936052322389,,
2026-06-25 22:27:31+00:00,,,-2.8363286855239965e-17,-8.526512829121202e-17
2026-06-25 23:37:55+00:00,,,-4.8622777466125654e-17,-1.4616879135636348e-16
2026-06-25 23:48:49+00:00,,,6.576492628465187e-16,1.9770116578315384e-15
2026-06-25 23:57:35+00:00,,,-1.0178760202082085e-16,-3.0599179104507547e-16
2026-06-26 00:00:00+00:00,,,-2.5813357781053003e-13,-7.759958407013119e-13
2026-06-26 00:16:44+00:00,,,-1.7727054284524993e-18,-5.329070518200757e-18
2026-06-26 06:53:22+00:00,,,-3.5454108569049946e-19,-1.0658141036401502e-18
2026-06-26 07:50:20+00:00,,,-2.7654204683858967e-17,-8.313350008393174e-17
2026-06-26 10:17:41+00:00,,,-2.698146300220922e-14,-8.111111790779427e-14
2026-06-26 10:18:49+00:00,,,-1.1487131176372186e-14,-3.453237695794087e-14
2026-06-26 10:42:40+00:00,,,-1.6380142931431733e-18,-4.9241648036249796e-18
2026-06-26 10:42:53+00:00,,,-2.484623369733904e-15,-7.469223558501874e-15
2026-06-26 10:58:17+00:00,,,-1.9790332304184705e-14,-5.94932890343167e-14
2026-06-26 10:59:14+00:00,,,-1.0210783267886387e-16,-3.0695446184836335e-16
2026-06-26 14:38:10+00:00,,,-7.445362799500488e-18,-2.2382096176443156e-17
2026-06-26 14:55:37+00:00,,,-1.5954349001703543e-17,-4.796163510159987e-17
2026-06-26 15:27:14+00:00,,,-2.1272465141429974e-17,-6.394884621840902e-17
2026-06-26 15:28:59+00:00,,,-1.3295290713393745e-18,-3.996802888650568e-18
2026-06-26 15:50:35+00:00,,,-1.0636232570714983e-18,-3.1974423109204507e-18
2026-06-26 15:54:08+00:00,,,-1.3649831799084233e-16,-4.1033842990145793e-16
2026-06-26 16:00:43+00:00,,,-2.843993039101823e-16,-8.549553250861389e-16
2026-06-26 16:04:53+00:00,,,-5.2826616814236385e-17,-1.5880628655082776e-16
2026-06-26 16:07:38+00:00,,,-3.299202549688322e-15,-9.917994698343599e-15
2026-06-26 16:13:44+00:00,,,-9.750325919574199e-13,-2.9311228795756943e-12
2026-06-26 17:29:11+00:00,,,-5.897380722974852e-13,-1.7728584366577895e-12
2026-06-26 17:43:29+00:00,,,-1.9910135443708453e-13,-5.985343876284843e-13
2026-06-26 17:43:53+00:00,,,-3.0667804071610874e-16,-9.21929204440059e-16
2026-06-26 17:53:11+00:00,,,-2.8363286855239965e-17,-8.526512829121204e-17
2026-06-26 18:01:35+00:00,,,-1.0636232570714993e-18,-3.1974423109204534e-18
2026-06-26 18:02:56+00:00,,,-8.863527142262497e-19,-2.6645352591003784e-18
2026-06-26 18:23:43+00:00,,,1.7774333742659608e-12,5.343283571447941e-12
2026-06-26 18:38:02+00:00,,,-1.5412011972549977e-17,-4.6331272703762665e-17
2026-06-26 18:38:03+00:00,,,-1.2892315211671388e-17,-3.8756612239770164e-17
2026-06-26 19:39:10+00:00,,,-1.3138243503227066e-17,-3.949591680051995e-17
2026-06-26 22:15:28+00:00,,,-5.672657371047993e-18,-1.7053025658242406e-17
2026-06-26 22:15:29+00:00,,,-1.4181643427619982e-18,-4.2632564145606015e-18
2026-06-26 23:22:59+00:00,,,-1.9276922267397587e-16,-5.794988636465883e-16
2026-06-27 01:50:04+00:00,,,-6.523555976705193e-17,-1.961097950697877e-16
2026-06-27 04:02:02+00:00,,,-2.3414801787548946e-14,-7.03890944839429e-14
2026-06-27 04:06:35+00:00,,,-3.190869771214496e-17,-9.592326932761354e-17
2026-06-27 04:54:05+00:00,,,-3.1678231078404616e-16,-9.523044528387673e-16
2026-06-27 04:59:25+00:00,,,-4.809868547969528e-17,-1.445932768298753e-16
2026-06-27 05:54:28+00:00,,,-3.1634003135124466e-15,-9.509748815245944e-15
2026-06-27 06:36:22+00:00,,,-1.5954007587886765e-13,-4.796060875042144e-13
2026-06-27 08:00:14+00:00,,,-3.0809620346504407e-16,-9.261924560632907e-16
2026-06-27 08:00:20+00:00,,,3.6791891800040567e-14,1.1060302673726597e-13
2026-06-27 10:04:28+00:00,-0.4406328556171236,-0.4416887376785281,,
2026-06-27 10:07:07+00:00,0.6260020319147669,0.6275021114196777,,
2026-06-27 10:32:34+00:00,,,-1.3787216567302325e-16,-4.1446846248447994e-16
2026-06-27 11:56:17+00:00,,,2.3141637029359725e-15,6.956791221862521e-15
2026-06-27 16:24:14+00:00,,,-6.056237969875741e-15,-1.820613774768368e-14
2026-06-27 17:57:16+00:00,,,-2.6927236640850115e-14,-8.094810373804562e-14
2026-06-28 00:00:00+00:00,,,-1.852935253582602e-16,-5.57025576472785e-16
2026-06-28 00:29:41+00:00,,,-1.564183094693945e-16,-4.702214976730908e-16
2026-06-28 01:39:02+00:00,-0.4601329874187686,-0.4612355973605432,,
2026-06-28 13:09:28+00:00,,,-1.0693476420805351e-16,-3.2146508391377524e-16
2026-06-28 15:37:32+00:00,,,-1.277594341990179e-18,-3.840677775812652e-18
2026-06-28 18:22:44+00:00,,,-2.659058142678747e-18,-7.99360577730113e-18
2026-06-29 00:00:00+00:00,,,-2.155609800998238e-16,-6.480149750132116e-16
2026-06-29 04:00:43+00:00,,,-1.5626434091837563e-18,-4.697586405887749e-18
2026-06-29 04:00:49+00:00,,,-5.672657371047993e-18,-1.7053025658242406e-17
2026-06-29 06:02:07+00:00,,,-1.65878222975732e-17,-4.986596946584527e-17
2026-06-29 11:57:41+00:00,-1.5040758092765647,-1.5076800041198735,,
2026-06-29 11:59:37+00:00,-0.4750807181984177,-0.4762191471686367,,
2026-06-29 12:59:59+00:00,,,-9.076251793676787e-16,-2.7284841053187848e-15
2026-06-29 15:07:40+00:00,,,-3.633705020065879e-15,-1.0923569129686367e-14
2026-06-29 18:03:29+00:00,,,-1.6651882943025724e-13,-5.005854725772125e-13
2026-06-29 18:32:11+00:00,,,-3.854707421867328e-14,-1.1587941994454867e-13
2026-06-30 00:00:00+00:00,,,13436.832575908913,12680.38777950264
2026-06-30 00:31:52+00:00,,,-1.396526024517237e-11,-4.198207748284296e-11
2026-06-30 01:31:02+00:00,,,-1.6150317168307503e-14,-4.8550750564548884e-14
2026-06-30 02:50:41+00:00,,,-0.004989722191885203,-0.015000000000000003
2026-06-30 03:37:26+00:00,,,-1.5001051206777984e-14,-4.5095850920841545e-14
2026-06-30 04:41:01+00:00,,,-7.796735790289228,-23.438386418493636
2026-06-30 05:06:05+00:00,,,-1.4028200091944447e-13,-4.2171285952828833e-13
2026-06-30 06:15:46+00:00,,,-5.672657371047993e-17,-1.7053025658242407e-16
2026-06-30 07:02:19+00:00,,,-0.007340879288706962,-0.022068000000016387
2026-06-30 07:22:01+00:00,,,-1.4181643427619986e-17,-4.2632564145606024e-17
2026-06-30 07:24:38+00:00,,,-0.10378622159118518,-0.3119999999999188
2026-06-30 08:40:37+00:00,,,-1.1622699428583133e-14,-3.493991944326628e-14
2026-06-30 12:22:02+00:00,,,-4.032391868797493e-16,-1.21220933162032e-15
2026-06-30 12:22:46+00:00,,,-3.1908697712144964e-18,-9.592326932761355e-18
2026-06-30 12:31:55+00:00,,,-5.318116285357494e-18,-1.598721155460226e-17
2026-06-30 12:33:17+00:00,,,-0.5809094454124556,-1.7463180005006793
2026-06-30 12:36:14+00:00,,,-0.6909767291322628,-2.0772000000000004
2026-06-30 14:09:40+00:00,-0.3304455581464709,-0.3312374,,
2026-06-30 15:01:29+00:00,,,-0.009218012777288724,-0.027711000000000003
2026-06-30 15:34:10+00:00,,,-0.004989722191885203,-0.015000000000000003
2026-06-30 15:45:49+00:00,,,-0.13830092834803287,-0.41575740000000005
2026-06-30 15:50:16+00:00,,,-9.447810851480433e-15,-2.8401814233802733e-14
2026-06-30 15:50:17+00:00,,,-1.4084457939826792e-14,-4.2340407135488566e-14
2026-06-30 15:51:52+00:00,,,-0.0486996885927998,-0.1464000000000007
2026-06-30 15:51:56+00:00,,,-0.47901333042097954,-1.4400000000000006
2026-06-30 15:58:38+00:00,,,-4.606578655405729e-16,-1.384820179838094e-15
2026-06-30 15:59:35+00:00,,,-0.007069338607019118,-0.021251700000000005
2026-06-30 16:14:41+00:00,,,-7.090821713809991e-19,-2.1316282072803008e-18
2026-06-30 16:22:49+00:00,,,-5.1076075244119084e-17,-1.5354384456669022e-16
2026-06-30 16:27:11+00:00,,,-4.2544930282859955e-18,-1.2789769243681806e-17
2026-06-30 16:35:13+00:00,,,-0.00498972219188454,-0.014999999999998008
2026-06-30 16:42:16+00:00,,,-2.5526958169715967e-16,-7.673861546209083e-16
2026-06-30 16:57:59+00:00,,,-2.863051940301043e-17,-8.606847726784966e-17
2026-06-30 17:02:49+00:00,,,-1.3295290713393734e-19,-3.9968028886505644e-19
2026-06-30 17:13:31+00:00,,,-1.425255164475808e-16,-4.2845726966334046e-16
2026-06-30 17:20:14+00:00,,,-5.229481574400366e-18,-1.5720759713552043e-17
2026-06-30 17:55:50+00:00,,,-73.76883727917757,-221.76235803011647
2026-06-30 17:56:05+00:00,,,-1.6628942451772162,-4.998958402578761
2026-06-30 17:57:04+00:00,,,-38.63636359695003,-116.14783983300045
2026-06-30 18:04:01+00:00,,,-5.012323814774725e-16,-1.506794453284277e-15
2026-06-30 18:10:26+00:00,,,-2.1133429421551342e-16,-6.353087990325602e-16
2026-06-30 18:38:16+00:00,,,-20.83272464419465,-62.62690740000002
2026-06-30 18:44:46+00:00,,,-3.7226813997502425e-17,-1.119104808822157e-16
2026-06-30 19:22:25+00:00,,,-1.300456702312752e-15,-3.909406132152072e-15
2026-06-30 20:28:56+00:00,,,-1.0636232570714985e-17,-3.197442310920451e-17
2026-06-30 22:15:02+00:00,,,-1.6845413825235121e-16,-5.064033580656313e-16
2026-06-30 22:15:31+00:00,,,-0.5594646237878683,-1.6818510197753909
2026-06-30 22:37:31+00:00,,,-0.039917777535081626,-0.12000000000000002
2026-06-30 22:46:49+00:00,,,-0.004989722191885203,-0.015000000000000003
2026-06-30 23:20:35+00:00,,,-0.004989722191885216,-0.015000000000000041
2026-06-30 23:25:14+00:00,,,-6.8790653906509885e-15,-2.0679704579059822e-14
2026-07-01 00:00:00+00:00,,,-4.26222226071795,-12.813004702895924
2026-07-01 00:17:22+00:00,,,-3.5451676484122235e-11,-1.0657409908043795e-10
2026-07-01 01:18:53+00:00,,,-1.914521988558882e-17,-5.755396537924919e-17
2026-07-01 01:23:59+00:00,,,-0.08377743636312375,-0.25185000228881843
2026-07-01 01:44:02+00:00,,,-0.6515264606241168,-1.9586054160000004
2026-07-01 01:49:10+00:00,,,-1.8152503587353578e-16,-5.45696821063757e-16
2026-07-01 01:50:55+00:00,,,-8.19731706925882e-17,-2.4642605602141953e-16
2026-07-01 02:12:25+00:00,,,-3.545410856904996e-18,-1.0658141036401506e-17
2026-07-01 02:23:25+00:00,,,-8.66477667780443e-15,-2.6047873041597325e-14
2026-07-01 02:28:32+00:00,,,-2.836328685523997e-17,-8.526512829121205e-17
2026-07-01 02:29:07+00:00,,,-9.998348384242458e-14,-3.005682881655054e-13
2026-07-01 02:29:52+00:00,,,-1.4624819784733108e-17,-4.396483177515621e-17
2026-07-01 02:35:31+00:00,,,-9.076251793676789e-16,-2.728484105318785e-15
2026-07-01 02:35:41+00:00,,,-2.2382990549333063e-11,-6.728728480836442e-11
2026-07-01 02:58:26+00:00,,,-1.9121606190979988e-16,-5.748297837726569e-16
2026-07-01 02:58:28+00:00,,,-2.4817875998334966e-16,-7.460698725481053e-16
2026-07-01 03:03:29+00:00,,,-1.4181643427619986e-17,-4.2632564145606024e-17
2026-07-01 03:09:13+00:00,,,-3.7935896168883454e-17,-1.1404210908949612e-16
2026-07-01 03:26:20+00:00,,,-3.0286672296050897e-16,-9.104716995659455e-16
2026-07-01 04:02:07+00:00,,,-4.566489183693634e-16,-1.3727685654885136e-15
2026-07-01 04:03:20+00:00,,,-1.1110431272826034e-16,-3.339994947282323e-16
2026-07-01 04:04:38+00:00,,,-1.1603918145355824e-16,-3.4883459536767313e-16
2026-07-01 05:03:53+00:00,,,-2.127246514142997e-17,-6.394884621840902e-17
2026-07-01 05:05:38+00:00,,,-3.2405055232111663e-16,-9.741540907270975e-16
2026-07-01 05:12:35+00:00,,,-1.4698734459360377e-16,-4.4187032546416015e-16
2026-07-01 05:18:40+00:00,,,-5.284759173874501e-16,-1.5886934093652904e-15
2026-07-01 05:26:49+00:00,,,-2.92073355179949e-12,-8.780248998279362e-12
2026-07-01 05:34:05+00:00,-0.44403240985777703,-0.4450964382212417,,
2026-07-01 05:45:41+00:00,,,-8.429130580732769e-16,-2.53394786019583e-15
2026-07-01 05:55:19+00:00,,,-3.812557564972788e-15,-1.1461231963494359e-14
2026-07-01 05:56:07+00:00,,,-5.956290239600392e-17,-1.7905676941154525e-16
2026-07-01 05:56:16+00:00,,,-9.639085932073873e-16,-2.89768214383256e-15
2026-07-01 05:57:20+00:00,,,-7.055920739295117e-16,-2.12113634826309e-15
2026-07-01 06:04:28+00:00,,,-0.29483630550907436,-0.8863308241546014
2026-07-01 06:05:56+00:00,,,-0.054504731390842026,-0.16385100000000966
2026-07-01 06:06:46+00:00,,,-8.604712149708425e-16,-2.586730829534645e-15
2026-07-01 06:08:28+00:00,,,-1.0606293376252939e-14,-3.1884420519949934e-14
2026-07-01 06:08:41+00:00,,,-3.6253535126938026e-16,-1.0898463000374222e-15
2026-07-01 06:08:50+00:00,,,-3.5440219692012205,-10.653965790815587
2026-07-01 06:09:19+00:00,,,-5.0504419526285624e-11,-1.5182534493129024e-10
2026-07-01 06:10:43+00:00,,,-5.93686839690835e-16,-1.784729139799655e-15
2026-07-01 06:14:58+00:00,,,-0.019958888767540844,-0.0600000000000001
2026-07-01 06:15:16+00:00,,,-0.03195646069056935,-0.0960668534088137
2026-07-01 06:29:31+00:00,,,-1.4731182110440257e-16,-4.4284576006248253e-16
2026-07-01 06:37:20+00:00,,,-0.0029938333151311213,-0.009000000000000001
2026-07-01 06:49:53+00:00,,,-0.2718846763212149,-0.8173341095924589
2026-07-01 07:36:38+00:00,,,-9.235795282237513e-16,-2.7764457399825918e-15
2026-07-01 08:32:55+00:00,,,-5.691000938842396e-15,-1.7108169713629605e-14
2026-07-01 08:45:37+00:00,,,-5.672657371047993e-17,-1.705302565824241e-16
2026-07-01 08:54:10+00:00,,,-1.5954348856072476e-17,-4.796163466380677e-17
2026-07-01 09:28:01+00:00,,,-0.029913384540371932,-0.08992500000006055
2026-07-01 09:31:55+00:00,,,-0.32166878229018536,-0.9669940627555862
2026-07-01 09:34:08+00:00,,,-1.4391828872483415e-16,-4.3264419297397603e-16
2026-07-01 09:54:44+00:00,,,-2.339971165557297e-17,-7.034373084024994e-17
2026-07-01 10:54:40+00:00,,,-3.1605315254285395e-14,-9.501124723642491e-14
2026-07-01 11:09:28+00:00,,,-4.29097826191786,-12.899450400955054
2026-07-01 11:24:37+00:00,,,-4.210175392574686e-19,-1.2656542480726798e-18
2026-07-01 12:45:32+00:00,,,4.4815774581870045e-12,1.3472425775954235e-11
2026-07-01 13:15:28+00:00,,,-1.6836556386672553e-13,-5.061370875733489e-13
2026-07-01 13:50:26+00:00,,,-1.196476200846531,-3.5968220919965144
2026-07-01 13:53:46+00:00,,,-0.9482051876109839,-2.8504748896232712
2026-07-01 14:54:08+00:00,,,-6.567873616156762e-17,-1.9744206281177672e-16
2026-07-01 16:21:41+00:00,,,-3.944967581141214e-14,-1.1859280224729519e-13
2026-07-01 17:00:22+00:00,,,-6.342317457871889e-12,-1.9066144007535375e-11
2026-07-01 17:44:01+00:00,,,-49.66796292210947,-149.31080632971293
2026-07-01 17:51:11+00:00,,,-16.17963236347943,-48.638877300000004
2026-07-01 18:29:38+00:00,,,-1.9646502219995645,-5.906091000000001
2026-07-01 18:31:40+00:00,,,-2.2017001516599636e-16,-6.618705612230058e-16
2026-07-01 19:03:07+00:00,,,-0.6102984099838902,-1.8346665000000002
2026-07-01 19:03:58+00:00,,,-0.2176541768711285,-0.6543075000000002
2026-07-01 19:13:31+00:00,,,-0.5269645606849962,-1.5841500000000002
2026-07-01 19:26:47+00:00,,,-1.1870035771605663e-15,-3.568345685931152e-15
2026-07-01 19:28:16+00:00,,,-0.18827169782281722,-0.5659784971466065
2026-07-01 19:34:01+00:00,,,-0.14945465395244154,-0.44928750000000006
2026-07-01 19:34:58+00:00,,,-7.135508166582035e-14,-2.1450617566003563e-13
2026-07-01 19:36:35+00:00,,,-0.012956212849005362,-0.03894870000000026
2026-07-01 19:38:52+00:00,,,-0.007431298618639167,-0.022339816725843092
2026-07-01 19:42:59+00:00,,,-0.030013378540243076,-0.09022559990129483
2026-07-01 19:46:38+00:00,,,-0.3413638602023191,-1.0262010000000001
2026-07-01 19:50:55+00:00,,,-0.0997752833044872,-0.2999424000000001
2026-07-01 19:51:29+00:00,,,-0.07596432900481104,-0.22836240000000005
2026-07-01 19:51:53+00:00,,,-0.5967546706921046,-1.7939515901184087
2026-07-01 19:56:19+00:00,,,-0.5417640767061278,-1.6286400000000003
2026-07-01 20:14:58+00:00,,,-0.083530244383681,-0.25110689885559095
2026-07-01 20:24:34+00:00,,,-0.44750403313477516,-1.3452774000000003
2026-07-01 20:26:37+00:00,,,-0.13115035706372985,-0.39426150000000004
2026-07-01 20:37:17+00:00,,,-0.012711226660439574,-0.03821222756983908
2026-07-01 21:07:28+00:00,,,-0.07781870936020324,-0.23393700000000006
2026-07-01 21:33:31+00:00,,,-0.014984136084848297,-0.04504500102996827
2026-07-01 21:34:23+00:00,,,-0.20663008415219017,-0.6211670997081757
2026-07-01 21:34:50+00:00,,,-0.4988679339947099,-1.4996865000000001
2026-07-01 21:35:55+00:00,,,-0.2594475722635698,-0.7799459437406456
2026-07-01 21:37:43+00:00,,,-0.6033572074427588,-1.8138000000000005
2026-07-01 21:38:14+00:00,,,-0.40246547301995933,-1.209883408963599
2026-07-01 21:38:50+00:00,,,-0.5088573580512754,-1.5297165006866458
2026-07-01 21:39:55+00:00,,,-0.8384145373747443,-2.5204245000000003
2026-07-01 21:40:04+00:00,,,-2.5526958169715977e-16,-7.673861546209085e-16
2026-07-01 21:40:34+00:00,,,-0.5670270407346709,-1.704585001716614
2026-07-01 21:46:23+00:00,,,-0.26522030107429917,-0.7972998020980836
2026-07-01 21:54:44+00:00,,,-0.4988262199171857,-1.4995611000000002
2026-07-01 22:20:44+00:00,,,-0.6535765659405245,-1.964768400343323
2026-07-01 22:21:47+00:00,,,-0.25640826444635534,-0.7708092392298496
2026-07-02 01:35:49+00:00,,,-3.3892355086583305e-15,-1.0188649923748017e-14
2026-07-02 02:41:25+00:00,,,-0.00677971511713221,-0.020381039834716883
2026-07-02 09:56:10+00:00,,,-0.004989722191885313,-0.015000000000000333
2026-07-02 12:15:40+00:00,-9.92381803853964e-16,-9.947598338428673e-16,,
2026-07-02 12:15:50+00:00,-0.42624758027527476,-0.4272689911119665,,
2026-07-02 12:15:58+00:00,-0.15031380522900303,-0.150674,,
2026-07-02 12:36:13+00:00,,,-1.2949613211231876e-16,-3.8928860304964063e-16
2026-07-02 12:52:01+00:00,-0.4676451046658652,-0.46876571578422754,,
2026-07-02 13:47:16+00:00,,,-5.672657371047993e-17,-1.7053025658242407e-16
2026-07-02 14:37:14+00:00,,,-9.779352551059,-29.398488057000005
2026-07-02 14:51:38+00:00,,,-0.07465659254751714,-0.22443110961848142
2026-07-02 15:07:28+00:00,,,-0.014669783053799703,-0.04409999942779542
2026-07-02 15:15:26+00:00,,,-0.06586433293288468,-0.19800000000000004
2026-07-03 00:00:00+00:00,,,-20.708397295910892,-62.25315708835157
2026-07-03 00:10:34+00:00,,,-0.0054886944110737355,-0.016500000000000035
2026-07-03 01:15:43+00:00,,,-4.5602847146940504e-17,-1.3709033908071437e-16
2026-07-03 07:03:28+00:00,,,-1.4004372884774735e-17,-4.2099657093785946e-17
2026-07-03 07:37:49+00:00,,,-0.04506816878154553,-0.13548300000000002
2026-07-03 08:44:29+00:00,,,-1.4417301970908275e-15,-4.334099600080492e-15
2026-07-03 09:10:43+00:00,,,-15.663646435959036,-47.08773104071665
2026-07-03 09:12:59+00:00,,,-0.020705351207446866,-0.062244000000000084
2026-07-03 09:13:00+00:00,,,-1.4181643427619982e-18,-4.2632564145606015e-18
2026-07-03 11:11:05+00:00,,,-8.863527142262487e-20,-2.6645352591003755e-19
2026-07-03 13:27:16+00:00,,,-0.07254767031465337,-0.2180913110733033
2026-07-03 14:07:22+00:00,,,-0.41634150823858346,-1.25159726001083
2026-07-03 15:01:58+00:00,,,0.16385768664820582,0.4925856
2026-07-03 15:27:31+00:00,,,-0.008419656929652339,-0.02531099910736087
2026-07-03 15:31:55+00:00,,,-0.00239746173550922,-0.007207200050360174
2026-07-03 15:46:46+00:00,,,-0.1166541176851495,-0.3506832039913897
2026-07-03 15:54:58+00:00,,,-0.16665672120896585,-0.5010000000000003
2026-07-03 15:55:25+00:00,,,-0.41635286265806193,-1.2516313934326173
2026-07-03 15:57:34+00:00,,,-0.02706425316878534,-0.08136000000000002
2026-07-03 15:58:11+00:00,,,-0.1570476140062771,-0.47211330000000007
2026-07-03 15:58:12+00:00,,,-0.004216315252142997,-0.012675000000000004
2026-07-03 16:00:29+00:00,,,-0.12716835740238217,-0.3822908946990969
2026-07-03 16:02:14+00:00,,,-0.0478514358201791,-0.14385000000000003
2026-07-03 16:02:15+00:00,,,-0.03991777753508166,-0.12000000000000012
2026-07-03 16:02:55+00:00,,,-8.686256599417239e-18,-2.6112445539183684e-17
2026-07-03 16:03:50+00:00,,,-0.12973277698901534,-0.39000000000000024
2026-07-03 16:16:52+00:00,,,-24.407187883403946,-73.37238510922738
2026-07-03 16:18:23+00:00,,,-3.870009544086936,-11.633942918848495
2026-07-03 16:21:41+00:00,-0.46533821854314344,-0.4664533017040609,,
2026-07-03 16:48:43+00:00,,,-22.759154059992095,-68.41809980024148
2026-07-03 16:50:50+00:00,,,-9.687835166492906e-17,-2.912337038196713e-16
2026-07-03 16:56:46+00:00,,,-0.38109422285822814,-1.1456375972534183
2026-07-03 17:17:22+00:00,,,-29.672301067460815,-89.20025983325371
2026-07-03 17:25:32+00:00,,,-0.3748770299207846,-1.1269476000000003
2026-07-03 17:42:01+00:00,,,466.09548505269584,1401.1666395296759
2026-07-03 17:54:56+00:00,,,-29.57724531733782,-88.91450519662008
2026-07-03 19:31:34+00:00,,,-0.0022453749863483433,-0.006750000000000008
2026-07-03 19:54:34+00:00,,,-1.766557451295565e-15,-5.31058859599996e-15
2026-07-03 20:03:40+00:00,,,-3.148623996070566e-14,-9.465328554336695e-14
2026-07-03 20:03:46+00:00,,,-3.790002910864328e-16,-1.1393428627233054e-15
2026-07-03 20:04:02+00:00,,,-2.2690629484191972e-17,-6.821210263296962e-17
2026-07-03 21:40:26+00:00,,,-50.32860631124855,-151.29681886836968
2026-07-03 21:46:29+00:00,,,-7.977174581939337e-18,-2.3980817794563704e-17
2026-07-04 00:01:59+00:00,,,-2.278812828275686e-16,-6.850520151147069e-16
2026-07-04 00:05:52+00:00,,,-3.9111998363234064,-11.757768326313439
2026-07-04 00:15:50+00:00,,,-0.004989722191885203,-0.015000000000000003
2026-07-04 00:31:29+00:00,,,-17.044471870815748,-51.23874000000005
2026-07-04 03:10:04+00:00,,,-0.11280763931414066,-0.33912000000000003
2026-07-04 03:12:55+00:00,,,-0.26451565203684896,-0.7951815006866457
2026-07-04 03:17:58+00:00,,,-5.318116285357493e-19,-1.5987211554602258e-18
2026-07-04 03:25:22+00:00,,,-0.19329994161919983,-0.5810943
2026-07-04 03:45:16+00:00,,,-0.0020362058602352473,-0.00612120008468628
2026-07-04 03:48:29+00:00,,,-0.123443830932807,-0.37109430000000004
2026-07-04 03:56:23+00:00,,,-0.14699920836050936,-0.44190599007568365
2026-07-04 03:57:11+00:00,,,-0.16175940506622036,-0.48627778916015635
2026-07-04 03:58:46+00:00,,,-8.863527142262498e-18,-2.6645352591003784e-17
2026-07-04 04:03:49+00:00,,,-0.04426881589550247,-0.1330800018310547
2026-07-04 04:06:25+00:00,,,-0.009979444383770407,-0.030000000000000006
2026-07-04 04:09:44+00:00,,,-4.254493028285994e-17,-1.2789769243681805e-16
2026-07-04 04:11:25+00:00,,,-0.04790133304209794,-0.14400000000000002
2026-07-04 04:13:14+00:00,,,-0.04790133304209794,-0.14400000000000002
2026-07-04 04:26:16+00:00,,,-0.07817747038579981,-0.23501550000000004
2026-07-04 04:26:26+00:00,,,-0.04790133304209794,-0.14400000000000002
2026-07-04 04:26:35+00:00,,,-0.04790133304209794,-0.14400000000000002
2026-07-04 04:26:46+00:00,,,-0.04790133304209794,-0.14400000000000002
2026-07-04 04:27:02+00:00,,,-0.034928055343196415,-0.10500000000000001
2026-07-04 04:27:11+00:00,,,-0.04790133304209795,-0.14400000000000002
2026-07-04 04:27:19+00:00,,,-0.04790133304209794,-0.14400000000000002
2026-07-04 04:27:31+00:00,,,-0.004989722191885203,-0.015000000000000003
2026-07-04 04:28:08+00:00,,,-0.049897221918852035,-0.15000000000000002
2026-07-04 04:44:08+00:00,,,-0.08354192193248947,-0.25114200366210937
2026-07-04 04:50:47+00:00,,,-0.15811631366466278,-0.47532600288391125
2026-07-04 04:50:49+00:00,,,-0.08851966723791693,-0.26610599899292
2026-07-04 05:56:07+00:00,,,2.3869755579336084e-15,7.17567671948416e-15
2026-07-04 06:42:10+00:00,,,-1.12125349698397e-16,-3.3706891502120115e-16
2026-07-04 06:50:55+00:00,,,-6.979203311594781e-17,-2.0980737132856042e-16
2026-07-04 11:43:37+00:00,,,-1.535162914186706e-16,-4.614975108283621e-16
2026-07-04 12:05:17+00:00,,,-0.37027701358387455,-1.1131191257082116
2026-07-04 13:06:22+00:00,,,-14.268877421275867,-42.89480517917825
2026-07-04 13:06:23+00:00,,,-1.5973098677320455e-06,-4.801799998995198e-06
2026-07-04 14:37:17+00:00,,,-4.1197272217722533e-13,-1.2384639054070514e-12
2026-07-04 17:06:08+00:00,,,-29.515085659213977,-47.75088763962324
2026-07-04 17:16:46+00:00,,,-0.8264895055178006,-2.4845757150425807
2026-07-04 18:03:19+00:00,,,-8.14798626804151,-24.494308364379286
2026-07-04 23:17:01+00:00,,,-7.977175492742089e-19,-2.3980820532600163e-18
2026-07-04 23:17:02+00:00,,,-8.86352714226249e-18,-2.6645352591003762e-17
2026-07-04 23:18:40+00:00,,,-0.14305533524134875,-0.4300500000000001
2026-07-05 00:00:00+00:00,,,-2.5121324740168074,-7.551920860751411
2026-07-05 03:20:49+00:00,,,-0.2341187620684765,-0.7038029966354374
2026-07-05 03:46:40+00:00,,,-3.1668777726059085,-9.520202681091774
2026-07-05 03:49:31+00:00,,,-1.8680404072462256,-5.6156645663085945
2026-07-05 03:56:32+00:00,,,-0.004989722191885203,-0.015000000000000003
2026-07-05 04:03:31+00:00,,,-0.30875472926422487,-0.9281721027465821
2026-07-05 04:09:29+00:00,,,-0.049897221918852035,-0.15000000000000002
2026-07-05 04:09:43+00:00,,,-0.5504661522087756,-1.6548000000000003
2026-07-05 04:16:25+00:00,,,-0.049897221918852035,-0.15000000000000002
2026-07-05 04:18:01+00:00,,,-5.318116285357493e-18,-1.5987211554602256e-17
2026-07-05 05:32:08+00:00,,,-0.044159041398184044,-0.13275
2026-07-05 06:03:47+00:00,,,-0.19348335363987113,-0.5816456694358664
2026-07-05 06:24:50+00:00,,,-0.004989722191885203,-0.015000000000000003
2026-07-05 06:52:52+00:00,,,-0.013005211509789154,-0.039095998764038103
2026-07-05 12:46:43+00:00,,,-0.07130911778866982,-0.21436800000000006
2026-07-05 13:15:49+00:00,,,-0.1496916657565561,-0.45000000000000007
2026-07-05 16:22:15+00:00,,,-0.007983555507016325,-0.024000000000000004
2026-07-05 18:08:08+00:00,,,-0.019958888767540813,-0.06000000000000001
2026-07-06 00:00:00+00:00,,,-0.07635272933611824,-0.22953000106987181
2026-07-06 02:31:10+00:00,,,-210.0623922833748,-631.4852336619055
2026-07-06 03:47:20+00:00,,,-1.772705428452498e-18,-5.329070518200753e-18
2026-07-06 03:54:26+00:00,,,-0.005987666630262249,-0.018000000000000023
2026-07-06 03:54:59+00:00,,,-0.002246871972956885,-0.006754500210285189
2026-07-06 03:59:05+00:00,,,-8.86352714226249e-18,-2.6645352591003762e-17
2026-07-06 03:59:13+00:00,,,-0.0793066445178234,-0.23841000000000007
2026-07-06 04:00:52+00:00,,,-0.049897221918852035,-0.15000000000000002
2026-07-06 15:18:08+00:00,,,-0.8934359103512055,-2.6858286172851544
2026-07-06 15:18:10+00:00,,,-0.07877613698028856,-0.23681519917602545
2026-07-06 15:57:20+00:00,,,-5.760935749546301,-17.318406300000007
2026-07-06 17:40:02+00:00,,,-2.782712656547381,-8.365333428000001
2026-07-06 17:51:41+00:00,,,-12.836787175130146,-38.589685000920426
2026-07-07 00:00:00+00:00,,,-97.24391435220825,-292.3326508348189
2026-07-07 03:21:16+00:00,,,-0.02945932027771295,-0.08856000137329104
2026-07-07 03:30:07+00:00,,,-0.04295352451662557,-0.129126000000003
2026-07-07 04:49:16+00:00,,,-0.5771993038743506,-1.7351646494860513
2026-07-07 07:21:46+00:00,,,-0.003842086087751606,-0.011550000000000001
2026-07-07 07:21:47+00:00,,,-0.0013132948809041853,-0.003948000000000001
2026-07-07 07:35:29+00:00,,,-0.5260135196352229,-1.5812910000000002
2026-07-07 07:35:30+00:00,,,-1.0324236415307345e-15,-3.103650669800118e-15
2026-07-07 09:04:55+00:00,,,-0.004989722191886474,-0.015000000000003823
2026-07-07 09:07:01+00:00,,,-3.7226813997502444e-17,-1.1191048088221578e-16
2026-07-07 13:09:29+00:00,,,-0.25933781782083465,-0.7796160021972658
2026-07-07 13:09:47+00:00,,,-0.12000960723431758,-0.3607704075073243
2026-07-07 13:13:23+00:00,,,-0.049897221918852035,-0.15000000000000002
2026-07-07 13:13:24+00:00,,,-0.00020557654859538642,-0.0006179999828338623
2026-07-07 13:13:47+00:00,,,-0.11866956549335464,-0.3567420016479493
2026-07-07 13:23:04+00:00,,,-0.011915356848125115,-0.03581970014534003
2026-07-07 13:34:43+00:00,,,-0.10428519381040074,-0.3135
2026-07-07 13:36:14+00:00,,,-1.081683453285419,-3.251734500503546
2026-07-07 13:36:16+00:00,,,-0.0050975002978228155,-0.015324000320437358
2026-07-07 13:37:08+00:00,,,-0.01496916657565561,-0.04500000000000002
2026-07-07 13:42:19+00:00,,,-0.06047543296564866,-0.18180000000000004
2026-07-07 13:58:56+00:00,,,-0.0685787430234641,-0.20616000366210938
2026-07-07 13:59:05+00:00,,,-0.02832365871501384,-0.08514599899291993
2026-07-07 13:59:11+00:00,,,-0.26772853392779244,-0.8048400000000001
2026-07-07 14:47:07+00:00,,,-2.1218699669608543,-6.378721756528821
2026-07-07 14:47:26+00:00,,,-6.064132048761985,-18.229868764910698
2026-07-07 15:27:25+00:00,,,-4.934010332287755,-14.832520156067853
2026-07-07 15:45:01+00:00,,,-0.004989722191885202,-0.015000000000000003
2026-07-07 15:53:20+00:00,,,-0.025447583178614543,-0.07650000000000005
2026-07-07 15:54:14+00:00,,,-0.26146906268335085,-0.7860229065715683
2026-07-07 15:55:41+00:00,,,0.38333041766938886,1.1523600000000003
2026-07-07 16:00:50+00:00,,,-0.42970489572076986,-1.29177
2026-07-07 16:06:35+00:00,,,-0.06486638849450764,-0.19500000000000003
2026-07-07 16:13:17+00:00,,,-0.14723067226169148,-0.44260181208424715
2026-07-07 16:23:26+00:00,,,-1.772705428452498e-18,-5.329070518200753e-18
2026-07-07 17:51:10+00:00,,,1345.555404017902,4043.704218597635
2026-07-07 17:51:14+00:00,,,-14.095107353236527,-42.37242118256434
2026-07-07 17:51:22+00:00,,,-6.766544110973294,-20.341445427496172
2026-07-07 17:56:55+00:00,,,-52.1627422121095,-156.81056040637463
2026-07-07 18:00:34+00:00,,,1069.1801888285838,3214.1474446234533
2026-07-07 20:29:43+00:00,,,-2.8453873799075857e-16,-8.553744889450098e-16
2026-07-07 21:44:41+00:00,-159.36098650312442,-159.74286090216512,,
2026-07-07 23:29:34+00:00,,,-0.0798275715146593,-0.23997600000000927
2026-07-08 00:00:00+00:00,,,-0.003203401647190664,-0.009630000000001098
2026-07-08 01:20:22+00:00,,,-0.18622840753441672,-0.5598360000000013
2026-07-08 01:21:17+00:00,,,-1.2425406202689355,-3.735300000137329
2026-07-08 01:21:41+00:00,,,-0.8042333952945775,-2.4176698552551814
2026-07-08 01:43:40+00:00,,,-1.3834503749221028,-4.158900000000035
2026-07-08 01:55:38+00:00,,,-0.03313674507630962,-0.09961499999999998
2026-07-08 02:23:17+00:00,,,-1.614873690181727,-4.8546000000000005
2026-07-08 02:24:07+00:00,,,-3.4877245356882103,-10.48472560664892
2026-07-08 04:00:43+00:00,,,-3.1222636730927425e-16,-9.38608469476664e-16
2026-07-08 04:25:26+00:00,,,-2.075543043188604,-6.239454713222506
2026-07-08 06:02:17+00:00,,,-1.1951622561069803,-3.5928721384048465
2026-07-08 06:34:49+00:00,,,-2.0445546774559442e-14,-6.1462981269208e-14
2026-07-08 08:36:07+00:00,,,-0.0846057282674116,-0.2543399963378906
2026-07-08 09:44:52+00:00,,,-8.304394643954543,-24.964500000000005
2026-07-08 10:55:16+00:00,,,-0.005701861043388691,-0.01714081713605712
2026-07-08 11:21:32+00:00,,,-0.019958888767540813,-0.06000000000000001
2026-07-08 11:21:33+00:00,,,-0.009979444383770412,-0.030000000000000023
2026-07-08 11:22:38+00:00,,,-0.04005748914735746,-0.12041999816894533
2026-07-08 11:46:44+00:00,,,-0.012234799042913873,-0.03678000068664551
2026-07-08 12:36:07+00:00,,,-0.03554677982907053,-0.1068599967956543
2026-07-08 12:45:44+00:00,,,-0.03723729877360089,-0.111942
2026-07-08 12:47:59+00:00,,,-0.022074531814408438,-0.06636000251770022
2026-07-08 14:02:05+00:00,,,-0.0020358066162206034,-0.006119999885559084
2026-07-08 16:05:22+00:00,,,-15.768531931377169,-47.40303565503579
2026-07-08 16:06:43+00:00,,,-0.04560606254691592,-0.13710000514984133
2026-07-08 16:08:46+00:00,,,-0.07312936844426954,-0.21984000000000004
2026-07-08 16:13:53+00:00,,,-43.817110026938515,-131.72209296000003
2026-07-08 16:13:56+00:00,,,-0.03820131310107311,-0.11484000000000001
2026-07-08 16:17:40+00:00,,,-0.12302659036312155,-0.36984000000000006
2026-07-08 16:28:58+00:00,,,-0.021058823044530526,-0.0633065997505188
2026-07-08 16:32:35+00:00,,,-0.015271543740483853,-0.045909000000000005
2026-07-08 16:35:55+00:00,,,-0.06813964625238433,-0.20484000000000002
2026-07-08 16:44:26+00:00,,,-0.08809853501992515,-0.26484
2026-07-08 17:20:52+00:00,,,-0.9007750387944881,-2.707891353929746
2026-07-08 17:37:35+00:00,,,-0.04243259751979177,-0.12756000000000003
2026-07-08 18:03:34+00:00,,,-7.707153990749829,-23.169087459269754
2026-07-08 18:24:26+00:00,,,-0.10730297787199689,-0.32257200024032595
2026-07-08 18:26:25+00:00,,,-0.06813964625238433,-0.20484000000000002
2026-07-08 18:58:43+00:00,,,-0.0108576354895422,-0.03264
2026-07-08 19:04:19+00:00,,,-0.06813964625238433,-0.20484000000000002
2026-07-08 19:08:22+00:00,,,-0.0050915127606247276,-0.015306000709533692
2026-07-08 19:11:25+00:00,,,-0.10478416602958926,-0.31500000000000006
2026-07-08 19:12:22+00:00,,,-0.11976331227804009,-0.36003000068664587
2026-07-08 19:25:16+00:00,,,-0.43913547919079104,-1.3201200256347685
2026-07-08 19:58:44+00:00,,,-0.01824242433353239,-0.054840000000000264
2026-07-08 20:00:02+00:00,,,-0.18909719841141878,-0.5684601000000001
2026-07-08 20:00:50+00:00,,,-8.863527142262487e-18,-2.6645352591003756e-17
2026-07-08 20:06:55+00:00,,,-5.539704463914055e-19,-1.665334536937735e-18
2026-07-08 20:10:46+00:00,,,-0.019140574328071636,-0.05754
2026-07-08 21:18:29+00:00,,,-0.1319963127185783,-0.3968045944519043
2026-07-08 21:36:26+00:00,,,-0.07818894674684113,-0.23505000000000004
2026-07-08 21:59:01+00:00,,,-0.06562482626767419,-0.19728000000000004
2026-07-08 22:00:11+00:00,,,-0.05514640966471526,-0.16578000000000004
2026-07-09 00:11:17+00:00,,,-0.023711159855838486,-0.07128000000000001
2026-07-09 00:13:07+00:00,,,-0.35202290474862463,-1.058244000000001
2026-07-09 00:14:44+00:00,,,-0.036504807555832144,-0.10974000000000002
2026-07-09 00:27:58+00:00,,,-0.028860553157864014,-0.08676000000000002
2026-07-09 03:32:10+00:00,,,-0.03540706867361739,-0.10644000000000002
2026-07-09 04:42:53+00:00,,,163.48461108825973,-32.91162247209609
2026-07-09 08:22:46+00:00,,,-0.07983555507016607,-0.2400000000000085
2026-07-09 13:16:16+00:00,,,-4.450545516248205e-17,-1.3379138191759868e-16
2026-07-09 13:16:26+00:00,,,-1.3989417247941357e-16,-4.2054697766618297e-16
2026-07-09 13:27:14+00:00,,,-1.0130782027101992e-16,-3.045494810385749e-16
2026-07-09 23:01:59+00:00,,,-0.05025294704580925,-0.001069373544089479
2026-07-10 00:00:00+00:00,,,-468.0332666914054,-426.33219744827085
2026-07-10 00:59:50+00:00,,,-22.75079445204746,-27.17255970863178
2026-07-10 04:57:25+00:00,,,-2.6590581426787468e-17,-7.993605777301129e-17
2026-07-10 06:19:32+00:00,,,-1.0636232570714985e-17,-3.197442310920451e-17
2026-07-10 06:20:05+00:00,,,-9.927150399333988e-17,-2.9842794901924215e-16
2026-07-10 06:20:32+00:00,,,-1.2653511431676884e-19,-3.803872523881787e-19
2026-07-10 07:00:58+00:00,,,-0.7873781618794852,-2.367000000000001
2026-07-10 07:14:52+00:00,,,-2.924963956946621e-18,-8.792966355031242e-18
2026-07-10 07:20:28+00:00,,,-0.07961600454850132,-0.23933999174737935
2026-07-10 09:08:50+00:00,,,-28.130186119258745,-84.56438566361551
2026-07-10 09:29:35+00:00,,,-0.0038321066433678374,-0.011520000000000006
2026-07-10 11:40:13+00:00,,,-1.1290870526624638e-16,-3.394238223819457e-16
2026-07-10 11:41:26+00:00,,,-1.9213575172917943,-5.775945363500907
2026-07-10 13:49:58+00:00,,,-0.013286015931050563,-0.03994014722700688
2026-07-10 13:50:07+00:00,,,-0.009979444383770407,-0.030000000000000006
2026-07-10 13:57:02+00:00,,,-0.0023950666597186143,-0.007200000022888201
2026-07-10 14:27:46+00:00,,,-0.12403084140794546,-0.37285895879030234
2026-07-10 14:36:37+00:00,,,-0.019998806545075895,-0.060120000000000014
2026-07-10 14:36:53+00:00,,,-0.08881705501555662,-0.26700000000000007
2026-07-10 14:36:58+00:00,,,-0.10977388822147448,-0.33000000000000007
2026-07-10 14:55:47+00:00,,,-4.21124128069318,-12.659746731617442
2026-07-10 15:14:46+00:00,,,-0.018725329647262954,-0.05629170000000001
2026-07-10 15:14:53+00:00,,,-2.5998847832557286,-7.815720043945316
2026-07-10 15:53:56+00:00,,,-0.01201525099999101,-0.03611999988555909
2026-07-10 15:53:59+00:00,,,-0.027982362014023654,-0.0841199998855591
2026-07-10 15:54:16+00:00,,,-0.08718541585881015,-0.26209499999999997
2026-07-10 15:56:02+00:00,,,-0.0518700582790796,-0.15000000000000002
2026-07-10 15:56:22+00:00,,,-4.5425576604095256e-18,-1.3655743202889425e-17
2026-07-10 15:56:58+00:00,,,-0.009979444383770408,-0.03000000000000001
2026-07-10 15:56:59+00:00,,,-0.0014230687919667953,-0.004278000068664552
2026-07-10 16:00:47+00:00,,,-1.235844413041744,-1.2132000000000027
2026-07-10 16:03:56+00:00,,,-0.15965115125155896,-0.4799400000000001
2026-07-10 16:07:28+00:00,,,-0.18176360308165304,-0.5464139968872084
2026-07-10 16:29:31+00:00,,,-16.182388183463395,-38.460718915866394
2026-07-10 16:40:14+00:00,,,-7.810357433368745,-23.479335521136075
2026-07-10 16:45:32+00:00,,,-68.04520069529742,-158.1749847873457
2026-07-10 17:24:04+00:00,,,-3.2579124689793324,-9.793869308829509
2026-07-10 17:41:23+00:00,,,-1.3937421769048886,-4.189839002975561
2026-07-10 18:05:47+00:00,,,339.0095036337391,1019.1233818139349
2026-07-11 00:00:00+00:00,,,-5.0651304914412,-11.484340875732425
2026-07-11 00:10:34+00:00,,,-1.4268078799926147e-17,-4.289240438013872e-17
2026-07-11 00:10:35+00:00,,,-4.210876692578281e-18,-1.2658650714341694e-17
2026-07-11 01:56:43+00:00,,,-0.2929822398426256,-0.8807571701660165
2026-07-11 02:33:29+00:00,,,-149.21144756907285,-445.85637798353525
2026-07-11 02:33:30+00:00,,,-9.969695329616856e-16,-2.9970692594361058e-15
2026-07-11 04:02:20+00:00,,,-5.984810154709372,-15.231998746919176
2026-07-11 05:49:25+00:00,,,-9.634813411418454,-28.963977474800828
2026-07-11 10:54:58+00:00,,,-0.057042503945357405,-0.17147999954223636
2026-07-11 11:04:34+00:00,,,-0.036091657972088236,-0.10849799823760989
2026-07-11 12:48:13+00:00,,,-0.6112512500730661,-1.8375309082351687
2026-07-11 13:26:07+00:00,,,-0.032814198429928006,-0.009126300000000002
2026-07-11 16:34:26+00:00,,,-45.55027980243154,-136.93231221322324
2026-07-11 16:54:17+00:00,,,-2.68088362287234,-7.89424618597004
2026-07-11 17:30:53+00:00,,,-34.525805509606265,-103.7907648418453
2026-07-11 21:43:25+00:00,,,-4.683960541056245,-14.080825627949134
2026-07-11 21:58:14+00:00,,,-0.24298074375075743,-0.730443703296501
2026-07-12 00:00:00+00:00,,,1.3026350955597172,3.989526773027834
2026-07-12 04:50:40+00:00,,,1.1496319930103505,3.4560000000000004
2026-07-12 08:54:21+00:00,,,-5.672657371047993e-18,-1.7053025658242406e-17
2026-07-13 00:00:00+00:00,,,-0.029204843989104095,-0.06079500000000001
2026-07-13 01:28:50+00:00,,,-0.6125382917076004,-0.32939998626708994
2026-07-13 03:12:20+00:00,,,-0.0059876667657758065,-0.01800000040737808
2026-07-13 03:12:26+00:00,,,-0.01670509118080226,-0.050218500765342594
2026-07-13 03:12:47+00:00,,,-0.019958888767540813,-0.06000000000000001
2026-07-13 07:50:35+00:00,,,-0.24644046505837436,-0.7408442461761532
2026-07-13 10:18:43+00:00,,,-0.055168364442359764,-0.16584600000000063
2026-07-13 10:19:04+00:00,,,-0.004989722191885203,-0.015000000000000003
2026-07-13 10:20:31+00:00,,,-0.03539908511811038,-0.10641600000000001
2026-07-13 14:20:11+00:00,,,-7.989865663662701e-16,-2.401896946283895e-15
2026-07-13 14:51:23+00:00,,,-2.153215848218183,-6.472953098631314
2026-07-13 15:46:59+00:00,,,-9.236819576697881,-23.37438322347875
2026-07-13 15:59:47+00:00,,,-1.4299769183024342,-4.298767135657401
2026-07-13 16:09:01+00:00,,,-4.327797214588532,-12.55133397796326
2026-07-13 18:05:19+00:00,,,-0.059555328193465026,-0.07794000000000002
2026-07-13 18:22:50+00:00,,,-0.04648425376689339,
2026-07-13 18:22:59+00:00,,,-0.3244125772968045,-0.006122400000000001
2026-07-13 18:24:11+00:00,,,-0.3823789841419066,
2026-07-13 18:25:19+00:00,,,-0.4444084071723612,-0.0289254
2026-07-13 18:31:38+00:00,,,-0.11895863890441861,-0.006122400000000001
2026-07-13 18:33:28+00:00,,,-0.3722759894857089,
2026-07-13 18:36:38+00:00,,,-0.2595504763088001,-0.0172104
2026-07-13 18:48:26+00:00,,,-0.3223336573109381,-0.04007280000000011
2026-07-13 19:27:34+00:00,,,-0.43396094786083655,
2026-07-13 23:31:31+00:00,,,0.4939824969966351,1.485
2026-07-13 23:56:14+00:00,,,-0.09578869486205861,-0.0008580000000000003
2026-07-14 00:00:00+00:00,,,-68.62844334129271,-192.70812072269086
2026-07-14 00:09:22+00:00,,,-0.5910061673758851,-0.013979999999992313
2026-07-14 00:15:20+00:00,,,-0.020557655430567034,-0.06180000000000001
2026-07-14 00:29:52+00:00,,,-0.42571012413394677,-5.115907697472722e-16
2026-07-14 01:13:20+00:00,,,-0.015274538281874184,
2026-07-14 01:30:58+00:00,,,-0.0049897221918857315,-0.01500000000000159
2026-07-14 02:38:31+00:00,,,-0.6551253202746289,-1.9694242336980028
2026-07-14 02:43:23+00:00,,,-0.044907499726966824,-0.135
2026-07-14 04:41:29+00:00,,,-0.38830018097250674,-1.167300000000001
2026-07-14 04:50:32+00:00,,,-0.004989722191885203,-0.015000000000000003
2026-07-14 05:59:28+00:00,,,-0.02979862092993843,
2026-07-14 06:11:01+00:00,,,-0.007827876174629506,-0.023532000000000004
2026-07-14 06:11:19+00:00,,,-1.772705428452498e-18,-5.329070518200753e-18
2026-07-14 06:11:20+00:00,,,-0.004170409899342194,-0.012537000274658204
2026-07-14 06:15:55+00:00,,,-0.26387646717746316,-0.7932599963378907
2026-07-14 06:39:25+00:00,,,-0.008326848393818026,-0.025032000000000006
2026-07-14 06:39:26+00:00,,,-0.0012873483255063825,-0.0038700000000000006
2026-07-14 10:57:10+00:00,,,-0.7036306646108836,-2.1152400000000005
2026-07-14 11:13:35+00:00,,,-0.03601581478102747,-0.10827000000000025
2026-07-14 13:04:01+00:00,,,-0.0017982958779554272,-0.005406
2026-07-14 13:05:44+00:00,,,-0.1698080301564728,-0.5104734000000002
2026-07-14 13:05:45+00:00,,,-0.04490749972696683,-0.13500000000000004
2026-07-14 14:00:16+00:00,,,-0.15146326198020107,-0.4553257360495725
2026-07-14 15:24:08+00:00,,,-0.3237367689234157,-0.7840548015449526
2026-07-14 15:34:32+00:00,,,-10.631628780031058,-31.960583288548516
2026-07-14 15:35:38+00:00,,,-6.666147781765667,-20.039636052103784
2026-07-14 15:50:16+00:00,,,-22.01095642184578,-32.145183284273784
2026-07-14 15:50:56+00:00,,,-0.10327727293505042,-0.31047000904081556
2026-07-14 15:59:53+00:00,,,-0.6131883670285374,-0.5210742
2026-07-14 16:00:20+00:00,,,-2.3399711842510454e-17,-7.034373140221753e-17
2026-07-14 16:04:59+00:00,,,-0.002315231173171853,-0.006960000228881837
2026-07-14 16:20:20+00:00,,,1.9478178651999096,6.159089915954592
2026-07-14 17:00:26+00:00,,,-9.362538921176665,-25.37878287651024
2026-07-14 17:14:46+00:00,,,-3.877287466399187,-11.655821658883625
2026-07-14 17:33:47+00:00,,,-17.04165902411678,-33.11238617823487
2026-07-14 17:48:58+00:00,,,148.24475228748588,453.5593584745795
2026-07-14 18:19:44+00:00,,,-2.6590581426787462e-17,-7.993605777301128e-17
2026-07-14 18:55:44+00:00,,,-0.7865168488072946,-2.361081074523926
2026-07-14 19:01:05+00:00,,,-0.02116739948241541,-0.06363300000000001
2026-07-14 19:26:53+00:00,,,-4.599279516532082,-13.780735453722814
2026-07-14 22:03:37+00:00,,,-0.030058086483916467,
2026-07-14 23:32:11+00:00,,,-6.693618007849681e-17,-2.0122216479513213e-16
2026-07-15 00:00:00+00:00,,,-16.989263645363067,-49.00892200465247
2026-07-15 03:41:22+00:00,,,-0.18512737538682716,-0.5565260998535158
2026-07-15 07:25:07+00:00,,,-0.04625173253002247,
2026-07-15 09:47:47+00:00,,,-0.09380677720744182,-0.28200000000000003
2026-07-15 11:06:17+00:00,,,-0.16463687959476103,-0.015000000000000003
2026-07-15 11:08:50+00:00,,,-0.1422150654455932,-0.015000000000000003
2026-07-15 11:24:32+00:00,,,-0.034892129092162355,-0.04496399974822999
2026-07-15 11:29:13+00:00,,,-0.06989602937757335,
2026-07-15 11:41:22+00:00,,,-0.18351499642374003,-0.0725759994506836
2026-07-15 12:08:35+00:00,,,-0.1047602132921386,
2026-07-15 12:18:25+00:00,,,-0.024924660125403307,
2026-07-15 12:41:26+00:00,,,-0.07482188204425533,
2026-07-15 13:07:26+00:00,,,-0.049880456452287295,-0.05646000000000001
2026-07-15 13:19:52+00:00,,,-0.04988125480783799,
2026-07-15 13:41:44+00:00,,,-0.0974193360743667,-0.29286000000000006
2026-07-15 13:41:46+00:00,,,-0.01596711101403265,-0.04800000000000001
2026-07-15 14:41:01+00:00,,,-0.019958888767540813,
2026-07-15 15:50:40+00:00,,,2.3561468190081927,-0.015000000000000003
2026-07-15 15:58:01+00:00,,,-1.8568614434969177,-4.574378999725343
2026-07-15 16:03:53+00:00,,,-7.090821713809991e-18,-2.131628207280301e-17
2026-07-15 16:21:01+00:00,,,-17.235200696598547,-11.027854401294396
2026-07-15 17:21:01+00:00,,,-0.009979444383770407,
2026-07-15 17:48:47+00:00,,,-11.870167578117426,-0.27000000000085783
2026-07-15 19:39:38+00:00,,,-0.004989722191885256,-1.5960768511869928e-16
2026-07-15 19:41:07+00:00,,,-0.03662456088843739,
2026-07-15 20:00:20+00:00,,,-0.0182424243335323,
2026-07-15 20:01:28+00:00,,,-0.009979444383770407,
2026-07-15 20:03:25+00:00,,,-0.028191930860008384,
2026-07-15 20:10:34+00:00,,,-0.1320190676973371,-3.197442310920454e-17
2026-07-15 20:23:43+00:00,,,-2.3349854315397745e-18,-7.019385073192553e-18
2026-07-15 21:03:32+00:00,,,-0.001995888876754081,
2026-07-15 21:03:34+00:00,,,-0.004989722191885203,
2026-07-15 21:03:37+00:00,,,-0.2208351247684553,
2026-07-15 21:06:35+00:00,,,-0.014957191158644256,
2026-07-15 21:07:08+00:00,,,-0.018252403777916114,-1.2789769243681805e-16
2026-07-15 21:07:37+00:00,,,-0.008637209114153303,-5.284177900996653e-17
2026-07-15 21:33:38+00:00,,,-0.2973638911476124,
2026-07-15 21:33:44+00:00,,,-0.6163326486852029,
2026-07-15 21:33:50+00:00,,,-0.16959686557013492,
2026-07-15 21:34:17+00:00,,,-0.28410120956158147,
2026-07-15 21:34:31+00:00,,,-0.6835182919887207,-7.812417379682303e-16
2026-07-15 21:34:46+00:00,,,-0.9041076230420036,
2026-07-15 21:35:14+00:00,,,-3.545410856904995e-18,-1.0658141036401503e-17
2026-07-15 21:35:15+00:00,,,-3.5454108569049956e-18,-1.0658141036401506e-17
2026-07-15 21:35:26+00:00,,,-0.14400338245780694,
2026-07-15 21:36:35+00:00,,,-0.1994890932315704,
2026-07-15 21:37:13+00:00,,,-0.17007468052972174,-6.128431095930866e-16
2026-07-15 21:37:40+00:00,,,-3.8999519425954953e-17,-1.1723955140041656e-16
2026-07-15 21:43:59+00:00,,,-0.009979444383770407,
2026-07-15 23:40:31+00:00,,,-0.010478416602958927,
2026-07-15 23:57:17+00:00,,,-0.16464975537735707,
2026-07-16 00:58:52+00:00,,,-0.12474704676141951,
2026-07-16 01:47:17+00:00,,,-0.47766339012368025,-1.4359418373046064
2026-07-16 02:31:19+00:00,,,-0.38820942782528656,-1.1670271797595242
2026-07-16 02:37:05+00:00,,,-2.836328685523997e-17,-8.526512829121205e-17
2026-07-16 02:51:44+00:00,,,-0.32133811040648025,-3.596081765699922e-16
2026-07-16 05:13:01+00:00,,,-130.00038563029753,-299.4252944454218
2026-07-16 05:13:02+00:00,,,-2.855923190934372,-8.387417427383935
2026-07-16 07:50:58+00:00,,,-2.715954305068624e-17,-8.164645847875822e-17
2026-07-16 15:46:56+00:00,,,-26.481284387022637,-78.79820614990616
2026-07-16 17:10:01+00:00,,,-6.864212389334609e-16,-2.0635053792667742e-15
2026-07-16 17:12:17+00:00,,,-0.019958888767540813,-0.06000000000000001
2026-07-16 17:44:01+00:00,,,-3.7226813997502444e-17,-1.1191048088221578e-16
2026-07-16 17:44:02+00:00,,,-1.5954348856072478e-18,-4.7961634663806765e-18
2026-07-17 00:00:00+00:00,,,-120.29040757460002,-140.1742281863505
2026-07-17 00:10:28+00:00,,,-0.04711195899134171,-0.141627
2026-07-17 00:31:13+00:00,,,-12.780380674175825,-38.420116940459906
2026-07-17 01:02:47+00:00,,,-0.049897221918852035,-0.15000000000000002
2026-07-17 01:03:37+00:00,,,-0.23575439412219207,-0.7087200000000002
2026-07-17 01:24:01+00:00,,,-0.1275372992245858,-0.3834000000000001
2026-07-17 01:25:45+00:00,,,-0.049897221918852035,-0.15000000000000002
2026-07-17 01:33:09+00:00,,,-0.00986977028999277,-0.0296703
2026-07-17 01:35:29+00:00,,,-0.04790133304209794,-0.14400000000000002
2026-07-17 01:37:28+00:00,,,-8.27716722051257,-24.882649480888183
2026-07-17 01:37:33+00:00,,,-0.01201604939361027,-0.036122400000000006
2026-07-17 01:37:40+00:00,,,-0.10478416602958926,-0.31500000000000006
2026-07-17 01:40:36+00:00,,,-1.806239503833232,-1.6329536948404855
2026-07-17 01:42:49+00:00,,,-5.495386828202743e-18,-1.652011860642233e-17
2026-07-17 01:53:00+00:00,,,-0.138090561660423,-0.4151250000000001
2026-07-17 02:12:28+00:00,,,-1.9229526403439432,-3.44847739680004
2026-07-17 02:13:03+00:00,,,-0.027886559386008026,-0.08383200000000003
2026-07-17 02:13:07+00:00,,,-0.000567329078276591,-0.001705492980749228
2026-07-17 02:17:30+00:00,,,-0.20226338145409203,-0.42480000257492084
2026-07-17 02:21:54+00:00,,,-0.24937743344492092,-0.7496733000000001
2026-07-17 02:22:31+00:00,,,-0.41409415665334837,-1.2448413180000004
2026-07-17 02:24:49+00:00,,,-0.1546813879484413,-0.4650000000000001
2026-07-17 02:47:07+00:00,,,-0.12809819146587897,-0.38508614269409247
2026-07-17 02:47:27+00:00,,,-0.11591926943272372,-0.34847411832238934
2026-07-17 03:01:48+00:00,,,-0.054881953322625694,-0.16498499679565434
2026-07-17 03:07:28+00:00,,,-0.004970761247556039,-0.014943000000000001
2026-07-17 03:09:21+00:00,,,-0.19754839068225885,-0.593865900000001
2026-07-17 03:29:03+00:00,,,-1.5644560150216478,-2.04
2026-07-17 03:34:49+00:00,,,-3.7508471133685877,-10.43571927592061
2026-07-17 04:02:31+00:00,,,-0.9277467549201759,-2.788973170978254
2026-07-17 04:03:13+00:00,,,-0.679160556544415,-1.383797156024141
2026-07-17 04:03:31+00:00,,,-0.08482527726204844,-0.25500000000000006
2026-07-17 04:18:07+00:00,,,-9.242340773407149,-5.82777438046163
2026-07-17 04:18:51+00:00,,,-15.97245888148551,-42.49350618680109
2026-07-17 04:24:52+00:00,,,-0.014071016581116268,-0.0423
2026-07-17 04:56:33+00:00,,,-1.5200689411265458,
2026-07-17 05:22:34+00:00,,,-0.5714828620809976,-1.717980000000005
2026-07-17 05:53:48+00:00,,,-0.023262084858569062,-0.06993000000000076
2026-07-17 05:57:15+00:00,,,-0.006302008649934406,-0.018944968499999996
2026-07-17 06:02:01+00:00,,,-2.8966966226751083,-8.707989677419356
2026-07-17 06:02:39+00:00,,,-5.149286523145645,-15.479679003532329
2026-07-17 06:17:58+00:00,,,-7.090821713809991e-18,-2.131628207280301e-17
2026-07-17 06:32:37+00:00,,,-4.431763571131245e-19,-1.3322676295501883e-18
2026-07-17 10:49:07+00:00,,,-0.5803165488796715,-1.7445356471652125
2026-07-17 11:15:51+00:00,,,-2.1272465141429974e-18,-6.394884621840903e-18
2026-07-17 11:18:06+00:00,,,-0.05746164076174999,-0.030000000000000006
2026-07-17 13:42:22+00:00,,,-2.0071623606968427e-16,-6.033890115048177e-16
2026-07-17 13:46:30+00:00,,,-0.16967240189358562,-0.5100656771118168
2026-07-17 13:46:45+00:00,,,-0.0067238425659573095,-0.020213076923076938
2026-07-17 14:49:21+00:00,,,-0.4390955528858975,-1.3199999999999992
2026-07-17 15:11:40+00:00,,,-0.49071612189578817,-1.335380690501691
2026-07-17 15:25:24+00:00,,,-0.009380677720744182,-0.028200000000000003
2026-07-17 15:43:40+00:00,,,-0.00718519995631469,-0.0216
2026-07-17 15:48:52+00:00,,,-0.0007684172175503277,-0.00231000000000002
2026-07-17 15:53:37+00:00,,,-0.041913666411835915,-0.12600000000000064
2026-07-17 15:53:39+00:00,,,-8.065632921601113,-9.7678176573443
2026-07-17 15:58:21+00:00,,,-0.051113716189233646,-0.15365700000000004
2026-07-17 16:00:07+00:00,,,-0.001900086210669885,-0.005712000000000001
2026-07-17 16:00:09+00:00,,,-9.43079287936729e-17,-2.8350655156828e-16
2026-07-17 16:00:10+00:00,,,-1.2221605311986492e-17,-3.674033796469427e-17
2026-07-17 16:04:39+00:00,,,-0.004989722191885203,-0.015000000000000003
2026-07-17 16:06:55+00:00,,,-0.9047013799694373,-2.5975226427658153
2026-07-17 16:08:34+00:00,,,-1.9854300798667972e-17,-5.968558980384842e-17
2026-07-17 17:13:42+00:00,,,-0.004989722191885309,-0.015000000000000322
2026-07-17 17:31:46+00:00,,,-94.29090794994534,-129.78982131687977
2026-07-17 17:40:16+00:00,,,-0.13560168823111066,-0.4076430000000001
2026-07-17 17:55:33+00:00,,,-17.470736119844183,-4.847820287157826
2026-07-17 18:00:22+00:00,,,42.68521703289453,167.86043957303838
2026-07-17 18:06:52+00:00,,,-0.9133951858226473,-1.0468046379089393
2026-07-17 18:08:28+00:00,,,-22.97112262003292,-36.02041589541401
2026-07-17 18:15:06+00:00,,,-0.4112366804704022,-1.2362512320000423
2026-07-17 19:00:24+00:00,,,-0.003991777753508161,-0.012
2026-07-18 03:25:55+00:00,,,-15.24105432962533,-30.320393369795713
2026-07-18 04:06:10+00:00,,,-0.0617284520024749,-0.18556680000000014
2026-07-18 04:08:55+00:00,,,-0.0319342220280653,-0.09600000000000002
2026-07-18 04:11:13+00:00,,,-0.06504641549208147,-0.19554119344920629
2026-07-18 04:29:09+00:00,,,-20.288903334217824,-50.43796773740588
2026-07-18 04:48:22+00:00,,,-0.42192247563085195,-0.16729462623596594
2026-07-18 05:08:30+00:00,,,-59.171364654729295,-163.67395740584323
2026-07-18 06:02:00+00:00,,,-236.66549181630467,-264.26488487584083
2026-07-18 06:02:07+00:00,,,-0.07823884396875999,-0.23520000000000008
2026-07-18 10:02:19+00:00,,,-0.03293216646644234,-0.099
2026-07-18 11:05:31+00:00,,,-3.545410856904996e-17,-1.0658141036401505e-16
2026-07-18 11:06:21+00:00,,,-0.03164886010827795,-0.09514215087890636
2026-07-18 14:58:28+00:00,,,-4.357972697701664,-2.532099871472819
2026-07-18 18:01:57+00:00,,,-28.58900488160919,-59.069349569352916
2026-07-18 18:13:07+00:00,,,-13.218569607189238,-39.73739147848742
2026-07-19 00:00:00+00:00,,,-7.329547353361918,-13.610150323713727
2026-07-19 05:21:21+00:00,,,-0.014150852136186434,-0.04254000000000001
2026-07-19 20:29:42+00:00,,,-0.040352881310214014,-0.12130800000000003
2026-07-20 00:00:00+00:00,,,-0.35770320449186643,-1.0753200000000003
2026-07-20 00:55:12+00:00,,,-0.33984784298550824,-1.021643580292517
2026-07-20 03:46:18+00:00,,,-1.2763479084857984e-17,-3.836930773104542e-17
2026-07-20 04:00:49+00:00,,,-0.027034314835634028,-0.08127
2026-07-20 04:00:51+00:00,,,-0.05846956464451081,-0.17577
2026-07-20 04:00:54+00:00,,,-0.028491313906007305,-0.08565000057220461
2026-07-20 04:00:57+00:00,,,-0.03909946309561245,-0.11754000000000002
2026-07-20 04:00:58+00:00,,,-0.014190770085030035,-0.04266000051498414
2026-07-20 04:27:55+00:00,,,-0.8230279304851962,-0.5100000000000003
2026-07-20 06:50:00+00:00,,,-0.22411808606901107,
2026-07-20 14:01:54+00:00,,,-0.9291914855402347,-2.793316290388014
2026-07-20 16:40:06+00:00,,,-2.7169509448250815,-8.16764192576793
2026-07-20 17:15:09+00:00,,,-19.547922279072164,-58.76456101362617
2026-07-20 17:21:06+00:00,,,-12.593349082335996,-37.85786642435703
2026-07-20 23:10:45+00:00,,,-0.24749022071750607,
2026-07-20 23:11:33+00:00,,,-0.06484842394141964,
2026-07-20 23:13:28+00:00,,,-0.029920370501651177,
2026-07-20 23:25:19+00:00,,,-0.19958888767540808,-0.6
2026-07-20 23:26:45+00:00,,,-0.0498235736192998,-5.329070518200753e-18
2026-07-20 23:26:57+00:00,,,-0.05488694411073723,
2026-07-20 23:27:21+00:00,,,-0.10478416602958926,
2026-07-20 23:32:03+00:00,,,-0.004989722191885203,-0.015000000000000003
2026-07-20 23:32:54+00:00,,,-0.004989722191885203,-0.015000000000000003
2026-07-20 23:34:04+00:00,,,-0.30437305370499734,-0.3346800000000001
2026-07-20 23:35:06+00:00,,,-0.004989722191885203,-0.015000000000000003
2026-07-20 23:48:48+00:00,,,-0.05488694411073723,
2026-07-21 00:00:00+00:00,,,-33.005000156414155,-74.07049480946456
2026-07-21 00:04:55+00:00,,,-0.01994092611788077,
2026-07-21 00:40:22+00:00,,,-0.17125724506988405,
2026-07-21 01:49:51+00:00,,,-0.049897221918852035,
2026-07-21 03:46:13+00:00,,,-2.5813504192372116,-7.760002420882074
2026-07-21 05:18:25+00:00,,,-3.630989800725471,-5.735285674597344
2026-07-21 06:07:54+00:00,,,-0.0069955905130230575,-0.021030000000000014
2026-07-21 08:21:31+00:00,,,-0.12928569780448526,-0.3886559997711183
2026-07-21 08:21:33+00:00,,,-0.11630842857527585,-0.34964400051498423
2026-07-21 08:22:55+00:00,,,-0.04095563975099375,-0.12312000000000001
2026-07-21 11:04:55+00:00,,,-0.05529809721934858,-0.16623600000000002
2026-07-21 11:12:33+00:00,,,-3.0084837744317105e-17,-9.044041908759214e-17
2026-07-21 11:12:34+00:00,,,-4.9635751996669935e-17,-1.4921397450962107e-16
2026-07-21 11:59:25+00:00,,,-2.1272465141429978e-18,-6.394884621840903e-18
2026-07-21 14:16:21+00:00,,,-501.3218804822174,-1507.0635033474964
2026-07-21 14:24:58+00:00,,,-0.004411413377092746,-0.013261499961662312
2026-07-21 14:47:22+00:00,,,-0.043439923433045174,-0.13058820239639285
2026-07-21 14:58:51+00:00,,,-0.06790013958717384,-0.20412000000000005
2026-07-21 15:14:33+00:00,,,-0.3063880026839339,-0.9210572980862948
2026-07-21 15:14:34+00:00,,,-0.01527018677971237,-0.04590492073249984
2026-07-21 15:46:49+00:00,,,-2.127246514142997e-17,-6.394884621840902e-17
2026-07-21 15:57:19+00:00,,,-0.10478416602958926,
2026-07-21 15:58:31+00:00,,,-0.32024037027519303,-0.9627000000000024
2026-07-21 15:58:51+00:00,,,-0.12420740774675931,-0.3733897488784791
2026-07-21 16:00:15+00:00,,,-0.012885458862417973,-0.03873600082397462
2026-07-21 16:00:22+00:00,,,-0.023321961524871437,-0.07011000000000002
2026-07-21 16:02:39+00:00,,,-0.08628227614207892,-0.25938000000000005
2026-07-21 16:47:48+00:00,,,-0.37145657595457354,-1.1166651017926639
2026-07-21 17:05:24+00:00,,,-0.28548665582538035,-0.8582241000000002
2026-07-21 17:30:39+00:00,,,-25.454081348455556,-38.33688532784838
2026-07-21 17:34:45+00:00,,,-8.340712911356691,-23.973796127232266
2026-07-21 17:44:06+00:00,,,-0.057810919716302464,-0.17378999519348143
2026-07-21 18:02:57+00:00,,,-3.6275086195382,-7.3469417182552315
2026-07-21 18:04:36+00:00,,,-0.14105944636459467,-0.01500000000000004
2026-07-21 18:05:30+00:00,,,-26.02387523473851,-78.23243730000002
2026-07-21 18:08:09+00:00,,,87.37449607916443,167.29613961360016
2026-07-22 00:00:00+00:00,,,-0.1796299989078673,-0.54
2026-07-22 00:45:04+00:00,,,-1.2145891387203563e-16,-3.65127283247045e-16
2026-07-22 02:35:48+00:00,,,-1.0916971030452836,-3.2818373280000843
2026-07-22 02:43:31+00:00,,,-2.2545172146579557,-6.777483178295426
2026-07-22 03:03:31+00:00,,,-0.2759316372112517,-0.8295000000000002
2026-07-22 03:13:57+00:00,,,-0.09979444383770406,
2026-07-22 03:24:54+00:00,,,-2.3056138163809443,-6.48378872913978
2026-07-22 03:26:40+00:00,,,-0.005390313333195367,-0.016204248831613255
2026-07-22 03:33:57+00:00,,,-0.12873473275619476,-0.38699970000000117
2026-07-22 03:56:09+00:00,,,-14.705854825822044,-29.901563645300808
2026-07-22 05:06:48+00:00,,,-2.4354834018591673,-7.3215
2026-07-22 07:00:34+00:00,,,-0.6123387073881538,-1.840800000000005
2026-07-22 07:10:16+00:00,,,-0.8355049305702124,-2.5116777000000003
2026-07-22 08:39:16+00:00,,,-4.270475792497039,-12.837816300000002
2026-07-22 09:16:22+00:00,,,-0.038201311882879216,-0.11483999633789065
2026-07-22 09:25:43+00:00,,,-0.09979444383770406,-0.30000000000000004
2026-07-22 09:34:16+00:00,,,-0.07983555507016331,-0.2400000000000002
2026-07-22 09:39:58+00:00,,,-0.044608116395453715,-0.13410000000000002
2026-07-22 12:29:30+00:00,,,-0.0037036716847739094,-0.01113390147490736
2026-07-22 12:51:18+00:00,,,-0.0641925926171435,-0.19297444872243613
2026-07-22 13:05:30+00:00,,,-0.004989722191895425,-0.015000000000030732
2026-07-22 14:12:24+00:00,,,-9.872433802480618,-29.59706700000005
2026-07-22 14:24:27+00:00,,,-0.010421533657671464,-0.031328999662406154
2026-07-22 14:47:16+00:00,,,-0.3314822876174183,-0.9964952201843287
2026-07-22 14:47:17+00:00,,,-2.309502791005772e-16,-6.942779684493424e-16
2026-07-22 14:49:07+00:00,,,137.1059173104753,401.47898245168136
2026-07-22 14:49:08+00:00,,,-4.538125896838394e-16,-1.3642420526593926e-15
2026-07-22 14:52:07+00:00,,,-0.1786196799584544,-0.5369628000000001
2026-07-22 14:59:07+00:00,,,-55.645007718658725,-167.060475192153
2026-07-23 01:57:09+00:00,,,-0.7484583287827804,-2.2500000000000004
2026-07-23 02:21:58+00:00,,,-0.004989722191885203,-0.015000000000000003
2026-07-23 02:26:45+00:00,,,-0.9053559327931425,-2.72166234304244
2026-07-23 11:40:10+00:00,,,-1.9589668763696102,-5.889005843518151
2026-07-23 18:30:00+00:00,,,-0.04054648321649323,-0.12189000205993654
2026-07-23 18:34:31+00:00,,,1.5248391424945276,4.583939998626708
2026-07-23 18:52:37+00:00,,,-0.1596621286403811,-0.4799730000000001
2026-07-23 18:53:57+00:00,,,-0.029938333151311218,-0.09000000000000002
2026-07-23 19:06:46+00:00,,,-0.012088500618181897,-0.03634020137786866
2026-07-23 19:26:07+00:00,,,-0.04989722191885203,-0.15000000000000002
2026-07-23 19:29:10+00:00,,,-0.02995829249690147,-0.09006000137329104
2026-07-23 19:53:16+00:00,,,-3.190869771214496e-17,-9.592326932761354e-17
2026-07-23 20:18:42+00:00,,,-0.0798555144157535,-0.24006000137329106
2026-07-23 20:23:37+00:00,,,-0.049897221918852035,-0.15000000000000002
2026-07-23 20:41:49+00:00,,,-0.27940647819248354,-0.8399459953308112
2026-07-23 21:03:16+00:00,,,-0.04231803349826608,-0.1272156
2026-07-23 21:14:30+00:00,,,-0.011745007684147065,-0.03530760000000001
2026-07-23 21:34:06+00:00,,,-0.059876666302622436,-0.18000000000000005
2026-07-23 21:34:55+00:00,,,-0.10258868826515974,-0.3084
2026-07-23 21:57:00+00:00,,,-0.13979205692785585,-0.42024000000000006
2026-07-23 22:14:54+00:00,,,-0.10975392933270692,-0.32994000000000007
2026-07-23 22:15:28+00:00,,,-0.049897221918852035,-0.15000000000000002
2026-07-23 22:15:34+00:00,,,-0.049897221918852035,-0.15000000000000002
2026-07-23 22:17:49+00:00,,,-0.09280883276906476,-0.279
2026-07-23 22:18:16+00:00,,,-0.09979444383770404,-0.3
2026-07-23 22:20:18+00:00,,,-0.04490749972696682,-0.135
2026-07-23 22:21:51+00:00,,,-0.029938333151311218,-0.09000000000000002
2026-07-23 22:22:12+00:00,,,-0.0962145546516589,-0.2892382109212399
2026-07-23 22:50:55+00:00,,,-0.009869776644269466,-0.029670319102095628
2026-07-24 00:00:00+00:00,,,-48.74955101581623,-142.10157218937906
2026-07-24 00:23:31+00:00,,,-0.9345968861257546,-2.2341060461812664e-14
2026-07-24 02:28:55+00:00,,,-0.0658284076335646,-0.19789200210571292
2026-07-24 03:11:10+00:00,,,-0.003971818864740621,-0.011940000000000003
2026-07-24 05:08:13+00:00,,,-23.194075299562208,-69.72555106559676
2026-07-24 08:46:10+00:00,,,-0.07006917182398635,-0.19710000000000003
2026-07-24 09:51:31+00:00,,,-40.45971532737186,-121.62916222020817
2026-07-24 11:05:36+00:00,,,-0.08055437417503261,-6.394884621840903e-18
2026-07-24 11:17:00+00:00,,,-0.07731095599132833,-4.1993075777183985e-16
2026-07-24 11:26:34+00:00,,,-0.003991777753508162,
2026-07-24 11:31:51+00:00,,,-0.011975333260524487,
2026-07-24 12:03:55+00:00,,,-0.7584377731665508,-2.2800000000000002
2026-07-24 14:42:18+00:00,,,-0.5388899967236019,-1.6200000000000006
2026-07-24 14:43:19+00:00,,,-7.083730921470795e-16,-2.1294965879035566e-15
2026-07-24 15:01:03+00:00,,,-0.7195544593040051,-1.4695547833689568
2026-07-24 15:37:01+00:00,,,-4.809934281334369,-14.459525289273952
2026-07-24 15:48:30+00:00,,,-1.2689417994117722e-16,-3.814666680668481e-16
2026-07-24 15:54:28+00:00,,,-14.958309341883655,-44.96736120763514
2026-07-24 16:00:10+00:00,,,-0.09799814384862544,-1.8651746813702634e-16
2026-07-24 16:00:16+00:00,,,-0.01177574437284908,-0.03540000000000001
2026-07-24 16:00:22+00:00,,,-1.5797864977671537e-17,-4.7491216054163233e-17
2026-07-24 16:24:48+00:00,,,-6.097826434801569,-21.605407462781386
2026-07-24 17:27:55+00:00,,,-0.08394708432898589,-0.2523599945068362
2026-07-24 19:22:16+00:00,,,-0.025615237844261878,-0.07700400000000002
2026-07-24 19:34:06+00:00,,,-0.06813964625238433,-0.20484000000000002
2026-07-24 19:34:42+00:00,,,-0.06813964625238433,-0.20484000000000002
2026-07-24 19:40:19+00:00,,,-0.07312936844426954,-0.21984000000000004
2026-07-24 19:48:04+00:00,,,-0.12302659036312155,-0.36984000000000006
2026-07-24 20:00:37+00:00,,,-37.415056898378076,-112.47637281057334
2026-07-24 20:00:55+00:00,,,-0.1425463799231948,-0.42851998901367194
2026-07-24 20:05:06+00:00,,,-0.2047284013274937,-0.6154503
2026-07-24 20:17:28+00:00,,,148.7861580866055,436.5357281078427
2026-07-24 20:19:18+00:00,,,-0.16793409009008836,-0.50484
2026-07-24 20:21:37+00:00,,,-0.03853063465153186,-0.11582999965667726
2026-07-24 20:24:46+00:00,,,-0.09987427939277421,-0.30024
2026-07-24 20:30:07+00:00,,,-0.11052234655025725,-0.33225000000000005
2026-07-24 20:45:57+00:00,,,0.4058329176768795,1.2200065516780274
2026-07-24 21:08:27+00:00,,,-0.04989722191885207,-0.15000000000000016
2026-07-24 21:12:34+00:00,,,-0.009045368389449495,-0.027192000000000004
2026-07-24 21:15:31+00:00,,,-0.049897221918852035,-0.15000000000000002
2026-07-24 21:17:12+00:00,,,-0.0182424243335323,-0.05484
2026-07-24 22:33:13+00:00,,,-0.19576676047642405,-0.5885100000000001
2026-07-25 00:00:00+00:00,,,-1.7990068209579277,-5.408137222199436
2026-07-25 00:17:06+00:00,,,-0.018980903217931312,-0.05706000000000001
2026-07-25 00:46:33+00:00,,,-1.3681818250149222,-4.1129999999999995
2026-07-25 01:03:03+00:00,,,-0.4669382030497173,-1.4037000010013585
2026-07-25 01:32:48+00:00,,,-0.005971699519248214,-0.017952000000000017
2026-07-25 01:43:01+00:00,,,-0.10977388822147446,-0.33000000000000007
2026-07-25 02:09:03+00:00,,,-0.14070577285974495,-0.422986794
2026-07-25 03:07:51+00:00,,,-0.14806463810105974,-0.4451088630000012
2026-07-25 03:25:03+00:00,,,-1.430108976022249,-4.299164124852599
2026-07-25 03:27:55+00:00,,,1.8873980704622586,5.673857174448726
2026-07-25 03:28:58+00:00,,,-0.8486918668029023,-2.551319995880127
2026-07-25 03:55:00+00:00,,,-0.09979444383770408,-0.30000000000000016
2026-07-25 03:59:31+00:00,,,-1.6590801367737436,-4.987492508516537
2026-07-25 03:59:49+00:00,,,-18.457502749941494,-55.48656430199354
2026-07-25 03:59:58+00:00,,,-0.3284437778147588,-0.9873609146484379
2026-07-25 04:31:00+00:00,,,-4.997833278065137e-16,-1.5024383380080135e-15
2026-07-25 05:02:45+00:00,,,-0.019958888767540827,-0.06000000000000005
2026-07-25 05:10:42+00:00,,,-0.28006312718613335,-0.8419200000000022
2026-07-25 05:48:27+00:00,,,-2.3150480172780306,-6.9594496294092245
2026-07-25 05:59:48+00:00,,,-1.9427466697552453,-5.840244992741496
2026-07-25 06:02:30+00:00,,,-11.079147353651857,-33.30590439985788
2026-07-25 06:02:36+00:00,,,-0.5583499132719546,-1.6785000000000014
2026-07-25 06:06:27+00:00,,,-88.11831762857523,-244.78727566404035
2026-07-25 06:06:39+00:00,,,-14.82267971987008,-29.8757001336741
2026-07-25 15:51:51+00:00,,,-26.509927605759206,-79.69359791875499
2026-07-25 16:35:13+00:00,,,68.97524704201402,26.48322663480469
2026-07-25 17:32:12+00:00,,,-27.624130462103743,-83.04309157841173
2026-07-25 20:04:15+00:00,,,-0.03190947227151724,-0.09592559779203247
2026-07-26 00:00:00+00:00,,,11.983706770439417,37.52817227290294
2026-07-26 03:38:21+00:00,,,-0.02294334140495119,-0.06897180000000001
2026-07-26 17:40:42+00:00,,,-1.772705428452498e-18,-5.329070518200753e-18
2026-07-26 19:05:01+00:00,,,-0.04819891787074599,-0.14489459337775965
2026-07-26 19:05:06+00:00,,,-0.031175584166551577,-0.09371939849853517
2026-07-26 19:05:10+00:00,,,-0.019958888767540837,-0.060000000000000074
2026-07-26 19:05:15+00:00,,,-0.012345502413076852,-0.037112794876098636
2026-07-26 19:06:28+00:00,,,-0.08382733282367144,-0.25200000000000017
2026-07-27 00:00:00+00:00,,,-0.9710448461167254,-2.9191350002288847
2026-07-27 03:37:40+00:00,,,-0.010041316938949784,-0.030186000000000004
2026-07-27 04:11:36+00:00,,,-1.2763479084857986e-16,-3.836930773104542e-16
2026-07-27 04:15:46+00:00,,,-0.039518599759730814,-0.11880000000000002
2026-07-27 04:18:55+00:00,,,-5.397455660304065e-16,-1.6225719948142488e-15
2026-07-27 04:25:16+00:00,,,-0.013124965253534852,-0.03945600000000005
2026-07-27 04:28:45+00:00,,,-1.772705428452498e-17,-5.3290705182007524e-17
2026-07-27 05:36:52+00:00,,,-1.4890725599000982e-16,-4.476419235288632e-16
2026-07-27 15:57:10+00:00,,,-22.05280928323064,
2026-07-27 16:03:43+00:00,,,-3.7171072254878523,-11.174291120454543
2026-07-27 16:03:48+00:00,,,-0.9123679558560609,-2.7427417422352107
2026-07-27 17:40:00+00:00,,,-13.424133485956352,-40.213235878580086
2026-07-27 17:56:12+00:00,,,-13.72993295874677,-0.0006552000002918726
2026-07-27 19:12:15+00:00,,,-0.484743527690689,-1.4572260009155278
2026-07-27 19:34:07+00:00,,,-1.0416527082724105,-3.1313949000000036
2026-07-27 20:13:48+00:00,,,-0.5583699803728854,-1.678560325305176
2026-07-27 20:18:27+00:00,,,-0.5853163678857787,-0.37956600000000046
2026-07-27 20:35:37+00:00,,,-4.2988106639973073e-16,-1.2922996006636825e-15
2026-07-27 20:35:38+00:00,,,-7.578315706634427e-17,-2.2781776465308213e-16
2026-07-27 20:53:36+00:00,,,-0.21779458765360815,-0.6547296
2026-07-27 20:54:06+00:00,,,-0.018224461333641515,-0.054786000000000015
2026-07-27 20:57:16+00:00,,,-0.12466092241665443,-0.3747530953308106
2026-07-27 21:03:06+00:00,,,-0.12797599559969633,-0.3847188000000001
2026-07-27 21:12:18+00:00,,,-0.014270605659134478,
2026-07-27 21:13:10+00:00,,,-2.2357256636780756,-2.3131200000000005
2026-07-27 21:15:27+00:00,,,-0.3492252690460044,
2026-07-27 21:17:55+00:00,,,-0.1280002456495489,-0.38479170000000007
2026-07-27 21:18:33+00:00,,,-1.4491204956853287,-4.356316163378907
2026-07-27 21:18:37+00:00,,,-0.07811909063615474,-0.23484000000000002
2026-07-27 21:32:12+00:00,,,-1.111470597686812,-0.2972700000000001
2026-07-27 21:32:27+00:00,,,-0.07811909063615474,-0.23484000000000002
2026-07-27 21:53:42+00:00,,,-7.090821713809991e-19,-2.1316282072803008e-18
2026-07-27 21:55:45+00:00,,,-14.24535243317071,-0.3927846000004391
2026-07-27 22:07:15+00:00,,,-0.04989722191885203,-0.07500000000000001
2026-07-27 22:09:15+00:00,,,-0.4531238405072076,-1.224388767957688
2026-07-28 00:00:00+00:00,,,-57.96553884619266,-171.00130668493338
2026-07-28 01:11:06+00:00,,,-0.029938333151311218,
2026-07-28 01:29:13+00:00,,,-0.4803956281700752,
2026-07-28 06:16:40+00:00,,,-1.6200017246512814,-4.870015791518096
2026-07-28 07:46:57+00:00,,,-0.7025384842008457,-2.111956709764481
2026-07-28 09:31:26+00:00,-0.011632126361545012,-0.011660000255660202,,
2026-07-28 09:41:28+00:00,,,-6.43005396738886e-17,-1.9329895693930836e-16
2026-07-28 09:50:31+00:00,-0.7318006673989612,-0.7335542706252759,,
2026-07-28 10:00:11+00:00,,,-0.004989722191885206,-0.01500000000000001
2026-07-28 10:57:00+00:00,,,-8.863527142262489e-20,-2.664535259100376e-19
2026-07-28 12:06:11+00:00,,,-1.1345314742095987e-17,-3.410605131648482e-17
2026-07-28 13:25:14+00:00,,,-0.04437858917462703,-0.1334100000000001
2026-07-28 14:10:16+00:00,,,-0.7371155208125552,-2.215901484489441
2026-07-28 14:59:17+00:00,,,-0.011951382776732522,-0.03592800054931641
2026-07-28 15:13:01+00:00,,,-0.02167535299217225,-0.06515999937057497
2026-07-28 15:37:56+00:00,,,-2.2690629484191972e-17,-6.821210263296962e-17
2026-07-28 15:48:05+00:00,,,-0.43342848439270737,-1.3029637755111696
2026-07-28 15:51:26+00:00,,,-13.630899632013092,-40.52692949974568
2026-07-28 15:56:49+00:00,,,-0.09596234084891792,-0.2884800109863282
2026-07-28 16:00:01+00:00,,,-0.008663887543113943,-0.026045200143218532
2026-07-28 16:00:04+00:00,,,-0.06284894401788499,-0.18893520000000116
2026-07-28 16:00:05+00:00,,,-3.45677558548237e-18,-1.0391687510491466e-17
2026-07-28 16:54:22+00:00,,,-19.917626153140077,-58.79258817932875
2026-07-28 17:19:56+00:00,,,-17.235924449772273,-21.559943708843235
2026-07-28 18:01:02+00:00,,,-6.936186618436071,-20.798878786842653
2026-07-28 18:01:17+00:00,,,-6.406490676042777,-19.259060213196847
2026-07-28 18:07:50+00:00,,,-1.8172839762946973,-5.269797627902849
2026-07-28 18:09:22+00:00,,,-0.26377778967143906,-0.24120000000000064
2026-07-28 18:15:14+00:00,,,-3.323822825882426e-19,-9.992007665140058e-19
2026-07-28 18:20:02+00:00,,,32.39198792954411,99.75635386948775
2026-07-28 18:39:07+00:00,,,0.3734644413955528,1.1227011054931644
2026-07-28 18:46:53+00:00,,,-5.2326103488837985,-15.730165370910646
2026-07-28 18:59:40+00:00,,,-0.03775230910285657,-0.11349021343589002
2026-07-28 19:08:41+00:00,,,-0.1203311424350652,-0.3617370000000001
2026-07-28 19:46:37+00:00,,,-0.4865245588253127,-1.4625801000000025
2026-07-28 19:58:19+00:00,,,-0.059876666302622436,-0.18000000000000002
2026-07-28 20:09:14+00:00,,,-3.649077645702856,-10.969782000000002
2026-07-28 20:26:16+00:00,,,-0.12831669398323248,-0.3857430004577638
2026-07-28 20:27:34+00:00,,,-1.1698142988183282,-7.127443200000002
2026-07-28 21:12:14+00:00,,,-0.42135210056217703,-1.2666599993705752
2026-07-28 21:39:07+00:00,,,-0.3034150270060868,-0.9121199998855591
2026-07-28 22:02:26+00:00,,,-0.05987666630262244,-0.18000000000000002
2026-07-28 22:06:10+00:00,,,-0.42620540395871315,-1.2812499000000002
2026-07-28 22:10:32+00:00,,,5.026000000000002,
2026-07-28 22:29:22+00:00,,,-0.009979444383770407,-0.030000000000000006
2026-07-28 22:33:19+00:00,,,-7.090821713809992e-17,-2.131628207280301e-16
2026-07-28 22:33:20+00:00,,,-0.0020160473684946644,-0.0060606000423431405
2026-07-29 00:00:00+00:00,,,-0.26086067226280196,-0.7841939758300783
2026-07-29 03:06:35+00:00,,,-0.004989722191885203,-0.015000000000000003
2026-07-29 04:36:12+00:00,,,-3.1111247411256326,-9.352599067094145
2026-07-29 04:47:20+00:00,,,-2.3950666521048976,-7.200000000000001
2026-07-29 04:56:33+00:00,,,-1.0548097075424174,-3.170947200000003
2026-07-29 05:58:11+00:00,,,-2.344171485747668,-7.047000000000001
2026-07-29 06:04:03+00:00,,,146.65380699855018,440.86765162112727
2026-07-29 06:04:21+00:00,,,-4.686734700245385e-17,-1.4089165248119726e-16
2026-07-29 06:05:35+00:00,,,-1.958212085087361,-5.886736805523982
2026-07-29 06:06:08+00:00,,,-3.8505600429514812,-6.03836983921051
2026-07-30 00:00:00+00:00,,,-0.03901069125593832,-0.1172731359254274
2026-07-30 03:56:51+00:00,,,-0.0014954197409079144,
2026-07-30 04:38:57+00:00,,,-0.015967111014032722,-0.04800000000000023
2026-07-30 06:36:26+00:00,,,-6.087711909230833,-18.210483455400002
2026-07-30 07:15:47+00:00,,,-0.0010977388822147444,-0.0033000000000000004
2026-07-30 17:34:27+00:00,,,-0.019958888767540813,
2026-07-30 17:36:33+00:00,,,-0.10977388822147446,
2026-07-30 18:01:42+00:00,,,-0.019958888767540813,
2026-07-30 20:06:06+00:00,,,-0.01995888876754081,
2026-07-30 20:08:32+00:00,,,-2.127246514142997e-17,-6.394884621840902e-17
2026-07-30 20:10:26+00:00,,,-0.0202662550580742,-0.00032699999213218686
2026-07-30 20:26:00+00:00,,,-0.008172965415144541,
2026-07-31 00:00:00+00:00,,,-494.8618328607942,-1751.316927151286
2026-07-31 00:04:11+00:00,,,-3.102234510439463e-17,-9.325873438859887e-17
2026-07-31 01:51:24+00:00,,,-0.007947629446325058,-0.023891999816894535
2026-07-31 02:04:33+00:00,,,-0.0027942444274557127,-0.008400000000000001
2026-07-31 05:14:41+00:00,,,-0.0019360122104514585,-0.0058200000000000005
2026-07-31 05:15:39+00:00,,,-0.015526318999385521,-0.0466749001316226
2026-07-31 05:57:26+00:00,,,-0.6128404396842375,-0.8478465447277774
2026-07-31 05:57:32+00:00,,,-0.03152267173756777,-0.09476280600000088
2026-07-31 06:35:45+00:00,,,-29.932286553306046,-89.98182284171551
2026-07-31 08:34:33+00:00,,,-0.0009979444383770406,-0.0030000000000000005
2026-07-31 08:44:17+00:00,,,-2.6341837887115833,-7.918829007140608
2026-07-31 10:42:23+00:00,,,-0.0015780738173920214,-0.004743972980976115
2026-07-31 11:25:48+00:00,,,-1.0628108268715482,-3.1950000000000003
2026-07-31 14:02:03+00:00,,,-0.06497576251058323,
2026-07-31 14:51:05+00:00,,,-0.29544344596436795,-0.8881559972763062
2026-07-31 15:17:44+00:00,,,-0.21455805425106372,-0.6450000000000001
2026-07-31 15:22:33+00:00,,,-1.7444496918038128,-2.4731583042343446
2026-07-31 15:25:35+00:00,,,-0.33521866597904293,-1.0077274437970012
2026-07-31 15:26:59+00:00,,,-1.114407771890265,-3.3501096725463873
2026-07-31 15:34:33+00:00,,,-16.60972371590827,-35.51724075324314
2026-07-31 15:36:08+00:00,,,-76.9473961865562,-67.47249490901848
2026-07-31 15:47:05+00:00,,,-0.13300603474689196,-0.3998400000000001
2026-07-31 15:51:18+00:00,,,-0.007199670226808277,-0.02164350022888184
2026-07-31 15:57:17+00:00,,,-3.545410856904999e-17,-1.0658141036401513e-16
2026-07-31 15:57:21+00:00,,,-0.1801090122382883,-0.5414400000000001
2026-07-31 15:57:42+00:00,,,-0.049897221918852035,-0.15000000000000002
2026-07-31 15:57:47+00:00,,,-1.339353983980368e-16,-4.0263383385107975e-16
2026-07-31 15:59:56+00:00,,,-0.012981261437137629,-0.006600000000000002
2026-07-31 16:00:38+00:00,,,-7.090821713809991e-19,-2.1316282072803008e-18
2026-07-31 16:00:42+00:00,,,-0.007984254109998683,-0.014984100000000248
2026-07-31 16:17:09+00:00,,,-1.0988623309792767,-3.303377288518264
2026-07-31 16:55:59+00:00,,,-0.0077363647195953155,-0.023256900150203708
2026-07-31 16:56:00+00:00,,,-0.007619006460780031,-0.022904100171661383
2026-07-31 17:15:20+00:00,,,-0.05068789329737816,-0.15237690000000004
2026-07-31 17:21:17+00:00,,,-0.5604056849059807,-1.6846800183105481
2026-07-31 17:29:15+00:00,,,-0.049897221918852035,
2026-07-31 17:34:42+00:00,,,-0.5335100796876892,-1.6038270043029788
2026-07-31 17:41:42+00:00,,,-0.03429136679151197,-0.10308600000000032
2026-07-31 17:42:35+00:00,,,-1.8613406998751228e-17,-5.59552404411079e-17
2026-07-31 17:48:56+00:00,,,-0.1420718251659424,-0.4270933922844268
2026-07-31 17:50:45+00:00,,,-62.787507591440736,-166.65380518030787
2026-07-31 17:56:53+00:00,,,-5.3181162853574923e-17,-1.5987211554602256e-16
2026-07-31 17:57:27+00:00,,,-0.3399597484183937,-1.0219799880981486
2026-07-31 17:58:02+00:00,,,-0.03991777753508162,-0.12
2026-07-31 18:15:18+00:00,,,20.369583646172927,61.234622478481974
2026-07-31 18:22:33+00:00,,,-0.2530517647984879,-0.760718999176026
2026-07-31 18:29:56+00:00,,,-2.8363286855239965e-18,-8.526512829121203e-18
2026-07-31 18:31:47+00:00,,,-0.00021775146866149576,-0.0006545999765747245
2026-07-31 19:00:38+00:00,,,-0.08613590261873892,-0.25893997493133575
2026-07-31 19:04:27+00:00,,,-1.2951757425887926,-3.893530619886435
2026-07-31 19:31:42+00:00,,,-1.1847935673521275,-3.5617020000000004
2026-07-31 20:51:17+00:00,,,-0.6235042837150491,-1.8743657253976655
2026-07-31 20:51:18+00:00,,,-8.508986056571997e-18,-2.5579538487363634e-17
2026-07-31 21:37:09+00:00,,,-2.659058186294532e-19,-7.993605908418002e-19
2026-07-31 21:50:12+00:00,,,-7.361735951785155e-15,-2.2130698870643232e-14
2026-07-31 22:09:26+00:00,,,-7.090821713809993e-18,-2.1316282072803012e-17
2026-07-31 22:12:06+00:00,,,-5.5969159963405,-16.825333498855244
2026-07-31 22:12:08+00:00,,,-2.3294152743636616,-0.7800000000000035
2026-07-31 22:30:06+00:00,,,-0.7905700094067624,-2.2117059036894773
2026-07-31 22:30:07+00:00,,,-3.176688127786876e-16,-9.549694368615748e-16
2026-07-31 23:22:32+00:00,,,-6.330486088958505,-5.801634292934789
2026-07-31 23:35:09+00:00,,,-0.0031966157742380884,-0.009609600448608402
2026-07-31 23:45:29+00:00,,,-0.08732013835799105,-0.26250000000000007
2026-07-31 23:48:18+00:00,,,-0.28541210937583356,-0.8580000000000001
2026-08-01 00:00:00+00:00,,,-51.118458516729085,-149.1421745569236
2026-08-01 00:24:27+00:00,,,-9.005033832780812,-12.73665320515964
2026-08-01 00:29:30+00:00,,,-6.6443023408714605,-16.228038737988136
2026-08-01 00:48:53+00:00,,,-5.616567074993918,-16.884408166435062
2026-08-01 01:17:00+00:00,,,-2.1272465141429974e-16,-6.394884621840902e-16
2026-08-01 01:30:21+00:00,,,-0.022128519771018405,-0.06652230000000624
2026-08-01 02:04:41+00:00,,,-0.004989722191885467,-0.015000000000000794
2026-08-01 02:25:39+00:00,,,-0.05957428913779419,-0.17909100000000003
2026-08-01 02:31:00+00:00,,,-3.629933451733612e-17,-1.0912231118709321e-16
2026-08-01 03:13:06+00:00,,,-1.5500536266388638e-15,-4.659739261114737e-15
2026-08-01 03:19:14+00:00,,,-0.8621725008247428,-2.5918452000000007
2026-08-01 03:25:14+00:00,,,-0.049897221918852035,-0.15000000000000002
2026-08-01 03:37:09+00:00,,,-8.110127899644327e-17,-2.4380499317679e-16
2026-08-01 03:50:32+00:00,,,-0.8344417325701553,-1.608481536087951
2026-08-01 03:59:12+00:00,,,-0.3030199710088155,-0.9109323906898594
2026-08-01 04:00:42+00:00,,,-0.3827316400426182,-1.1505599670410178
2026-08-01 04:02:57+00:00,,,-1.1345314742095986e-16,-3.4106051316484815e-16
2026-08-01 04:05:53+00:00,,,-82.08604224295848,-246.4953681495191
2026-08-01 04:06:20+00:00,,,-0.022321223691757184,-0.0671016025543213
2026-08-01 04:08:21+00:00,,,-0.03356685912925014,-0.10090800000000004
2026-08-01 04:13:02+00:00,,,-0.1649995600891683,-0.3123077871276896
2026-08-01 04:16:06+00:00,,,-0.38068386857633646,-1.1444039986698364
2026-08-01 04:17:00+00:00,,,-1.1962260188952776,-0.015000000000000003
2026-08-01 04:17:59+00:00,,,-1.3635205968825348,-4.098987512070407
2026-08-01 04:18:44+00:00,,,-0.10691546673995352,-0.11140707226295207
2026-08-01 04:19:20+00:00,,,159.34510390454554,-1.419814440854534
2026-08-01 04:19:30+00:00,,,-17.934308914011083,-52.713749777024745
2026-08-01 04:19:31+00:00,,,-5.6726573710479976e-18,-1.705302565824242e-17
2026-08-01 04:20:03+00:00,,,-6.204468999583741e-19,-1.8651746813702633e-18
2026-08-01 04:25:57+00:00,,,-0.4662046947987799,-1.4014949436172113
2026-08-01 04:28:00+00:00,,,-0.9195275568457599,-2.764264787149443
2026-08-01 04:30:48+00:00,,,-2.6633507011751933e-16,-8.006509978170551e-16
2026-08-01 04:35:08+00:00,,,-0.07284994400152396,-0.21900000000000003
2026-08-01 04:37:06+00:00,,,-5.870547368904933,-17.647918490689378
2026-08-01 04:41:26+00:00,,,-0.0029365513043682796,-0.0088278
2026-08-01 04:52:27+00:00,,,-21.26980557652167,-63.94085108920335
2026-08-01 05:00:06+00:00,,,-3.4002799152794188,-10.221851391273756
2026-08-01 05:00:09+00:00,,,-0.1975929987986541,-0.5940000000000004
2026-08-01 05:06:00+00:00,,,-48.13832755337482,-98.72730433339049
2026-08-01 05:07:27+00:00,,,-3.486548676654772e-17,-1.0481190763460605e-16
2026-08-01 05:16:51+00:00,,,-1.9712814199924542,-5.926025570717206
2026-08-01 05:17:02+00:00,,,-3.46111999913846,-8.186871580083887
2026-08-01 05:17:29+00:00,,,0.34418105388761866,1.0346699895858766
2026-08-01 05:25:44+00:00,,,-0.434747508995313,-1.3069290000824414
2026-08-01 05:59:05+00:00,,,-59.63851528925282,-83.87050959757998
2026-08-01 06:01:15+00:00,,,-4.936302024712413,-14.839409394596155
2026-08-01 06:01:16+00:00,,,-0.2195477764429489,-0.66
2026-08-01 06:01:45+00:00,,,-41.209042921910516,-110.92129174963648
2026-08-01 06:03:20+00:00,,,-35.63441968757226,-91.18318132990525
2026-08-01 06:11:15+00:00,,,15.716922610534288,35.70689765000186
2026-08-01 06:12:15+00:00,,,-20.660148276898692,-62.08553148195511
2026-08-01 06:12:51+00:00,,,-41.36273798245351,-97.07572206759656
2026-08-01 06:13:36+00:00,,,-0.07531979262948374,-0.17602480803433254
2026-08-01 06:16:09+00:00,,,-0.04041674975427014,-0.12150000000000002
2026-08-01 06:21:06+00:00,,,-2.899170748674673,-8.715427344000037
2026-08-01 06:31:30+00:00,,,-0.23809976314126582,-0.7157706000000003
2026-08-01 06:33:32+00:00,,,-1.653896411256803,-4.97190929971975
2026-08-01 06:50:09+00:00,,,-4.334108972503644,-1.099703999965692
2026-08-01 06:50:17+00:00,,,-2.4719543758703253,-3.8401382902954126
2026-08-01 07:43:18+00:00,,,-0.005991187691170852,-0.01801058494072376
2026-08-01 08:15:02+00:00,,,-2.307783118954077e-17,-6.937610041819254e-17
2026-08-01 08:17:51+00:00,,,-0.23274417853536883,-0.1006320009613055
2026-08-01 10:52:53+00:00,,,-0.061349332910335425,
2026-08-01 11:38:03+00:00,,,-0.03356905460701464,-0.10091460000000026
2026-08-01 11:38:05+00:00,,,-0.10494683097303678,-0.31548899999997615
2026-08-01 11:38:06+00:00,,,-0.18784308163571034,-0.5646900000000001
2026-08-01 11:40:39+00:00,,,-0.218589749782107,-0.6571200000000001
2026-08-01 13:45:05+00:00,,,-0.009979444383770407,-0.030000000000000006
2026-08-01 15:50:27+00:00,,,-9.98538345022165,-28.513413866184653
2026-08-01 17:38:24+00:00,,,-1.3333706321814716,-4.0083513096679075
2026-08-01 17:38:25+00:00,,,-4.8784853391012786e-17,-1.4665602066088484e-16
2026-08-01 17:55:08+00:00,,,-5.579490061382063,-16.685798012189792
2026-08-01 18:07:02+00:00,,,-9.747654507314959,-29.30319805128909
2026-08-01 21:07:50+00:00,,,-6.416100964192733,-19.28795046333618
2026-08-02 00:00:00+00:00,,,-5.83532324676097,-16.911536460775743
2026-08-02 01:29:38+00:00,,,-0.29379474286375695,-0.8831997000000005
2026-08-02 01:29:50+00:00,,,-1.528506588762386,-4.594965000000001
2026-08-02 04:12:15+00:00,,,-6.525659653337956,-19.617303536309056
2026-08-02 06:47:14+00:00,,,-5.597093791767513,-16.82586798380303
2026-08-02 08:00:06+00:00,,,-0.21020302440221045,-0.6319079990386964
2026-08-02 09:00:03+00:00,,,-0.23974617735757273,-0.7207200164794924
2026-08-02 10:02:41+00:00,,,-0.007185200241828886,-0.021600000858306892
2026-08-02 13:24:17+00:00,,,-9.749879856488738e-19,-2.930988785010414e-18
2026-08-02 13:25:03+00:00,,,-0.039917777535081626,-0.12000000000000002
2026-08-02 22:24:05+00:00,,,-1.514624446739902e-16,-4.553232790804885e-16
2026-08-03 02:06:12+00:00,,,-85.10609055496582,-22.33659738966834
2026-08-03 02:20:42+00:00,,,2175.295720861864,1119.146123523068
2026-08-03 07:33:45+00:00,,,-3.102236349002856e-18,-9.32587896591126e-18
2026-08-03 07:36:42+00:00,,,-1.0137659168962723e-17,-3.0475622025960556e-17
2026-08-03 07:36:43+00:00,,,-1.2266437562796703e-18,-3.687511175295182e-18
2026-08-03 07:37:33+00:00,,,-8.492772287409311e-17,-2.553079698872152e-16
2026-08-03 07:37:34+00:00,,,-7.311515332136022e-18,-2.197972667905267e-17
2026-08-03 07:38:51+00:00,,,-1.7727054284524978e-19,-5.329070518200752e-19
2026-08-03 07:43:18+00:00,,,-0.001999880654507589,-0.006012000000000001
2026-08-03 07:43:44+00:00,,,-0.026553023548763342,-0.07982315205427647
2026-08-03 07:43:51+00:00,,,-0.001999880654507557,-0.006011999999999905
2026-08-03 07:43:59+00:00,,,-0.01897491555130106,-0.05704200000000004
2026-08-03 07:45:47+00:00,,,0.98197712777412,2.9519994000000005
2026-08-03 08:41:44+00:00,,,-0.0018496900165318447,-0.0055605
2026-08-03 09:09:59+00:00,,,-2.6152944774138245e-16,-7.862044348883043e-16
2026-08-03 09:10:05+00:00,,,-5.318116285357493e-18,-1.5987211554602256e-17
2026-08-03 11:50:08+00:00,,,-2.5142116847468848e-17,-7.558171341189357e-17
2026-08-03 13:26:18+00:00,,,-0.08978506112078234,-0.2699100000000001
2026-08-03 15:26:51+00:00,,,-8.635120924047795,-25.958722525948783
2026-08-03 15:26:53+00:00,,,-0.5370702453026099,-1.5995295007887873
2026-08-03 15:47:08+00:00,,,-2.719837690130321,-8.17632
2026-08-03 15:49:42+00:00,,,-4.322311251649941,-12.993642988820078
2026-08-03 16:01:48+00:00,,,-0.8213082727843044,-2.4690000000000007
2026-08-04 00:00:00+00:00,,,-9.368138281819025,-24.699779205418658
2026-08-07 00:00:00+00:00,,,-0.004989722191885246,-0.015000000000000131
2026-08-09 00:00:00+00:00,,,-0.15383313517582084,-0.46245000000000014
2026-08-31 00:00:00+00:00,,,-80.58677764607192,-241.51820980625095
2026-09-30 00:00:00+00:00,,,-67.3758689048636,-136.0915511236004
2026-10-31 00:00:00+00:00,,,-1.8064319822421225e-12,-5.430458588996981e-12
2026-11-02 00:00:00+00:00,,,3.7694172371058654,15.77992506387959
2026-11-03 00:00:00+00:00,,,-1.7399103780261267e-16,-5.230482713614038e-16
2026-11-04 00:00:00+00:00,,,-5.672657371047993e-17,-1.7053025658242407e-16
2026-11-30 00:00:00+00:00,,,-0.5744410668800561,-1.726872894289399
2026-12-30 00:00:00+00:00,,,-0.2116839742685381,-0.6363600000000009
2026-12-31 00:00:00+00:00,,,-1004.7965590441984,-1764.1907283884611
2027-01-01 00:00:00+00:00,,,-3.115987249078727,-9.367216638271762
