wallet,n,exposure_pctile,exposure,cum_cpnl_frac
0x04b3f873b003eba3774df1e5e47a370d27ee1b7e,242,0.0,29.816497948992335,0.022165152128638885
0x04b3f873b003eba3774df1e5e47a370d27ee1b7e,242,0.008298755186721992,22.812494846249923,0.01799811492588251
0x04b3f873b003eba3774df1e5e47a370d27ee1b7e,242,0.016597510373443983,21.406248806093735,0.03840401327499207
0x04b3f873b003eba3774df1e5e47a370d27ee1b7e,242,0.024896265560165973,20.337791554757104,0.04516084521096313
0x04b3f873b003eba3774df1e5e47a370d27ee1b7e,242,0.03319502074688797,20.0,0.04516084521096308
0x04b3f873b003eba3774df1e5e47a370d27ee1b7e,242,0.04149377593360996,19.999999,-0.03257334777407031
0x04b3f873b003eba3774df1e5e47a370d27ee1b7e,242,0.04979253112033195,19.999999,-0.01648338030989534
0x04b3f873b003eba3774df1e5e47a370d27ee1b7e,242,0.058091286307053944,19.999998999999995,-0.12682638476730063
0x04b3f873b003eba3774df1e5e47a370d27ee1b7e,242,0.06639004149377593,19.999998,-0.11358524478595636
0x04b3f873b003eba3774df1e5e47a370d27ee1b7e,242,0.07468879668049792,19.999998,-0.11358524478595647
0x04b3f873b003eba3774df1e5e47a370d27ee1b7e,242,0.08298755186721991,19.999998,-0.10132491157037261
0x04b3f873b003eba3774df1e5e47a370d27ee1b7e,242,0.0912863070539419,19.999997999999998,-0.07134981515411377
0x04b3f873b003eba3774df1e5e47a370d27ee1b7e,242,0.0995850622406639,19.999997,-0.09404431160379721
0x04b3f873b003eba3774df1e5e47a370d27ee1b7e,242,0.1078838174273859,19.999997,-0.06015505429715265
0x04b3f873b003eba3774df1e5e47a370d27ee1b7e,242,0.11618257261410789,19.999995000000002,-0.013591755366617537
0x04b3f873b003eba3774df1e5e47a370d27ee1b7e,242,0.12448132780082988,19.999995,-0.011904291410798408
0x04b3f873b003eba3774df1e5e47a370d27ee1b7e,242,0.13278008298755187,19.999994,0.013444034239070545
0x04b3f873b003eba3774df1e5e47a370d27ee1b7e,242,0.14107883817427386,19.999994,-0.034849715340548496
0x04b3f873b003eba3774df1e5e47a370d27ee1b7e,242,0.14937759336099585,19.8981,-0.03431690760731966
0x04b3f873b003eba3774df1e5e47a370d27ee1b7e,242,0.15767634854771784,15.000000000000002,0.00035838327718447203
0x04b3f873b003eba3774df1e5e47a370d27ee1b7e,242,0.16597510373443983,14.999999999999998,-0.03857956982941126
0x04b3f873b003eba3774df1e5e47a370d27ee1b7e,242,0.17427385892116182,14.999999,0.20769743762750847
0x04b3f873b003eba3774df1e5e47a370d27ee1b7e,242,0.1825726141078838,14.999998999999995,0.27100876876959623
0x04b3f873b003eba3774df1e5e47a370d27ee1b7e,242,0.1908713692946058,14.999997999999998,0.27100876876959623
0x04b3f873b003eba3774df1e5e47a370d27ee1b7e,242,0.1991701244813278,14.999996999999999,0.27286767878256674
0x04b3f873b003eba3774df1e5e47a370d27ee1b7e,242,0.2074688796680498,14.514397638847958,0.2176961793124388
0x04b3f873b003eba3774df1e5e47a370d27ee1b7e,242,0.2157676348547718,11.474398935126397,0.305647221659969
0x04b3f873b003eba3774df1e5e47a370d27ee1b7e,242,0.22406639004149378,10.0,0.3449079708041798
0x04b3f873b003eba3774df1e5e47a370d27ee1b7e,242,0.23236514522821577,10.0,0.3449079708041798
0x04b3f873b003eba3774df1e5e47a370d27ee1b7e,242,0.24066390041493776,10.0,0.35910704725646814
0x04b3f873b003eba3774df1e5e47a370d27ee1b7e,242,0.24896265560165975,10.0,0.3317531463940941
0x04b3f873b003eba3774df1e5e47a370d27ee1b7e,242,0.2572614107883817,10.0,0.3459336024634492
0x04b3f873b003eba3774df1e5e47a370d27ee1b7e,242,0.26556016597510373,10.0,0.44248373619118553
0x04b3f873b003eba3774df1e5e47a370d27ee1b7e,242,0.27385892116182575,10.0,0.456276612438005
0x04b3f873b003eba3774df1e5e47a370d27ee1b7e,242,0.2821576763485477,10.0,0.47006948868482445
0x04b3f873b003eba3774df1e5e47a370d27ee1b7e,242,0.29045643153526973,9.999999000000004,0.45405091836233014
0x04b3f873b003eba3774df1e5e47a370d27ee1b7e,242,0.2987551867219917,9.999999000000003,0.5022562434006902
0x04b3f873b003eba3774df1e5e47a370d27ee1b7e,242,0.3070539419087137,9.999999,0.5022562434006902
0x04b3f873b003eba3774df1e5e47a370d27ee1b7e,242,0.3153526970954357,9.999999,0.4635636104310834
0x04b3f873b003eba3774df1e5e47a370d27ee1b7e,242,0.3236514522821577,9.999999,0.4906313642017788
0x04b3f873b003eba3774df1e5e47a370d27ee1b7e,242,0.33195020746887965,9.999999,0.528297339059172
0x04b3f873b003eba3774df1e5e47a370d27ee1b7e,242,0.34024896265560167,9.999999,0.528297339059172
0x04b3f873b003eba3774df1e5e47a370d27ee1b7e,242,0.34854771784232363,9.999999,0.47312583958904464
0x04b3f873b003eba3774df1e5e47a370d27ee1b7e,242,0.35684647302904565,9.999999,0.45403650363607373
0x04b3f873b003eba3774df1e5e47a370d27ee1b7e,242,0.3651452282157676,9.999999,0.4699205470478732
0x04b3f873b003eba3774df1e5e47a370d27ee1b7e,242,0.37344398340248963,9.999999,0.5149756014590416
0x04b3f873b003eba3774df1e5e47a370d27ee1b7e,242,0.3817427385892116,9.999999,0.5470688272900878
0x04b3f873b003eba3774df1e5e47a370d27ee1b7e,242,0.3900414937759336,9.999999,0.5415516802763356
0x04b3f873b003eba3774df1e5e47a370d27ee1b7e,242,0.3983402489626556,9.999999,0.5654832302446896
0x04b3f873b003eba3774df1e5e47a370d27ee1b7e,242,0.4066390041493776,9.999999,0.5784246943093949
0x04b3f873b003eba3774df1e5e47a370d27ee1b7e,242,0.4149377593360996,9.999999,0.5784246943093949
0x04b3f873b003eba3774df1e5e47a370d27ee1b7e,242,0.42323651452282157,9.999998999999999,0.5741807366312585
0x04b3f873b003eba3774df1e5e47a370d27ee1b7e,242,0.4315352697095436,9.999998999999999,0.5741807366312589
0x04b3f873b003eba3774df1e5e47a370d27ee1b7e,242,0.43983402489626555,9.999998999999999,0.6097714608033198
0x04b3f873b003eba3774df1e5e47a370d27ee1b7e,242,0.44813278008298757,9.999998999999999,0.6097714608033198
0x04b3f873b003eba3774df1e5e47a370d27ee1b7e,242,0.45643153526970953,9.999998999999999,0.616106650240795
0x04b3f873b003eba3774df1e5e47a370d27ee1b7e,242,0.46473029045643155,9.999998999999999,0.6203285662372746
0x04b3f873b003eba3774df1e5e47a370d27ee1b7e,242,0.4730290456431535,9.999998999999999,0.6729037608885067
0x04b3f873b003eba3774df1e5e47a370d27ee1b7e,242,0.48132780082987553,9.999998999999999,0.6081715915648758
0x04b3f873b003eba3774df1e5e47a370d27ee1b7e,242,0.4896265560165975,9.999998999999999,0.6204765241428746
0x04b3f873b003eba3774df1e5e47a370d27ee1b7e,242,0.4979253112033195,9.999998999999999,0.6501842554755817
0x04b3f873b003eba3774df1e5e47a370d27ee1b7e,242,0.5062240663900415,9.999998999999999,0.7488757770259613
0x04b3f873b003eba3774df1e5e47a370d27ee1b7e,242,0.5145228215767634,9.999998999999999,0.8714695662304394
0x04b3f873b003eba3774df1e5e47a370d27ee1b7e,242,0.5228215767634855,9.999998999999999,0.8974326254536935
0x04b3f873b003eba3774df1e5e47a370d27ee1b7e,242,0.5311203319502075,9.999998999999997,0.8422611259835662
0x04b3f873b003eba3774df1e5e47a370d27ee1b7e,242,0.5394190871369294,9.999998999999997,0.7870896265134387
0x04b3f873b003eba3774df1e5e47a370d27ee1b7e,242,0.5477178423236515,9.999998000000001,0.8036508022266173
0x04b3f873b003eba3774df1e5e47a370d27ee1b7e,242,0.5560165975103735,9.999998,0.8230353822268538
0x04b3f873b003eba3774df1e5e47a370d27ee1b7e,242,0.5643153526970954,9.999998,0.8309349376196412
0x04b3f873b003eba3774df1e5e47a370d27ee1b7e,242,0.5726141078838174,9.999998,0.8457203607832543
0x04b3f873b003eba3774df1e5e47a370d27ee1b7e,242,0.5809128630705395,9.999998,0.8457203607832543
0x04b3f873b003eba3774df1e5e47a370d27ee1b7e,242,0.5892116182572614,9.999998,0.8457203607832541
0x04b3f873b003eba3774df1e5e47a370d27ee1b7e,242,0.5975103734439834,9.999998,0.8595056859032387
0x04b3f873b003eba3774df1e5e47a370d27ee1b7e,242,0.6058091286307054,9.999998,0.871616504340307
0x04b3f873b003eba3774df1e5e47a370d27ee1b7e,242,0.6141078838174274,9.999998,0.8855822218779507
0x04b3f873b003eba3774df1e5e47a370d27ee1b7e,242,0.6224066390041494,9.999998,0.9002480658138831
0x04b3f873b003eba3774df1e5e47a370d27ee1b7e,242,0.6307053941908713,9.999997999999998,0.9002480658138831
0x04b3f873b003eba3774df1e5e47a370d27ee1b7e,242,0.6390041493775933,9.999997,0.8450765718609061
0x04b3f873b003eba3774df1e5e47a370d27ee1b7e,242,0.6473029045643154,9.999997,0.7974284684625628
0x04b3f873b003eba3774df1e5e47a370d27ee1b7e,242,0.6556016597510373,9.999997,0.8185387085347632
0x04b3f873b003eba3774df1e5e47a370d27ee1b7e,242,0.6639004149377593,9.999997,0.8192910435446257
0x04b3f873b003eba3774df1e5e47a370d27ee1b7e,242,0.6721991701244814,9.999996999999999,0.8292264550571963
0x04b3f873b003eba3774df1e5e47a370d27ee1b7e,242,0.6804979253112033,9.999996999999999,0.8292264550571963
0x04b3f873b003eba3774df1e5e47a370d27ee1b7e,242,0.6887966804979253,9.999996999999999,0.8373859067415739
0x04b3f873b003eba3774df1e5e47a370d27ee1b7e,242,0.6970954356846473,9.999996000000001,0.8538657014870796
0x04b3f873b003eba3774df1e5e47a370d27ee1b7e,242,0.7053941908713693,9.999996,0.8544951239727419
0x04b3f873b003eba3774df1e5e47a370d27ee1b7e,242,0.7136929460580913,9.999996,0.8544951239727419
0x04b3f873b003eba3774df1e5e47a370d27ee1b7e,242,0.7219917012448133,9.999996,0.8628372044898817
0x04b3f873b003eba3774df1e5e47a370d27ee1b7e,242,0.7302904564315352,9.999996,0.8793800608229565
0x04b3f873b003eba3774df1e5e47a370d27ee1b7e,242,0.7385892116182573,9.999996,0.9027880895008729
0x04b3f873b003eba3774df1e5e47a370d27ee1b7e,242,0.7468879668049793,9.999995,0.9090547835149062
0x04b3f873b003eba3774df1e5e47a370d27ee1b7e,242,0.7551867219917012,9.999995,0.9292997796868709
0x04b3f873b003eba3774df1e5e47a370d27ee1b7e,242,0.7634854771784232,9.999995,0.9292997796868709
0x04b3f873b003eba3774df1e5e47a370d27ee1b7e,242,0.7717842323651453,9.999995,0.9292997796868709
0x04b3f873b003eba3774df1e5e47a370d27ee1b7e,242,0.7800829875518672,9.999995,0.9414580842137724
0x04b3f873b003eba3774df1e5e47a370d27ee1b7e,242,0.7883817427385892,9.999994000000001,0.9439600469865396
0x04b3f873b003eba3774df1e5e47a370d27ee1b7e,242,0.7966804979253111,9.999994000000001,0.9496553402790445
0x04b3f873b003eba3774df1e5e47a370d27ee1b7e,242,0.8049792531120332,9.999994000000001,0.9533580731148384
0x04b3f873b003eba3774df1e5e47a370d27ee1b7e,242,0.8132780082987552,9.999994000000001,0.9681923577772122
0x04b3f873b003eba3774df1e5e47a370d27ee1b7e,242,0.8215767634854771,9.999994000000001,0.9681923577772122
0x04b3f873b003eba3774df1e5e47a370d27ee1b7e,242,0.8298755186721992,9.99999,0.980368857890968
0x04b3f873b003eba3774df1e5e47a370d27ee1b7e,242,0.8381742738589212,8.5914,0.9906795918741024
0x04b3f873b003eba3774df1e5e47a370d27ee1b7e,242,0.8464730290456431,8.5455,1.0118679175002923
0x04b3f873b003eba3774df1e5e47a370d27ee1b7e,242,0.8547717842323651,8.1144,1.0467364072989027
0x04b3f873b003eba3774df1e5e47a370d27ee1b7e,242,0.8630705394190872,7.5,1.0053577785584442
0x04b3f873b003eba3774df1e5e47a370d27ee1b7e,242,0.8713692946058091,6.992999999999999,1.0053577785584442
0x04b3f873b003eba3774df1e5e47a370d27ee1b7e,242,0.8796680497925311,5.8653,1.024362706881412
0x04b3f873b003eba3774df1e5e47a370d27ee1b7e,242,0.8879668049792531,4.8804,1.024362706881412
0x04b3f873b003eba3774df1e5e47a370d27ee1b7e,242,0.8962655601659751,3.7800000000000002,1.0366107809885876
0x04b3f873b003eba3774df1e5e47a370d27ee1b7e,242,0.9045643153526971,2.5086,1.0366107809885876
0x04b3f873b003eba3774df1e5e47a370d27ee1b7e,242,0.9128630705394191,2.4,1.022831697618015
0x04b3f873b003eba3774df1e5e47a370d27ee1b7e,242,0.921161825726141,2.05,1.011521539095623
0x04b3f873b003eba3774df1e5e47a370d27ee1b7e,242,0.9294605809128631,1.6536000000000002,1.0115215390956234
0x04b3f873b003eba3774df1e5e47a370d27ee1b7e,242,0.9377593360995851,1.4013,1.003790356101756
0x04b3f873b003eba3774df1e5e47a370d27ee1b7e,242,0.946058091286307,1.253750000000001,0.9961360248074759
0x04b3f873b003eba3774df1e5e47a370d27ee1b7e,242,0.9543568464730291,0.9311999999999999,1.0056716307126914
0x04b3f873b003eba3774df1e5e47a370d27ee1b7e,242,0.9626556016597511,0.5384620713846062,1.0056716307126914
0x04b3f873b003eba3774df1e5e47a370d27ee1b7e,242,0.970954356846473,0.2911999999999998,1.0032131884504583
0x04b3f873b003eba3774df1e5e47a370d27ee1b7e,242,0.979253112033195,0.22079999999999989,1.001050465454957
0x04b3f873b003eba3774df1e5e47a370d27ee1b7e,242,0.9875518672199171,0.1335,1.000193100267455
0x04b3f873b003eba3774df1e5e47a370d27ee1b7e,242,0.995850622406639,0.0042229220000000005,0.9999999999999993
0x04b3f873b003eba3774df1e5e47a370d27ee1b7e,242,1.0,6.661338147750939e-16,0.9999999999999993
0x04dbe94fc549e2bfff09aec1cd9d02960adaf0fd,213,0.0,16.197662939999997,-0.31102313352526545
0x04dbe94fc549e2bfff09aec1cd9d02960adaf0fd,213,0.009433962264150943,2.0,-0.31102313352526545
0x04dbe94fc549e2bfff09aec1cd9d02960adaf0fd,213,0.018867924528301886,1.3882000000000003,-0.33164963077183923
0x04dbe94fc549e2bfff09aec1cd9d02960adaf0fd,213,0.02830188679245283,1.2033,-0.3455555228831488
0x04dbe94fc549e2bfff09aec1cd9d02960adaf0fd,213,0.03773584905660377,1.1700000000000002,-0.3759364984403346
0x04dbe94fc549e2bfff09aec1cd9d02960adaf0fd,213,0.04716981132075472,1.0452000000000001,-0.288209559350387
0x04dbe94fc549e2bfff09aec1cd9d02960adaf0fd,213,0.05660377358490566,0.99063468,-0.023881246758020495
0x04dbe94fc549e2bfff09aec1cd9d02960adaf0fd,213,0.0660377358490566,0.95029,-0.0238812467580205
0x04dbe94fc549e2bfff09aec1cd9d02960adaf0fd,213,0.07547169811320754,0.9341301599999998,-0.023881246758020513
0x04dbe94fc549e2bfff09aec1cd9d02960adaf0fd,213,0.08490566037735849,0.9248919899999998,-0.025228824096285775
0x04dbe94fc549e2bfff09aec1cd9d02960adaf0fd,213,0.09433962264150944,0.8599729709999998,0.11197684214643835
0x04dbe94fc549e2bfff09aec1cd9d02960adaf0fd,213,0.10377358490566038,0.8394227447408241,0.11075013825376892
0x04dbe94fc549e2bfff09aec1cd9d02960adaf0fd,213,0.11320754716981132,0.8273883799999999,0.2739277750590112
0x04dbe94fc549e2bfff09aec1cd9d02960adaf0fd,213,0.12264150943396226,0.81407046,0.8326189766105297
0x04dbe94fc549e2bfff09aec1cd9d02960adaf0fd,213,0.1320754716981132,0.78267398,0.8320799072717656
0x04dbe94fc549e2bfff09aec1cd9d02960adaf0fd,213,0.14150943396226415,0.7653976199999998,0.8308125931605443
0x04dbe94fc549e2bfff09aec1cd9d02960adaf0fd,213,0.1509433962264151,0.7474384000000001,0.8308125931605443
0x04dbe94fc549e2bfff09aec1cd9d02960adaf0fd,213,0.16037735849056603,0.7108439799999998,0.8287468711592537
0x04dbe94fc549e2bfff09aec1cd9d02960adaf0fd,213,0.16981132075471697,0.6258,0.9785837227364174
0x04dbe94fc549e2bfff09aec1cd9d02960adaf0fd,213,0.1792452830188679,0.616919722,0.9733282095206408
0x04dbe94fc549e2bfff09aec1cd9d02960adaf0fd,213,0.18867924528301888,0.5951455667311825,0.9658160707142741
0x04dbe94fc549e2bfff09aec1cd9d02960adaf0fd,213,0.19811320754716982,0.5827720000000001,0.9656025090848044
0x04dbe94fc549e2bfff09aec1cd9d02960adaf0fd,213,0.20754716981132076,0.5746626999999999,0.9450758608288117
0x04dbe94fc549e2bfff09aec1cd9d02960adaf0fd,213,0.2169811320754717,0.5299,0.9349008646540218
0x04dbe94fc549e2bfff09aec1cd9d02960adaf0fd,213,0.22641509433962265,0.5153964299999998,0.9257224382121466
0x04dbe94fc549e2bfff09aec1cd9d02960adaf0fd,213,0.2358490566037736,0.49005,0.9502420860049342
0x04dbe94fc549e2bfff09aec1cd9d02960adaf0fd,213,0.24528301886792453,0.45226299999999997,0.9794401774531267
0x04dbe94fc549e2bfff09aec1cd9d02960adaf0fd,213,0.25471698113207547,0.4,0.9794401774531267
0x04dbe94fc549e2bfff09aec1cd9d02960adaf0fd,213,0.2641509433962264,0.3801,1.0764069885176146
0x04dbe94fc549e2bfff09aec1cd9d02960adaf0fd,213,0.27358490566037735,0.2689544280000001,1.0764069885176146
0x04dbe94fc549e2bfff09aec1cd9d02960adaf0fd,213,0.2830188679245283,0.20986999999999997,1.0759798652586752
0x04dbe94fc549e2bfff09aec1cd9d02960adaf0fd,213,0.29245283018867924,0.207,1.0698892688505195
0x04dbe94fc549e2bfff09aec1cd9d02960adaf0fd,213,0.3018867924528302,0.19200000000000003,1.066417404237642
0x04dbe94fc549e2bfff09aec1cd9d02960adaf0fd,213,0.3113207547169811,0.1848493667425968,1.0636961352097287
0x04dbe94fc549e2bfff09aec1cd9d02960adaf0fd,213,0.32075471698113206,0.18180000000000002,1.0588538431952663
0x04dbe94fc549e2bfff09aec1cd9d02960adaf0fd,213,0.330188679245283,0.18180000000000002,1.0553629688707205
0x04dbe94fc549e2bfff09aec1cd9d02960adaf0fd,213,0.33962264150943394,0.1818,1.0483812202216287
0x04dbe94fc549e2bfff09aec1cd9d02960adaf0fd,213,0.3490566037735849,0.1818,1.0483812202216287
0x04dbe94fc549e2bfff09aec1cd9d02960adaf0fd,213,0.3584905660377358,0.1818,1.0448903458970829
0x04dbe94fc549e2bfff09aec1cd9d02960adaf0fd,213,0.36792452830188677,0.18003000000000002,1.0414334586327925
0x04dbe94fc549e2bfff09aec1cd9d02960adaf0fd,213,0.37735849056603776,0.178008,1.0410187012873018
0x04dbe94fc549e2bfff09aec1cd9d02960adaf0fd,213,0.3867924528301887,0.17315286540049532,1.0361123138819472
0x04dbe94fc549e2bfff09aec1cd9d02960adaf0fd,213,0.39622641509433965,0.1716000000000003,1.0361123138819472
0x04dbe94fc549e2bfff09aec1cd9d02960adaf0fd,213,0.4056603773584906,0.16287299999999993,1.0329848706813876
0x04dbe94fc549e2bfff09aec1cd9d02960adaf0fd,213,0.41509433962264153,0.15840000000000026,1.032570113335897
0x04dbe94fc549e2bfff09aec1cd9d02960adaf0fd,213,0.42452830188679247,0.15000000000000027,1.032477945036899
0x04dbe94fc549e2bfff09aec1cd9d02960adaf0fd,213,0.4339622641509434,0.14791574999999998,1.032305129476278
0x04dbe94fc549e2bfff09aec1cd9d02960adaf0fd,213,0.44339622641509435,0.14,1.032305129476278
0x04dbe94fc549e2bfff09aec1cd9d02960adaf0fd,213,0.4528301886792453,0.13680000000000025,1.0295930772782644
0x04dbe94fc549e2bfff09aec1cd9d02960adaf0fd,213,0.46226415094339623,0.13169,1.027064401591799
0x04dbe94fc549e2bfff09aec1cd9d02960adaf0fd,213,0.4716981132075472,0.12860265000000004,1.027064401591799
0x04dbe94fc549e2bfff09aec1cd9d02960adaf0fd,213,0.4811320754716981,0.12628,1.027064401591799
0x04dbe94fc549e2bfff09aec1cd9d02960adaf0fd,213,0.49056603773584906,0.12155,1.027064401591799
0x04dbe94fc549e2bfff09aec1cd9d02960adaf0fd,213,0.5,0.12,1.027064401591799
0x04dbe94fc549e2bfff09aec1cd9d02960adaf0fd,213,0.5094339622641509,0.1156,1.026287115603583
0x04dbe94fc549e2bfff09aec1cd9d02960adaf0fd,213,0.5188679245283019,0.108,1.026287115603583
0x04dbe94fc549e2bfff09aec1cd9d02960adaf0fd,213,0.5283018867924528,0.10643999999999995,1.026287115603583
0x04dbe94fc549e2bfff09aec1cd9d02960adaf0fd,213,0.5377358490566038,0.10577,1.0238721141525484
0x04dbe94fc549e2bfff09aec1cd9d02960adaf0fd,213,0.5471698113207547,0.10025,1.0238721141525484
0x04dbe94fc549e2bfff09aec1cd9d02960adaf0fd,213,0.5566037735849056,0.09763017896115234,1.0223332875938624
0x04dbe94fc549e2bfff09aec1cd9d02960adaf0fd,213,0.5660377358490566,0.09728,1.021926210939955
0x04dbe94fc549e2bfff09aec1cd9d02960adaf0fd,213,0.5754716981132075,0.096,1.021152739830394
0x04dbe94fc549e2bfff09aec1cd9d02960adaf0fd,213,0.5849056603773585,0.09560265000000001,1.021152739830394
0x04dbe94fc549e2bfff09aec1cd9d02960adaf0fd,213,0.5943396226415094,0.09442575,1.021152739830394
0x04dbe94fc549e2bfff09aec1cd9d02960adaf0fd,213,0.6037735849056604,0.09072,1.019345857135456
0x04dbe94fc549e2bfff09aec1cd9d02960adaf0fd,213,0.6132075471698113,0.08897556,1.0184476002548055
0x04dbe94fc549e2bfff09aec1cd9d02960adaf0fd,213,0.6226415094339622,0.08755821000000004,1.0150863376007255
0x04dbe94fc549e2bfff09aec1cd9d02960adaf0fd,213,0.6320754716981132,0.08581199999999999,1.0147023030215674
0x04dbe94fc549e2bfff09aec1cd9d02960adaf0fd,213,0.6415094339622641,0.08060265000000001,1.0147023030215674
0x04dbe94fc549e2bfff09aec1cd9d02960adaf0fd,213,0.6509433962264151,0.08,1.0147023030215674
0x04dbe94fc549e2bfff09aec1cd9d02960adaf0fd,213,0.660377358490566,0.0783,1.0140187214706662
0x04dbe94fc549e2bfff09aec1cd9d02960adaf0fd,213,0.6698113207547169,0.0748,1.011142302472773
0x04dbe94fc549e2bfff09aec1cd9d02960adaf0fd,213,0.6792452830188679,0.0728,1.011142302472773
0x04dbe94fc549e2bfff09aec1cd9d02960adaf0fd,213,0.6886792452830188,0.07,1.011142302472773
0x04dbe94fc549e2bfff09aec1cd9d02960adaf0fd,213,0.6981132075471698,0.069,1.0106814609777834
0x04dbe94fc549e2bfff09aec1cd9d02960adaf0fd,213,0.7075471698113207,0.06727000000000001,1.0098173831746782
0x04dbe94fc549e2bfff09aec1cd9d02960adaf0fd,213,0.7169811320754716,0.06636,1.008543156441032
0x04dbe94fc549e2bfff09aec1cd9d02960adaf0fd,213,0.7264150943396226,0.0657,1.0072332144915244
0x04dbe94fc549e2bfff09aec1cd9d02960adaf0fd,213,0.7358490566037735,0.0632,1.0068491799123662
0x04dbe94fc549e2bfff09aec1cd9d02960adaf0fd,213,0.7452830188679245,0.06,1.0068491799123662
0x04dbe94fc549e2bfff09aec1cd9d02960adaf0fd,213,0.7547169811320755,0.0564,1.0058576026289805
0x04dbe94fc549e2bfff09aec1cd9d02960adaf0fd,213,0.7641509433962265,0.05,1.0056655853394014
0x04dbe94fc549e2bfff09aec1cd9d02960adaf0fd,213,0.7735849056603774,0.0451,1.0056655853394014
0x04dbe94fc549e2bfff09aec1cd9d02960adaf0fd,213,0.7830188679245284,0.045,1.0053775594050331
0x04dbe94fc549e2bfff09aec1cd9d02960adaf0fd,213,0.7924528301886793,0.043,1.0041678504806855
0x04dbe94fc549e2bfff09aec1cd9d02960adaf0fd,213,0.8018867924528302,0.04026,1.0034339603999145
0x04dbe94fc549e2bfff09aec1cd9d02960adaf0fd,213,0.8113207547169812,0.04008,1.002664355103282
0x04dbe94fc549e2bfff09aec1cd9d02960adaf0fd,213,0.8207547169811321,0.04,1.002472337813703
0x04dbe94fc549e2bfff09aec1cd9d02960adaf0fd,213,0.8301886792452831,0.03864,1.0024723378137033
0x04dbe94fc549e2bfff09aec1cd9d02960adaf0fd,213,0.839622641509434,0.03542722000000001,1.0024723378137033
0x04dbe94fc549e2bfff09aec1cd9d02960adaf0fd,213,0.8490566037735849,0.03227,1.001852698020232
0x04dbe94fc549e2bfff09aec1cd9d02960adaf0fd,213,0.8584905660377359,0.03,1.001660680730653
0x04dbe94fc549e2bfff09aec1cd9d02960adaf0fd,213,0.8679245283018868,0.03,1.001660680730653
0x04dbe94fc549e2bfff09aec1cd9d02960adaf0fd,213,0.8773584905660378,0.0276,1.001130713011415
0x04dbe94fc549e2bfff09aec1cd9d02960adaf0fd,213,0.8867924528301887,0.02527,1.0004319236911792
0x04dbe94fc549e2bfff09aec1cd9d02960adaf0fd,213,0.8962264150943396,0.024,1.0004319236911792
0x04dbe94fc549e2bfff09aec1cd9d02960adaf0fd,213,0.9056603773584906,0.023023000000000002,1.0004319236911792
0x04dbe94fc549e2bfff09aec1cd9d02960adaf0fd,213,0.9150943396226415,0.02,1.0002399064016003
0x04dbe94fc549e2bfff09aec1cd9d02960adaf0fd,213,0.9245283018867925,0.019760000000000003,1.0002399064016003
0x04dbe94fc549e2bfff09aec1cd9d02960adaf0fd,213,0.9339622641509434,0.01233,1.0002399064016003
0x04dbe94fc549e2bfff09aec1cd9d02960adaf0fd,213,0.9433962264150944,0.01,1.0002399064016003
0x04dbe94fc549e2bfff09aec1cd9d02960adaf0fd,213,0.9528301886792453,0.01,1.0000478891120215
0x04dbe94fc549e2bfff09aec1cd9d02960adaf0fd,213,0.9622641509433962,0.006022650000000001,1.0000478891120215
0x04dbe94fc549e2bfff09aec1cd9d02960adaf0fd,213,0.9716981132075472,0.00204,1.0000087175849472
0x04dbe94fc549e2bfff09aec1cd9d02960adaf0fd,213,0.9811320754716981,7.069900220812997e-15,1.0000000000000004
0x04dbe94fc549e2bfff09aec1cd9d02960adaf0fd,213,0.9905660377358491,1.7426060594516457e-15,1.0000000000000004
0x04dbe94fc549e2bfff09aec1cd9d02960adaf0fd,213,1.0,4.3387515802351117e-16,1.0000000000000004
0x0e7fb335ea9e556e5269994c3d6c21f0820c8605,132,0.0,4.985,0.0
0x0e7fb335ea9e556e5269994c3d6c21f0820c8605,132,0.007633587786259542,1.9996996546620622,-0.17796696238602838
0x0e7fb335ea9e556e5269994c3d6c21f0820c8605,132,0.015267175572519083,1.7121,-0.1779669623860289
0x0e7fb335ea9e556e5269994c3d6c21f0820c8605,132,0.022900763358778626,1.5885,-0.36177109757124143
0x0e7fb335ea9e556e5269994c3d6c21f0820c8605,132,0.030534351145038167,1.4295000000000002,-0.36177109757124193
0x0e7fb335ea9e556e5269994c3d6c21f0820c8605,132,0.03816793893129771,1.3266288377462234,-0.5752966738544453
0x0e7fb335ea9e556e5269994c3d6c21f0820c8605,132,0.04580152671755725,1.26436256,-0.762107332305441
0x0e7fb335ea9e556e5269994c3d6c21f0820c8605,132,0.05343511450381679,1.108,0.027863271250631337
0x0e7fb335ea9e556e5269994c3d6c21f0820c8605,132,0.061068702290076333,1.0851,0.027863271250630973
0x0e7fb335ea9e556e5269994c3d6c21f0820c8605,132,0.06870229007633588,1.0473,-0.14558247573139724
0x0e7fb335ea9e556e5269994c3d6c21f0820c8605,132,0.07633587786259542,1.0441243445692883,-0.2778735696770137
0x0e7fb335ea9e556e5269994c3d6c21f0820c8605,132,0.08396946564885496,0.9826000000000001,0.5166348105116451
0x0e7fb335ea9e556e5269994c3d6c21f0820c8605,132,0.0916030534351145,0.9446132999999999,0.47365842233076433
0x0e7fb335ea9e556e5269994c3d6c21f0820c8605,132,0.09923664122137404,0.9393,0.47365842233076383
0x0e7fb335ea9e556e5269994c3d6c21f0820c8605,132,0.10687022900763359,0.9373713059190825,0.34784608100802233
0x0e7fb335ea9e556e5269994c3d6c21f0820c8605,132,0.11450381679389313,0.9257500000000001,0.1945305073723758
0x0e7fb335ea9e556e5269994c3d6c21f0820c8605,132,0.12213740458015267,0.8983491812448977,0.19453050737237576
0x0e7fb335ea9e556e5269994c3d6c21f0820c8605,132,0.1297709923664122,0.8623954650000001,0.12712961927274255
0x0e7fb335ea9e556e5269994c3d6c21f0820c8605,132,0.13740458015267176,0.8504999999999999,0.925298030978925
0x0e7fb335ea9e556e5269994c3d6c21f0820c8605,132,0.1450381679389313,0.82863,0.8809752149139961
0x0e7fb335ea9e556e5269994c3d6c21f0820c8605,132,0.15267175572519084,0.7941457906221004,0.7720172359233093
0x0e7fb335ea9e556e5269994c3d6c21f0820c8605,132,0.16030534351145037,0.7456782820159221,0.7567726250098216
0x0e7fb335ea9e556e5269994c3d6c21f0820c8605,132,0.16793893129770993,0.7322366300000002,0.635505242924504
0x0e7fb335ea9e556e5269994c3d6c21f0820c8605,132,0.17557251908396945,0.7232999999999998,0.635505242924504
0x0e7fb335ea9e556e5269994c3d6c21f0820c8605,132,0.183206106870229,0.717846256,0.635505242924504
0x0e7fb335ea9e556e5269994c3d6c21f0820c8605,132,0.19083969465648856,0.6851133,0.5907899257420848
0x0e7fb335ea9e556e5269994c3d6c21f0820c8605,132,0.1984732824427481,0.6844199999999999,0.5355300743189078
0x0e7fb335ea9e556e5269994c3d6c21f0820c8605,132,0.20610687022900764,0.673117518,0.5214596545121731
0x0e7fb335ea9e556e5269994c3d6c21f0820c8605,132,0.21374045801526717,0.662387586,0.5183643608894346
0x0e7fb335ea9e556e5269994c3d6c21f0820c8605,132,0.22137404580152673,0.6458103600000001,0.4114102309372408
0x0e7fb335ea9e556e5269994c3d6c21f0820c8605,132,0.22900763358778625,0.573231265,0.4114102309372408
0x0e7fb335ea9e556e5269994c3d6c21f0820c8605,132,0.2366412213740458,0.5609999999999999,0.3348973548695457
0x0e7fb335ea9e556e5269994c3d6c21f0820c8605,132,0.24427480916030533,0.5535287730425438,0.30291232287667536
0x0e7fb335ea9e556e5269994c3d6c21f0820c8605,132,0.25190839694656486,0.5511975307575778,0.28860159964315674
0x0e7fb335ea9e556e5269994c3d6c21f0820c8605,132,0.2595419847328244,0.5477123159999999,0.28860159964315674
0x0e7fb335ea9e556e5269994c3d6c21f0820c8605,132,0.26717557251908397,0.5334323862716883,0.2785442967474014
0x0e7fb335ea9e556e5269994c3d6c21f0820c8605,132,0.2748091603053435,0.5232,0.1918959487850246
0x0e7fb335ea9e556e5269994c3d6c21f0820c8605,132,0.2824427480916031,0.5188358327351336,0.18747526003854195
0x0e7fb335ea9e556e5269994c3d6c21f0820c8605,132,0.2900763358778626,0.46347000000000005,0.18723180997832656
0x0e7fb335ea9e556e5269994c3d6c21f0820c8605,132,0.29770992366412213,0.462,0.15245322994755608
0x0e7fb335ea9e556e5269994c3d6c21f0820c8605,132,0.3053435114503817,0.4255705317400949,0.12722335748266242
0x0e7fb335ea9e556e5269994c3d6c21f0820c8605,132,0.31297709923664124,0.424372506,0.1272233574826624
0x0e7fb335ea9e556e5269994c3d6c21f0820c8605,132,0.32061068702290074,0.4151133000000001,0.12391111176544616
0x0e7fb335ea9e556e5269994c3d6c21f0820c8605,132,0.3282442748091603,0.41,0.056010074562513314
0x0e7fb335ea9e556e5269994c3d6c21f0820c8605,132,0.33587786259541985,0.3684,0.05601007456251387
0x0e7fb335ea9e556e5269994c3d6c21f0820c8605,132,0.3435114503816794,0.3322,0.0009936731995521806
0x0e7fb335ea9e556e5269994c3d6c21f0820c8605,132,0.3511450381679389,0.3083728853456984,-0.006821736182505389
0x0e7fb335ea9e556e5269994c3d6c21f0820c8605,132,0.35877862595419846,0.26118183000000006,-0.0068217361825060815
0x0e7fb335ea9e556e5269994c3d6c21f0820c8605,132,0.366412213740458,0.252,-0.009534465424906179
0x0e7fb335ea9e556e5269994c3d6c21f0820c8605,132,0.37404580152671757,0.217881,-0.009534465424906179
0x0e7fb335ea9e556e5269994c3d6c21f0820c8605,132,0.3816793893129771,0.204081,-0.009534465424906179
0x0e7fb335ea9e556e5269994c3d6c21f0820c8605,132,0.3893129770992366,0.2,-0.009534465424906179
0x0e7fb335ea9e556e5269994c3d6c21f0820c8605,132,0.3969465648854962,0.18180800000000003,-0.009534465424906179
0x0e7fb335ea9e556e5269994c3d6c21f0820c8605,132,0.40458015267175573,0.18180000000000002,-0.009534465424906179
0x0e7fb335ea9e556e5269994c3d6c21f0820c8605,132,0.4122137404580153,0.1818,-0.009534465424906179
0x0e7fb335ea9e556e5269994c3d6c21f0820c8605,132,0.4198473282442748,0.1818,-0.039642778994401766
0x0e7fb335ea9e556e5269994c3d6c21f0820c8605,132,0.42748091603053434,0.18128,-0.06966497417524974
0x0e7fb335ea9e556e5269994c3d6c21f0820c8605,132,0.4351145038167939,0.17159999999999997,-0.09808404242896504
0x0e7fb335ea9e556e5269994c3d6c21f0820c8605,132,0.44274809160305345,0.170503135,-0.09808404242896271
0x0e7fb335ea9e556e5269994c3d6c21f0820c8605,132,0.45038167938931295,0.16233000000000003,-0.09808404242896271
0x0e7fb335ea9e556e5269994c3d6c21f0820c8605,132,0.4580152671755725,0.15267000000000003,-0.12336807011133287
0x0e7fb335ea9e556e5269994c3d6c21f0820c8605,132,0.46564885496183206,0.14762,-0.12336807011133287
0x0e7fb335ea9e556e5269994c3d6c21f0820c8605,132,0.4732824427480916,0.14616,-0.12336807011133287
0x0e7fb335ea9e556e5269994c3d6c21f0820c8605,132,0.48091603053435117,0.1454,-0.1474480964754949
0x0e7fb335ea9e556e5269994c3d6c21f0820c8605,132,0.48854961832061067,0.13839,-0.1474480964754949
0x0e7fb335ea9e556e5269994c3d6c21f0820c8605,132,0.4961832061068702,0.137964,-0.16797739543080115
0x0e7fb335ea9e556e5269994c3d6c21f0820c8605,132,0.5038167938931297,0.13771999999999998,-0.1716723918093259
0x0e7fb335ea9e556e5269994c3d6c21f0820c8605,132,0.5114503816793893,0.13536,-0.19061678118894415
0x0e7fb335ea9e556e5269994c3d6c21f0820c8605,132,0.5190839694656488,0.13383108200000002,-0.19061678118894415
0x0e7fb335ea9e556e5269994c3d6c21f0820c8605,132,0.5267175572519084,0.13277,-0.19061678118894415
0x0e7fb335ea9e556e5269994c3d6c21f0820c8605,132,0.5343511450381679,0.13188,-0.19622772543390843
0x0e7fb335ea9e556e5269994c3d6c21f0820c8605,132,0.5419847328244275,0.126,-0.19622772543390843
0x0e7fb335ea9e556e5269994c3d6c21f0820c8605,132,0.549618320610687,0.1251425550660793,-0.20364756456907288
0x0e7fb335ea9e556e5269994c3d6c21f0820c8605,132,0.5572519083969466,0.12056,-0.20364756456907288
0x0e7fb335ea9e556e5269994c3d6c21f0820c8605,132,0.5648854961832062,0.11453999999999998,-0.2046114280727828
0x0e7fb335ea9e556e5269994c3d6c21f0820c8605,132,0.5725190839694656,0.11280000000000001,-0.2071618572750393
0x0e7fb335ea9e556e5269994c3d6c21f0820c8605,132,0.5801526717557252,0.11199999999999999,-0.2071618572750393
0x0e7fb335ea9e556e5269994c3d6c21f0820c8605,132,0.5877862595419847,0.10872,-0.2210732892873475
0x0e7fb335ea9e556e5269994c3d6c21f0820c8605,132,0.5954198473282443,0.10325,-0.2210732892873475
0x0e7fb335ea9e556e5269994c3d6c21f0820c8605,132,0.6030534351145038,0.10306999999999998,-0.2210732892873475
0x0e7fb335ea9e556e5269994c3d6c21f0820c8605,132,0.6106870229007634,0.102272,-0.2210732892873475
0x0e7fb335ea9e556e5269994c3d6c21f0820c8605,132,0.6183206106870229,0.10160000000000001,-0.2210732892873475
0x0e7fb335ea9e556e5269994c3d6c21f0820c8605,132,0.6259541984732825,0.10153,-0.2210732892873475
0x0e7fb335ea9e556e5269994c3d6c21f0820c8605,132,0.6335877862595419,0.098,-0.2373032933017071
0x0e7fb335ea9e556e5269994c3d6c21f0820c8605,132,0.6412213740458015,0.0974,-0.24515331565150955
0x0e7fb335ea9e556e5269994c3d6c21f0820c8605,132,0.648854961832061,0.09618,-0.25635201842141764
0x0e7fb335ea9e556e5269994c3d6c21f0820c8605,132,0.6564885496183206,0.09363,-0.25635201842141775
0x0e7fb335ea9e556e5269994c3d6c21f0820c8605,132,0.6641221374045801,0.09036000000000001,-0.27131674457180066
0x0e7fb335ea9e556e5269994c3d6c21f0820c8605,132,0.6717557251908397,0.09030599999999998,0.425907501044214
0x0e7fb335ea9e556e5269994c3d6c21f0820c8605,132,0.6793893129770993,0.09,0.425907501044214
0x0e7fb335ea9e556e5269994c3d6c21f0820c8605,132,0.6870229007633588,0.08778,0.425907501044214
0x0e7fb335ea9e556e5269994c3d6c21f0820c8605,132,0.6946564885496184,0.08256,0.425907501044214
0x0e7fb335ea9e556e5269994c3d6c21f0820c8605,132,0.7022900763358778,0.08,0.425907501044214
0x0e7fb335ea9e556e5269994c3d6c21f0820c8605,132,0.7099236641221374,0.07872,0.425907501044214
0x0e7fb335ea9e556e5269994c3d6c21f0820c8605,132,0.7175572519083969,0.07689,0.425907501044214
0x0e7fb335ea9e556e5269994c3d6c21f0820c8605,132,0.7251908396946565,0.073712565,1.0643412069147848
0x0e7fb335ea9e556e5269994c3d6c21f0820c8605,132,0.732824427480916,0.07254000000000001,1.0635065209940464
0x0e7fb335ea9e556e5269994c3d6c21f0820c8605,132,0.7404580152671756,0.072175,1.0515575945691888
0x0e7fb335ea9e556e5269994c3d6c21f0820c8605,132,0.7480916030534351,0.07046999999999999,1.0515575945691888
0x0e7fb335ea9e556e5269994c3d6c21f0820c8605,132,0.7557251908396947,0.06996,1.0399713590503665
0x0e7fb335ea9e556e5269994c3d6c21f0820c8605,132,0.7633587786259542,0.0675,1.028795842000479
0x0e7fb335ea9e556e5269994c3d6c21f0820c8605,132,0.7709923664122137,0.06624000000000001,1.028795842000479
0x0e7fb335ea9e556e5269994c3d6c21f0820c8605,132,0.7786259541984732,0.05781,1.0284232143572922
0x0e7fb335ea9e556e5269994c3d6c21f0820c8605,132,0.7862595419847328,0.057,1.02342834781573
0x0e7fb335ea9e556e5269994c3d6c21f0820c8605,132,0.7938931297709924,0.05635000000000001,1.02342834781573
0x0e7fb335ea9e556e5269994c3d6c21f0820c8605,132,0.8015267175572519,0.05,1.0151477335226895
0x0e7fb335ea9e556e5269994c3d6c21f0820c8605,132,0.8091603053435115,0.04908,1.01117303866203
0x0e7fb335ea9e556e5269994c3d6c21f0820c8605,132,0.816793893129771,0.047953000000000016,1.01117303866203
0x0e7fb335ea9e556e5269994c3d6c21f0820c8605,132,0.8244274809160306,0.04,1.01117303866203
0x0e7fb335ea9e556e5269994c3d6c21f0820c8605,132,0.8320610687022901,0.03588,1.01117303866203
0x0e7fb335ea9e556e5269994c3d6c21f0820c8605,132,0.8396946564885496,0.035,1.01117303866203
0x0e7fb335ea9e556e5269994c3d6c21f0820c8605,132,0.8473282442748091,0.03,1.01117303866203
0x0e7fb335ea9e556e5269994c3d6c21f0820c8605,132,0.8549618320610687,0.028880000000000003,1.0063901558463697
0x0e7fb335ea9e556e5269994c3d6c21f0820c8605,132,0.8625954198473282,0.025125,1.0022291471641167
0x0e7fb335ea9e556e5269994c3d6c21f0820c8605,132,0.8702290076335878,0.02,1.0022291471641167
0x0e7fb335ea9e556e5269994c3d6c21f0820c8605,132,0.8778625954198473,0.018054,1.0022291471641167
0x0e7fb335ea9e556e5269994c3d6c21f0820c8605,132,0.8854961832061069,0.016012000000000002,1.0022291471641167
0x0e7fb335ea9e556e5269994c3d6c21f0820c8605,132,0.8931297709923665,0.01496,1.0022291471641167
0x0e7fb335ea9e556e5269994c3d6c21f0820c8605,132,0.9007633587786259,0.014487999999999996,1.0022291471641167
0x0e7fb335ea9e556e5269994c3d6c21f0820c8605,132,0.9083969465648855,0.014004,0.999909912712922
0x0e7fb335ea9e556e5269994c3d6c21f0820c8605,132,0.916030534351145,0.01,0.999909912712922
0x0e7fb335ea9e556e5269994c3d6c21f0820c8605,132,0.9236641221374046,0.01,0.999909912712922
0x0e7fb335ea9e556e5269994c3d6c21f0820c8605,132,0.9312977099236641,0.00991000000000155,0.9999248178186495
0x0e7fb335ea9e556e5269994c3d6c21f0820c8605,132,0.9389312977099237,0.009909999999994508,0.9999248178186495
0x0e7fb335ea9e556e5269994c3d6c21f0820c8605,132,0.9465648854961832,0.009559999999999796,0.9999976872244283
0x0e7fb335ea9e556e5269994c3d6c21f0820c8605,132,0.9541984732824428,0.0002710349999981858,1.0000000000000002
0x0e7fb335ea9e556e5269994c3d6c21f0820c8605,132,0.9618320610687023,0.0001,1.0000000000000002
0x0e7fb335ea9e556e5269994c3d6c21f0820c8605,132,0.9694656488549618,3.517186542012496e-15,1.0000000000000002
0x0e7fb335ea9e556e5269994c3d6c21f0820c8605,132,0.9770992366412213,8.757439218243235e-16,1.0000000000000002
0x0e7fb335ea9e556e5269994c3d6c21f0820c8605,132,0.9847328244274809,4.392042285417119e-16,1.0000000000000002
0x0e7fb335ea9e556e5269994c3d6c21f0820c8605,132,0.9923664122137404,4.3520742565306136e-16,1.0000000000000002
0x0e7fb335ea9e556e5269994c3d6c21f0820c8605,132,1.0,3.983480212355062e-16,1.0000000000000002
0x1838cca016850ac7185a9b149fe7d0bd2d6629b4,651,0.0,1023.3174008400001,4.745861810627659e-17
0x1838cca016850ac7185a9b149fe7d0bd2d6629b4,651,0.009230769230769232,171.63961275253018,0.20282272419451378
0x1838cca016850ac7185a9b149fe7d0bd2d6629b4,651,0.018461538461538463,80.80170400000002,0.21237982503121478
0x1838cca016850ac7185a9b149fe7d0bd2d6629b4,651,0.027692307692307693,65.99307897300001,0.2082828173732676
0x1838cca016850ac7185a9b149fe7d0bd2d6629b4,651,0.036923076923076927,51.782469899999995,0.18937145690183757
0x1838cca016850ac7185a9b149fe7d0bd2d6629b4,651,0.046153846153846156,40.0,0.22989532883829264
0x1838cca016850ac7185a9b149fe7d0bd2d6629b4,651,0.055384615384615386,38.45196,0.22381692033451472
0x1838cca016850ac7185a9b149fe7d0bd2d6629b4,651,0.06461538461538462,36.0745,0.3641590244361732
0x1838cca016850ac7185a9b149fe7d0bd2d6629b4,651,0.07384615384615385,35.09196,0.36393623580353
0x1838cca016850ac7185a9b149fe7d0bd2d6629b4,651,0.08307692307692308,30.5568,0.6749694045103106
0x1838cca016850ac7185a9b149fe7d0bd2d6629b4,651,0.09230769230769231,28.08011584090884,0.6648669018308369
0x1838cca016850ac7185a9b149fe7d0bd2d6629b4,651,0.10153846153846154,24.978800000000007,0.6843342992214559
0x1838cca016850ac7185a9b149fe7d0bd2d6629b4,651,0.11076923076923077,23.050602200840885,0.6767892868257345
0x1838cca016850ac7185a9b149fe7d0bd2d6629b4,651,0.12,22.729390999999996,0.6850490277382506
0x1838cca016850ac7185a9b149fe7d0bd2d6629b4,651,0.12923076923076923,21.440865,0.6873548251203212
0x1838cca016850ac7185a9b149fe7d0bd2d6629b4,651,0.13846153846153847,20.488900000000015,0.8886429592697646
0x1838cca016850ac7185a9b149fe7d0bd2d6629b4,651,0.1476923076923077,19.550711972,0.8874082761835691
0x1838cca016850ac7185a9b149fe7d0bd2d6629b4,651,0.15692307692307692,19.019187959999996,0.8864882677636952
0x1838cca016850ac7185a9b149fe7d0bd2d6629b4,651,0.16615384615384615,18.414191972,0.8862852628797423
0x1838cca016850ac7185a9b149fe7d0bd2d6629b4,651,0.1753846153846154,18.084191972,0.9197515407487974
0x1838cca016850ac7185a9b149fe7d0bd2d6629b4,651,0.18461538461538463,17.754191972,0.9281626511258411
0x1838cca016850ac7185a9b149fe7d0bd2d6629b4,651,0.19384615384615383,17.314191972,0.9274465975351718
0x1838cca016850ac7185a9b149fe7d0bd2d6629b4,651,0.20307692307692307,17.000000000000004,0.9831237017205788
0x1838cca016850ac7185a9b149fe7d0bd2d6629b4,651,0.2123076923076923,16.481364554736338,1.0078149561756622
0x1838cca016850ac7185a9b149fe7d0bd2d6629b4,651,0.22153846153846155,15.651140115263358,0.9959150313378757
0x1838cca016850ac7185a9b149fe7d0bd2d6629b4,651,0.23076923076923078,15.231512978,0.9940289314160615
0x1838cca016850ac7185a9b149fe7d0bd2d6629b4,651,0.24,14.96748,0.9904603089289423
0x1838cca016850ac7185a9b149fe7d0bd2d6629b4,651,0.24923076923076923,14.571516283023085,0.9903222327579732
0x1838cca016850ac7185a9b149fe7d0bd2d6629b4,651,0.25846153846153846,14.4270864,0.9901528587703955
0x1838cca016850ac7185a9b149fe7d0bd2d6629b4,651,0.2676923076923077,14.04,0.986854408658575
0x1838cca016850ac7185a9b149fe7d0bd2d6629b4,651,0.27692307692307694,13.479799999999997,0.9867732067049938
0x1838cca016850ac7185a9b149fe7d0bd2d6629b4,651,0.28615384615384615,13.361840000000011,0.9866213084360895
0x1838cca016850ac7185a9b149fe7d0bd2d6629b4,651,0.2953846153846154,13.039799999999998,0.9832182083814662
0x1838cca016850ac7185a9b149fe7d0bd2d6629b4,651,0.3046153846153846,12.81962,0.9748200354881948
0x1838cca016850ac7185a9b149fe7d0bd2d6629b4,651,0.31384615384615383,12.594599999999998,0.9734307881743559
0x1838cca016850ac7185a9b149fe7d0bd2d6629b4,651,0.3230769230769231,12.094599999999998,0.9732555469765323
0x1838cca016850ac7185a9b149fe7d0bd2d6629b4,651,0.3323076923076923,11.794599999999999,0.9731816162862601
0x1838cca016850ac7185a9b149fe7d0bd2d6629b4,651,0.3415384615384615,11.4444,0.9721912366560298
0x1838cca016850ac7185a9b149fe7d0bd2d6629b4,651,0.3507692307692308,10.948823926000001,1.0157313988740113
0x1838cca016850ac7185a9b149fe7d0bd2d6629b4,651,0.36,10.7806,1.0504267790404522
0x1838cca016850ac7185a9b149fe7d0bd2d6629b4,651,0.36923076923076925,10.594003845,1.0447791896455925
0x1838cca016850ac7185a9b149fe7d0bd2d6629b4,651,0.37846153846153846,10.264943926,1.0442483853935258
0x1838cca016850ac7185a9b149fe7d0bd2d6629b4,651,0.38769230769230767,9.991100000000003,1.0575798637626073
0x1838cca016850ac7185a9b149fe7d0bd2d6629b4,651,0.39692307692307693,9.6261,1.0553107272128555
0x1838cca016850ac7185a9b149fe7d0bd2d6629b4,651,0.40615384615384614,9.0,1.053040967536152
0x1838cca016850ac7185a9b149fe7d0bd2d6629b4,651,0.4153846153846154,8.75976,1.049144159603756
0x1838cca016850ac7185a9b149fe7d0bd2d6629b4,651,0.4246153846153846,8.57476923,1.0487060012442286
0x1838cca016850ac7185a9b149fe7d0bd2d6629b4,651,0.4338461538461538,8.335638777519959,1.043561281694606
0x1838cca016850ac7185a9b149fe7d0bd2d6629b4,651,0.4430769230769231,8.01730864,1.0432356389765591
0x1838cca016850ac7185a9b149fe7d0bd2d6629b4,651,0.4523076923076923,7.884199973,1.0395753029441843
0x1838cca016850ac7185a9b149fe7d0bd2d6629b4,651,0.46153846153846156,7.5862,1.0359923575550078
0x1838cca016850ac7185a9b149fe7d0bd2d6629b4,651,0.4707692307692308,7.252325000000001,1.0349582027065851
0x1838cca016850ac7185a9b149fe7d0bd2d6629b4,651,0.48,6.8892340000000045,1.0334641679626477
0x1838cca016850ac7185a9b149fe7d0bd2d6629b4,651,0.48923076923076925,6.701300000000004,1.0334139703913432
0x1838cca016850ac7185a9b149fe7d0bd2d6629b4,651,0.49846153846153846,6.484400000000001,1.0320656488438051
0x1838cca016850ac7185a9b149fe7d0bd2d6629b4,651,0.5076923076923077,6.3281180000000035,1.0320656488438051
0x1838cca016850ac7185a9b149fe7d0bd2d6629b4,651,0.5169230769230769,6.1889410000000025,1.0310886860262742
0x1838cca016850ac7185a9b149fe7d0bd2d6629b4,651,0.5261538461538462,6.050185000000002,1.0271548352390538
0x1838cca016850ac7185a9b149fe7d0bd2d6629b4,651,0.5353846153846153,5.818304000000001,1.0249402365050257
0x1838cca016850ac7185a9b149fe7d0bd2d6629b4,651,0.5446153846153846,5.5849590000000005,1.0249402365050257
0x1838cca016850ac7185a9b149fe7d0bd2d6629b4,651,0.5538461538461539,5.4442580000000005,1.0228510629409044
0x1838cca016850ac7185a9b149fe7d0bd2d6629b4,651,0.563076923076923,5.208569,1.0228476101190414
0x1838cca016850ac7185a9b149fe7d0bd2d6629b4,651,0.5723076923076923,5.11132,1.0218694956781789
0x1838cca016850ac7185a9b149fe7d0bd2d6629b4,651,0.5815384615384616,4.967271973,1.0166687615391705
0x1838cca016850ac7185a9b149fe7d0bd2d6629b4,651,0.5907692307692308,4.83886,1.0148970825519479
0x1838cca016850ac7185a9b149fe7d0bd2d6629b4,651,0.6,4.499657000000001,1.0144971182694869
0x1838cca016850ac7185a9b149fe7d0bd2d6629b4,651,0.6092307692307692,4.30888,1.0143408672504004
0x1838cca016850ac7185a9b149fe7d0bd2d6629b4,651,0.6184615384615385,4.243260000000004,1.0157231090502439
0x1838cca016850ac7185a9b149fe7d0bd2d6629b4,651,0.6276923076923077,4.136538665756153,1.012622840229946
0x1838cca016850ac7185a9b149fe7d0bd2d6629b4,651,0.6369230769230769,3.5641709999999995,1.0122109909269572
0x1838cca016850ac7185a9b149fe7d0bd2d6629b4,651,0.6461538461538462,3.4501500000000003,1.011581550292776
0x1838cca016850ac7185a9b149fe7d0bd2d6629b4,651,0.6553846153846153,3.31665,1.010337314904041
0x1838cca016850ac7185a9b149fe7d0bd2d6629b4,651,0.6646153846153846,3.22424,1.0088417601037236
0x1838cca016850ac7185a9b149fe7d0bd2d6629b4,651,0.6738461538461539,3.0319499999999997,1.0087484599638286
0x1838cca016850ac7185a9b149fe7d0bd2d6629b4,651,0.683076923076923,2.8695999999999993,1.0059513520028909
0x1838cca016850ac7185a9b149fe7d0bd2d6629b4,651,0.6923076923076923,2.64,1.0059086545391862
0x1838cca016850ac7185a9b149fe7d0bd2d6629b4,651,0.7015384615384616,2.510608,1.0054720094887937
0x1838cca016850ac7185a9b149fe7d0bd2d6629b4,651,0.7107692307692308,2.4717,1.0044342189939324
0x1838cca016850ac7185a9b149fe7d0bd2d6629b4,651,0.72,2.4075000000000006,1.0043854978217839
0x1838cca016850ac7185a9b149fe7d0bd2d6629b4,651,0.7292307692307692,2.3412200000000003,1.0042027934262265
0x1838cca016850ac7185a9b149fe7d0bd2d6629b4,651,0.7384615384615385,2.2875,1.00417010963991
0x1838cca016850ac7185a9b149fe7d0bd2d6629b4,651,0.7476923076923077,2.18751,1.00416641864202
0x1838cca016850ac7185a9b149fe7d0bd2d6629b4,651,0.7569230769230769,2.058408,1.004107872033488
0x1838cca016850ac7185a9b149fe7d0bd2d6629b4,651,0.7661538461538462,1.969676,1.003770166134109
0x1838cca016850ac7185a9b149fe7d0bd2d6629b4,651,0.7753846153846153,1.902548099226697,1.0036523686746477
0x1838cca016850ac7185a9b149fe7d0bd2d6629b4,651,0.7846153846153846,1.8354823299999998,1.003364470839224
0x1838cca016850ac7185a9b149fe7d0bd2d6629b4,651,0.7938461538461539,1.758408,1.0033305967060882
0x1838cca016850ac7185a9b149fe7d0bd2d6629b4,651,0.803076923076923,1.56807,1.0022946111029716
0x1838cca016850ac7185a9b149fe7d0bd2d6629b4,651,0.8123076923076923,1.4519675,1.0022657301517814
0x1838cca016850ac7185a9b149fe7d0bd2d6629b4,651,0.8215384615384616,1.4000000000000001,1.0016634888501517
0x1838cca016850ac7185a9b149fe7d0bd2d6629b4,651,0.8307692307692308,1.2019675,1.001653966075877
0x1838cca016850ac7185a9b149fe7d0bd2d6629b4,651,0.84,1.10595,1.00157679764479
0x1838cca016850ac7185a9b149fe7d0bd2d6629b4,651,0.8492307692307692,1.0000000000000007,1.0015429807211078
0x1838cca016850ac7185a9b149fe7d0bd2d6629b4,651,0.8584615384615385,0.9544710000000002,1.0009081287149197
0x1838cca016850ac7185a9b149fe7d0bd2d6629b4,651,0.8676923076923077,0.90988,1.0008595788050734
0x1838cca016850ac7185a9b149fe7d0bd2d6629b4,651,0.8769230769230769,0.837102,1.0007644197120709
0x1838cca016850ac7185a9b149fe7d0bd2d6629b4,651,0.8861538461538462,0.7442592000000001,1.0007511321196667
0x1838cca016850ac7185a9b149fe7d0bd2d6629b4,651,0.8953846153846153,0.7039600000000007,1.0007287237023763
0x1838cca016850ac7185a9b149fe7d0bd2d6629b4,651,0.9046153846153846,0.6668000000000001,1.0006424610215885
0x1838cca016850ac7185a9b149fe7d0bd2d6629b4,651,0.9138461538461539,0.63328,1.0006287626211192
0x1838cca016850ac7185a9b149fe7d0bd2d6629b4,651,0.9230769230769231,0.59328,1.0004004537320315
0x1838cca016850ac7185a9b149fe7d0bd2d6629b4,651,0.9323076923076923,0.4751,1.0004004537320315
0x1838cca016850ac7185a9b149fe7d0bd2d6629b4,651,0.9415384615384615,0.45999,1.0003266337742307
0x1838cca016850ac7185a9b149fe7d0bd2d6629b4,651,0.9507692307692308,0.34999999999999976,1.0003266337742307
0x1838cca016850ac7185a9b149fe7d0bd2d6629b4,651,0.96,0.2668,1.0001358091833152
0x1838cca016850ac7185a9b149fe7d0bd2d6629b4,651,0.9692307692307692,0.162,1.0000788803391585
0x1838cca016850ac7185a9b149fe7d0bd2d6629b4,651,0.9784615384615385,0.0866664999999998,1.00000339408036
0x1838cca016850ac7185a9b149fe7d0bd2d6629b4,651,0.9876923076923076,0.0346,1.00000339408036
0x1838cca016850ac7185a9b149fe7d0bd2d6629b4,651,0.9969230769230769,0.00543156300000058,0.999999999999997
0x1838cca016850ac7185a9b149fe7d0bd2d6629b4,651,1.0,1.4210854715201997e-16,0.999999999999997
0x198e7791061f8a63e688c0de0108dcec8c98ede0,838,0.0,372.6010378017635,0.004790596479490782
0x198e7791061f8a63e688c0de0108dcec8c98ede0,838,0.009557945041816009,331.19797453000024,0.0742159226476854
0x198e7791061f8a63e688c0de0108dcec8c98ede0,838,0.019115890083632018,255.6326253866666,0.003248597460465495
0x198e7791061f8a63e688c0de0108dcec8c98ede0,838,0.02867383512544803,240.52373057999992,-0.0025401199086824582
0x198e7791061f8a63e688c0de0108dcec8c98ede0,838,0.038231780167264036,226.39289328000007,0.05157717917245503
0x198e7791061f8a63e688c0de0108dcec8c98ede0,838,0.04778972520908005,222.19860000000003,0.028233508136716573
0x198e7791061f8a63e688c0de0108dcec8c98ede0,838,0.05734767025089606,215.15557068000007,0.01707472033391854
0x198e7791061f8a63e688c0de0108dcec8c98ede0,838,0.06690561529271206,199.57340000000005,-0.013719429620083325
0x198e7791061f8a63e688c0de0108dcec8c98ede0,838,0.07646356033452807,192.71659999999997,-0.00038658322762339054
0x198e7791061f8a63e688c0de0108dcec8c98ede0,838,0.08602150537634409,184.01659999999998,-0.011278653700141193
0x198e7791061f8a63e688c0de0108dcec8c98ede0,838,0.0955794504181601,176.43562100000003,-0.01549664173707753
0x198e7791061f8a63e688c0de0108dcec8c98ede0,838,0.10513739545997611,169.74267196000002,-0.04654269827183502
0x198e7791061f8a63e688c0de0108dcec8c98ede0,838,0.11469534050179211,162.24017736884292,0.12658493401631335
0x198e7791061f8a63e688c0de0108dcec8c98ede0,838,0.12425328554360812,159.03877083000003,0.1730387439622936
0x198e7791061f8a63e688c0de0108dcec8c98ede0,838,0.13381123058542413,156.24877083000004,0.19596530642283205
0x198e7791061f8a63e688c0de0108dcec8c98ede0,838,0.14336917562724014,142.05028045,0.20534084945952152
0x198e7791061f8a63e688c0de0108dcec8c98ede0,838,0.15292712066905614,132.15250497,0.17999498946540896
0x198e7791061f8a63e688c0de0108dcec8c98ede0,838,0.16248506571087215,122.05537500000003,0.1358835112320113
0x198e7791061f8a63e688c0de0108dcec8c98ede0,838,0.17204301075268819,116.79432133,0.16064714960377333
0x198e7791061f8a63e688c0de0108dcec8c98ede0,838,0.1816009557945042,113.40748383,0.17606423344166203
0x198e7791061f8a63e688c0de0108dcec8c98ede0,838,0.1911589008363202,111.39536604000003,0.1728660921855815
0x198e7791061f8a63e688c0de0108dcec8c98ede0,838,0.2007168458781362,109.60000000000001,0.16998729087289569
0x198e7791061f8a63e688c0de0108dcec8c98ede0,838,0.21027479091995221,108.12377197,0.22596597275190863
0x198e7791061f8a63e688c0de0108dcec8c98ede0,838,0.21983273596176822,106.325,0.22706389486216097
0x198e7791061f8a63e688c0de0108dcec8c98ede0,838,0.22939068100358423,103.8524277,0.21683782780536293
0x198e7791061f8a63e688c0de0108dcec8c98ede0,838,0.23894862604540024,102.39604050000001,0.29381651858032587
0x198e7791061f8a63e688c0de0108dcec8c98ede0,838,0.24850657108721624,100.40585376000001,0.3408511937396228
0x198e7791061f8a63e688c0de0108dcec8c98ede0,838,0.25806451612903225,96.69733911000002,0.36209136914356943
0x198e7791061f8a63e688c0de0108dcec8c98ede0,838,0.26762246117084826,91.76400000000001,0.3243515790076508
0x198e7791061f8a63e688c0de0108dcec8c98ede0,838,0.27718040621266427,90.37675378610527,0.31079370749875274
0x198e7791061f8a63e688c0de0108dcec8c98ede0,838,0.2867383512544803,89.05174887,0.28529197460332606
0x198e7791061f8a63e688c0de0108dcec8c98ede0,838,0.2962962962962963,85.6982489687076,0.3724691731753871
0x198e7791061f8a63e688c0de0108dcec8c98ede0,838,0.3058542413381123,83.29728896855396,0.3724691731753872
0x198e7791061f8a63e688c0de0108dcec8c98ede0,838,0.3154121863799283,78.3157906720001,0.30475029342749227
0x198e7791061f8a63e688c0de0108dcec8c98ede0,838,0.3249701314217443,75.27126244599998,0.29406761390428027
0x198e7791061f8a63e688c0de0108dcec8c98ede0,838,0.3345280764635603,74.03692436000001,0.2940676139042804
0x198e7791061f8a63e688c0de0108dcec8c98ede0,838,0.34408602150537637,71.46652436000001,0.33137289450647084
0x198e7791061f8a63e688c0de0108dcec8c98ede0,838,0.3536439665471924,67.79774931599997,0.34187036358984935
0x198e7791061f8a63e688c0de0108dcec8c98ede0,838,0.3632019115890084,65.82324600000003,0.3572821876347485
0x198e7791061f8a63e688c0de0108dcec8c98ede0,838,0.3727598566308244,63.77417790000001,0.4124524146119829
0x198e7791061f8a63e688c0de0108dcec8c98ede0,838,0.3823178016726404,61.8109625,0.4016744432122922
0x198e7791061f8a63e688c0de0108dcec8c98ede0,838,0.3918757467144564,60.05284514731445,0.399232335971126
0x198e7791061f8a63e688c0de0108dcec8c98ede0,838,0.4014336917562724,58.71239999999999,0.39084195363885205
0x198e7791061f8a63e688c0de0108dcec8c98ede0,838,0.4109916367980884,57.4167,0.3813295408052639
0x198e7791061f8a63e688c0de0108dcec8c98ede0,838,0.42054958183990443,55.62700000000001,0.3590563900013159
0x198e7791061f8a63e688c0de0108dcec8c98ede0,838,0.43010752688172044,52.578,0.3307972088074807
0x198e7791061f8a63e688c0de0108dcec8c98ede0,838,0.43966547192353644,50.373490079999975,0.32171593169953466
0x198e7791061f8a63e688c0de0108dcec8c98ede0,838,0.44922341696535245,47.800000000000004,0.28989494128240556
0x198e7791061f8a63e688c0de0108dcec8c98ede0,838,0.45878136200716846,46.591802000000015,0.30543515657191145
0x198e7791061f8a63e688c0de0108dcec8c98ede0,838,0.46833930704898447,45.6,0.34935454895957196
0x198e7791061f8a63e688c0de0108dcec8c98ede0,838,0.4778972520908005,45.02295600000001,0.3478072638027123
0x198e7791061f8a63e688c0de0108dcec8c98ede0,838,0.4874551971326165,43.790931300000004,0.3478072638027123
0x198e7791061f8a63e688c0de0108dcec8c98ede0,838,0.4970131421744325,42.8162709,0.35105511226027303
0x198e7791061f8a63e688c0de0108dcec8c98ede0,838,0.5065710872162486,41.683862600000005,0.4180030292547323
0x198e7791061f8a63e688c0de0108dcec8c98ede0,838,0.5161290322580645,41.0132058,0.4180007205400661
0x198e7791061f8a63e688c0de0108dcec8c98ede0,838,0.5256869772998806,40.00549008,0.41800072054006615
0x198e7791061f8a63e688c0de0108dcec8c98ede0,838,0.5352449223416965,39.0,0.437237492509664
0x198e7791061f8a63e688c0de0108dcec8c98ede0,838,0.5448028673835126,37.79010000000001,0.4577240275619101
0x198e7791061f8a63e688c0de0108dcec8c98ede0,838,0.5543608124253285,36.84425000000001,0.5036103386118119
0x198e7791061f8a63e688c0de0108dcec8c98ede0,838,0.5639187574671446,35.8622058,0.5168013084140067
0x198e7791061f8a63e688c0de0108dcec8c98ede0,838,0.5734767025089605,34.4,0.5946462955098692
0x198e7791061f8a63e688c0de0108dcec8c98ede0,838,0.5830346475507766,33.384,0.5946462955098691
0x198e7791061f8a63e688c0de0108dcec8c98ede0,838,0.5925925925925926,32.056250000000006,0.6114321906515675
0x198e7791061f8a63e688c0de0108dcec8c98ede0,838,0.6021505376344086,31.2808392240118,0.7993641337470186
0x198e7791061f8a63e688c0de0108dcec8c98ede0,838,0.6117084826762246,29.889341790000007,0.8352962478834841
0x198e7791061f8a63e688c0de0108dcec8c98ede0,838,0.6212664277180406,29.024265000000003,0.8719173416199169
0x198e7791061f8a63e688c0de0108dcec8c98ede0,838,0.6308243727598566,28.0322058,0.9400538073456709
0x198e7791061f8a63e688c0de0108dcec8c98ede0,838,0.6403823178016727,26.399999999999995,0.9141869676472125
0x198e7791061f8a63e688c0de0108dcec8c98ede0,838,0.6499402628434886,25.305981368373445,0.9024191075537521
0x198e7791061f8a63e688c0de0108dcec8c98ede0,838,0.6594982078853047,23.940700000000003,0.9019342774630098
0x198e7791061f8a63e688c0de0108dcec8c98ede0,838,0.6690561529271206,22.992700000000003,0.8975451899223917
0x198e7791061f8a63e688c0de0108dcec8c98ede0,838,0.6786140979689367,22.198699079999997,0.8873868451639826
0x198e7791061f8a63e688c0de0108dcec8c98ede0,838,0.6881720430107527,21.597756479999997,0.8853090019179443
0x198e7791061f8a63e688c0de0108dcec8c98ede0,838,0.6977299880525687,20.6193,0.8834917869111623
0x198e7791061f8a63e688c0de0108dcec8c98ede0,838,0.7072879330943848,19.19284000000001,0.877100914362169
0x198e7791061f8a63e688c0de0108dcec8c98ede0,838,0.7168458781362007,18.63,0.8758524565657367
0x198e7791061f8a63e688c0de0108dcec8c98ede0,838,0.7264038231780168,17.85985506,0.8736261706696268
0x198e7791061f8a63e688c0de0108dcec8c98ede0,838,0.7359617682198327,17.030209820000003,0.8715148420102383
0x198e7791061f8a63e688c0de0108dcec8c98ede0,838,0.7455197132616488,16.25,0.8811344866678228
0x198e7791061f8a63e688c0de0108dcec8c98ede0,838,0.7550776583034647,15.594816089999997,0.8941747377144205
0x198e7791061f8a63e688c0de0108dcec8c98ede0,838,0.7646356033452808,14.78121187368057,0.8903268798513867
0x198e7791061f8a63e688c0de0108dcec8c98ede0,838,0.7741935483870968,14.497099999999998,0.9074587505332127
0x198e7791061f8a63e688c0de0108dcec8c98ede0,838,0.7837514934289128,13.748858999999998,0.9031805376532687
0x198e7791061f8a63e688c0de0108dcec8c98ede0,838,0.7933094384707288,12.88199646,0.9001715128043762
0x198e7791061f8a63e688c0de0108dcec8c98ede0,838,0.8028673835125448,12.208704859999997,0.9105387446007097
0x198e7791061f8a63e688c0de0108dcec8c98ede0,838,0.8124253285543608,11.609996459999998,0.906825510476899
0x198e7791061f8a63e688c0de0108dcec8c98ede0,838,0.8219832735961768,11.21386653,0.9018833216702845
0x198e7791061f8a63e688c0de0108dcec8c98ede0,838,0.8315412186379928,10.812408000000001,0.9494110358990479
0x198e7791061f8a63e688c0de0108dcec8c98ede0,838,0.8410991636798089,10.038808000000001,0.9486457431327204
0x198e7791061f8a63e688c0de0108dcec8c98ede0,838,0.8506571087216248,9.611000000000002,0.9459524170531555
0x198e7791061f8a63e688c0de0108dcec8c98ede0,838,0.8602150537634409,9.176202470523172,0.9459524170531555
0x198e7791061f8a63e688c0de0108dcec8c98ede0,838,0.8697729988052568,8.495971170000002,0.9793841463131185
0x198e7791061f8a63e688c0de0108dcec8c98ede0,838,0.8793309438470729,7.5,0.9769794919051257
0x198e7791061f8a63e688c0de0108dcec8c98ede0,838,0.8888888888888888,6.601028060000001,0.9871121842777814
0x198e7791061f8a63e688c0de0108dcec8c98ede0,838,0.8984468339307049,6.019747500000004,1.0012382411371286
0x198e7791061f8a63e688c0de0108dcec8c98ede0,838,0.9080047789725209,5.116527552000272,1.000421212634976
0x198e7791061f8a63e688c0de0108dcec8c98ede0,838,0.9175627240143369,4.25,0.9957355478532312
0x198e7791061f8a63e688c0de0108dcec8c98ede0,838,0.927120669056153,3.7488,1.004008185273994
0x198e7791061f8a63e688c0de0108dcec8c98ede0,838,0.9366786140979689,3.392,1.004008185273994
0x198e7791061f8a63e688c0de0108dcec8c98ede0,838,0.946236559139785,3.0,1.004008185273994
0x198e7791061f8a63e688c0de0108dcec8c98ede0,838,0.955794504181601,2.324117,1.004008185273994
0x198e7791061f8a63e688c0de0108dcec8c98ede0,838,0.965352449223417,1.6528,1.0012826192876785
0x198e7791061f8a63e688c0de0108dcec8c98ede0,838,0.974910394265233,1.2399999999999995,1.0012826192876785
0x198e7791061f8a63e688c0de0108dcec8c98ede0,838,0.984468339307049,0.7562000000000008,1.0000000000000004
0x198e7791061f8a63e688c0de0108dcec8c98ede0,838,0.994026284348865,0.2382,1.0000000000000004
0x198e7791061f8a63e688c0de0108dcec8c98ede0,838,1.0,0.0009346000000005181,1.0000000000000004
0x1bf71e6bc7aecd80e302e016c2d47f398aba40c0,296,0.0,29.378135497990232,0.0
0x1bf71e6bc7aecd80e302e016c2d47f398aba40c0,296,0.006779661016949152,28.7,-0.12245092456919265
0x1bf71e6bc7aecd80e302e016c2d47f398aba40c0,296,0.013559322033898305,28.69239983,-0.12245092456919265
0x1bf71e6bc7aecd80e302e016c2d47f398aba40c0,296,0.020338983050847456,28.2,0.07076329176949372
0x1bf71e6bc7aecd80e302e016c2d47f398aba40c0,296,0.02711864406779661,28.19677721,0.07076329176949372
0x1bf71e6bc7aecd80e302e016c2d47f398aba40c0,296,0.03389830508474576,28.188855359999998,0.08289710971267458
0x1bf71e6bc7aecd80e302e016c2d47f398aba40c0,296,0.04067796610169491,27.99351205,0.22277953672493334
0x1bf71e6bc7aecd80e302e016c2d47f398aba40c0,296,0.04745762711864407,26.738063589999992,0.2296230141597748
0x1bf71e6bc7aecd80e302e016c2d47f398aba40c0,296,0.05423728813559322,26.02,0.22962301415977454
0x1bf71e6bc7aecd80e302e016c2d47f398aba40c0,296,0.061016949152542375,25.793973602868448,0.22962301415977454
0x1bf71e6bc7aecd80e302e016c2d47f398aba40c0,296,0.06779661016949153,24.38806991533455,0.2403831900928385
0x1bf71e6bc7aecd80e302e016c2d47f398aba40c0,296,0.07457627118644068,23.82,0.24038319009284023
0x1bf71e6bc7aecd80e302e016c2d47f398aba40c0,296,0.08135593220338982,23.501282965479117,0.25189656833424495
0x1bf71e6bc7aecd80e302e016c2d47f398aba40c0,296,0.08813559322033898,23.27709,0.38489247586282327
0x1bf71e6bc7aecd80e302e016c2d47f398aba40c0,296,0.09491525423728814,23.03670864,0.45203604082870746
0x1bf71e6bc7aecd80e302e016c2d47f398aba40c0,296,0.1016949152542373,23.032243679999993,0.45807896167563705
0x1bf71e6bc7aecd80e302e016c2d47f398aba40c0,296,0.10847457627118644,23.03094624,0.45807896167563705
0x1bf71e6bc7aecd80e302e016c2d47f398aba40c0,296,0.1152542372881356,22.801599359999997,0.45807896167563705
0x1bf71e6bc7aecd80e302e016c2d47f398aba40c0,296,0.12203389830508475,21.974999999999998,0.45807896167563705
0x1bf71e6bc7aecd80e302e016c2d47f398aba40c0,296,0.1288135593220339,21.526151999999996,0.45807896167563705
0x1bf71e6bc7aecd80e302e016c2d47f398aba40c0,296,0.13559322033898305,20.97230756160012,0.5354447040001094
0x1bf71e6bc7aecd80e302e016c2d47f398aba40c0,296,0.1423728813559322,19.126151999999998,0.5354447040001094
0x1bf71e6bc7aecd80e302e016c2d47f398aba40c0,296,0.14915254237288136,18.23,0.6047263155868171
0x1bf71e6bc7aecd80e302e016c2d47f398aba40c0,296,0.15593220338983052,18.203076,0.6047263155868171
0x1bf71e6bc7aecd80e302e016c2d47f398aba40c0,296,0.16271186440677965,17.819999999999997,0.6477794672965486
0x1bf71e6bc7aecd80e302e016c2d47f398aba40c0,296,0.1694915254237288,17.658210659142554,0.5613213672162795
0x1bf71e6bc7aecd80e302e016c2d47f398aba40c0,296,0.17627118644067796,17.64,0.5613213672162795
0x1bf71e6bc7aecd80e302e016c2d47f398aba40c0,296,0.18305084745762712,17.63428268,0.6271737097789736
0x1bf71e6bc7aecd80e302e016c2d47f398aba40c0,296,0.18983050847457628,17.630916870000004,0.6271737097789736
0x1bf71e6bc7aecd80e302e016c2d47f398aba40c0,296,0.19661016949152543,17.539919949999998,0.6271737097789736
0x1bf71e6bc7aecd80e302e016c2d47f398aba40c0,296,0.2033898305084746,17.205094,0.6271737097789736
0x1bf71e6bc7aecd80e302e016c2d47f398aba40c0,296,0.21016949152542372,16.672818157603576,0.7621473396217713
0x1bf71e6bc7aecd80e302e016c2d47f398aba40c0,296,0.21694915254237288,16.36181687,0.7621473396217713
0x1bf71e6bc7aecd80e302e016c2d47f398aba40c0,296,0.22372881355932203,16.0671,0.7621473396217713
0x1bf71e6bc7aecd80e302e016c2d47f398aba40c0,296,0.2305084745762712,15.842416924963505,0.8164231972573396
0x1bf71e6bc7aecd80e302e016c2d47f398aba40c0,296,0.23728813559322035,15.1776,0.8482604376453295
0x1bf71e6bc7aecd80e302e016c2d47f398aba40c0,296,0.2440677966101695,14.814716839999999,0.8482604376453295
0x1bf71e6bc7aecd80e302e016c2d47f398aba40c0,296,0.25084745762711863,14.7,0.8482604376453298
0x1bf71e6bc7aecd80e302e016c2d47f398aba40c0,296,0.2576271186440678,14.139583333333333,0.8482604376453298
0x1bf71e6bc7aecd80e302e016c2d47f398aba40c0,296,0.26440677966101694,14.099519659999999,0.851488493653305
0x1bf71e6bc7aecd80e302e016c2d47f398aba40c0,296,0.2711864406779661,13.794117000000002,0.851488493653305
0x1bf71e6bc7aecd80e302e016c2d47f398aba40c0,296,0.27796610169491526,13.0217,0.851488493653305
0x1bf71e6bc7aecd80e302e016c2d47f398aba40c0,296,0.2847457627118644,12.87,0.851488493653305
0x1bf71e6bc7aecd80e302e016c2d47f398aba40c0,296,0.29152542372881357,12.38711719,0.9257625425811311
0x1bf71e6bc7aecd80e302e016c2d47f398aba40c0,296,0.2983050847457627,12.080000000000002,0.9257625425811311
0x1bf71e6bc7aecd80e302e016c2d47f398aba40c0,296,0.3050847457627119,12.080000000000002,0.82827525114028
0x1bf71e6bc7aecd80e302e016c2d47f398aba40c0,296,0.31186440677966104,12.033657465168542,0.82827525114028
0x1bf71e6bc7aecd80e302e016c2d47f398aba40c0,296,0.31864406779661014,12.0,0.82827525114028
0x1bf71e6bc7aecd80e302e016c2d47f398aba40c0,296,0.3254237288135593,12.0,0.82827525114028
0x1bf71e6bc7aecd80e302e016c2d47f398aba40c0,296,0.33220338983050846,12.0,0.82827525114028
0x1bf71e6bc7aecd80e302e016c2d47f398aba40c0,296,0.3389830508474576,11.99950944,0.8812153696710733
0x1bf71e6bc7aecd80e302e016c2d47f398aba40c0,296,0.34576271186440677,11.996999999999998,0.860340607486167
0x1bf71e6bc7aecd80e302e016c2d47f398aba40c0,296,0.3525423728813559,11.9965715,0.8603406074861669
0x1bf71e6bc7aecd80e302e016c2d47f398aba40c0,296,0.3593220338983051,11.73982779,0.860340607486167
0x1bf71e6bc7aecd80e302e016c2d47f398aba40c0,296,0.36610169491525424,11.201271262850222,0.8763919910533128
0x1bf71e6bc7aecd80e302e016c2d47f398aba40c0,296,0.3728813559322034,10.523076,0.8763919910533129
0x1bf71e6bc7aecd80e302e016c2d47f398aba40c0,296,0.37966101694915255,10.278130455754772,0.8763919910533131
0x1bf71e6bc7aecd80e302e016c2d47f398aba40c0,296,0.3864406779661017,10.106666666666666,0.794829775918473
0x1bf71e6bc7aecd80e302e016c2d47f398aba40c0,296,0.39322033898305087,10.056999999999999,0.794829775918473
0x1bf71e6bc7aecd80e302e016c2d47f398aba40c0,296,0.4,9.9,0.794829775918473
0x1bf71e6bc7aecd80e302e016c2d47f398aba40c0,296,0.4067796610169492,9.8,0.8053830251756666
0x1bf71e6bc7aecd80e302e016c2d47f398aba40c0,296,0.4135593220338983,9.8,0.7830276625085466
0x1bf71e6bc7aecd80e302e016c2d47f398aba40c0,296,0.42033898305084744,9.594999999999999,0.8041419747535139
0x1bf71e6bc7aecd80e302e016c2d47f398aba40c0,296,0.4271186440677966,9.487508854901737,0.8146991308759975
0x1bf71e6bc7aecd80e302e016c2d47f398aba40c0,296,0.43389830508474575,9.0,0.8146991308759975
0x1bf71e6bc7aecd80e302e016c2d47f398aba40c0,296,0.4406779661016949,8.599975358212744,0.8146991308759975
0x1bf71e6bc7aecd80e302e016c2d47f398aba40c0,296,0.44745762711864406,8.4962235,0.8146991308759975
0x1bf71e6bc7aecd80e302e016c2d47f398aba40c0,296,0.4542372881355932,7.744156,0.8146991308759975
0x1bf71e6bc7aecd80e302e016c2d47f398aba40c0,296,0.4610169491525424,7.597300000000001,0.8146991308759975
0x1bf71e6bc7aecd80e302e016c2d47f398aba40c0,296,0.46779661016949153,7.547675051761006,0.8146991308759975
0x1bf71e6bc7aecd80e302e016c2d47f398aba40c0,296,0.4745762711864407,7.5,0.7931787574894962
0x1bf71e6bc7aecd80e302e016c2d47f398aba40c0,296,0.48135593220338985,7.494488499999999,0.7931787574894962
0x1bf71e6bc7aecd80e302e016c2d47f398aba40c0,296,0.488135593220339,7.3500000000000005,0.7931787574894962
0x1bf71e6bc7aecd80e302e016c2d47f398aba40c0,296,0.49491525423728816,7.26,0.7989957144158675
0x1bf71e6bc7aecd80e302e016c2d47f398aba40c0,296,0.5016949152542373,7.0,0.7989957144158675
0x1bf71e6bc7aecd80e302e016c2d47f398aba40c0,296,0.5084745762711864,6.821569683001127,0.7989957144158675
0x1bf71e6bc7aecd80e302e016c2d47f398aba40c0,296,0.5152542372881356,6.6,0.7989957144158675
0x1bf71e6bc7aecd80e302e016c2d47f398aba40c0,296,0.5220338983050847,6.37,0.7989957144158675
0x1bf71e6bc7aecd80e302e016c2d47f398aba40c0,296,0.5288135593220339,6.2815368,0.7989957144158675
0x1bf71e6bc7aecd80e302e016c2d47f398aba40c0,296,0.535593220338983,6.18,0.812042440781434
0x1bf71e6bc7aecd80e302e016c2d47f398aba40c0,296,0.5423728813559322,6.18,0.8746667273361528
0x1bf71e6bc7aecd80e302e016c2d47f398aba40c0,296,0.5491525423728814,6.152832929782082,0.8746667273361528
0x1bf71e6bc7aecd80e302e016c2d47f398aba40c0,296,0.5559322033898305,6.12,0.8746667273361528
0x1bf71e6bc7aecd80e302e016c2d47f398aba40c0,296,0.5627118644067797,6.12,0.9010291847346169
0x1bf71e6bc7aecd80e302e016c2d47f398aba40c0,296,0.5694915254237288,6.12,0.9010291847346169
0x1bf71e6bc7aecd80e302e016c2d47f398aba40c0,296,0.576271186440678,6.116599320000001,0.8900537943075013
0x1bf71e6bc7aecd80e302e016c2d47f398aba40c0,296,0.5830508474576271,6.11650293,0.8837429448119097
0x1bf71e6bc7aecd80e302e016c2d47f398aba40c0,296,0.5898305084745763,5.860785683001128,0.88374294481191
0x1bf71e6bc7aecd80e302e016c2d47f398aba40c0,296,0.5966101694915255,5.533562260359282,0.8562323754932759
0x1bf71e6bc7aecd80e302e016c2d47f398aba40c0,296,0.6033898305084746,5.3232,0.8562323754932759
0x1bf71e6bc7aecd80e302e016c2d47f398aba40c0,296,0.6101694915254238,5.15,0.8849884191953148
0x1bf71e6bc7aecd80e302e016c2d47f398aba40c0,296,0.6169491525423729,5.15,0.8849884191953148
0x1bf71e6bc7aecd80e302e016c2d47f398aba40c0,296,0.6237288135593221,5.1,0.8849884191953148
0x1bf71e6bc7aecd80e302e016c2d47f398aba40c0,296,0.6305084745762712,5.1,0.8849884191953148
0x1bf71e6bc7aecd80e302e016c2d47f398aba40c0,296,0.6372881355932203,5.1,0.8849884191953148
0x1bf71e6bc7aecd80e302e016c2d47f398aba40c0,296,0.6440677966101694,5.0957491500000005,0.8849884191953148
0x1bf71e6bc7aecd80e302e016c2d47f398aba40c0,296,0.6508474576271186,5.0541,0.8849884191953148
0x1bf71e6bc7aecd80e302e016c2d47f398aba40c0,296,0.6576271186440678,5.0,0.8849884191953148
0x1bf71e6bc7aecd80e302e016c2d47f398aba40c0,296,0.6644067796610169,5.0,0.9387893526615682
0x1bf71e6bc7aecd80e302e016c2d47f398aba40c0,296,0.6711864406779661,5.0,0.9387893526615682
0x1bf71e6bc7aecd80e302e016c2d47f398aba40c0,296,0.6779661016949152,5.0,0.9387893526615684
0x1bf71e6bc7aecd80e302e016c2d47f398aba40c0,296,0.6847457627118644,5.0,0.884988419195315
0x1bf71e6bc7aecd80e302e016c2d47f398aba40c0,296,0.6915254237288135,4.997199999999999,0.884988419195315
0x1bf71e6bc7aecd80e302e016c2d47f398aba40c0,296,0.6983050847457627,4.928001027976661,0.884988419195315
0x1bf71e6bc7aecd80e302e016c2d47f398aba40c0,296,0.7050847457627119,4.779324268692167,0.884988419195315
0x1bf71e6bc7aecd80e302e016c2d47f398aba40c0,296,0.711864406779661,4.244489,0.884988419195315
0x1bf71e6bc7aecd80e302e016c2d47f398aba40c0,296,0.7186440677966102,3.950979,0.9247795788267692
0x1bf71e6bc7aecd80e302e016c2d47f398aba40c0,296,0.7254237288135593,3.9054,0.9247795788267692
0x1bf71e6bc7aecd80e302e016c2d47f398aba40c0,296,0.7322033898305085,3.692448,0.9247795788267692
0x1bf71e6bc7aecd80e302e016c2d47f398aba40c0,296,0.7389830508474576,3.6787206690808616,0.9247795788267692
0x1bf71e6bc7aecd80e302e016c2d47f398aba40c0,296,0.7457627118644068,3.244897,0.9247795788267692
0x1bf71e6bc7aecd80e302e016c2d47f398aba40c0,296,0.752542372881356,3.12,0.9247795788267692
0x1bf71e6bc7aecd80e302e016c2d47f398aba40c0,296,0.7593220338983051,3.12,0.9247795788267692
0x1bf71e6bc7aecd80e302e016c2d47f398aba40c0,296,0.7661016949152543,3.12,0.9247795788267691
0x1bf71e6bc7aecd80e302e016c2d47f398aba40c0,296,0.7728813559322034,3.12,0.9438896703939822
0x1bf71e6bc7aecd80e302e016c2d47f398aba40c0,296,0.7796610169491526,3.12,0.9438896703939822
0x1bf71e6bc7aecd80e302e016c2d47f398aba40c0,296,0.7864406779661017,3.12,0.9438896703939822
0x1bf71e6bc7aecd80e302e016c2d47f398aba40c0,296,0.7932203389830509,3.12,0.9438896703939822
0x1bf71e6bc7aecd80e302e016c2d47f398aba40c0,296,0.8,3.12,0.9748790080705442
0x1bf71e6bc7aecd80e302e016c2d47f398aba40c0,296,0.8067796610169492,3.12,1.005868345747106
0x1bf71e6bc7aecd80e302e016c2d47f398aba40c0,296,0.8135593220338984,3.12,1.005868345747106
0x1bf71e6bc7aecd80e302e016c2d47f398aba40c0,296,0.8203389830508474,3.12,1.0368576834236678
0x1bf71e6bc7aecd80e302e016c2d47f398aba40c0,296,0.8271186440677966,3.1182658,1.0368576834236678
0x1bf71e6bc7aecd80e302e016c2d47f398aba40c0,296,0.8338983050847457,3.1165326400000004,1.0368576834236678
0x1bf71e6bc7aecd80e302e016c2d47f398aba40c0,296,0.8406779661016949,3.0333330000000003,1.0042184540408696
0x1bf71e6bc7aecd80e302e016c2d47f398aba40c0,296,0.847457627118644,2.6541660000000005,1.0042184540408696
0x1bf71e6bc7aecd80e302e016c2d47f398aba40c0,296,0.8542372881355932,2.6,1.0149698480873628
0x1bf71e6bc7aecd80e302e016c2d47f398aba40c0,296,0.8610169491525423,2.6,1.0149698480873628
0x1bf71e6bc7aecd80e302e016c2d47f398aba40c0,296,0.8677966101694915,2.6,1.0149698480873628
0x1bf71e6bc7aecd80e302e016c2d47f398aba40c0,296,0.8745762711864407,2.6,0.9590168772824595
0x1bf71e6bc7aecd80e302e016c2d47f398aba40c0,296,0.8813559322033898,2.6,0.9568648399438096
0x1bf71e6bc7aecd80e302e016c2d47f398aba40c0,296,0.888135593220339,2.6,1.008513736071413
0x1bf71e6bc7aecd80e302e016c2d47f398aba40c0,296,0.8949152542372881,2.6,1.0343381841352146
0x1bf71e6bc7aecd80e302e016c2d47f398aba40c0,296,0.9016949152542373,2.6,1.0343381841352146
0x1bf71e6bc7aecd80e302e016c2d47f398aba40c0,296,0.9084745762711864,2.5956658000000004,1.0343381841352146
0x1bf71e6bc7aecd80e302e016c2d47f398aba40c0,296,0.9152542372881356,2.4916660000000004,1.0343381841352146
0x1bf71e6bc7aecd80e302e016c2d47f398aba40c0,296,0.9220338983050848,2.166666,1.010503391432675
0x1bf71e6bc7aecd80e302e016c2d47f398aba40c0,296,0.9288135593220339,2.1666659999999998,1.0218403096949744
0x1bf71e6bc7aecd80e302e016c2d47f398aba40c0,296,0.9355932203389831,1.9448,1.0218403096949744
0x1bf71e6bc7aecd80e302e016c2d47f398aba40c0,296,0.9423728813559322,1.6710409999999998,1.0218403096949744
0x1bf71e6bc7aecd80e302e016c2d47f398aba40c0,296,0.9491525423728814,1.4339,1.0218403096949746
0x1bf71e6bc7aecd80e302e016c2d47f398aba40c0,296,0.9559322033898305,1.2055330406080258,1.0218403096949746
0x1bf71e6bc7aecd80e302e016c2d47f398aba40c0,296,0.9627118644067797,1.191666,1.0218403096949746
0x1bf71e6bc7aecd80e302e016c2d47f398aba40c0,296,0.9694915254237289,1.0972,1.0218403096949746
0x1bf71e6bc7aecd80e302e016c2d47f398aba40c0,296,0.976271186440678,1.0833329999999999,1.0218403096949746
0x1bf71e6bc7aecd80e302e016c2d47f398aba40c0,296,0.9830508474576272,1.0833329999999999,1.0
0x1bf71e6bc7aecd80e302e016c2d47f398aba40c0,296,0.9898305084745763,0.65,1.0
0x1bf71e6bc7aecd80e302e016c2d47f398aba40c0,296,0.9966101694915255,0.5395000000000001,1.0
0x1bf71e6bc7aecd80e302e016c2d47f398aba40c0,296,1.0,0.1222,1.0
0x2c576d00e8e76c133e33dbb82b70eb5de78f372d,1168,0.0,976.2081623500001,0.009794829331189577
0x2c576d00e8e76c133e33dbb82b70eb5de78f372d,1168,0.009425878320479864,603.5156331,0.06392651201955507
0x2c576d00e8e76c133e33dbb82b70eb5de78f372d,1168,0.018851756640959727,520.6114547100001,0.06686618739508492
0x2c576d00e8e76c133e33dbb82b70eb5de78f372d,1168,0.028277634961439587,490.9608330999999,0.05608956427303966
0x2c576d00e8e76c133e33dbb82b70eb5de78f372d,1168,0.037703513281919454,421.3702000000001,-0.0036843050746849276
0x2c576d00e8e76c133e33dbb82b70eb5de78f372d,1168,0.04712939160239932,341.8189814,0.020204868492236676
0x2c576d00e8e76c133e33dbb82b70eb5de78f372d,1168,0.056555269922879174,268.16015280000005,0.04493300349927896
0x2c576d00e8e76c133e33dbb82b70eb5de78f372d,1168,0.06598114824335904,226.604,0.08398659187406025
0x2c576d00e8e76c133e33dbb82b70eb5de78f372d,1168,0.07540702656383891,197.34751958999996,0.07970675336664536
0x2c576d00e8e76c133e33dbb82b70eb5de78f372d,1168,0.08483290488431877,181.30376631,0.1084156783496462
0x2c576d00e8e76c133e33dbb82b70eb5de78f372d,1168,0.09425878320479864,167.99614119296487,0.16716401638786701
0x2c576d00e8e76c133e33dbb82b70eb5de78f372d,1168,0.1036846615252785,153.26690000000002,0.207214798444767
0x2c576d00e8e76c133e33dbb82b70eb5de78f372d,1168,0.11311053984575835,135.44637767999998,0.2153930550167872
0x2c576d00e8e76c133e33dbb82b70eb5de78f372d,1168,0.12253641816623821,128.59130895,0.2200839012988042
0x2c576d00e8e76c133e33dbb82b70eb5de78f372d,1168,0.1319622964867181,115.28936013999999,0.18323592637917296
0x2c576d00e8e76c133e33dbb82b70eb5de78f372d,1168,0.14138817480719795,111.71327232000003,0.19257146209808024
0x2c576d00e8e76c133e33dbb82b70eb5de78f372d,1168,0.15081405312767782,108.75237552,0.21189774265582825
0x2c576d00e8e76c133e33dbb82b70eb5de78f372d,1168,0.16023993144815768,105.55237552000001,0.23777688331523464
0x2c576d00e8e76c133e33dbb82b70eb5de78f372d,1168,0.16966580976863754,100.75237552,0.23777688331523508
0x2c576d00e8e76c133e33dbb82b70eb5de78f372d,1168,0.1790916880891174,95.82562657,0.2310550285985062
0x2c576d00e8e76c133e33dbb82b70eb5de78f372d,1168,0.18851756640959727,91.49657223000004,0.2569571950250926
0x2c576d00e8e76c133e33dbb82b70eb5de78f372d,1168,0.19794344473007713,88.39670309999998,0.2471692614462421
0x2c576d00e8e76c133e33dbb82b70eb5de78f372d,1168,0.207369323050557,86.70248616045144,0.24282139554431392
0x2c576d00e8e76c133e33dbb82b70eb5de78f372d,1168,0.21679520137103683,83.97384705,0.2429705255120082
0x2c576d00e8e76c133e33dbb82b70eb5de78f372d,1168,0.2262210796915167,82.0,0.25982501303216543
0x2c576d00e8e76c133e33dbb82b70eb5de78f372d,1168,0.23564695801199656,79.83522656999999,0.2607453664496816
0x2c576d00e8e76c133e33dbb82b70eb5de78f372d,1168,0.24507283633247642,77.67834705,0.2663469109266466
0x2c576d00e8e76c133e33dbb82b70eb5de78f372d,1168,0.2544987146529563,76.27240477999999,0.26321365387536716
0x2c576d00e8e76c133e33dbb82b70eb5de78f372d,1168,0.2639245929734362,74.90935995537816,0.25946086255258155
0x2c576d00e8e76c133e33dbb82b70eb5de78f372d,1168,0.27335047129391604,73.63306740000002,0.4608427005056547
0x2c576d00e8e76c133e33dbb82b70eb5de78f372d,1168,0.2827763496143959,71.91287232,0.4614493684575529
0x2c576d00e8e76c133e33dbb82b70eb5de78f372d,1168,0.29220222793487577,69.19287232,0.4792376353564546
0x2c576d00e8e76c133e33dbb82b70eb5de78f372d,1168,0.30162810625535563,67.49287232,0.4877012701828313
0x2c576d00e8e76c133e33dbb82b70eb5de78f372d,1168,0.3110539845758355,64.71385511664997,0.5085502193051927
0x2c576d00e8e76c133e33dbb82b70eb5de78f372d,1168,0.32047986289631536,62.0664,0.49703514789349373
0x2c576d00e8e76c133e33dbb82b70eb5de78f372d,1168,0.3299057412167952,59.467972740000015,0.5064615576864007
0x2c576d00e8e76c133e33dbb82b70eb5de78f372d,1168,0.3393316195372751,57.27613652999999,0.5064615576864007
0x2c576d00e8e76c133e33dbb82b70eb5de78f372d,1168,0.34875749785775495,55.97371295999999,0.5229124120613904
0x2c576d00e8e76c133e33dbb82b70eb5de78f372d,1168,0.3581833761782348,52.82867232,0.5249940125850311
0x2c576d00e8e76c133e33dbb82b70eb5de78f372d,1168,0.3676092544987147,51.0664,0.5283269310951001
0x2c576d00e8e76c133e33dbb82b70eb5de78f372d,1168,0.37703513281919454,48.072887800000004,0.5355574636752576
0x2c576d00e8e76c133e33dbb82b70eb5de78f372d,1168,0.3864610111396744,46.197393840000004,0.5444639211749234
0x2c576d00e8e76c133e33dbb82b70eb5de78f372d,1168,0.39588688946015427,43.67739384,0.535591071828532
0x2c576d00e8e76c133e33dbb82b70eb5de78f372d,1168,0.40531276778063413,41.99999999999999,0.5656281165507919
0x2c576d00e8e76c133e33dbb82b70eb5de78f372d,1168,0.414738646101114,40.479600000000005,0.5585985607700427
0x2c576d00e8e76c133e33dbb82b70eb5de78f372d,1168,0.4241645244215938,37.71385559999999,0.5643121484823534
0x2c576d00e8e76c133e33dbb82b70eb5de78f372d,1168,0.43359040274207367,36.87570676469254,0.5745629733346723
0x2c576d00e8e76c133e33dbb82b70eb5de78f372d,1168,0.44301628106255353,35.54774992,0.5564654998189992
0x2c576d00e8e76c133e33dbb82b70eb5de78f372d,1168,0.4524421593830334,34.72399999999999,0.560314881953446
0x2c576d00e8e76c133e33dbb82b70eb5de78f372d,1168,0.46186803770351326,33.12540478,0.5516587687296136
0x2c576d00e8e76c133e33dbb82b70eb5de78f372d,1168,0.4712939160239931,32.062,0.5185397412963332
0x2c576d00e8e76c133e33dbb82b70eb5de78f372d,1168,0.480719794344473,30.893113679999995,0.5157940877029544
0x2c576d00e8e76c133e33dbb82b70eb5de78f372d,1168,0.49014567266495285,30.386400000000002,0.5157940877029544
0x2c576d00e8e76c133e33dbb82b70eb5de78f372d,1168,0.4995715509854327,28.135665000000003,0.4970969799581167
0x2c576d00e8e76c133e33dbb82b70eb5de78f372d,1168,0.5089974293059126,27.0,0.5743274721251349
0x2c576d00e8e76c133e33dbb82b70eb5de78f372d,1168,0.5184233076263924,25.533393840000006,0.5689381993460461
0x2c576d00e8e76c133e33dbb82b70eb5de78f372d,1168,0.5278491859468724,24.45405378,0.5849586197542506
0x2c576d00e8e76c133e33dbb82b70eb5de78f372d,1168,0.5372750642673522,23.31289776,0.6052074628963621
0x2c576d00e8e76c133e33dbb82b70eb5de78f372d,1168,0.5467009425878321,22.576500000000006,0.6375367118048033
0x2c576d00e8e76c133e33dbb82b70eb5de78f372d,1168,0.5561268209083119,21.533824840000005,0.6343496564183593
0x2c576d00e8e76c133e33dbb82b70eb5de78f372d,1168,0.5655526992287918,20.538899999999998,0.6309446493773807
0x2c576d00e8e76c133e33dbb82b70eb5de78f372d,1168,0.5749785775492716,19.92736295,0.6356496933766135
0x2c576d00e8e76c133e33dbb82b70eb5de78f372d,1168,0.5844044558697515,19.1889,0.6336387384994723
0x2c576d00e8e76c133e33dbb82b70eb5de78f372d,1168,0.5938303341902313,18.25325129542884,0.6422792234505768
0x2c576d00e8e76c133e33dbb82b70eb5de78f372d,1168,0.6032562125107113,17.3942,0.6316214987353792
0x2c576d00e8e76c133e33dbb82b70eb5de78f372d,1168,0.6126820908311911,16.5828,0.6526922726540855
0x2c576d00e8e76c133e33dbb82b70eb5de78f372d,1168,0.622107969151671,15.847999999999999,0.6526922726540855
0x2c576d00e8e76c133e33dbb82b70eb5de78f372d,1168,0.6315338474721508,15.266719731999995,0.8208196837340099
0x2c576d00e8e76c133e33dbb82b70eb5de78f372d,1168,0.6409597257926307,14.879999999999999,0.803656077502038
0x2c576d00e8e76c133e33dbb82b70eb5de78f372d,1168,0.6503856041131105,14.344000000000001,0.801791006335289
0x2c576d00e8e76c133e33dbb82b70eb5de78f372d,1168,0.6598114824335904,14.10353408,0.7984782680042622
0x2c576d00e8e76c133e33dbb82b70eb5de78f372d,1168,0.6692373607540703,13.671939732,0.8071214304546739
0x2c576d00e8e76c133e33dbb82b70eb5de78f372d,1168,0.6786632390745502,13.33,0.8253758816841652
0x2c576d00e8e76c133e33dbb82b70eb5de78f372d,1168,0.68808911739503,12.626452588555859,0.8087561395067452
0x2c576d00e8e76c133e33dbb82b70eb5de78f372d,1168,0.6975149957155099,11.689497,0.8021344538690051
0x2c576d00e8e76c133e33dbb82b70eb5de78f372d,1168,0.7069408740359897,11.0684148,0.8079050541336663
0x2c576d00e8e76c133e33dbb82b70eb5de78f372d,1168,0.7163667523564696,10.739999999999995,0.8141809597226142
0x2c576d00e8e76c133e33dbb82b70eb5de78f372d,1168,0.7257926306769494,10.249322160000018,0.8147779276400077
0x2c576d00e8e76c133e33dbb82b70eb5de78f372d,1168,0.7352185089974294,9.868415169226731,0.8739336100745806
0x2c576d00e8e76c133e33dbb82b70eb5de78f372d,1168,0.7446443873179092,9.082799999999999,0.8775185992568361
0x2c576d00e8e76c133e33dbb82b70eb5de78f372d,1168,0.7540702656383891,8.566799999999999,0.8838914790151622
0x2c576d00e8e76c133e33dbb82b70eb5de78f372d,1168,0.7634961439588689,8.1444,0.8816508607762525
0x2c576d00e8e76c133e33dbb82b70eb5de78f372d,1168,0.7729220222793488,7.7949,0.8816508607762525
0x2c576d00e8e76c133e33dbb82b70eb5de78f372d,1168,0.7823479005998286,7.352800000000001,0.9018850411257309
0x2c576d00e8e76c133e33dbb82b70eb5de78f372d,1168,0.7917737789203085,6.6915000000000004,0.9014377671203442
0x2c576d00e8e76c133e33dbb82b70eb5de78f372d,1168,0.8011996572407883,6.137666,0.9034636153921062
0x2c576d00e8e76c133e33dbb82b70eb5de78f372d,1168,0.8106255355612683,5.858757279999997,0.9029603259307467
0x2c576d00e8e76c133e33dbb82b70eb5de78f372d,1168,0.8200514138817481,5.539757473999999,0.9021956186101345
0x2c576d00e8e76c133e33dbb82b70eb5de78f372d,1168,0.829477292202228,5.066712994,0.9003940146958918
0x2c576d00e8e76c133e33dbb82b70eb5de78f372d,1168,0.8389031705227078,4.7705020000000005,0.9003940146958918
0x2c576d00e8e76c133e33dbb82b70eb5de78f372d,1168,0.8483290488431876,4.36722,0.9042732502804628
0x2c576d00e8e76c133e33dbb82b70eb5de78f372d,1168,0.8577549271636675,3.7128000000000023,0.9280520353223708
0x2c576d00e8e76c133e33dbb82b70eb5de78f372d,1168,0.8671808054841473,3.211,0.9339182270809073
0x2c576d00e8e76c133e33dbb82b70eb5de78f372d,1168,0.8766066838046273,2.7136699939999995,0.9358291384013051
0x2c576d00e8e76c133e33dbb82b70eb5de78f372d,1168,0.8860325621251071,2.35405378,0.9425162512109746
0x2c576d00e8e76c133e33dbb82b70eb5de78f372d,1168,0.895458440445587,1.8897999999999997,1.003281817850204
0x2c576d00e8e76c133e33dbb82b70eb5de78f372d,1168,0.9048843187660668,1.591951,1.003281817850204
0x2c576d00e8e76c133e33dbb82b70eb5de78f372d,1168,0.9143101970865467,1.3880000000000001,1.0016935780177354
0x2c576d00e8e76c133e33dbb82b70eb5de78f372d,1168,0.9237360754070265,1.063680020356632,1.0016935780177354
0x2c576d00e8e76c133e33dbb82b70eb5de78f372d,1168,0.9331619537275064,0.9121341000000002,1.0015584732191656
0x2c576d00e8e76c133e33dbb82b70eb5de78f372d,1168,0.9425878320479862,0.7904,1.0005782027396426
0x2c576d00e8e76c133e33dbb82b70eb5de78f372d,1168,0.9520137103684662,0.6460680417304235,1.0005782027396426
0x2c576d00e8e76c133e33dbb82b70eb5de78f372d,1168,0.961439588688946,0.5104,0.9999984181235242
0x2c576d00e8e76c133e33dbb82b70eb5de78f372d,1168,0.9708654670094259,0.37,0.9994712140956181
0x2c576d00e8e76c133e33dbb82b70eb5de78f372d,1168,0.9802913453299057,0.2223,0.999471214095618
0x2c576d00e8e76c133e33dbb82b70eb5de78f372d,1168,0.9897172236503856,0.118,1.0000000000000007
0x2c576d00e8e76c133e33dbb82b70eb5de78f372d,1168,0.9991431019708654,6.288303211476886e-16,1.0000000000000007
0x2c576d00e8e76c133e33dbb82b70eb5de78f372d,1168,1.0,1.5631940186722218e-16,1.0000000000000007
0x3be578df57b561105d8f6578c1e1f2d0c079bc8b,185,0.0,256.00370498,0.03355834824327854
0x3be578df57b561105d8f6578c1e1f2d0c079bc8b,185,0.005434782608695652,210.46006058384998,0.09334813869671979
0x3be578df57b561105d8f6578c1e1f2d0c079bc8b,185,0.010869565217391304,207.5753492985327,0.10454997864462066
0x3be578df57b561105d8f6578c1e1f2d0c079bc8b,185,0.016304347826086956,138.21071586521316,0.12737625608361713
0x3be578df57b561105d8f6578c1e1f2d0c079bc8b,185,0.021739130434782608,136.226759431,0.12737625608361758
0x3be578df57b561105d8f6578c1e1f2d0c079bc8b,185,0.02717391304347826,114.26591627052365,0.12737625608361758
0x3be578df57b561105d8f6578c1e1f2d0c079bc8b,185,0.03260869565217391,113.16853947500002,0.1817407827980276
0x3be578df57b561105d8f6578c1e1f2d0c079bc8b,185,0.03804347826086957,112.20000000000002,0.19461767965909996
0x3be578df57b561105d8f6578c1e1f2d0c079bc8b,185,0.043478260869565216,111.90559791599999,0.19461767965909996
0x3be578df57b561105d8f6578c1e1f2d0c079bc8b,185,0.04891304347826087,111.76994908312922,0.19461767965909996
0x3be578df57b561105d8f6578c1e1f2d0c079bc8b,185,0.05434782608695652,103.425,0.19461767965909996
0x3be578df57b561105d8f6578c1e1f2d0c079bc8b,185,0.059782608695652176,98.67369252255212,0.19461767965909996
0x3be578df57b561105d8f6578c1e1f2d0c079bc8b,185,0.06521739130434782,98.5,0.2025089252485069
0x3be578df57b561105d8f6578c1e1f2d0c079bc8b,185,0.07065217391304347,95.99314175999999,0.20250892524850692
0x3be578df57b561105d8f6578c1e1f2d0c079bc8b,185,0.07608695652173914,78.0,0.20250892524850692
0x3be578df57b561105d8f6578c1e1f2d0c079bc8b,185,0.08152173913043478,76.8,0.20723766055633486
0x3be578df57b561105d8f6578c1e1f2d0c079bc8b,185,0.08695652173913043,75.6613538455029,0.2110875749418485
0x3be578df57b561105d8f6578c1e1f2d0c079bc8b,185,0.09239130434782608,64.36371744,0.21242990887157961
0x3be578df57b561105d8f6578c1e1f2d0c079bc8b,185,0.09782608695652174,59.46,0.21749889722010893
0x3be578df57b561105d8f6578c1e1f2d0c079bc8b,185,0.10326086956521739,56.99321319999999,0.22868501330120175
0x3be578df57b561105d8f6578c1e1f2d0c079bc8b,185,0.10869565217391304,54.871037312000006,0.2649280294039426
0x3be578df57b561105d8f6578c1e1f2d0c079bc8b,185,0.11413043478260869,52.48371744000001,0.2654873352079973
0x3be578df57b561105d8f6578c1e1f2d0c079bc8b,185,0.11956521739130435,52.25,0.29345262541072936
0x3be578df57b561105d8f6578c1e1f2d0c079bc8b,185,0.125,52.17545,0.2947765022489267
0x3be578df57b561105d8f6578c1e1f2d0c079bc8b,185,0.13043478260869565,49.306849742,0.3026067835056917
0x3be578df57b561105d8f6578c1e1f2d0c079bc8b,185,0.1358695652173913,49.05,0.3050594513176321
0x3be578df57b561105d8f6578c1e1f2d0c079bc8b,185,0.14130434782608695,48.5,0.3050594513176321
0x3be578df57b561105d8f6578c1e1f2d0c079bc8b,185,0.14673913043478262,47.533717440000004,0.3059543406041196
0x3be578df57b561105d8f6578c1e1f2d0c079bc8b,185,0.15217391304347827,44.4038,0.3106525093581786
0x3be578df57b561105d8f6578c1e1f2d0c079bc8b,185,0.15760869565217392,41.240568599999996,0.310730812168996
0x3be578df57b561105d8f6578c1e1f2d0c079bc8b,185,0.16304347826086957,38.8,0.3241541514663075
0x3be578df57b561105d8f6578c1e1f2d0c079bc8b,185,0.16847826086956522,37.729260000000004,0.3241541514663075
0x3be578df57b561105d8f6578c1e1f2d0c079bc8b,185,0.17391304347826086,37.212887,0.3241541514663076
0x3be578df57b561105d8f6578c1e1f2d0c079bc8b,185,0.1793478260869565,34.39385616,0.34092661397803853
0x3be578df57b561105d8f6578c1e1f2d0c079bc8b,185,0.18478260869565216,34.110654532,0.34725739637413305
0x3be578df57b561105d8f6578c1e1f2d0c079bc8b,185,0.19021739130434784,30.82660873305081,0.35732891666278976
0x3be578df57b561105d8f6578c1e1f2d0c079bc8b,185,0.1956521739130435,29.753601076000002,0.35732891666278976
0x3be578df57b561105d8f6578c1e1f2d0c079bc8b,185,0.20108695652173914,29.49,0.35732891666278976
0x3be578df57b561105d8f6578c1e1f2d0c079bc8b,185,0.20652173913043478,29.4,0.3640405863114455
0x3be578df57b561105d8f6578c1e1f2d0c079bc8b,185,0.21195652173913043,29.033845455999998,0.3640405863114455
0x3be578df57b561105d8f6578c1e1f2d0c079bc8b,185,0.21739130434782608,26.73,0.3762334528398367
0x3be578df57b561105d8f6578c1e1f2d0c079bc8b,185,0.22282608695652173,25.928572450000733,0.3762334528398367
0x3be578df57b561105d8f6578c1e1f2d0c079bc8b,185,0.22826086956521738,25.603672053435115,0.3762334528398367
0x3be578df57b561105d8f6578c1e1f2d0c079bc8b,185,0.23369565217391305,24.624256159999998,0.3930059153515676
0x3be578df57b561105d8f6578c1e1f2d0c079bc8b,185,0.2391304347826087,24.290645456000004,0.3930059153515676
0x3be578df57b561105d8f6578c1e1f2d0c079bc8b,185,0.24456521739130435,21.214287450000732,0.3930059153515676
0x3be578df57b561105d8f6578c1e1f2d0c079bc8b,185,0.25,20.78026131,0.4003820402954402
0x3be578df57b561105d8f6578c1e1f2d0c079bc8b,185,0.2554347826086957,19.22,0.40910721083869267
0x3be578df57b561105d8f6578c1e1f2d0c079bc8b,185,0.2608695652173913,19.19389632,0.40910721083869267
0x3be578df57b561105d8f6578c1e1f2d0c079bc8b,185,0.266304347826087,18.999999999999996,0.40910721083869267
0x3be578df57b561105d8f6578c1e1f2d0c079bc8b,185,0.2717391304347826,18.2,0.40910721083869267
0x3be578df57b561105d8f6578c1e1f2d0c079bc8b,185,0.27717391304347827,18.2,0.40910721083869267
0x3be578df57b561105d8f6578c1e1f2d0c079bc8b,185,0.2826086956521739,18.0,0.40910721083869267
0x3be578df57b561105d8f6578c1e1f2d0c079bc8b,185,0.28804347826086957,16.8238,0.4091072108386929
0x3be578df57b561105d8f6578c1e1f2d0c079bc8b,185,0.29347826086956524,12.019661869158421,0.4192273474514471
0x3be578df57b561105d8f6578c1e1f2d0c079bc8b,185,0.29891304347826086,11.79,0.4192273474514471
0x3be578df57b561105d8f6578c1e1f2d0c079bc8b,185,0.30434782608695654,10.261260000000002,0.4192273474514471
0x3be578df57b561105d8f6578c1e1f2d0c079bc8b,185,0.30978260869565216,9.152857000000001,0.4358946492261593
0x3be578df57b561105d8f6578c1e1f2d0c079bc8b,185,0.31521739130434784,9.0,0.4358946492261593
0x3be578df57b561105d8f6578c1e1f2d0c079bc8b,185,0.32065217391304346,8.8,0.33745682771254226
0x3be578df57b561105d8f6578c1e1f2d0c079bc8b,185,0.32608695652173914,8.0,0.35982905987472796
0x3be578df57b561105d8f6578c1e1f2d0c079bc8b,185,0.33152173913043476,7.4,0.35982905987472796
0x3be578df57b561105d8f6578c1e1f2d0c079bc8b,185,0.33695652173913043,7.199999999999999,0.35982905987472796
0x3be578df57b561105d8f6578c1e1f2d0c079bc8b,185,0.3423913043478261,7.029999999999999,0.3598290598747291
0x3be578df57b561105d8f6578c1e1f2d0c079bc8b,185,0.34782608695652173,7.0,0.3598290598747303
0x3be578df57b561105d8f6578c1e1f2d0c079bc8b,185,0.3532608695652174,6.6,0.3598290598747303
0x3be578df57b561105d8f6578c1e1f2d0c079bc8b,185,0.358695652173913,5.402233333333334,0.6473122431588164
0x3be578df57b561105d8f6578c1e1f2d0c079bc8b,185,0.3641304347826087,5.35626,0.6473122431588164
0x3be578df57b561105d8f6578c1e1f2d0c079bc8b,185,0.3695652173913043,4.2,0.7121917164291548
0x3be578df57b561105d8f6578c1e1f2d0c079bc8b,185,0.375,3.9000000000000004,0.7244964441183569
0x3be578df57b561105d8f6578c1e1f2d0c079bc8b,185,0.3804347826086957,3.768,0.7159055069680776
0x3be578df57b561105d8f6578c1e1f2d0c079bc8b,185,0.3858695652173913,3.600000000000001,0.6957704980221106
0x3be578df57b561105d8f6578c1e1f2d0c079bc8b,185,0.391304347826087,3.51645,0.6957704980221108
0x3be578df57b561105d8f6578c1e1f2d0c079bc8b,185,0.3967391304347826,3.4991249999999994,0.6566288795898567
0x3be578df57b561105d8f6578c1e1f2d0c079bc8b,185,0.40217391304347827,3.1,0.6454628985177099
0x3be578df57b561105d8f6578c1e1f2d0c079bc8b,185,0.4076086956521739,2.8958999999999997,0.6454628985177099
0x3be578df57b561105d8f6578c1e1f2d0c079bc8b,185,0.41304347826086957,2.8000000000000003,0.61414177349065
0x3be578df57b561105d8f6578c1e1f2d0c079bc8b,185,0.41847826086956524,2.7,0.5839392600716993
0x3be578df57b561105d8f6578c1e1f2d0c079bc8b,185,0.42391304347826086,2.5,0.5559739698689672
0x3be578df57b561105d8f6578c1e1f2d0c079bc8b,185,0.42934782608695654,2.3991,0.6544117913825842
0x3be578df57b561105d8f6578c1e1f2d0c079bc8b,185,0.43478260869565216,2.2,0.6544117913825842
0x3be578df57b561105d8f6578c1e1f2d0c079bc8b,185,0.44021739130434784,2.1018,0.6544117913825842
0x3be578df57b561105d8f6578c1e1f2d0c079bc8b,185,0.44565217391304346,2.0763000000000003,0.714022605536243
0x3be578df57b561105d8f6578c1e1f2d0c079bc8b,185,0.45108695652173914,1.9985,0.714022605536243
0x3be578df57b561105d8f6578c1e1f2d0c079bc8b,185,0.45652173913043476,1.8000000000000005,0.6938875965902759
0x3be578df57b561105d8f6578c1e1f2d0c079bc8b,185,0.46195652173913043,1.8000000000000003,0.6938875965902759
0x3be578df57b561105d8f6578c1e1f2d0c079bc8b,185,0.4673913043478261,1.7999999999999998,0.6938875965902759
0x3be578df57b561105d8f6578c1e1f2d0c079bc8b,185,0.47282608695652173,1.7568000000000001,0.6938875965902759
0x3be578df57b561105d8f6578c1e1f2d0c079bc8b,185,0.4782608695652174,1.6,0.6938875965902759
0x3be578df57b561105d8f6578c1e1f2d0c079bc8b,185,0.483695652173913,1.52352,0.6768453250184093
0x3be578df57b561105d8f6578c1e1f2d0c079bc8b,185,0.4891304347826087,1.4000000000000001,0.6611847625048795
0x3be578df57b561105d8f6578c1e1f2d0c079bc8b,185,0.4945652173913043,1.4000000000000001,0.8692465216132064
0x3be578df57b561105d8f6578c1e1f2d0c079bc8b,185,0.5,1.2525000000000002,0.8692465216132064
0x3be578df57b561105d8f6578c1e1f2d0c079bc8b,185,0.5054347826086957,1.1205040000000002,0.8692465216132064
0x3be578df57b561105d8f6578c1e1f2d0c079bc8b,185,0.5108695652173914,1.119704992,0.8692465216132064
0x3be578df57b561105d8f6578c1e1f2d0c079bc8b,185,0.5163043478260869,1.0983787100000002,0.8616052857182118
0x3be578df57b561105d8f6578c1e1f2d0c079bc8b,185,0.5217391304347826,1.0,0.8616052857182118
0x3be578df57b561105d8f6578c1e1f2d0c079bc8b,185,0.5271739130434783,0.9198000000000001,0.8616052857182118
0x3be578df57b561105d8f6578c1e1f2d0c079bc8b,185,0.532608695652174,0.8999999999999999,0.8515377812452283
0x3be578df57b561105d8f6578c1e1f2d0c079bc8b,185,0.5380434782608695,0.8999999999999999,0.8414702767722446
0x3be578df57b561105d8f6578c1e1f2d0c079bc8b,185,0.5434782608695652,0.8999999999999999,0.8414702767722446
0x3be578df57b561105d8f6578c1e1f2d0c079bc8b,185,0.5489130434782609,0.8999999999999999,0.9432639331101894
0x3be578df57b561105d8f6578c1e1f2d0c079bc8b,185,0.5543478260869565,0.8999999999999999,0.9432639331101894
0x3be578df57b561105d8f6578c1e1f2d0c079bc8b,185,0.5597826086956522,0.89991,0.9432639331101894
0x3be578df57b561105d8f6578c1e1f2d0c079bc8b,185,0.5652173913043478,0.8,0.9432639331101894
0x3be578df57b561105d8f6578c1e1f2d0c079bc8b,185,0.5706521739130435,0.8,0.9343150402453152
0x3be578df57b561105d8f6578c1e1f2d0c079bc8b,185,0.5760869565217391,0.8,0.9343150402453152
0x3be578df57b561105d8f6578c1e1f2d0c079bc8b,185,0.5815217391304348,0.7884,0.9343150402453152
0x3be578df57b561105d8f6578c1e1f2d0c079bc8b,185,0.5869565217391305,0.7245830000000001,0.9343150402453152
0x3be578df57b561105d8f6578c1e1f2d0c079bc8b,185,0.592391304347826,0.7000000000000001,0.9343150402453152
0x3be578df57b561105d8f6578c1e1f2d0c079bc8b,185,0.5978260869565217,0.6604000000000001,0.9343150402453152
0x3be578df57b561105d8f6578c1e1f2d0c079bc8b,185,0.6032608695652174,0.66,0.926932203631794
0x3be578df57b561105d8f6578c1e1f2d0c079bc8b,185,0.6086956521739131,0.619501954,0.926932203631794
0x3be578df57b561105d8f6578c1e1f2d0c079bc8b,185,0.6141304347826086,0.60111,0.9202081173942882
0x3be578df57b561105d8f6578c1e1f2d0c079bc8b,185,0.6195652173913043,0.519731992,0.9202081173942883
0x3be578df57b561105d8f6578c1e1f2d0c079bc8b,185,0.625,0.49140000000000006,0.9202081173942883
0x3be578df57b561105d8f6578c1e1f2d0c079bc8b,185,0.6304347826086957,0.45912000000000003,0.9202081173942883
0x3be578df57b561105d8f6578c1e1f2d0c079bc8b,185,0.6358695652173914,0.4152789323530626,0.9202081173942883
0x3be578df57b561105d8f6578c1e1f2d0c079bc8b,185,0.6413043478260869,0.41000000000000003,0.9156218098010404
0x3be578df57b561105d8f6578c1e1f2d0c079bc8b,185,0.6467391304347826,0.41000000000000003,0.9110355022077923
0x3be578df57b561105d8f6578c1e1f2d0c079bc8b,185,0.6521739130434783,0.4,0.9069771792935717
0x3be578df57b561105d8f6578c1e1f2d0c079bc8b,185,0.657608695652174,0.4,0.9025027328611346
0x3be578df57b561105d8f6578c1e1f2d0c079bc8b,185,0.6630434782608695,0.4,0.9025027328611346
0x3be578df57b561105d8f6578c1e1f2d0c079bc8b,185,0.6684782608695652,0.4,0.9025027328611346
0x3be578df57b561105d8f6578c1e1f2d0c079bc8b,185,0.6739130434782609,0.3891722337962358,0.9025027328611346
0x3be578df57b561105d8f6578c1e1f2d0c079bc8b,185,0.6793478260869565,0.38711999999999996,0.9025027328611346
0x3be578df57b561105d8f6578c1e1f2d0c079bc8b,185,0.6847826086956522,0.357180977,0.9025027328611346
0x3be578df57b561105d8f6578c1e1f2d0c079bc8b,185,0.6902173913043478,0.349868995,0.9025027328611346
0x3be578df57b561105d8f6578c1e1f2d0c079bc8b,185,0.6956521739130435,0.33,0.9025027328611346
0x3be578df57b561105d8f6578c1e1f2d0c079bc8b,185,0.7010869565217391,0.33,0.9025027328611346
0x3be578df57b561105d8f6578c1e1f2d0c079bc8b,185,0.7065217391304348,0.32,0.9017044916175878
0x3be578df57b561105d8f6578c1e1f2d0c079bc8b,185,0.7119565217391305,0.310146692,0.9017044916175878
0x3be578df57b561105d8f6578c1e1f2d0c079bc8b,185,0.717391304347826,0.31,0.9013577220190738
0x3be578df57b561105d8f6578c1e1f2d0c079bc8b,185,0.7228260869565217,0.3,0.9013577220190738
0x3be578df57b561105d8f6578c1e1f2d0c079bc8b,185,0.7282608695652174,0.279,0.898236795632449
0x3be578df57b561105d8f6578c1e1f2d0c079bc8b,185,0.7336956521739131,0.25,0.8954402666121758
0x3be578df57b561105d8f6578c1e1f2d0c079bc8b,185,0.7391304347826086,0.24864,0.8926589507097729
0x3be578df57b561105d8f6578c1e1f2d0c079bc8b,185,0.7445652173913043,0.24719000000000002,0.8926589507097729
0x3be578df57b561105d8f6578c1e1f2d0c079bc8b,185,0.75,0.24,0.8913166167800417
0x3be578df57b561105d8f6578c1e1f2d0c079bc8b,185,0.7554347826086957,0.21999999999999997,0.8895939549035534
0x3be578df57b561105d8f6578c1e1f2d0c079bc8b,185,0.7608695652173914,0.21999999999999997,0.8895939549035534
0x3be578df57b561105d8f6578c1e1f2d0c079bc8b,185,0.7663043478260869,0.21999999999999997,0.887133009365713
0x3be578df57b561105d8f6578c1e1f2d0c079bc8b,185,0.7717391304347826,0.21,0.887133009365713
0x3be578df57b561105d8f6578c1e1f2d0c079bc8b,185,0.7771739130434783,0.18,0.8851195084711162
0x3be578df57b561105d8f6578c1e1f2d0c079bc8b,185,0.782608695652174,0.18,0.8851195084711162
0x3be578df57b561105d8f6578c1e1f2d0c079bc8b,185,0.7880434782608695,0.172750325,0.8847725151502808
0x3be578df57b561105d8f6578c1e1f2d0c079bc8b,185,0.7934782608695652,0.15,0.8847725151502808
0x3be578df57b561105d8f6578c1e1f2d0c079bc8b,185,0.7989130434782609,0.15,0.8847725151502808
0x3be578df57b561105d8f6578c1e1f2d0c079bc8b,185,0.8043478260869565,0.14997300000000002,0.8847725151502808
0x3be578df57b561105d8f6578c1e1f2d0c079bc8b,185,0.8097826086956522,0.14173032500000002,0.883889035702196
0x3be578df57b561105d8f6578c1e1f2d0c079bc8b,185,0.8152173913043478,0.141513,0.883889035702196
0x3be578df57b561105d8f6578c1e1f2d0c079bc8b,185,0.8206521739130435,0.136363,0.883889035702196
0x3be578df57b561105d8f6578c1e1f2d0c079bc8b,185,0.8260869565217391,0.135495,0.883889035702196
0x3be578df57b561105d8f6578c1e1f2d0c079bc8b,185,0.8315217391304348,0.12359500000000001,0.8825064876851534
0x3be578df57b561105d8f6578c1e1f2d0c079bc8b,185,0.8369565217391305,0.12045,0.8825064876851534
0x3be578df57b561105d8f6578c1e1f2d0c079bc8b,185,0.842391304347826,0.12,0.8825064876851534
0x3be578df57b561105d8f6578c1e1f2d0c079bc8b,185,0.8478260869565217,0.12,0.8813406706671819
0x3be578df57b561105d8f6578c1e1f2d0c079bc8b,185,0.8532608695652174,0.11999520000000001,0.8813406706671819
0x3be578df57b561105d8f6578c1e1f2d0c079bc8b,185,0.8586956521739131,0.1166210608449689,0.8813406706671819
0x3be578df57b561105d8f6578c1e1f2d0c079bc8b,185,0.8641304347826086,0.11392858453473133,0.8806849707435557
0x3be578df57b561105d8f6578c1e1f2d0c079bc8b,185,0.8695652173913043,0.10999999999999999,0.9913156587855638
0x3be578df57b561105d8f6578c1e1f2d0c079bc8b,185,0.875,0.099984,0.9911870184506313
0x3be578df57b561105d8f6578c1e1f2d0c079bc8b,185,0.8804347826086957,0.09648,0.9911870184506313
0x3be578df57b561105d8f6578c1e1f2d0c079bc8b,185,0.8858695652173914,0.09,0.9911870184506313
0x3be578df57b561105d8f6578c1e1f2d0c079bc8b,185,0.8913043478260869,0.088484,0.990197226155312
0x3be578df57b561105d8f6578c1e1f2d0c079bc8b,185,0.8967391304347826,0.08463,0.990197226155312
0x3be578df57b561105d8f6578c1e1f2d0c079bc8b,185,0.9021739130434783,0.08,0.990197226155312
0x3be578df57b561105d8f6578c1e1f2d0c079bc8b,185,0.907608695652174,0.07996299999999999,0.9897591778495765
0x3be578df57b561105d8f6578c1e1f2d0c079bc8b,185,0.9130434782608695,0.07248,0.9897591778495765
0x3be578df57b561105d8f6578c1e1f2d0c079bc8b,185,0.9184782608695652,0.066,0.9897591778495765
0x3be578df57b561105d8f6578c1e1f2d0c079bc8b,185,0.9239130434782609,0.06,0.9894065914655799
0x3be578df57b561105d8f6578c1e1f2d0c079bc8b,185,0.9293478260869565,0.06,0.9894065914655799
0x3be578df57b561105d8f6578c1e1f2d0c079bc8b,185,0.9347826086956522,0.058440000000000006,0.9894065914655799
0x3be578df57b561105d8f6578c1e1f2d0c079bc8b,185,0.9402173913043478,0.05748,0.9894065914655799
0x3be578df57b561105d8f6578c1e1f2d0c079bc8b,185,0.9456521739130435,0.05485199999999999,1.000592640429976
0x3be578df57b561105d8f6578c1e1f2d0c079bc8b,185,0.9510869565217391,0.04524000000000001,1.000592640429976
0x3be578df57b561105d8f6578c1e1f2d0c079bc8b,185,0.9565217391304348,0.040803,1.000592640429976
0x3be578df57b561105d8f6578c1e1f2d0c079bc8b,185,0.9619565217391305,0.040530000000000004,1.000592640429976
0x3be578df57b561105d8f6578c1e1f2d0c079bc8b,185,0.967391304347826,0.038700000000000005,1.000592640429976
0x3be578df57b561105d8f6578c1e1f2d0c079bc8b,185,0.9728260869565217,0.037200000000000004,1.0001765169117596
0x3be578df57b561105d8f6578c1e1f2d0c079bc8b,185,0.9782608695652174,0.036269,1.0001765169117596
0x3be578df57b561105d8f6578c1e1f2d0c079bc8b,185,0.9836956521739131,0.028440000000000003,1.0001765169117596
0x3be578df57b561105d8f6578c1e1f2d0c079bc8b,185,0.9891304347826086,0.021545,1.0001765169117596
0x3be578df57b561105d8f6578c1e1f2d0c079bc8b,185,0.9945652173913043,0.01578,0.9999999999999999
0x3be578df57b561105d8f6578c1e1f2d0c079bc8b,185,1.0,1.332267629550189e-16,0.9999999999999999
0x3dd3035809b0969b8d14dcbf2be8b3e7324dccac,996,0.0,1286.689,0.0
0x3dd3035809b0969b8d14dcbf2be8b3e7324dccac,996,0.009045226130653266,1066.824,0.1068097665689291
0x3dd3035809b0969b8d14dcbf2be8b3e7324dccac,996,0.018090452261306532,862.8817000000001,0.11615421003865749
0x3dd3035809b0969b8d14dcbf2be8b3e7324dccac,996,0.027135678391959798,579.0207,0.1427443232119613
0x3dd3035809b0969b8d14dcbf2be8b3e7324dccac,996,0.036180904522613064,447.408,0.23867880826901447
0x3dd3035809b0969b8d14dcbf2be8b3e7324dccac,996,0.04522613065326633,301.175498,0.3007623398682515
0x3dd3035809b0969b8d14dcbf2be8b3e7324dccac,996,0.054271356783919596,265.76502,0.37542158758153105
0x3dd3035809b0969b8d14dcbf2be8b3e7324dccac,996,0.06331658291457286,217.23,0.3514052564942979
0x3dd3035809b0969b8d14dcbf2be8b3e7324dccac,996,0.07236180904522613,191.43,0.525341673518861
0x3dd3035809b0969b8d14dcbf2be8b3e7324dccac,996,0.0814070351758794,173.41901863636366,0.6163359306389646
0x3dd3035809b0969b8d14dcbf2be8b3e7324dccac,996,0.09045226130653267,156.87112679,0.7662090501419153
0x3dd3035809b0969b8d14dcbf2be8b3e7324dccac,996,0.09949748743718594,148.9353075,0.803853616514702
0x3dd3035809b0969b8d14dcbf2be8b3e7324dccac,996,0.10854271356783919,136.76670000000001,0.6939324811059393
0x3dd3035809b0969b8d14dcbf2be8b3e7324dccac,996,0.11758793969849246,120.67595774999998,0.6975088734045812
0x3dd3035809b0969b8d14dcbf2be8b3e7324dccac,996,0.12663316582914572,111.636,0.7968114370477294
0x3dd3035809b0969b8d14dcbf2be8b3e7324dccac,996,0.135678391959799,101.4213,0.7939886226894858
0x3dd3035809b0969b8d14dcbf2be8b3e7324dccac,996,0.14472361809045226,83.51900163865471,0.8642691899303078
0x3dd3035809b0969b8d14dcbf2be8b3e7324dccac,996,0.15376884422110554,70.33095810770341,0.888280019086821
0x3dd3035809b0969b8d14dcbf2be8b3e7324dccac,996,0.1628140703517588,66.3718445,0.9718568839266103
0x3dd3035809b0969b8d14dcbf2be8b3e7324dccac,996,0.17185929648241205,61.32962086311052,1.3115355710978949
0x3dd3035809b0969b8d14dcbf2be8b3e7324dccac,996,0.18090452261306533,51.68364450181264,1.3470844886270255
0x3dd3035809b0969b8d14dcbf2be8b3e7324dccac,996,0.1899497487437186,49.522042718446606,1.3843510943965818
0x3dd3035809b0969b8d14dcbf2be8b3e7324dccac,996,0.19899497487437187,38.064600000000006,1.3687530205069585
0x3dd3035809b0969b8d14dcbf2be8b3e7324dccac,996,0.20804020100502513,33.882,1.3479853207278907
0x3dd3035809b0969b8d14dcbf2be8b3e7324dccac,996,0.21708542713567838,31.771827,1.3372620713666015
0x3dd3035809b0969b8d14dcbf2be8b3e7324dccac,996,0.22613065326633167,27.889996999999994,1.302076465203425
0x3dd3035809b0969b8d14dcbf2be8b3e7324dccac,996,0.23517587939698492,25.772768789808914,1.2714945522249619
0x3dd3035809b0969b8d14dcbf2be8b3e7324dccac,996,0.2442211055276382,23.97445625,1.1909675714829056
0x3dd3035809b0969b8d14dcbf2be8b3e7324dccac,996,0.25326633165829143,21.324,1.1626165775795754
0x3dd3035809b0969b8d14dcbf2be8b3e7324dccac,996,0.2623115577889447,19.22,1.1536042692223494
0x3dd3035809b0969b8d14dcbf2be8b3e7324dccac,996,0.271356783919598,17.882,1.1478138961001674
0x3dd3035809b0969b8d14dcbf2be8b3e7324dccac,996,0.2804020100502513,17.295502140000004,1.105388275552279
0x3dd3035809b0969b8d14dcbf2be8b3e7324dccac,996,0.2894472361809045,16.8,1.1008618263286851
0x3dd3035809b0969b8d14dcbf2be8b3e7324dccac,996,0.2984924623115578,16.060550611246942,1.1032788664825952
0x3dd3035809b0969b8d14dcbf2be8b3e7324dccac,996,0.3075376884422111,15.621353999999998,1.091918587271594
0x3dd3035809b0969b8d14dcbf2be8b3e7324dccac,996,0.3165829145728643,14.6184,1.0818829735691395
0x3dd3035809b0969b8d14dcbf2be8b3e7324dccac,996,0.3256281407035176,13.2,1.0661686234157903
0x3dd3035809b0969b8d14dcbf2be8b3e7324dccac,996,0.33467336683417087,11.525,1.0531716761903016
0x3dd3035809b0969b8d14dcbf2be8b3e7324dccac,996,0.3437185929648241,10.183672,1.0470177463947237
0x3dd3035809b0969b8d14dcbf2be8b3e7324dccac,996,0.3527638190954774,9.347999999999999,1.0372668857766363
0x3dd3035809b0969b8d14dcbf2be8b3e7324dccac,996,0.36180904522613067,8.431836,1.0333089396884527
0x3dd3035809b0969b8d14dcbf2be8b3e7324dccac,996,0.3708542713567839,6.754982,1.0241438897570405
0x3dd3035809b0969b8d14dcbf2be8b3e7324dccac,996,0.3798994974874372,6.710382,1.0241438897570405
0x3dd3035809b0969b8d14dcbf2be8b3e7324dccac,996,0.38894472361809046,6.653881999999999,1.0241438897570405
0x3dd3035809b0969b8d14dcbf2be8b3e7324dccac,996,0.39798994974874374,6.467032,1.0241438897570405
0x3dd3035809b0969b8d14dcbf2be8b3e7324dccac,996,0.40703517587939697,6.414771999999999,1.0241438897570405
0x3dd3035809b0969b8d14dcbf2be8b3e7324dccac,996,0.41608040201005025,6.375,1.0241438897570405
0x3dd3035809b0969b8d14dcbf2be8b3e7324dccac,996,0.42512562814070354,6.311312,1.0241438897570405
0x3dd3035809b0969b8d14dcbf2be8b3e7324dccac,996,0.43417085427135677,6.246312,1.024050847065484
0x3dd3035809b0969b8d14dcbf2be8b3e7324dccac,996,0.44321608040201005,6.176312,1.024050847065484
0x3dd3035809b0969b8d14dcbf2be8b3e7324dccac,996,0.45226130653266333,6.131312,1.024050847065484
0x3dd3035809b0969b8d14dcbf2be8b3e7324dccac,996,0.46130653266331656,6.036277,1.024050847065484
0x3dd3035809b0969b8d14dcbf2be8b3e7324dccac,996,0.47035175879396984,5.880000000000001,1.0182565389196265
0x3dd3035809b0969b8d14dcbf2be8b3e7324dccac,996,0.4793969849246231,5.829376,1.0182565389196265
0x3dd3035809b0969b8d14dcbf2be8b3e7324dccac,996,0.4884422110552764,5.7753760000000005,1.0182565389196265
0x3dd3035809b0969b8d14dcbf2be8b3e7324dccac,996,0.49748743718592964,5.721376,1.0182565389196265
0x3dd3035809b0969b8d14dcbf2be8b3e7324dccac,996,0.5065326633165829,5.673376,1.0182565389196265
0x3dd3035809b0969b8d14dcbf2be8b3e7324dccac,996,0.5155778894472361,5.623376,1.0182565389196265
0x3dd3035809b0969b8d14dcbf2be8b3e7324dccac,996,0.5246231155778894,5.539376000000001,1.0182565389196265
0x3dd3035809b0969b8d14dcbf2be8b3e7324dccac,996,0.5336683417085427,5.474376,1.0182565389196265
0x3dd3035809b0969b8d14dcbf2be8b3e7324dccac,996,0.542713567839196,5.429376,1.0182565389196265
0x3dd3035809b0969b8d14dcbf2be8b3e7324dccac,996,0.5517587939698493,5.369376,1.0182565389196265
0x3dd3035809b0969b8d14dcbf2be8b3e7324dccac,996,0.5608040201005026,5.119822999999999,1.0181321859189782
0x3dd3035809b0969b8d14dcbf2be8b3e7324dccac,996,0.5698492462311557,4.8334,1.0120388888872174
0x3dd3035809b0969b8d14dcbf2be8b3e7324dccac,996,0.578894472361809,4.3549999999999995,1.0120388888872174
0x3dd3035809b0969b8d14dcbf2be8b3e7324dccac,996,0.5879396984924623,4.30064,1.0120388888872174
0x3dd3035809b0969b8d14dcbf2be8b3e7324dccac,996,0.5969849246231156,4.2606399999999995,1.0120388888872174
0x3dd3035809b0969b8d14dcbf2be8b3e7324dccac,996,0.6060301507537689,4.126639999999999,1.0120388888872174
0x3dd3035809b0969b8d14dcbf2be8b3e7324dccac,996,0.6150753768844222,4.09164,1.0120388888872174
0x3dd3035809b0969b8d14dcbf2be8b3e7324dccac,996,0.6241206030150753,4.0266399999999996,1.0120388888872174
0x3dd3035809b0969b8d14dcbf2be8b3e7324dccac,996,0.6331658291457286,3.99164,1.0120388888872174
0x3dd3035809b0969b8d14dcbf2be8b3e7324dccac,996,0.6422110552763819,3.94164,1.0120388888872174
0x3dd3035809b0969b8d14dcbf2be8b3e7324dccac,996,0.6512562814070352,3.88191798,1.0120388888872174
0x3dd3035809b0969b8d14dcbf2be8b3e7324dccac,996,0.6603015075376885,3.5784,1.0120388888872174
0x3dd3035809b0969b8d14dcbf2be8b3e7324dccac,996,0.6693467336683417,2.9783999999999997,1.0118247530201012
0x3dd3035809b0969b8d14dcbf2be8b3e7324dccac,996,0.678391959798995,2.57235,1.0102357703929985
0x3dd3035809b0969b8d14dcbf2be8b3e7324dccac,996,0.6874371859296482,2.1604700000000014,1.004717868873749
0x3dd3035809b0969b8d14dcbf2be8b3e7324dccac,996,0.6964824120603015,1.9333024821560951,1.002313749225582
0x3dd3035809b0969b8d14dcbf2be8b3e7324dccac,996,0.7055276381909548,1.80872,1.002313749225582
0x3dd3035809b0969b8d14dcbf2be8b3e7324dccac,996,0.714572864321608,1.76372,1.002313749225582
0x3dd3035809b0969b8d14dcbf2be8b3e7324dccac,996,0.7236180904522613,1.60599,1.002313749225582
0x3dd3035809b0969b8d14dcbf2be8b3e7324dccac,996,0.7326633165829146,1.56599,1.002313749225582
0x3dd3035809b0969b8d14dcbf2be8b3e7324dccac,996,0.7417085427135678,1.4759900000000001,1.002313749225582
0x3dd3035809b0969b8d14dcbf2be8b3e7324dccac,996,0.7507537688442211,1.43599,1.002313749225582
0x3dd3035809b0969b8d14dcbf2be8b3e7324dccac,996,0.7597989949748744,1.3747500000000001,1.002313749225582
0x3dd3035809b0969b8d14dcbf2be8b3e7324dccac,996,0.7688442211055276,1.25975,1.001899280684858
0x3dd3035809b0969b8d14dcbf2be8b3e7324dccac,996,0.7778894472361809,1.17475,1.001899280684858
0x3dd3035809b0969b8d14dcbf2be8b3e7324dccac,996,0.7869346733668342,1.10566,1.001899280684858
0x3dd3035809b0969b8d14dcbf2be8b3e7324dccac,996,0.7959798994974875,1.0706600000000002,1.000531397677728
0x3dd3035809b0969b8d14dcbf2be8b3e7324dccac,996,0.8050251256281407,0.9506600000000001,1.000531397677728
0x3dd3035809b0969b8d14dcbf2be8b3e7324dccac,996,0.8140703517587939,0.8895100000000001,1.000531397677728
0x3dd3035809b0969b8d14dcbf2be8b3e7324dccac,996,0.8231155778894472,0.8216300000000001,1.000531397677728
0x3dd3035809b0969b8d14dcbf2be8b3e7324dccac,996,0.8321608040201005,0.7766300000000002,1.000531397677728
0x3dd3035809b0969b8d14dcbf2be8b3e7324dccac,996,0.8412060301507538,0.7323100000000001,1.000531397677728
0x3dd3035809b0969b8d14dcbf2be8b3e7324dccac,996,0.8502512562814071,0.67575,1.0004371020408662
0x3dd3035809b0969b8d14dcbf2be8b3e7324dccac,996,0.8592964824120602,0.6247,1.0004371020408662
0x3dd3035809b0969b8d14dcbf2be8b3e7324dccac,996,0.8683417085427135,0.5777300000000001,1.0004371020408662
0x3dd3035809b0969b8d14dcbf2be8b3e7324dccac,996,0.8773869346733668,0.54273,1.0004371020408662
0x3dd3035809b0969b8d14dcbf2be8b3e7324dccac,996,0.8864321608040201,0.5152490000000001,1.0004371020408662
0x3dd3035809b0969b8d14dcbf2be8b3e7324dccac,996,0.8954773869346734,0.495149,1.0004371020408662
0x3dd3035809b0969b8d14dcbf2be8b3e7324dccac,996,0.9045226130653267,0.47757000000000044,1.0004352355022685
0x3dd3035809b0969b8d14dcbf2be8b3e7324dccac,996,0.91356783919598,0.432029,1.0004352355022685
0x3dd3035809b0969b8d14dcbf2be8b3e7324dccac,996,0.9226130653266331,0.38119000000000003,1.0004352355022685
0x3dd3035809b0969b8d14dcbf2be8b3e7324dccac,996,0.9316582914572864,0.33425,1.0002176177511342
0x3dd3035809b0969b8d14dcbf2be8b3e7324dccac,996,0.9407035175879397,0.29619,1.0002176177511342
0x3dd3035809b0969b8d14dcbf2be8b3e7324dccac,996,0.949748743718593,0.25708,1.0002176177511342
0x3dd3035809b0969b8d14dcbf2be8b3e7324dccac,996,0.9587939698492463,0.22499999999999998,1.0002176177511342
0x3dd3035809b0969b8d14dcbf2be8b3e7324dccac,996,0.9678391959798995,0.182052,1.0002176177511342
0x3dd3035809b0969b8d14dcbf2be8b3e7324dccac,996,0.9768844221105528,0.13528,1.0
0x3dd3035809b0969b8d14dcbf2be8b3e7324dccac,996,0.985929648241206,0.10028000000000001,1.0
0x3dd3035809b0969b8d14dcbf2be8b3e7324dccac,996,0.9949748743718593,0.041100000000000005,1.0
0x3dd3035809b0969b8d14dcbf2be8b3e7324dccac,996,1.0,2.127666931528438e-13,1.0
0x40f222e47e76f7fa9022233237bb03df12e5a57c,200,0.0,20.76096,0.0
0x40f222e47e76f7fa9022233237bb03df12e5a57c,200,0.010050251256281407,8.32884,0.0
0x40f222e47e76f7fa9022233237bb03df12e5a57c,200,0.020100502512562814,6.881631999,0.0
0x40f222e47e76f7fa9022233237bb03df12e5a57c,200,0.03015075376884422,4.915,0.005374236553241737
0x40f222e47e76f7fa9022233237bb03df12e5a57c,200,0.04020100502512563,1.7316,-0.0004083787607033523
0x40f222e47e76f7fa9022233237bb03df12e5a57c,200,0.05025125628140704,1.445498648275862,-0.04756544394252649
0x40f222e47e76f7fa9022233237bb03df12e5a57c,200,0.06030150753768844,1.27831,-0.08447645333913487
0x40f222e47e76f7fa9022233237bb03df12e5a57c,200,0.07035175879396985,1.0854369999999995,-0.11167557303718605
0x40f222e47e76f7fa9022233237bb03df12e5a57c,200,0.08040201005025126,0.9645790000000001,-0.11656267778367149
0x40f222e47e76f7fa9022233237bb03df12e5a57c,200,0.09045226130653267,0.8671,-0.14253953265980135
0x40f222e47e76f7fa9022233237bb03df12e5a57c,200,0.10050251256281408,0.8335000000000001,-0.15026999368780092
0x40f222e47e76f7fa9022233237bb03df12e5a57c,200,0.11055276381909548,0.714,-0.18657935520991245
0x40f222e47e76f7fa9022233237bb03df12e5a57c,200,0.12060301507537688,0.6476830000000001,-0.20331072904587788
0x40f222e47e76f7fa9022233237bb03df12e5a57c,200,0.1306532663316583,0.6259299999999998,-0.20331072904587788
0x40f222e47e76f7fa9022233237bb03df12e5a57c,200,0.1407035175879397,0.568059,-0.20331072904587788
0x40f222e47e76f7fa9022233237bb03df12e5a57c,200,0.1507537688442211,0.48904698299999994,-0.21787356738081942
0x40f222e47e76f7fa9022233237bb03df12e5a57c,200,0.16080402010050251,0.46905999999999975,-0.22436765580874932
0x40f222e47e76f7fa9022233237bb03df12e5a57c,200,0.1708542713567839,0.3428092950580093,-0.22436765580874932
0x40f222e47e76f7fa9022233237bb03df12e5a57c,200,0.18090452261306533,0.3131399999999997,-0.2327251487009795
0x40f222e47e76f7fa9022233237bb03df12e5a57c,200,0.19095477386934673,0.2813789999999998,-0.23965550074802605
0x40f222e47e76f7fa9022233237bb03df12e5a57c,200,0.20100502512562815,0.2,-0.24633326593231003
0x40f222e47e76f7fa9022233237bb03df12e5a57c,200,0.21105527638190955,0.18239999999999998,-0.24633326593231003
0x40f222e47e76f7fa9022233237bb03df12e5a57c,200,0.22110552763819097,0.1818245377243892,-0.25088885042141973
0x40f222e47e76f7fa9022233237bb03df12e5a57c,200,0.23115577889447236,0.1818095,-0.25544443491052937
0x40f222e47e76f7fa9022233237bb03df12e5a57c,200,0.24120603015075376,0.18180000000000002,-0.2555459207036036
0x40f222e47e76f7fa9022233237bb03df12e5a57c,200,0.25125628140703515,0.1818,-0.26010150519271324
0x40f222e47e76f7fa9022233237bb03df12e5a57c,200,0.2613065326633166,0.1818,-0.26465708968182294
0x40f222e47e76f7fa9022233237bb03df12e5a57c,200,0.271356783919598,0.1818,-0.26465708968182294
0x40f222e47e76f7fa9022233237bb03df12e5a57c,200,0.2814070351758794,0.18173999999999996,-0.2737667551668115
0x40f222e47e76f7fa9022233237bb03df12e5a57c,200,0.2914572864321608,0.17775,-0.27448968483575636
0x40f222e47e76f7fa9022233237bb03df12e5a57c,200,0.3015075376884422,0.16959999999999997,-0.27448968483575636
0x40f222e47e76f7fa9022233237bb03df12e5a57c,200,0.31155778894472363,0.16275,-0.27472648502676544
0x40f222e47e76f7fa9022233237bb03df12e5a57c,200,0.32160804020100503,0.15099300000000002,0.028997389965077235
0x40f222e47e76f7fa9022233237bb03df12e5a57c,200,0.3316582914572864,0.14521200000000004,0.028997389965077235
0x40f222e47e76f7fa9022233237bb03df12e5a57c,200,0.3417085427135678,0.14100200000000002,0.028997389965077235
0x40f222e47e76f7fa9022233237bb03df12e5a57c,200,0.35175879396984927,0.13748,0.022032457573723952
0x40f222e47e76f7fa9022233237bb03df12e5a57c,200,0.36180904522613067,0.12915,0.016326450180901304
0x40f222e47e76f7fa9022233237bb03df12e5a57c,200,0.37185929648241206,0.12505999999999998,0.012691504713408202
0x40f222e47e76f7fa9022233237bb03df12e5a57c,200,0.38190954773869346,0.1243,0.012440922508286675
0x40f222e47e76f7fa9022233237bb03df12e5a57c,200,0.39195979899497485,0.1242,0.011744303978048785
0x40f222e47e76f7fa9022233237bb03df12e5a57c,200,0.4020100502512563,0.12166,0.011669129316512324
0x40f222e47e76f7fa9022233237bb03df12e5a57c,200,0.4120603015075377,0.11900000000000001,0.01143308087928783
0x40f222e47e76f7fa9022233237bb03df12e5a57c,200,0.4221105527638191,0.11739730337078652,0.008334381330754832
0x40f222e47e76f7fa9022233237bb03df12e5a57c,200,0.4321608040201005,0.11481999999999998,0.008095827071479123
0x40f222e47e76f7fa9022233237bb03df12e5a57c,200,0.44221105527638194,0.11403300000000001,0.20690774861491115
0x40f222e47e76f7fa9022233237bb03df12e5a57c,200,0.45226130653266333,0.11176,0.2054122740147458
0x40f222e47e76f7fa9022233237bb03df12e5a57c,200,0.4623115577889447,0.10868,0.20528598058336456
0x40f222e47e76f7fa9022233237bb03df12e5a57c,200,0.4723618090452261,0.10791,0.20258119626128265
0x40f222e47e76f7fa9022233237bb03df12e5a57c,200,0.4824120603015075,0.107662235,0.20208003185103957
0x40f222e47e76f7fa9022233237bb03df12e5a57c,200,0.49246231155778897,0.10529999999999999,0.2010361063845032
0x40f222e47e76f7fa9022233237bb03df12e5a57c,200,0.5025125628140703,0.10306999999999998,0.200911817609807
0x40f222e47e76f7fa9022233237bb03df12e5a57c,200,0.5125628140703518,0.09768,0.19945543383364062
0x40f222e47e76f7fa9022233237bb03df12e5a57c,200,0.5226130653266332,0.09412,0.19794893361644988
0x40f222e47e76f7fa9022233237bb03df12e5a57c,200,0.5326633165829145,0.09112,0.19794893361644988
0x40f222e47e76f7fa9022233237bb03df12e5a57c,200,0.542713567839196,0.09003300000000002,0.32276443115190057
0x40f222e47e76f7fa9022233237bb03df12e5a57c,200,0.5527638190954773,0.08532500000000001,0.32264014237720434
0x40f222e47e76f7fa9022233237bb03df12e5a57c,200,0.5628140703517588,0.0836,0.3206600417923339
0x40f222e47e76f7fa9022233237bb03df12e5a57c,200,0.5728643216080402,0.08268029230960675,0.31685294634992234
0x40f222e47e76f7fa9022233237bb03df12e5a57c,200,0.5829145728643216,0.08179532307692308,0.31685294634992234
0x40f222e47e76f7fa9022233237bb03df12e5a57c,200,0.592964824120603,0.08059000000000001,0.31611823932450595
0x40f222e47e76f7fa9022233237bb03df12e5a57c,200,0.6030150753768844,0.08,0.3128002803464916
0x40f222e47e76f7fa9022233237bb03df12e5a57c,200,0.6130653266331658,0.07931304174950297,0.3107518804169748
0x40f222e47e76f7fa9022233237bb03df12e5a57c,200,0.6231155778894473,0.077,0.3088223974375389
0x40f222e47e76f7fa9022233237bb03df12e5a57c,200,0.6331658291457286,0.07503300000000002,0.808359025675199
0x40f222e47e76f7fa9022233237bb03df12e5a57c,200,0.6432160804020101,0.07212,0.8838078236675511
0x40f222e47e76f7fa9022233237bb03df12e5a57c,200,0.6532663316582915,0.07086,0.8836835348928549
0x40f222e47e76f7fa9022233237bb03df12e5a57c,200,0.6633165829145728,0.06885999999999999,0.881958025828388
0x40f222e47e76f7fa9022233237bb03df12e5a57c,200,0.6733668341708543,0.06476252423078299,0.881958025828388
0x40f222e47e76f7fa9022233237bb03df12e5a57c,200,0.6834170854271356,0.06395999999999999,0.881958025828388
0x40f222e47e76f7fa9022233237bb03df12e5a57c,200,0.6934673366834171,0.062340000000000007,0.8812062792130233
0x40f222e47e76f7fa9022233237bb03df12e5a57c,200,0.7035175879396985,0.05976000000000001,0.8812062792130233
0x40f222e47e76f7fa9022233237bb03df12e5a57c,200,0.7135678391959799,0.05765100000000005,1.0096086104325839
0x40f222e47e76f7fa9022233237bb03df12e5a57c,200,0.7236180904522613,0.05499999999999999,1.0082304083044153
0x40f222e47e76f7fa9022233237bb03df12e5a57c,200,0.7336683417085427,0.05355,1.0068797702188104
0x40f222e47e76f7fa9022233237bb03df12e5a57c,200,0.7437185929648241,0.052449999999999955,1.0060227790581768
0x40f222e47e76f7fa9022233237bb03df12e5a57c,200,0.7537688442211056,0.05101,1.0051878391507116
0x40f222e47e76f7fa9022233237bb03df12e5a57c,200,0.7638190954773869,0.049420000000000006,1.0051878391507116
0x40f222e47e76f7fa9022233237bb03df12e5a57c,200,0.7738693467336684,0.0451,1.002922826598618
0x40f222e47e76f7fa9022233237bb03df12e5a57c,200,0.7839195979899497,0.04398,1.002922826598618
0x40f222e47e76f7fa9022233237bb03df12e5a57c,200,0.7939698492462312,0.04275,1.002922826598618
0x40f222e47e76f7fa9022233237bb03df12e5a57c,200,0.8040201005025126,0.03954,1.0019039342943734
0x40f222e47e76f7fa9022233237bb03df12e5a57c,200,0.8140703517587939,0.037221531172069826,1.0019039342943734
0x40f222e47e76f7fa9022233237bb03df12e5a57c,200,0.8241206030150754,0.03329999999999998,1.0019039342943734
0x40f222e47e76f7fa9022233237bb03df12e5a57c,200,0.8341708542713567,0.03255,1.0019039342943734
0x40f222e47e76f7fa9022233237bb03df12e5a57c,200,0.8442211055276382,0.0316,1.0014027698841301
0x40f222e47e76f7fa9022233237bb03df12e5a57c,200,0.8542713567839196,0.028980000000000002,1.0014027698841301
0x40f222e47e76f7fa9022233237bb03df12e5a57c,200,0.864321608040201,0.0269,1.0011521876790088
0x40f222e47e76f7fa9022233237bb03df12e5a57c,200,0.8743718592964824,0.022,1.0011521876790088
0x40f222e47e76f7fa9022233237bb03df12e5a57c,200,0.8844221105527639,0.01868,1.0006558094139417
0x40f222e47e76f7fa9022233237bb03df12e5a57c,200,0.8944723618090452,0.017,1.0006558094139417
0x40f222e47e76f7fa9022233237bb03df12e5a57c,200,0.9045226130653267,0.015033000000000019,1.000655809413942
0x40f222e47e76f7fa9022233237bb03df12e5a57c,200,0.914572864321608,0.013980000000000001,1.000655809413942
0x40f222e47e76f7fa9022233237bb03df12e5a57c,200,0.9246231155778895,0.012279428000000004,0.999997794876595
0x40f222e47e76f7fa9022233237bb03df12e5a57c,200,0.9346733668341709,0.01014,0.999997794876595
0x40f222e47e76f7fa9022233237bb03df12e5a57c,200,0.9447236180904522,0.007049,0.999997794876595
0x40f222e47e76f7fa9022233237bb03df12e5a57c,200,0.9547738693467337,0.00508,0.999997794876595
0x40f222e47e76f7fa9022233237bb03df12e5a57c,200,0.964824120603015,0.0009120000000043546,1.0
0x40f222e47e76f7fa9022233237bb03df12e5a57c,200,0.9748743718592965,0.00020899999999999998,1.0
0x40f222e47e76f7fa9022233237bb03df12e5a57c,200,0.9849246231155779,7.041478511382593e-15,1.0
0x40f222e47e76f7fa9022233237bb03df12e5a57c,200,0.9949748743718593,1.7266188478970434e-15,1.0
0x40f222e47e76f7fa9022233237bb03df12e5a57c,200,1.0,8.713030297258228e-16,1.0
0x4247c89f4a9236a6b5fb24502023bcc98ab1455f,138,0.0,3.365,-6.010084775345109e-17
0x4247c89f4a9236a6b5fb24502023bcc98ab1455f,138,0.0072992700729927005,3.3550000000000004,-6.010084775345109e-17
0x4247c89f4a9236a6b5fb24502023bcc98ab1455f,138,0.014598540145985401,3.2,-6.010084775345109e-17
0x4247c89f4a9236a6b5fb24502023bcc98ab1455f,138,0.021897810218978103,3.05,0.024508116795915233
0x4247c89f4a9236a6b5fb24502023bcc98ab1455f,138,0.029197080291970802,2.8949999999999996,0.01009960640762128
0x4247c89f4a9236a6b5fb24502023bcc98ab1455f,138,0.0364963503649635,2.75,0.01009960640762128
0x4247c89f4a9236a6b5fb24502023bcc98ab1455f,138,0.043795620437956206,2.74,0.01009960640762128
0x4247c89f4a9236a6b5fb24502023bcc98ab1455f,138,0.051094890510948905,2.6500000000000004,-0.023206295904776426
0x4247c89f4a9236a6b5fb24502023bcc98ab1455f,138,0.058394160583941604,2.561269464,-0.03339337743696164
0x4247c89f4a9236a6b5fb24502023bcc98ab1455f,138,0.06569343065693431,2.555,-0.03339337743696164
0x4247c89f4a9236a6b5fb24502023bcc98ab1455f,138,0.072992700729927,2.45,-0.0013443016269185733
0x4247c89f4a9236a6b5fb24502023bcc98ab1455f,138,0.08029197080291971,2.3492009999999994,0.0017864531904468104
0x4247c89f4a9236a6b5fb24502023bcc98ab1455f,138,0.08759124087591241,2.3000000000000003,0.0017864531904468104
0x4247c89f4a9236a6b5fb24502023bcc98ab1455f,138,0.0948905109489051,2.25,0.03634918200519915
0x4247c89f4a9236a6b5fb24502023bcc98ab1455f,138,0.10218978102189781,2.25,0.03634918200519915
0x4247c89f4a9236a6b5fb24502023bcc98ab1455f,138,0.10948905109489052,2.25,0.03634918200519915
0x4247c89f4a9236a6b5fb24502023bcc98ab1455f,138,0.11678832116788321,2.205,0.025263972254431305
0x4247c89f4a9236a6b5fb24502023bcc98ab1455f,138,0.12408759124087591,2.1283009999999996,0.05542779574267741
0x4247c89f4a9236a6b5fb24502023bcc98ab1455f,138,0.13138686131386862,2.105,0.028971597868112438
0x4247c89f4a9236a6b5fb24502023bcc98ab1455f,138,0.1386861313868613,2.1,0.06541956643639672
0x4247c89f4a9236a6b5fb24502023bcc98ab1455f,138,0.145985401459854,2.1,0.10186753500468099
0x4247c89f4a9236a6b5fb24502023bcc98ab1455f,138,0.15328467153284672,2.1,0.07547417845523376
0x4247c89f4a9236a6b5fb24502023bcc98ab1455f,138,0.16058394160583941,2.0,0.07547417845523376
0x4247c89f4a9236a6b5fb24502023bcc98ab1455f,138,0.1678832116788321,2.0,0.05033764840814115
0x4247c89f4a9236a6b5fb24502023bcc98ab1455f,138,0.17518248175182483,2.0,0.02868400982140055
0x4247c89f4a9236a6b5fb24502023bcc98ab1455f,138,0.18248175182481752,2.0,0.0601549454403605
0x4247c89f4a9236a6b5fb24502023bcc98ab1455f,138,0.1897810218978102,2.0,0.06015494544036325
0x4247c89f4a9236a6b5fb24502023bcc98ab1455f,138,0.19708029197080293,1.9999329999999997,0.06015494544036325
0x4247c89f4a9236a6b5fb24502023bcc98ab1455f,138,0.20437956204379562,1.995,0.22360523207158292
0x4247c89f4a9236a6b5fb24502023bcc98ab1455f,138,0.2116788321167883,1.9909999999999999,0.19858181640970224
0x4247c89f4a9236a6b5fb24502023bcc98ab1455f,138,0.21897810218978103,1.990068936,0.1739906233819813
0x4247c89f4a9236a6b5fb24502023bcc98ab1455f,138,0.22627737226277372,1.9889999999999999,0.1489923442501477
0x4247c89f4a9236a6b5fb24502023bcc98ab1455f,138,0.23357664233576642,1.98,0.12410717950352601
0x4247c89f4a9236a6b5fb24502023bcc98ab1455f,138,0.24087591240875914,1.98,0.32545078518073783
0x4247c89f4a9236a6b5fb24502023bcc98ab1455f,138,0.24817518248175183,1.98,0.3406458171267501
0x4247c89f4a9236a6b5fb24502023bcc98ab1455f,138,0.25547445255474455,1.98,0.45401156763913775
0x4247c89f4a9236a6b5fb24502023bcc98ab1455f,138,0.26277372262773724,1.98,0.843879148669544
0x4247c89f4a9236a6b5fb24502023bcc98ab1455f,138,0.27007299270072993,1.98,0.843879148669544
0x4247c89f4a9236a6b5fb24502023bcc98ab1455f,138,0.2773722627737226,1.98,0.8189939839229223
0x4247c89f4a9236a6b5fb24502023bcc98ab1455f,138,0.2846715328467153,1.98,0.7941088191763007
0x4247c89f4a9236a6b5fb24502023bcc98ab1455f,138,0.291970802919708,1.98,0.769223654429679
0x4247c89f4a9236a6b5fb24502023bcc98ab1455f,138,0.29927007299270075,1.98,0.769223654429679
0x4247c89f4a9236a6b5fb24502023bcc98ab1455f,138,0.30656934306569344,1.98,0.7443384896830574
0x4247c89f4a9236a6b5fb24502023bcc98ab1455f,138,0.31386861313868614,1.97977398,0.7338980319279975
0x4247c89f4a9236a6b5fb24502023bcc98ab1455f,138,0.32116788321167883,1.9796040000000001,0.7139899001307001
0x4247c89f4a9236a6b5fb24502023bcc98ab1455f,138,0.3284671532846715,1.968,0.8903477949411017
0x4247c89f4a9236a6b5fb24502023bcc98ab1455f,138,0.3357664233576642,1.9600000000000002,0.8657139954949511
0x4247c89f4a9236a6b5fb24502023bcc98ab1455f,138,0.34306569343065696,1.9600000000000002,0.8657139954949511
0x4247c89f4a9236a6b5fb24502023bcc98ab1455f,138,0.35036496350364965,1.9600000000000002,0.8657139954949511
0x4247c89f4a9236a6b5fb24502023bcc98ab1455f,138,0.35766423357664234,1.9600000000000002,0.8657139954949511
0x4247c89f4a9236a6b5fb24502023bcc98ab1455f,138,0.36496350364963503,1.9600000000000002,0.8410801960488005
0x4247c89f4a9236a6b5fb24502023bcc98ab1455f,138,0.3722627737226277,1.9600000000000002,0.9924021069322978
0x4247c89f4a9236a6b5fb24502023bcc98ab1455f,138,0.3795620437956204,1.9600000000000002,1.1437240178157952
0x4247c89f4a9236a6b5fb24502023bcc98ab1455f,138,0.38686131386861317,1.9600000000000002,1.1437240178157952
0x4247c89f4a9236a6b5fb24502023bcc98ab1455f,138,0.39416058394160586,1.9600000000000002,1.125864513217336
0x4247c89f4a9236a6b5fb24502023bcc98ab1455f,138,0.40145985401459855,1.9600000000000002,1.1012307137711852
0x4247c89f4a9236a6b5fb24502023bcc98ab1455f,138,0.40875912408759124,1.95944588,1.1192812559980023
0x4247c89f4a9236a6b5fb24502023bcc98ab1455f,138,0.41605839416058393,1.9500000000000002,1.0949692039494723
0x4247c89f4a9236a6b5fb24502023bcc98ab1455f,138,0.4233576642335766,1.9500000000000002,1.0729118988331485
0x4247c89f4a9236a6b5fb24502023bcc98ab1455f,138,0.4306569343065693,1.9500000000000002,1.055870588287722
0x4247c89f4a9236a6b5fb24502023bcc98ab1455f,138,0.43795620437956206,1.9500000000000002,1.0313624714918066
0x4247c89f4a9236a6b5fb24502023bcc98ab1455f,138,0.44525547445255476,1.9500000000000002,1.0068543546958912
0x4247c89f4a9236a6b5fb24502023bcc98ab1455f,138,0.45255474452554745,1.9500000000000002,1.1271326509712294
0x4247c89f4a9236a6b5fb24502023bcc98ab1455f,138,0.45985401459854014,1.9500000000000002,1.102624534175314
0x4247c89f4a9236a6b5fb24502023bcc98ab1455f,138,0.46715328467153283,1.95,1.0781164173793987
0x4247c89f4a9236a6b5fb24502023bcc98ab1455f,138,0.4744525547445255,1.95,1.0536083005834833
0x4247c89f4a9236a6b5fb24502023bcc98ab1455f,138,0.48175182481751827,1.95,1.029100183787568
0x4247c89f4a9236a6b5fb24502023bcc98ab1455f,138,0.48905109489051096,1.95,1.1679795122977548
0x4247c89f4a9236a6b5fb24502023bcc98ab1455f,138,0.49635036496350365,1.95,1.1679795122977548
0x4247c89f4a9236a6b5fb24502023bcc98ab1455f,138,0.5036496350364964,1.95,1.1434713955018394
0x4247c89f4a9236a6b5fb24502023bcc98ab1455f,138,0.5109489051094891,1.947704020740025,1.1323817617217833
0x4247c89f4a9236a6b5fb24502023bcc98ab1455f,138,0.5182481751824818,1.936,1.1080496006361975
0x4247c89f4a9236a6b5fb24502023bcc98ab1455f,138,0.5255474452554745,1.9328,1.0839185317909885
0x4247c89f4a9236a6b5fb24502023bcc98ab1455f,138,0.5328467153284672,1.932,1.0596366437654972
0x4247c89f4a9236a6b5fb24502023bcc98ab1455f,138,0.5401459854014599,1.9300000000000002,1.0596366437654972
0x4247c89f4a9236a6b5fb24502023bcc98ab1455f,138,0.5474452554744526,1.921,1.0354930066552646
0x4247c89f4a9236a6b5fb24502023bcc98ab1455f,138,0.5547445255474452,1.92,1.0113619378100556
0x4247c89f4a9236a6b5fb24502023bcc98ab1455f,138,0.5620437956204379,1.92,1.0113619378100556
0x4247c89f4a9236a6b5fb24502023bcc98ab1455f,138,0.5693430656934306,1.92,0.9872308689648467
0x4247c89f4a9236a6b5fb24502023bcc98ab1455f,138,0.5766423357664233,1.92,1.0385093902609157
0x4247c89f4a9236a6b5fb24502023bcc98ab1455f,138,0.583941605839416,1.92,1.0143783214157067
0x4247c89f4a9236a6b5fb24502023bcc98ab1455f,138,0.5912408759124088,1.92,1.0143783214157067
0x4247c89f4a9236a6b5fb24502023bcc98ab1455f,138,0.5985401459854015,1.89,0.9906243005212042
0x4247c89f4a9236a6b5fb24502023bcc98ab1455f,138,0.6058394160583942,1.8890159399999997,0.9906243005212042
0x4247c89f4a9236a6b5fb24502023bcc98ab1455f,138,0.6131386861313869,1.8810000000000002,0.9906243005212042
0x4247c89f4a9236a6b5fb24502023bcc98ab1455f,138,0.6204379562043796,1.87,0.9671216449271726
0x4247c89f4a9236a6b5fb24502023bcc98ab1455f,138,0.6277372262773723,1.87,0.9436189893331409
0x4247c89f4a9236a6b5fb24502023bcc98ab1455f,138,0.635036496350365,1.87,0.9210991720639506
0x4247c89f4a9236a6b5fb24502023bcc98ab1455f,138,0.6423357664233577,1.87,1.023279166705382
0x4247c89f4a9236a6b5fb24502023bcc98ab1455f,138,0.6496350364963503,1.87,0.9997765111113505
0x4247c89f4a9236a6b5fb24502023bcc98ab1455f,138,0.656934306569343,1.87,0.9762738555173188
0x4247c89f4a9236a6b5fb24502023bcc98ab1455f,138,0.6642335766423357,1.87,0.9762738555173188
0x4247c89f4a9236a6b5fb24502023bcc98ab1455f,138,0.6715328467153284,1.87,0.9762738555173188
0x4247c89f4a9236a6b5fb24502023bcc98ab1455f,138,0.6788321167883211,1.84,0.9762738555173188
0x4247c89f4a9236a6b5fb24502023bcc98ab1455f,138,0.6861313868613139,1.84,0.9762738555173188
0x4247c89f4a9236a6b5fb24502023bcc98ab1455f,138,0.6934306569343066,1.84,0.9531482478739935
0x4247c89f4a9236a6b5fb24502023bcc98ab1455f,138,0.7007299270072993,1.84,0.9531482478739935
0x4247c89f4a9236a6b5fb24502023bcc98ab1455f,138,0.708029197080292,1.83,0.9301483228809039
0x4247c89f4a9236a6b5fb24502023bcc98ab1455f,138,0.7153284671532847,1.82,0.9072740805380497
0x4247c89f4a9236a6b5fb24502023bcc98ab1455f,138,0.7226277372262774,1.818,0.9072740805380497
0x4247c89f4a9236a6b5fb24502023bcc98ab1455f,138,0.7299270072992701,1.8173989600000002,0.9058035935302947
0x4247c89f4a9236a6b5fb24502023bcc98ab1455f,138,0.7372262773722628,1.7999999999999998,0.8831807164879114
0x4247c89f4a9236a6b5fb24502023bcc98ab1455f,138,0.7445255474452555,1.7507303524149032,0.8758991287590745
0x4247c89f4a9236a6b5fb24502023bcc98ab1455f,138,0.7518248175182481,1.75,0.9167459900856
0x4247c89f4a9236a6b5fb24502023bcc98ab1455f,138,0.7591240875912408,1.7485799999999998,0.8947693732307274
0x4247c89f4a9236a6b5fb24502023bcc98ab1455f,138,0.7664233576642335,1.7256459999999996,1.0279979595132676
0x4247c89f4a9236a6b5fb24502023bcc98ab1455f,138,0.7737226277372263,1.7003989600000002,1.0235820870289796
0x4247c89f4a9236a6b5fb24502023bcc98ab1455f,138,0.781021897810219,1.6500000000000001,1.0235820870289796
0x4247c89f4a9236a6b5fb24502023bcc98ab1455f,138,0.7883211678832117,1.374,1.09265727159839
0x4247c89f4a9236a6b5fb24502023bcc98ab1455f,138,0.7956204379562044,1.349048257068673,1.0903742713933928
0x4247c89f4a9236a6b5fb24502023bcc98ab1455f,138,0.8029197080291971,1.323,1.0847762404692551
0x4247c89f4a9236a6b5fb24502023bcc98ab1455f,138,0.8102189781021898,1.171367,1.0700541895734188
0x4247c89f4a9236a6b5fb24502023bcc98ab1455f,138,0.8175182481751825,1.1674,1.0700541895734188
0x4247c89f4a9236a6b5fb24502023bcc98ab1455f,138,0.8248175182481752,1.149074,1.0556123230097525
0x4247c89f4a9236a6b5fb24502023bcc98ab1455f,138,0.8321167883211679,1.1340000000000001,1.0556123230097525
0x4247c89f4a9236a6b5fb24502023bcc98ab1455f,138,0.8394160583941606,1.0653519,1.0545754411453099
0x4247c89f4a9236a6b5fb24502023bcc98ab1455f,138,0.8467153284671532,0.9828520113900138,1.0434858073652538
0x4247c89f4a9236a6b5fb24502023bcc98ab1455f,138,0.8540145985401459,0.87759,1.0324560236632399
0x4247c89f4a9236a6b5fb24502023bcc98ab1455f,138,0.8613138686131386,0.635316,1.0244712038015404
0x4247c89f4a9236a6b5fb24502023bcc98ab1455f,138,0.8686131386861314,0.618878,1.0244712038015404
0x4247c89f4a9236a6b5fb24502023bcc98ab1455f,138,0.8759124087591241,0.616733,1.0244712038015404
0x4247c89f4a9236a6b5fb24502023bcc98ab1455f,138,0.8832116788321168,0.6129030000000001,1.0244712038015404
0x4247c89f4a9236a6b5fb24502023bcc98ab1455f,138,0.8905109489051095,0.5941000000000001,1.0170043975510517
0x4247c89f4a9236a6b5fb24502023bcc98ab1455f,138,0.8978102189781022,0.539,1.0124383468679974
0x4247c89f4a9236a6b5fb24502023bcc98ab1455f,138,0.9051094890510949,0.5061599999999999,1.0124383468679974
0x4247c89f4a9236a6b5fb24502023bcc98ab1455f,138,0.9124087591240876,0.45319400000000015,1.0124383468679974
0x4247c89f4a9236a6b5fb24502023bcc98ab1455f,138,0.9197080291970803,0.408333,1.0124383468679974
0x4247c89f4a9236a6b5fb24502023bcc98ab1455f,138,0.927007299270073,0.39560399999999996,1.007466290951622
0x4247c89f4a9236a6b5fb24502023bcc98ab1455f,138,0.9343065693430657,0.353389,1.007466290951622
0x4247c89f4a9236a6b5fb24502023bcc98ab1455f,138,0.9416058394160584,0.3032,1.007466290951622
0x4247c89f4a9236a6b5fb24502023bcc98ab1455f,138,0.948905109489051,0.195,1.0050154792720307
0x4247c89f4a9236a6b5fb24502023bcc98ab1455f,138,0.9562043795620438,0.1757,1.0028072351073936
0x4247c89f4a9236a6b5fb24502023bcc98ab1455f,138,0.9635036496350365,0.148989,1.0028072351073936
0x4247c89f4a9236a6b5fb24502023bcc98ab1455f,138,0.9708029197080292,0.1005,1.0015441244725272
0x4247c89f4a9236a6b5fb24502023bcc98ab1455f,138,0.9781021897810219,0.0782,1.000561286147686
0x4247c89f4a9236a6b5fb24502023bcc98ab1455f,138,0.9854014598540146,0.042326,1.000561286147686
0x4247c89f4a9236a6b5fb24502023bcc98ab1455f,138,0.9927007299270073,0.03345900000000001,1.0001407645682632
0x4247c89f4a9236a6b5fb24502023bcc98ab1455f,138,1.0,0.011200000000000002,0.9999999999999994
0x4de148ab2ea9ddffdc82f5e5b8f7605d6ba118a2,156,0.0,156.1603881902421,-0.07635014648320462
0x4de148ab2ea9ddffdc82f5e5b8f7605d6ba118a2,156,0.0064516129032258064,145.57983047812502,0.1599749254230547
0x4de148ab2ea9ddffdc82f5e5b8f7605d6ba118a2,156,0.012903225806451613,99.99999899999997,0.6668668391726892
0x4de148ab2ea9ddffdc82f5e5b8f7605d6ba118a2,156,0.01935483870967742,88.37166639999998,0.8563729898166762
0x4de148ab2ea9ddffdc82f5e5b8f7605d6ba118a2,156,0.025806451612903226,49.99999900000001,0.818193387624049
0x4de148ab2ea9ddffdc82f5e5b8f7605d6ba118a2,156,0.03225806451612903,45.24785,0.796294592530128
0x4de148ab2ea9ddffdc82f5e5b8f7605d6ba118a2,156,0.03870967741935484,43.018504112398965,0.7862582407890524
0x4de148ab2ea9ddffdc82f5e5b8f7605d6ba118a2,156,0.04516129032258064,42.66337036224842,0.7830923068078112
0x4de148ab2ea9ddffdc82f5e5b8f7605d6ba118a2,156,0.05161290322580645,37.10342819999999,0.7830923068078112
0x4de148ab2ea9ddffdc82f5e5b8f7605d6ba118a2,156,0.05806451612903226,36.00000000000002,0.7830923068078112
0x4de148ab2ea9ddffdc82f5e5b8f7605d6ba118a2,156,0.06451612903225806,35.38786387262586,0.7830923068078112
0x4de148ab2ea9ddffdc82f5e5b8f7605d6ba118a2,156,0.07096774193548387,24.050443999999995,0.7830923068078112
0x4de148ab2ea9ddffdc82f5e5b8f7605d6ba118a2,156,0.07741935483870968,23.90986680972451,0.7830923068078112
0x4de148ab2ea9ddffdc82f5e5b8f7605d6ba118a2,156,0.08387096774193549,22.460726866310218,0.7606504595123911
0x4de148ab2ea9ddffdc82f5e5b8f7605d6ba118a2,156,0.09032258064516129,21.07165236755569,0.7453557573403834
0x4de148ab2ea9ddffdc82f5e5b8f7605d6ba118a2,156,0.0967741935483871,20.85130623586876,0.712144307172463
0x4de148ab2ea9ddffdc82f5e5b8f7605d6ba118a2,156,0.1032258064516129,19.33005134947026,0.712144307172463
0x4de148ab2ea9ddffdc82f5e5b8f7605d6ba118a2,156,0.10967741935483871,17.7187141,0.712144307172463
0x4de148ab2ea9ddffdc82f5e5b8f7605d6ba118a2,156,0.11612903225806452,17.659949844871136,0.712144307172463
0x4de148ab2ea9ddffdc82f5e5b8f7605d6ba118a2,156,0.12258064516129032,16.618714100000002,0.712144307172463
0x4de148ab2ea9ddffdc82f5e5b8f7605d6ba118a2,156,0.12903225806451613,15.7287141,0.712144307172463
0x4de148ab2ea9ddffdc82f5e5b8f7605d6ba118a2,156,0.13548387096774195,15.000000000000009,0.7052867786040735
0x4de148ab2ea9ddffdc82f5e5b8f7605d6ba118a2,156,0.14193548387096774,14.999999000000011,0.7038198734824938
0x4de148ab2ea9ddffdc82f5e5b8f7605d6ba118a2,156,0.14838709677419354,14.999997070999985,0.7038198734824938
0x4de148ab2ea9ddffdc82f5e5b8f7605d6ba118a2,156,0.15483870967741936,14.179424999999998,0.7038198734824938
0x4de148ab2ea9ddffdc82f5e5b8f7605d6ba118a2,156,0.16129032258064516,14.033625,0.7038198734824938
0x4de148ab2ea9ddffdc82f5e5b8f7605d6ba118a2,156,0.16774193548387098,12.632962222222224,0.7038198734824938
0x4de148ab2ea9ddffdc82f5e5b8f7605d6ba118a2,156,0.17419354838709677,11.919999999999995,0.7038198734824938
0x4de148ab2ea9ddffdc82f5e5b8f7605d6ba118a2,156,0.18064516129032257,11.83087440385611,0.7038198734824938
0x4de148ab2ea9ddffdc82f5e5b8f7605d6ba118a2,156,0.1870967741935484,10.259395098039215,0.7555058086660723
0x4de148ab2ea9ddffdc82f5e5b8f7605d6ba118a2,156,0.1935483870967742,10.0197999,0.7555058086660723
0x4de148ab2ea9ddffdc82f5e5b8f7605d6ba118a2,156,0.2,10.000000000000009,0.72194351309232
0x4de148ab2ea9ddffdc82f5e5b8f7605d6ba118a2,156,0.2064516129032258,10.000000000000009,0.72194351309232
0x4de148ab2ea9ddffdc82f5e5b8f7605d6ba118a2,156,0.2129032258064516,10.000000000000009,0.7186693101036657
0x4de148ab2ea9ddffdc82f5e5b8f7605d6ba118a2,156,0.21935483870967742,10.000000000000009,0.7186693101036657
0x4de148ab2ea9ddffdc82f5e5b8f7605d6ba118a2,156,0.22580645161290322,10.000000000000005,0.7222698631253499
0x4de148ab2ea9ddffdc82f5e5b8f7605d6ba118a2,156,0.23225806451612904,10.0,0.7118987371029152
0x4de148ab2ea9ddffdc82f5e5b8f7605d6ba118a2,156,0.23870967741935484,10.0,0.7122209351332214
0x4de148ab2ea9ddffdc82f5e5b8f7605d6ba118a2,156,0.24516129032258063,9.999999999999996,0.7062191463036669
0x4de148ab2ea9ddffdc82f5e5b8f7605d6ba118a2,156,0.25161290322580643,9.999999999999995,0.7012874056691293
0x4de148ab2ea9ddffdc82f5e5b8f7605d6ba118a2,156,0.25806451612903225,9.999999000000008,0.6864983738935909
0x4de148ab2ea9ddffdc82f5e5b8f7605d6ba118a2,156,0.2645161290322581,9.999999000000008,0.6864983738935909
0x4de148ab2ea9ddffdc82f5e5b8f7605d6ba118a2,156,0.2709677419354839,9.999999000000006,0.6864983738935909
0x4de148ab2ea9ddffdc82f5e5b8f7605d6ba118a2,156,0.27741935483870966,9.999999000000006,0.6529360816760682
0x4de148ab2ea9ddffdc82f5e5b8f7605d6ba118a2,156,0.2838709677419355,9.999999000000006,0.6493933496080819
0x4de148ab2ea9ddffdc82f5e5b8f7605d6ba118a2,156,0.2903225806451613,9.999999000000003,0.6493933496080819
0x4de148ab2ea9ddffdc82f5e5b8f7605d6ba118a2,156,0.2967741935483871,9.999999000000003,0.6493933496080819
0x4de148ab2ea9ddffdc82f5e5b8f7605d6ba118a2,156,0.3032258064516129,9.999999,0.6493933496080819
0x4de148ab2ea9ddffdc82f5e5b8f7605d6ba118a2,156,0.3096774193548387,9.999999,0.7581860770193083
0x4de148ab2ea9ddffdc82f5e5b8f7605d6ba118a2,156,0.3161290322580645,9.999999,0.7268813061644558
0x4de148ab2ea9ddffdc82f5e5b8f7605d6ba118a2,156,0.3225806451612903,9.999998999999999,0.7250369941430991
0x4de148ab2ea9ddffdc82f5e5b8f7605d6ba118a2,156,0.32903225806451614,9.999998999999999,0.8494795734497463
0x4de148ab2ea9ddffdc82f5e5b8f7605d6ba118a2,156,0.33548387096774196,9.999998999999999,0.8383582965875387
0x4de148ab2ea9ddffdc82f5e5b8f7605d6ba118a2,156,0.3419354838709677,9.999998999999999,0.8383582965875387
0x4de148ab2ea9ddffdc82f5e5b8f7605d6ba118a2,156,0.34838709677419355,9.999998999999999,0.8163024999400467
0x4de148ab2ea9ddffdc82f5e5b8f7605d6ba118a2,156,0.3548387096774194,9.999998999999997,0.8133942234371574
0x4de148ab2ea9ddffdc82f5e5b8f7605d6ba118a2,156,0.36129032258064514,9.999998999999992,0.8117026839322148
0x4de148ab2ea9ddffdc82f5e5b8f7605d6ba118a2,156,0.36774193548387096,9.84,0.8086366750062893
0x4de148ab2ea9ddffdc82f5e5b8f7605d6ba118a2,156,0.3741935483870968,8.289830956918616,0.7918555305756427
0x4de148ab2ea9ddffdc82f5e5b8f7605d6ba118a2,156,0.38064516129032255,7.228989758999999,0.7918555305756427
0x4de148ab2ea9ddffdc82f5e5b8f7605d6ba118a2,156,0.3870967741935484,7.22453730508475,0.8997502196966363
0x4de148ab2ea9ddffdc82f5e5b8f7605d6ba118a2,156,0.3935483870967742,6.575794719999999,0.8997502196966363
0x4de148ab2ea9ddffdc82f5e5b8f7605d6ba118a2,156,0.4,6.395794719999999,0.8997502196966363
0x4de148ab2ea9ddffdc82f5e5b8f7605d6ba118a2,156,0.4064516129032258,6.0865,0.8997502196966363
0x4de148ab2ea9ddffdc82f5e5b8f7605d6ba118a2,156,0.4129032258064516,6.0657947199999995,0.8997502196966363
0x4de148ab2ea9ddffdc82f5e5b8f7605d6ba118a2,156,0.41935483870967744,5.695794719999999,0.8997502196966363
0x4de148ab2ea9ddffdc82f5e5b8f7605d6ba118a2,156,0.4258064516129032,5.395794719999999,0.8997502196966363
0x4de148ab2ea9ddffdc82f5e5b8f7605d6ba118a2,156,0.432258064516129,5.2119997589999985,0.8997502196966363
0x4de148ab2ea9ddffdc82f5e5b8f7605d6ba118a2,156,0.43870967741935485,5.145794719999999,0.8997502196966363
0x4de148ab2ea9ddffdc82f5e5b8f7605d6ba118a2,156,0.44516129032258067,5.131059758999998,0.8997502196966363
0x4de148ab2ea9ddffdc82f5e5b8f7605d6ba118a2,156,0.45161290322580644,5.004502859294122,1.0069884665138897
0x4de148ab2ea9ddffdc82f5e5b8f7605d6ba118a2,156,0.45806451612903226,5.000000000000004,1.0069884665138897
0x4de148ab2ea9ddffdc82f5e5b8f7605d6ba118a2,156,0.4645161290322581,5.0000000000000036,1.0066959098495245
0x4de148ab2ea9ddffdc82f5e5b8f7605d6ba118a2,156,0.47096774193548385,5.0000000000000036,0.9899147620626483
0x4de148ab2ea9ddffdc82f5e5b8f7605d6ba118a2,156,0.4774193548387097,5.0000000000000036,0.9880307397552005
0x4de148ab2ea9ddffdc82f5e5b8f7605d6ba118a2,156,0.4838709677419355,5.000000000000003,0.9880307397552005
0x4de148ab2ea9ddffdc82f5e5b8f7605d6ba118a2,156,0.49032258064516127,5.000000000000001,0.9880307397552005
0x4de148ab2ea9ddffdc82f5e5b8f7605d6ba118a2,156,0.4967741935483871,5.0,0.9880307397552005
0x4de148ab2ea9ddffdc82f5e5b8f7605d6ba118a2,156,0.5032258064516129,5.0,0.986662088145068
0x4de148ab2ea9ddffdc82f5e5b8f7605d6ba118a2,156,0.5096774193548387,4.999999999999999,0.9833058585876927
0x4de148ab2ea9ddffdc82f5e5b8f7605d6ba118a2,156,0.5161290322580645,4.999999999999999,0.9803756780767902
0x4de148ab2ea9ddffdc82f5e5b8f7605d6ba118a2,156,0.5225806451612903,4.999999000000004,0.9635945336461436
0x4de148ab2ea9ddffdc82f5e5b8f7605d6ba118a2,156,0.5290322580645161,4.999999000000004,0.9622395553001085
0x4de148ab2ea9ddffdc82f5e5b8f7605d6ba118a2,156,0.535483870967742,4.999999000000003,0.9520412625941235
0x4de148ab2ea9ddffdc82f5e5b8f7605d6ba118a2,156,0.5419354838709678,4.999999000000003,0.9520412625941235
0x4de148ab2ea9ddffdc82f5e5b8f7605d6ba118a2,156,0.5483870967741935,4.9999990000000025,0.9467530115742181
0x4de148ab2ea9ddffdc82f5e5b8f7605d6ba118a2,156,0.5548387096774193,4.9999990000000025,0.9467530115742181
0x4de148ab2ea9ddffdc82f5e5b8f7605d6ba118a2,156,0.5612903225806452,4.9999990000000025,0.9467530115742181
0x4de148ab2ea9ddffdc82f5e5b8f7605d6ba118a2,156,0.567741935483871,4.9999990000000025,0.944302717226042
0x4de148ab2ea9ddffdc82f5e5b8f7605d6ba118a2,156,0.5741935483870968,4.9999990000000025,0.944302717226042
0x4de148ab2ea9ddffdc82f5e5b8f7605d6ba118a2,156,0.5806451612903226,4.999999000000002,0.9382615049893608
0x4de148ab2ea9ddffdc82f5e5b8f7605d6ba118a2,156,0.5870967741935483,4.999999000000002,0.9377830506483792
0x4de148ab2ea9ddffdc82f5e5b8f7605d6ba118a2,156,0.5935483870967742,4.999999000000002,0.9358838219098957
0x4de148ab2ea9ddffdc82f5e5b8f7605d6ba118a2,156,0.6,4.999999000000001,0.9281980581548649
0x4de148ab2ea9ddffdc82f5e5b8f7605d6ba118a2,156,0.6064516129032258,4.999999000000001,0.9281980581548649
0x4de148ab2ea9ddffdc82f5e5b8f7605d6ba118a2,156,0.6129032258064516,4.999999000000001,0.9164512564895657
0x4de148ab2ea9ddffdc82f5e5b8f7605d6ba118a2,156,0.6193548387096774,4.999999000000001,0.9462844051273638
0x4de148ab2ea9ddffdc82f5e5b8f7605d6ba118a2,156,0.6258064516129033,4.999999,1.001522348807088
0x4de148ab2ea9ddffdc82f5e5b8f7605d6ba118a2,156,0.632258064516129,4.999999,0.9984546416012581
0x4de148ab2ea9ddffdc82f5e5b8f7605d6ba118a2,156,0.6387096774193548,4.999999,0.9984546416012581
0x4de148ab2ea9ddffdc82f5e5b8f7605d6ba118a2,156,0.6451612903225806,4.999999,0.9822935493736492
0x4de148ab2ea9ddffdc82f5e5b8f7605d6ba118a2,156,0.6516129032258065,4.999999,0.9655124049430026
0x4de148ab2ea9ddffdc82f5e5b8f7605d6ba118a2,156,0.6580645161290323,4.999999,0.9621561771172168
0x4de148ab2ea9ddffdc82f5e5b8f7605d6ba118a2,156,0.6645161290322581,4.999998999999999,0.9610592444989249
0x4de148ab2ea9ddffdc82f5e5b8f7605d6ba118a2,156,0.6709677419354839,4.999998999999999,0.9610592444989249
0x4de148ab2ea9ddffdc82f5e5b8f7605d6ba118a2,156,0.6774193548387096,4.999998999999999,0.9442781000682783
0x4de148ab2ea9ddffdc82f5e5b8f7605d6ba118a2,156,0.6838709677419355,4.999998999999999,0.9274969556376317
0x4de148ab2ea9ddffdc82f5e5b8f7605d6ba118a2,156,0.6903225806451613,4.999998999999999,0.9274969556376317
0x4de148ab2ea9ddffdc82f5e5b8f7605d6ba118a2,156,0.6967741935483871,4.999998999999999,1.0241361989046953
0x4de148ab2ea9ddffdc82f5e5b8f7605d6ba118a2,156,0.7032258064516129,4.999998999999998,1.0241361989046953
0x4de148ab2ea9ddffdc82f5e5b8f7605d6ba118a2,156,0.7096774193548387,4.995794719999999,1.0241361989046953
0x4de148ab2ea9ddffdc82f5e5b8f7605d6ba118a2,156,0.7161290322580646,4.9554997589999985,1.0241361989046953
0x4de148ab2ea9ddffdc82f5e5b8f7605d6ba118a2,156,0.7225806451612903,4.89579472,1.0241361989046953
0x4de148ab2ea9ddffdc82f5e5b8f7605d6ba118a2,156,0.7290322580645161,4.875600000000001,1.0176603537560889
0x4de148ab2ea9ddffdc82f5e5b8f7605d6ba118a2,156,0.7354838709677419,4.785794719999999,1.0176603537560889
0x4de148ab2ea9ddffdc82f5e5b8f7605d6ba118a2,156,0.7419354838709677,4.632110000000004,1.0176603537560889
0x4de148ab2ea9ddffdc82f5e5b8f7605d6ba118a2,156,0.7483870967741936,4.608279758999998,1.0176603537560889
0x4de148ab2ea9ddffdc82f5e5b8f7605d6ba118a2,156,0.7548387096774194,4.58579472,1.0176603537560889
0x4de148ab2ea9ddffdc82f5e5b8f7605d6ba118a2,156,0.7612903225806451,4.514829758999999,1.0176603537560889
0x4de148ab2ea9ddffdc82f5e5b8f7605d6ba118a2,156,0.7677419354838709,4.348539758999999,1.0176603537560889
0x4de148ab2ea9ddffdc82f5e5b8f7605d6ba118a2,156,0.7741935483870968,4.285794719999999,1.0176603537560889
0x4de148ab2ea9ddffdc82f5e5b8f7605d6ba118a2,156,0.7806451612903226,4.1857947200000005,1.0176603537560889
0x4de148ab2ea9ddffdc82f5e5b8f7605d6ba118a2,156,0.7870967741935484,4.173519758999999,1.0176603537560889
0x4de148ab2ea9ddffdc82f5e5b8f7605d6ba118a2,156,0.7935483870967742,4.0953,1.0176603537560889
0x4de148ab2ea9ddffdc82f5e5b8f7605d6ba118a2,156,0.8,4.033209758999998,1.0176603537560889
0x4de148ab2ea9ddffdc82f5e5b8f7605d6ba118a2,156,0.8064516129032258,3.903099758999999,1.0176603537560889
0x4de148ab2ea9ddffdc82f5e5b8f7605d6ba118a2,156,0.8129032258064516,3.900090758999999,1.0176603537560889
0x4de148ab2ea9ddffdc82f5e5b8f7605d6ba118a2,156,0.8193548387096774,3.7234807589999996,1.0176603537560889
0x4de148ab2ea9ddffdc82f5e5b8f7605d6ba118a2,156,0.8258064516129032,3.7058299999999997,1.005222737575481
0x4de148ab2ea9ddffdc82f5e5b8f7605d6ba118a2,156,0.832258064516129,3.674880758999999,1.005222737575481
0x4de148ab2ea9ddffdc82f5e5b8f7605d6ba118a2,156,0.8387096774193549,3.61579472,1.005222737575481
0x4de148ab2ea9ddffdc82f5e5b8f7605d6ba118a2,156,0.8451612903225807,3.0940807589999997,1.005222737575481
0x4de148ab2ea9ddffdc82f5e5b8f7605d6ba118a2,156,0.8516129032258064,3.000000000000001,1.004024358896749
0x4de148ab2ea9ddffdc82f5e5b8f7605d6ba118a2,156,0.8580645161290322,2.8957947199999996,1.004024358896749
0x4de148ab2ea9ddffdc82f5e5b8f7605d6ba118a2,156,0.864516129032258,2.8180807589999994,1.004024358896749
0x4de148ab2ea9ddffdc82f5e5b8f7605d6ba118a2,156,0.8709677419354839,2.5957947199999998,1.004024358896749
0x4de148ab2ea9ddffdc82f5e5b8f7605d6ba118a2,156,0.8774193548387097,2.5457947199999995,1.004024358896749
0x4de148ab2ea9ddffdc82f5e5b8f7605d6ba118a2,156,0.8838709677419355,2.4750947199999995,1.004024358896749
0x4de148ab2ea9ddffdc82f5e5b8f7605d6ba118a2,156,0.8903225806451613,2.4084947199999998,1.004024358896749
0x4de148ab2ea9ddffdc82f5e5b8f7605d6ba118a2,156,0.896774193548387,2.08619472,1.004024358896749
0x4de148ab2ea9ddffdc82f5e5b8f7605d6ba118a2,156,0.9032258064516129,1.97509472,1.004024358896749
0x4de148ab2ea9ddffdc82f5e5b8f7605d6ba118a2,156,0.9096774193548387,1.549938976,1.004024358896749
0x4de148ab2ea9ddffdc82f5e5b8f7605d6ba118a2,156,0.9161290322580645,1.5306947199999998,1.004024358896749
0x4de148ab2ea9ddffdc82f5e5b8f7605d6ba118a2,156,0.9225806451612903,1.2806947199999998,1.004024358896749
0x4de148ab2ea9ddffdc82f5e5b8f7605d6ba118a2,156,0.9290322580645162,1.2486902,1.004024358896749
0x4de148ab2ea9ddffdc82f5e5b8f7605d6ba118a2,156,0.9354838709677419,1.15069472,1.004024358896749
0x4de148ab2ea9ddffdc82f5e5b8f7605d6ba118a2,156,0.9419354838709677,1.029619118382205,1.004024358896749
0x4de148ab2ea9ddffdc82f5e5b8f7605d6ba118a2,156,0.9483870967741935,1.0106947199999998,1.004024358896749
0x4de148ab2ea9ddffdc82f5e5b8f7605d6ba118a2,156,0.9548387096774194,1.0000000000000004,1.003862619129734
0x4de148ab2ea9ddffdc82f5e5b8f7605d6ba118a2,156,0.9612903225806452,1.0000000000000004,1.003862619129734
0x4de148ab2ea9ddffdc82f5e5b8f7605d6ba118a2,156,0.967741935483871,0.999999000000001,1.0005063929285885
0x4de148ab2ea9ddffdc82f5e5b8f7605d6ba118a2,156,0.9741935483870968,0.9999990000000002,1.0000000000000004
0x4de148ab2ea9ddffdc82f5e5b8f7605d6ba118a2,156,0.9806451612903225,0.9139170117648014,1.0000000000000004
0x4de148ab2ea9ddffdc82f5e5b8f7605d6ba118a2,156,0.9870967741935484,0.90069472,1.0000000000000004
0x4de148ab2ea9ddffdc82f5e5b8f7605d6ba118a2,156,0.9935483870967742,0.80069472,1.0000000000000004
0x4de148ab2ea9ddffdc82f5e5b8f7605d6ba118a2,156,1.0,0.544,1.0000000000000004
0x4ffe49ba2a4cae123536a8af4fda48faeb609f71,656,0.0,92.568,9.075500939621335e-05
0x4ffe49ba2a4cae123536a8af4fda48faeb609f71,656,0.00916030534351145,25.403999999999996,0.05965027099996082
0x4ffe49ba2a4cae123536a8af4fda48faeb609f71,656,0.0183206106870229,19.532929632,0.09876732340580238
0x4ffe49ba2a4cae123536a8af4fda48faeb609f71,656,0.02748091603053435,16.87512584,0.09312456283281112
0x4ffe49ba2a4cae123536a8af4fda48faeb609f71,656,0.0366412213740458,13.773805967,0.08890182045771465
0x4ffe49ba2a4cae123536a8af4fda48faeb609f71,656,0.04580152671755725,12.94741481,0.08828036080407436
0x4ffe49ba2a4cae123536a8af4fda48faeb609f71,656,0.0549618320610687,12.221,0.08729956674508609
0x4ffe49ba2a4cae123536a8af4fda48faeb609f71,656,0.06412213740458016,11.983,0.07829212500970496
0x4ffe49ba2a4cae123536a8af4fda48faeb609f71,656,0.0732824427480916,11.9,0.2644606306537944
0x4ffe49ba2a4cae123536a8af4fda48faeb609f71,656,0.08244274809160305,11.65383,0.26210369015349655
0x4ffe49ba2a4cae123536a8af4fda48faeb609f71,656,0.0916030534351145,10.934754115537052,0.25980346127844056
0x4ffe49ba2a4cae123536a8af4fda48faeb609f71,656,0.10076335877862595,10.54479,0.2536436188965433
0x4ffe49ba2a4cae123536a8af4fda48faeb609f71,656,0.1099236641221374,10.00329798,0.2536436188965433
0x4ffe49ba2a4cae123536a8af4fda48faeb609f71,656,0.11908396946564885,9.62,0.2505171502524361
0x4ffe49ba2a4cae123536a8af4fda48faeb609f71,656,0.1282442748091603,8.996353964,0.2477560926187807
0x4ffe49ba2a4cae123536a8af4fda48faeb609f71,656,0.13740458015267176,8.908000000000001,0.2283813638612613
0x4ffe49ba2a4cae123536a8af4fda48faeb609f71,656,0.1465648854961832,8.508042737,0.22117352691042846
0x4ffe49ba2a4cae123536a8af4fda48faeb609f71,656,0.15572519083969466,8.327200992000007,0.21634728904297354
0x4ffe49ba2a4cae123536a8af4fda48faeb609f71,656,0.1648854961832061,8.06769,0.21009975879836545
0x4ffe49ba2a4cae123536a8af4fda48faeb609f71,656,0.17404580152671756,7.877630000000002,0.2098374118641577
0x4ffe49ba2a4cae123536a8af4fda48faeb609f71,656,0.183206106870229,7.586386431249257,0.2557168214908728
0x4ffe49ba2a4cae123536a8af4fda48faeb609f71,656,0.19236641221374046,7.25539984,0.3236037894535996
0x4ffe49ba2a4cae123536a8af4fda48faeb609f71,656,0.2015267175572519,6.90404884,0.32292332672306384
0x4ffe49ba2a4cae123536a8af4fda48faeb609f71,656,0.21068702290076335,6.52779,0.39064454420971434
0x4ffe49ba2a4cae123536a8af4fda48faeb609f71,656,0.2198473282442748,6.284947988,0.434121571381371
0x4ffe49ba2a4cae123536a8af4fda48faeb609f71,656,0.22900763358778625,5.888395990353117,0.5009326969795341
0x4ffe49ba2a4cae123536a8af4fda48faeb609f71,656,0.2381679389312977,5.7,0.49797756605052995
0x4ffe49ba2a4cae123536a8af4fda48faeb609f71,656,0.24732824427480915,5.547651999999999,0.4974712009985146
0x4ffe49ba2a4cae123536a8af4fda48faeb609f71,656,0.2564885496183206,5.2237599999999995,0.49712464073741286
0x4ffe49ba2a4cae123536a8af4fda48faeb609f71,656,0.26564885496183205,5.110131747644678,0.5650863329952371
0x4ffe49ba2a4cae123536a8af4fda48faeb609f71,656,0.2748091603053435,4.965920000000001,0.5638234291059888
0x4ffe49ba2a4cae123536a8af4fda48faeb609f71,656,0.28396946564885495,4.800343399999999,0.5638234291059888
0x4ffe49ba2a4cae123536a8af4fda48faeb609f71,656,0.2931297709923664,4.650931,0.5611108397390616
0x4ffe49ba2a4cae123536a8af4fda48faeb609f71,656,0.30229007633587784,4.528057384,0.561064126232145
0x4ffe49ba2a4cae123536a8af4fda48faeb609f71,656,0.3114503816793893,4.444591755749755,0.6285418499403049
0x4ffe49ba2a4cae123536a8af4fda48faeb609f71,656,0.32061068702290074,4.3005050879999995,0.626912117239221
0x4ffe49ba2a4cae123536a8af4fda48faeb609f71,656,0.3297709923664122,4.156008547999999,0.626912117239221
0x4ffe49ba2a4cae123536a8af4fda48faeb609f71,656,0.33893129770992364,4.0,0.6316004403499224
0x4ffe49ba2a4cae123536a8af4fda48faeb609f71,656,0.3480916030534351,3.861082984,0.6314566306163938
0x4ffe49ba2a4cae123536a8af4fda48faeb609f71,656,0.35725190839694654,3.74975819,0.6992148441163899
0x4ffe49ba2a4cae123536a8af4fda48faeb609f71,656,0.366412213740458,3.6790000000000003,0.6991370665243414
0x4ffe49ba2a4cae123536a8af4fda48faeb609f71,656,0.3755725190839695,3.552609984,0.6990508287305744
0x4ffe49ba2a4cae123536a8af4fda48faeb609f71,656,0.3847328244274809,3.42,0.6990267396402996
0x4ffe49ba2a4cae123536a8af4fda48faeb609f71,656,0.3938931297709924,3.3,0.6989449910031955
0x4ffe49ba2a4cae123536a8af4fda48faeb609f71,656,0.4030534351145038,3.2132836267494613,0.6989209019129208
0x4ffe49ba2a4cae123536a8af4fda48faeb609f71,656,0.4122137404580153,3.0701196597496816,0.696684022225774
0x4ffe49ba2a4cae123536a8af4fda48faeb609f71,656,0.4213740458015267,3.001867659749682,0.7645990009766817
0x4ffe49ba2a4cae123536a8af4fda48faeb609f71,656,0.4305343511450382,2.8886070640000003,0.7645756442232233
0x4ffe49ba2a4cae123536a8af4fda48faeb609f71,656,0.4396946564885496,2.7284550000000007,0.7627022992695021
0x4ffe49ba2a4cae123536a8af4fda48faeb609f71,656,0.4488549618320611,2.6,0.7626051195428045
0x4ffe49ba2a4cae123536a8af4fda48faeb609f71,656,0.4580152671755725,2.5199339120000004,0.7626051195428046
0x4ffe49ba2a4cae123536a8af4fda48faeb609f71,656,0.467175572519084,2.49696,0.7625817627893463
0x4ffe49ba2a4cae123536a8af4fda48faeb609f71,656,0.4763358778625954,2.448559287,0.761541609676985
0x4ffe49ba2a4cae123536a8af4fda48faeb609f71,656,0.4854961832061069,2.399294078968421,0.7615300360172227
0x4ffe49ba2a4cae123536a8af4fda48faeb609f71,656,0.4946564885496183,2.3078015871926745,0.8296572610368156
0x4ffe49ba2a4cae123536a8af4fda48faeb609f71,656,0.5038167938931297,2.24343,0.8296572610368156
0x4ffe49ba2a4cae123536a8af4fda48faeb609f71,656,0.5129770992366413,2.1971809920000003,0.8296353881893548
0x4ffe49ba2a4cae123536a8af4fda48faeb609f71,656,0.5221374045801527,2.15119,0.8379139451850203
0x4ffe49ba2a4cae123536a8af4fda48faeb609f71,656,0.5312977099236641,2.0938260000000004,0.836480618305446
0x4ffe49ba2a4cae123536a8af4fda48faeb609f71,656,0.5404580152671755,2.0003433999999984,0.8361311978176216
0x4ffe49ba2a4cae123536a8af4fda48faeb609f71,656,0.549618320610687,1.9720000000000006,0.8361311978176216
0x4ffe49ba2a4cae123536a8af4fda48faeb609f71,656,0.5587786259541985,1.9300000000000002,0.8357704863452877
0x4ffe49ba2a4cae123536a8af4fda48faeb609f71,656,0.5679389312977099,1.908010198,0.8344610407402827
0x4ffe49ba2a4cae123536a8af4fda48faeb609f71,656,0.5770992366412214,1.8152876610000002,0.8344610407402827
0x4ffe49ba2a4cae123536a8af4fda48faeb609f71,656,0.5862595419847328,1.7460490534860198,0.8344610407402827
0x4ffe49ba2a4cae123536a8af4fda48faeb609f71,656,0.5954198473282443,1.700401914,0.8344610407402827
0x4ffe49ba2a4cae123536a8af4fda48faeb609f71,656,0.6045801526717557,1.6523999999999999,0.9056413854747538
0x4ffe49ba2a4cae123536a8af4fda48faeb609f71,656,0.6137404580152672,1.6439612659764116,0.9054767144083585
0x4ffe49ba2a4cae123536a8af4fda48faeb609f71,656,0.6229007633587786,1.5950000000000015,0.9045650255677721
0x4ffe49ba2a4cae123536a8af4fda48faeb609f71,656,0.6320610687022901,1.5400000000000003,0.9045650255677721
0x4ffe49ba2a4cae123536a8af4fda48faeb609f71,656,0.6412213740458015,1.5,0.90345033022394
0x4ffe49ba2a4cae123536a8af4fda48faeb609f71,656,0.650381679389313,1.43913,0.9032522529634537
0x4ffe49ba2a4cae123536a8af4fda48faeb609f71,656,0.6595419847328244,1.422972365385458,0.9016242310804894
0x4ffe49ba2a4cae123536a8af4fda48faeb609f71,656,0.6687022900763359,1.399231128,0.9016242310804894
0x4ffe49ba2a4cae123536a8af4fda48faeb609f71,656,0.6778625954198473,1.3636359999999994,0.9016242310804894
0x4ffe49ba2a4cae123536a8af4fda48faeb609f71,656,0.6870229007633588,1.33413,0.9016242310804894
0x4ffe49ba2a4cae123536a8af4fda48faeb609f71,656,0.6961832061068702,1.2612975579999997,0.9015865875988448
0x4ffe49ba2a4cae123536a8af4fda48faeb609f71,656,0.7053435114503817,1.238990000000001,0.9015865875988448
0x4ffe49ba2a4cae123536a8af4fda48faeb609f71,656,0.7145038167938931,1.1688329902351948,0.9015865875988448
0x4ffe49ba2a4cae123536a8af4fda48faeb609f71,656,0.7236641221374046,1.142856,0.9015865875988448
0x4ffe49ba2a4cae123536a8af4fda48faeb609f71,656,0.732824427480916,1.09771,0.9015865875988448
0x4ffe49ba2a4cae123536a8af4fda48faeb609f71,656,0.7419847328244275,1.0484000000000009,0.9015865875988448
0x4ffe49ba2a4cae123536a8af4fda48faeb609f71,656,0.751145038167939,1.010612,0.9015865875988448
0x4ffe49ba2a4cae123536a8af4fda48faeb609f71,656,0.7603053435114504,0.9662159999999999,0.9046964346729386
0x4ffe49ba2a4cae123536a8af4fda48faeb609f71,656,0.7694656488549618,0.9471419999999999,0.9527705795912824
0x4ffe49ba2a4cae123536a8af4fda48faeb609f71,656,0.7786259541984732,0.85648,0.9527705795912824
0x4ffe49ba2a4cae123536a8af4fda48faeb609f71,656,0.7877862595419848,0.78771,0.9527705795912824
0x4ffe49ba2a4cae123536a8af4fda48faeb609f71,656,0.7969465648854962,0.74352,0.9527705795912824
0x4ffe49ba2a4cae123536a8af4fda48faeb609f71,656,0.8061068702290076,0.7000000000000001,0.9527705795912824
0x4ffe49ba2a4cae123536a8af4fda48faeb609f71,656,0.815267175572519,0.660287661,0.9524621083733356
0x4ffe49ba2a4cae123536a8af4fda48faeb609f71,656,0.8244274809160306,0.615328,0.9524621083733356
0x4ffe49ba2a4cae123536a8af4fda48faeb609f71,656,0.833587786259542,0.5718300000000001,0.9521229857796963
0x4ffe49ba2a4cae123536a8af4fda48faeb609f71,656,0.8427480916030534,0.54912,0.9521229857796963
0x4ffe49ba2a4cae123536a8af4fda48faeb609f71,656,0.8519083969465648,0.5008,0.9521229857796963
0x4ffe49ba2a4cae123536a8af4fda48faeb609f71,656,0.8610687022900764,0.46683,0.9521229857796963
0x4ffe49ba2a4cae123536a8af4fda48faeb609f71,656,0.8702290076335878,0.4123969599999995,0.9966597228043765
0x4ffe49ba2a4cae123536a8af4fda48faeb609f71,656,0.8793893129770992,0.36183000000000004,0.99639649220659
0x4ffe49ba2a4cae123536a8af4fda48faeb609f71,656,0.8885496183206106,0.33028766100000007,0.99639649220659
0x4ffe49ba2a4cae123536a8af4fda48faeb609f71,656,0.8977099236641222,0.31500000000000006,0.99639649220659
0x4ffe49ba2a4cae123536a8af4fda48faeb609f71,656,0.9068702290076336,0.2839750000000001,0.9961920531977773
0x4ffe49ba2a4cae123536a8af4fda48faeb609f71,656,0.916030534351145,0.265822,0.9961920531977773
0x4ffe49ba2a4cae123536a8af4fda48faeb609f71,656,0.9251908396946565,0.2100000000000002,0.9961920531977773
0x4ffe49ba2a4cae123536a8af4fda48faeb609f71,656,0.934351145038168,0.190476,1.000160576824492
0x4ffe49ba2a4cae123536a8af4fda48faeb609f71,656,0.9435114503816794,0.16828070400000017,1.000160576824492
0x4ffe49ba2a4cae123536a8af4fda48faeb609f71,656,0.9526717557251908,0.15183000000000002,1.000160576824492
0x4ffe49ba2a4cae123536a8af4fda48faeb609f71,656,0.9618320610687023,0.132,1.0000579127847937
0x4ffe49ba2a4cae123536a8af4fda48faeb609f71,656,0.9709923664122138,0.10500000000000001,1.0000579127847937
0x4ffe49ba2a4cae123536a8af4fda48faeb609f71,656,0.9801526717557252,0.08,1.0
0x4ffe49ba2a4cae123536a8af4fda48faeb609f71,656,0.9893129770992366,0.044088999999999996,1.0
0x4ffe49ba2a4cae123536a8af4fda48faeb609f71,656,0.9984732824427481,1.1901590823981677e-15,1.0
0x4ffe49ba2a4cae123536a8af4fda48faeb609f71,656,1.0,7.105427357601002e-16,1.0
0x53685989c332366675257535f28abd6d17782d62,307,0.0,28.65337776,-3.85041004543498e-05
0x53685989c332366675257535f28abd6d17782d62,307,0.00980392156862745,23.187176,0.03218362532799072
0x53685989c332366675257535f28abd6d17782d62,307,0.0196078431372549,20.706339500000002,0.11142560852780445
0x53685989c332366675257535f28abd6d17782d62,307,0.029411764705882353,19.22145313,0.19723917988425876
0x53685989c332366675257535f28abd6d17782d62,307,0.0392156862745098,18.3328,0.2904694324113622
0x53685989c332366675257535f28abd6d17782d62,307,0.049019607843137254,16.335528,0.37992159174688156
0x53685989c332366675257535f28abd6d17782d62,307,0.058823529411764705,14.993699999999999,0.376347889244759
0x53685989c332366675257535f28abd6d17782d62,307,0.06862745098039216,14.509613250000001,0.375595241295684
0x53685989c332366675257535f28abd6d17782d62,307,0.0784313725490196,13.702313983967668,0.46481704728640283
0x53685989c332366675257535f28abd6d17782d62,307,0.08823529411764706,12.253896,0.5580472998135063
0x53685989c332366675257535f28abd6d17782d62,307,0.09803921568627451,10.715301983967668,0.5552625005373235
0x53685989c332366675257535f28abd6d17782d62,307,0.10784313725490197,10.21308,0.648492753064427
0x53685989c332366675257535f28abd6d17782d62,307,0.11764705882352941,9.999,0.6459289207097184
0x53685989c332366675257535f28abd6d17782d62,307,0.12745098039215685,9.9968,0.6458450134690188
0x53685989c332366675257535f28abd6d17782d62,307,0.13725490196078433,9.9954,0.6458450134690188
0x53685989c332366675257535f28abd6d17782d62,307,0.14705882352941177,9.907052000000002,0.6451661460866037
0x53685989c332366675257535f28abd6d17782d62,307,0.1568627450980392,9.703143098761734,0.6548755189844759
0x53685989c332366675257535f28abd6d17782d62,307,0.16666666666666666,9.5219945,0.6552708153184383
0x53685989c332366675257535f28abd6d17782d62,307,0.17647058823529413,9.197864520000001,0.6552708153184383
0x53685989c332366675257535f28abd6d17782d62,307,0.18627450980392157,9.0176,0.6548823564922903
0x53685989c332366675257535f28abd6d17782d62,307,0.19607843137254902,8.7876,0.6529627452856195
0x53685989c332366675257535f28abd6d17782d62,307,0.20588235294117646,8.5876,0.6525742864594716
0x53685989c332366675257535f28abd6d17782d62,307,0.21568627450980393,8.3176,0.6521858276333236
0x53685989c332366675257535f28abd6d17782d62,307,0.22549019607843138,8.172264,0.745416080160427
0x53685989c332366675257535f28abd6d17782d62,307,0.23529411764705882,7.9799999999999995,0.745416080160427
0x53685989c332366675257535f28abd6d17782d62,307,0.24509803921568626,7.916654000000002,0.7450276213342791
0x53685989c332366675257535f28abd6d17782d62,307,0.2549019607843137,7.5,0.7443592693961189
0x53685989c332366675257535f28abd6d17782d62,307,0.2647058823529412,7.498400000000001,0.7439708105699709
0x53685989c332366675257535f28abd6d17782d62,307,0.27450980392156865,7.39298992,0.7439708105699709
0x53685989c332366675257535f28abd6d17782d62,307,0.28431372549019607,7.083322000000002,0.7391902738445386
0x53685989c332366675257535f28abd6d17782d62,307,0.29411764705882354,6.756710840000001,0.733416423625349
0x53685989c332366675257535f28abd6d17782d62,307,0.30392156862745096,6.62778888,0.733027964799201
0x53685989c332366675257535f28abd6d17782d62,307,0.3137254901960784,6.249990000000001,0.732639505973053
0x53685989c332366675257535f28abd6d17782d62,307,0.3235294117647059,5.999280968904896,0.8258697585001565
0x53685989c332366675257535f28abd6d17782d62,307,0.3333333333333333,5.4403625,0.8254812996740085
0x53685989c332366675257535f28abd6d17782d62,307,0.3431372549019608,5.348570249999999,0.8250928408478606
0x53685989c332366675257535f28abd6d17782d62,307,0.35294117647058826,5.117299999999999,0.8250928408478606
0x53685989c332366675257535f28abd6d17782d62,307,0.3627450980392157,5.0,0.8217572491286057
0x53685989c332366675257535f28abd6d17782d62,307,0.37254901960784315,5.0,0.8223946644571618
0x53685989c332366675257535f28abd6d17782d62,307,0.38235294117647056,4.999700000000001,0.8220062056310139
0x53685989c332366675257535f28abd6d17782d62,307,0.39215686274509803,4.9984,0.8220062056310139
0x53685989c332366675257535f28abd6d17782d62,307,0.4019607843137255,4.9977,0.8220062056310139
0x53685989c332366675257535f28abd6d17782d62,307,0.4117647058823529,4.9966,0.8221579750971063
0x53685989c332366675257535f28abd6d17782d62,307,0.4215686274509804,4.996560000000001,0.8221579750971063
0x53685989c332366675257535f28abd6d17782d62,307,0.43137254901960786,4.993799999999999,0.8221579750971063
0x53685989c332366675257535f28abd6d17782d62,307,0.4411764705882353,4.9799999999999995,0.8221579750971063
0x53685989c332366675257535f28abd6d17782d62,307,0.45098039215686275,4.8285,0.8221579750971063
0x53685989c332366675257535f28abd6d17782d62,307,0.46078431372549017,4.744700000000001,0.8221579750971063
0x53685989c332366675257535f28abd6d17782d62,307,0.47058823529411764,4.487804400000001,0.8199422029934925
0x53685989c332366675257535f28abd6d17782d62,307,0.4803921568627451,4.30384352,0.8199422029934925
0x53685989c332366675257535f28abd6d17782d62,307,0.49019607843137253,4.10912733,0.8195537441673446
0x53685989c332366675257535f28abd6d17782d62,307,0.5,4.0663,0.9127839966944481
0x53685989c332366675257535f28abd6d17782d62,307,0.5098039215686274,3.7092,0.9123955378683001
0x53685989c332366675257535f28abd6d17782d62,307,0.5196078431372549,3.47178888,0.9123955378683001
0x53685989c332366675257535f28abd6d17782d62,307,0.5294117647058824,3.3999999999999995,0.9117058893401476
0x53685989c332366675257535f28abd6d17782d62,307,0.5392156862745098,3.3484344999999998,0.9117058893401476
0x53685989c332366675257535f28abd6d17782d62,307,0.5490196078431373,3.3000000000000003,0.9113174305139997
0x53685989c332366675257535f28abd6d17782d62,307,0.5588235294117647,3.1808208600000003,0.9113174305139997
0x53685989c332366675257535f28abd6d17782d62,307,0.5686274509803921,3.002973209308605,0.9113174305139997
0x53685989c332366675257535f28abd6d17782d62,307,0.5784313725490197,2.9402725,0.9113174305139997
0x53685989c332366675257535f28abd6d17782d62,307,0.5882352941176471,2.7982000000000005,0.9109289716878517
0x53685989c332366675257535f28abd6d17782d62,307,0.5980392156862745,2.7222000000000004,0.9109289716878517
0x53685989c332366675257535f28abd6d17782d62,307,0.6078431372549019,2.692307,0.9109289716878517
0x53685989c332366675257535f28abd6d17782d62,307,0.6176470588235294,2.4999960000000003,0.9105405128617038
0x53685989c332366675257535f28abd6d17782d62,307,0.6274509803921569,2.3280295,0.9105405128617038
0x53685989c332366675257535f28abd6d17782d62,307,0.6372549019607843,2.1030675,0.9101366393431366
0x53685989c332366675257535f28abd6d17782d62,307,0.6470588235294118,2.084933,0.9101366393431366
0x53685989c332366675257535f28abd6d17782d62,307,0.6568627450980392,1.968571,1.002978433044092
0x53685989c332366675257535f28abd6d17782d62,307,0.6666666666666666,1.8571419999999996,1.002978433044092
0x53685989c332366675257535f28abd6d17782d62,307,0.6764705882352942,1.8308210000000003,1.001719824337355
0x53685989c332366675257535f28abd6d17782d62,307,0.6862745098039216,1.6698675,1.0015295590752527
0x53685989c332366675257535f28abd6d17782d62,307,0.696078431372549,1.631578,1.0011411002491046
0x53685989c332366675257535f28abd6d17782d62,307,0.7058823529411765,1.5500000000000003,1.0011411002491046
0x53685989c332366675257535f28abd6d17782d62,307,0.7156862745098039,1.45,1.0009508349870022
0x53685989c332366675257535f28abd6d17782d62,307,0.7254901960784313,1.3392,1.0009508349870022
0x53685989c332366675257535f28abd6d17782d62,307,0.7352941176470589,1.245,1.0005623761608542
0x53685989c332366675257535f28abd6d17782d62,307,0.7450980392156863,1.2152999999999998,1.0005623761608542
0x53685989c332366675257535f28abd6d17782d62,307,0.7549019607843137,1.177777,1.0005623761608542
0x53685989c332366675257535f28abd6d17782d62,307,0.7647058823529411,1.07619554,1.0005623761608542
0x53685989c332366675257535f28abd6d17782d62,307,0.7745098039215687,1.034435,1.0005623761608542
0x53685989c332366675257535f28abd6d17782d62,307,0.7843137254901961,0.9842,1.0005623761608542
0x53685989c332366675257535f28abd6d17782d62,307,0.7941176470588235,0.9084000000000001,1.0005623761608542
0x53685989c332366675257535f28abd6d17782d62,307,0.803921568627451,0.8799999999999999,1.0010098805122825
0x53685989c332366675257535f28abd6d17782d62,307,0.8137254901960784,0.8084,1.0006214216861342
0x53685989c332366675257535f28abd6d17782d62,307,0.8235294117647058,0.756,1.0006214216861342
0x53685989c332366675257535f28abd6d17782d62,307,0.8333333333333334,0.7075999999999999,1.0006214216861342
0x53685989c332366675257535f28abd6d17782d62,307,0.8431372549019608,0.6528,1.0006214216861342
0x53685989c332366675257535f28abd6d17782d62,307,0.8529411764705882,0.6028,1.0006214216861342
0x53685989c332366675257535f28abd6d17782d62,307,0.8627450980392157,0.5399999999999997,1.0006214216861342
0x53685989c332366675257535f28abd6d17782d62,307,0.8725490196078431,0.49600000000000005,1.0006214216861342
0x53685989c332366675257535f28abd6d17782d62,307,0.8823529411764706,0.439024,1.0006214216861342
0x53685989c332366675257535f28abd6d17782d62,307,0.8921568627450981,0.41666600000000004,1.0002329628599862
0x53685989c332366675257535f28abd6d17782d62,307,0.9019607843137255,0.4,1.0002329628599862
0x53685989c332366675257535f28abd6d17782d62,307,0.9117647058823529,0.32857,1.0002329628599862
0x53685989c332366675257535f28abd6d17782d62,307,0.9215686274509803,0.3014,1.0002329628599862
0x53685989c332366675257535f28abd6d17782d62,307,0.9313725490196079,0.24987900000000002,1.0
0x53685989c332366675257535f28abd6d17782d62,307,0.9411764705882353,0.21,1.0
0x53685989c332366675257535f28abd6d17782d62,307,0.9509803921568627,0.16559999999999997,1.0
0x53685989c332366675257535f28abd6d17782d62,307,0.9607843137254902,0.125,1.0
0x53685989c332366675257535f28abd6d17782d62,307,0.9705882352941176,0.08333299999999999,1.0
0x53685989c332366675257535f28abd6d17782d62,307,0.9803921568627451,0.05731400000000001,1.0
0x53685989c332366675257535f28abd6d17782d62,307,0.9901960784313726,0.022499999999999964,1.0
0x53685989c332366675257535f28abd6d17782d62,307,1.0,5.684341886080801e-16,1.0
0x5e40ba72c60c6fe4f970161818200bb5263cf89c,119,0.0,130.48,0.008673626248901951
0x5e40ba72c60c6fe4f970161818200bb5263cf89c,119,0.00847457627118644,42.147999999999996,0.008673626248901951
0x5e40ba72c60c6fe4f970161818200bb5263cf89c,119,0.01694915254237288,30.240000000000002,-0.2060232949490086
0x5e40ba72c60c6fe4f970161818200bb5263cf89c,119,0.025423728813559324,28.138500000000004,-0.19813318294142215
0x5e40ba72c60c6fe4f970161818200bb5263cf89c,119,0.03389830508474576,26.0,0.28278792990194035
0x5e40ba72c60c6fe4f970161818200bb5263cf89c,119,0.0423728813559322,25.481790000000004,0.15780365077601385
0x5e40ba72c60c6fe4f970161818200bb5263cf89c,119,0.05084745762711865,24.95,0.1803282793944937
0x5e40ba72c60c6fe4f970161818200bb5263cf89c,119,0.059322033898305086,21.6775,0.009848700300438561
0x5e40ba72c60c6fe4f970161818200bb5263cf89c,119,0.06779661016949153,20.9286,0.054321633977148606
0x5e40ba72c60c6fe4f970161818200bb5263cf89c,119,0.07627118644067797,20.840475000000005,-0.2536662113127111
0x5e40ba72c60c6fe4f970161818200bb5263cf89c,119,0.0847457627118644,19.55,-0.19615810742041367
0x5e40ba72c60c6fe4f970161818200bb5263cf89c,119,0.09322033898305085,18.89068,-0.1961581074204167
0x5e40ba72c60c6fe4f970161818200bb5263cf89c,119,0.1016949152542373,18.555000000000003,-0.2217172647058822
0x5e40ba72c60c6fe4f970161818200bb5263cf89c,119,0.11016949152542373,17.5686,-0.09660007796207132
0x5e40ba72c60c6fe4f970161818200bb5263cf89c,119,0.11864406779661017,17.555000000000003,-0.10324545885629235
0x5e40ba72c60c6fe4f970161818200bb5263cf89c,119,0.1271186440677966,16.218,-0.09523010697556965
0x5e40ba72c60c6fe4f970161818200bb5263cf89c,119,0.13559322033898305,15.120000000000001,-0.30992702817348017
0x5e40ba72c60c6fe4f970161818200bb5263cf89c,119,0.1440677966101695,15.075200000000002,-0.30992702817348233
0x5e40ba72c60c6fe4f970161818200bb5263cf89c,119,0.15254237288135594,15.045,-0.31644461328127604
0x5e40ba72c60c6fe4f970161818200bb5263cf89c,119,0.16101694915254236,14.807400000000001,-0.31644461328127604
0x5e40ba72c60c6fe4f970161818200bb5263cf89c,119,0.1694915254237288,14.790000000000001,-0.45983148565273774
0x5e40ba72c60c6fe4f970161818200bb5263cf89c,119,0.17796610169491525,13.356,0.05222067140427881
0x5e40ba72c60c6fe4f970161818200bb5263cf89c,119,0.1864406779661017,13.092799999999999,0.05222067140427881
0x5e40ba72c60c6fe4f970161818200bb5263cf89c,119,0.19491525423728814,11.479999999999999,0.05222067140427895
0x5e40ba72c60c6fe4f970161818200bb5263cf89c,119,0.2033898305084746,11.4,0.1710707527816937
0x5e40ba72c60c6fe4f970161818200bb5263cf89c,119,0.211864406779661,11.353510000000002,0.14027196825270774
0x5e40ba72c60c6fe4f970161818200bb5263cf89c,119,0.22033898305084745,11.100000000000003,0.14027196825270774
0x5e40ba72c60c6fe4f970161818200bb5263cf89c,119,0.2288135593220339,9.2344,0.11894540741371527
0x5e40ba72c60c6fe4f970161818200bb5263cf89c,119,0.23728813559322035,9.15,0.2684664775336887
0x5e40ba72c60c6fe4f970161818200bb5263cf89c,119,0.2457627118644068,9.030000000000001,0.03766728724593483
0x5e40ba72c60c6fe4f970161818200bb5263cf89c,119,0.2542372881355932,8.9,0.03766728724593483
0x5e40ba72c60c6fe4f970161818200bb5263cf89c,119,0.2627118644067797,8.55,0.11690067483087799
0x5e40ba72c60c6fe4f970161818200bb5263cf89c,119,0.2711864406779661,8.33089,0.11690067483087342
0x5e40ba72c60c6fe4f970161818200bb5263cf89c,119,0.2796610169491525,8.19956,0.11690067483086906
0x5e40ba72c60c6fe4f970161818200bb5263cf89c,119,0.288135593220339,8.08536,0.1169006748308647
0x5e40ba72c60c6fe4f970161818200bb5263cf89c,119,0.2966101694915254,7.80557,0.11690067483086035
0x5e40ba72c60c6fe4f970161818200bb5263cf89c,119,0.3050847457627119,7.562430000000002,0.17894731828233792
0x5e40ba72c60c6fe4f970161818200bb5263cf89c,119,0.3135593220338983,7.485,0.05140712342786489
0x5e40ba72c60c6fe4f970161818200bb5263cf89c,119,0.3220338983050847,7.1113,0.31693354071938074
0x5e40ba72c60c6fe4f970161818200bb5263cf89c,119,0.3305084745762712,7.049999999999999,0.13674148185684867
0x5e40ba72c60c6fe4f970161818200bb5263cf89c,119,0.3389830508474576,6.8,0.16741247059940734
0x5e40ba72c60c6fe4f970161818200bb5263cf89c,119,0.3474576271186441,6.8,-0.00638979894175832
0x5e40ba72c60c6fe4f970161818200bb5263cf89c,119,0.3559322033898305,5.664284666666667,0.05750809427190553
0x5e40ba72c60c6fe4f970161818200bb5263cf89c,119,0.3644067796610169,5.5177,0.05750809427190553
0x5e40ba72c60c6fe4f970161818200bb5263cf89c,119,0.3728813559322034,5.44163,0.05750809427190117
0x5e40ba72c60c6fe4f970161818200bb5263cf89c,119,0.3813559322033898,4.7299999999999995,0.38645444853584265
0x5e40ba72c60c6fe4f970161818200bb5263cf89c,119,0.3898305084745763,4.3967,0.38645444853583827
0x5e40ba72c60c6fe4f970161818200bb5263cf89c,119,0.3983050847457627,4.285710000000001,0.38645444853583827
0x5e40ba72c60c6fe4f970161818200bb5263cf89c,119,0.4067796610169492,4.147,0.4731766692054229
0x5e40ba72c60c6fe4f970161818200bb5263cf89c,119,0.4152542372881356,4.0932,0.4271701860915849
0x5e40ba72c60c6fe4f970161818200bb5263cf89c,119,0.423728813559322,3.95703,0.42717018609158053
0x5e40ba72c60c6fe4f970161818200bb5263cf89c,119,0.4322033898305085,3.8428299999999997,0.4271701860915762
0x5e40ba72c60c6fe4f970161818200bb5263cf89c,119,0.4406779661016949,3.8,0.45981434177657277
0x5e40ba72c60c6fe4f970161818200bb5263cf89c,119,0.4491525423728814,3.5506,0.4598143417765729
0x5e40ba72c60c6fe4f970161818200bb5263cf89c,119,0.4576271186440678,3.484489999999999,0.8182945578754426
0x5e40ba72c60c6fe4f970161818200bb5263cf89c,119,0.4661016949152542,3.0172,0.8975279454603857
0x5e40ba72c60c6fe4f970161818200bb5263cf89c,119,0.4745762711864407,3.0,0.8975279454603857
0x5e40ba72c60c6fe4f970161818200bb5263cf89c,119,0.4830508474576271,3.0,0.8208504736039891
0x5e40ba72c60c6fe4f970161818200bb5263cf89c,119,0.4915254237288136,2.7350899999999996,0.8208504736039848
0x5e40ba72c60c6fe4f970161818200bb5263cf89c,119,0.5,2.67756,0.7524142964227137
0x5e40ba72c60c6fe4f970161818200bb5263cf89c,119,0.5084745762711864,2.475,0.6891553821411864
0x5e40ba72c60c6fe4f970161818200bb5263cf89c,119,0.5169491525423728,2.4,0.8834049775107246
0x5e40ba72c60c6fe4f970161818200bb5263cf89c,119,0.5254237288135594,2.295,0.8834049775107242
0x5e40ba72c60c6fe4f970161818200bb5263cf89c,119,0.5338983050847458,2.0,0.8322866629397931
0x5e40ba72c60c6fe4f970161818200bb5263cf89c,119,0.5423728813559322,1.8603,0.7847389626416417
0x5e40ba72c60c6fe4f970161818200bb5263cf89c,119,0.5508474576271186,1.7999999999999998,0.8665282659551313
0x5e40ba72c60c6fe4f970161818200bb5263cf89c,119,0.559322033898305,1.7384699999999993,0.8221831280648486
0x5e40ba72c60c6fe4f970161818200bb5263cf89c,119,0.5677966101694916,1.5999999999999996,0.9090842628354314
0x5e40ba72c60c6fe4f970161818200bb5263cf89c,119,0.576271186440678,1.59973296,0.8754279645219304
0x5e40ba72c60c6fe4f970161818200bb5263cf89c,119,0.5847457627118644,1.56,1.1422655665821906
0x5e40ba72c60c6fe4f970161818200bb5263cf89c,119,0.5932203389830508,1.4000000000000001,1.1181300543575254
0x5e40ba72c60c6fe4f970161818200bb5263cf89c,119,0.6016949152542372,1.199400000000001,1.087474401109338
0x5e40ba72c60c6fe4f970161818200bb5263cf89c,119,0.6101694915254238,1.1172,1.1340636330092846
0x5e40ba72c60c6fe4f970161818200bb5263cf89c,119,0.6186440677966102,1.0499999999999998,1.2350223042868735
0x5e40ba72c60c6fe4f970161818200bb5263cf89c,119,0.6271186440677966,1.0,1.2094631470014081
0x5e40ba72c60c6fe4f970161818200bb5263cf89c,119,0.635593220338983,1.0,1.2094631470014081
0x5e40ba72c60c6fe4f970161818200bb5263cf89c,119,0.6440677966101694,0.999999,1.1839040152750997
0x5e40ba72c60c6fe4f970161818200bb5263cf89c,119,0.652542372881356,0.999555,1.1839040152750997
0x5e40ba72c60c6fe4f970161818200bb5263cf89c,119,0.6610169491525424,0.999222,1.1763129455613166
0x5e40ba72c60c6fe4f970161818200bb5263cf89c,119,0.6694915254237288,0.9299999999999999,1.1525429292858336
0x5e40ba72c60c6fe4f970161818200bb5263cf89c,119,0.6779661016949152,0.8999999999999999,1.1295396877289146
0x5e40ba72c60c6fe4f970161818200bb5263cf89c,119,0.6864406779661016,0.7555550000000001,1.1167601090861818
0x5e40ba72c60c6fe4f970161818200bb5263cf89c,119,0.6949152542372882,0.702222,1.1039805304434491
0x5e40ba72c60c6fe4f970161818200bb5263cf89c,119,0.7033898305084746,0.7000000000000001,1.0983958545765748
0x5e40ba72c60c6fe4f970161818200bb5263cf89c,119,0.711864406779661,0.54,1.0845939096424235
0x5e40ba72c60c6fe4f970161818200bb5263cf89c,119,0.7203389830508474,0.5,1.0845939096424235
0x5e40ba72c60c6fe4f970161818200bb5263cf89c,119,0.7288135593220338,0.5,1.078204120321057
0x5e40ba72c60c6fe4f970161818200bb5263cf89c,119,0.7372881355932204,0.5,1.0654245416783243
0x5e40ba72c60c6fe4f970161818200bb5263cf89c,119,0.7457627118644068,0.5,1.0654245416783243
0x5e40ba72c60c6fe4f970161818200bb5263cf89c,119,0.7542372881355932,0.48149999999999993,1.0556737231739193
0x5e40ba72c60c6fe4f970161818200bb5263cf89c,119,0.7627118644067796,0.45569999999999966,1.0440264151989325
0x5e40ba72c60c6fe4f970161818200bb5263cf89c,119,0.7711864406779662,0.43842800000000004,1.044026415198933
0x5e40ba72c60c6fe4f970161818200bb5263cf89c,119,0.7796610169491526,0.4,1.044026415198933
0x5e40ba72c60c6fe4f970161818200bb5263cf89c,119,0.788135593220339,0.35000000000000003,1.0359752806540112
0x5e40ba72c60c6fe4f970161818200bb5263cf89c,119,0.7966101694915254,0.31,1.028051941895517
0x5e40ba72c60c6fe4f970161818200bb5263cf89c,119,0.8050847457627118,0.282933,1.0208204128472684
0x5e40ba72c60c6fe4f970161818200bb5263cf89c,119,0.8135593220338984,0.25555500000000003,1.014288642407181
0x5e40ba72c60c6fe4f970161818200bb5263cf89c,119,0.8220338983050848,0.25,1.0078988530858148
0x5e40ba72c60c6fe4f970161818200bb5263cf89c,119,0.8305084745762712,0.24700000000000003,1.0078988530858148
0x5e40ba72c60c6fe4f970161818200bb5263cf89c,119,0.8389830508474576,0.22,1.0078988530858148
0x5e40ba72c60c6fe4f970161818200bb5263cf89c,119,0.847457627118644,0.202222,1.0027302291812334
0x5e40ba72c60c6fe4f970161818200bb5263cf89c,119,0.8559322033898306,0.1,1.0027302291812334
0x5e40ba72c60c6fe4f970161818200bb5263cf89c,119,0.864406779661017,0.1,1.0027302291812334
0x5e40ba72c60c6fe4f970161818200bb5263cf89c,119,0.8728813559322034,0.1,1.0027302291812334
0x5e40ba72c60c6fe4f970161818200bb5263cf89c,119,0.8813559322033898,0.08998665,1.0027302291812334
0x5e40ba72c60c6fe4f970161818200bb5263cf89c,119,0.8898305084745762,0.08560665,1.0025600051937122
0x5e40ba72c60c6fe4f970161818200bb5263cf89c,119,0.8983050847457628,0.07894665000000001,1.0021766178344302
0x5e40ba72c60c6fe4f970161818200bb5263cf89c,119,0.9067796610169492,0.06394665000000001,1.0017932304751482
0x5e40ba72c60c6fe4f970161818200bb5263cf89c,119,0.9152542372881356,0.05,1.000515272610875
0x5e40ba72c60c6fe4f970161818200bb5263cf89c,119,0.923728813559322,0.04894665000000001,1.000131885251593
0x5e40ba72c60c6fe4f970161818200bb5263cf89c,119,0.9322033898305084,0.033946649999999995,1.0000306709887428
0x5e40ba72c60c6fe4f970161818200bb5263cf89c,119,0.940677966101695,0.03,1.0000306709887428
0x5e40ba72c60c6fe4f970161818200bb5263cf89c,119,0.9491525423728814,0.02,1.0000306709887428
0x5e40ba72c60c6fe4f970161818200bb5263cf89c,119,0.9576271186440678,0.0011999999999997612,1.0000000000000002
0x5e40ba72c60c6fe4f970161818200bb5263cf89c,119,0.9661016949152542,1.5774048733874224e-15,1.0000000000000002
0x5e40ba72c60c6fe4f970161818200bb5263cf89c,119,0.9745762711864406,1.5512036100062687e-15,1.0000000000000002
0x5e40ba72c60c6fe4f970161818200bb5263cf89c,119,0.9830508474576272,1.092459456231154e-15,1.0000000000000002
0x5e40ba72c60c6fe4f970161818200bb5263cf89c,119,0.9915254237288136,3.375077994860476e-16,1.0000000000000002
0x5e40ba72c60c6fe4f970161818200bb5263cf89c,119,1.0,3.552713678800504e-18,1.0000000000000002
0x5e71d59168257fb5b2c1a8c3037c53084435afe6,102,0.0,108.94386825,0.004037654965156471
0x5e71d59168257fb5b2c1a8c3037c53084435afe6,102,0.009900990099009901,106.74470193606997,0.004037654965156471
0x5e71d59168257fb5b2c1a8c3037c53084435afe6,102,0.019801980198019802,80.26632501742736,0.05655043428511298
0x5e71d59168257fb5b2c1a8c3037c53084435afe6,102,0.0297029702970297,67.95051407380272,0.05655043428511298
0x5e71d59168257fb5b2c1a8c3037c53084435afe6,102,0.039603960396039604,66.74554997992307,0.038366236867936866
0x5e71d59168257fb5b2c1a8c3037c53084435afe6,102,0.04950495049504951,57.03336218000001,0.04955798138004907
0x5e71d59168257fb5b2c1a8c3037c53084435afe6,102,0.0594059405940594,56.753236216331906,0.04955798138004828
0x5e71d59168257fb5b2c1a8c3037c53084435afe6,102,0.06930693069306931,41.56436389963894,0.04955798138004828
0x5e71d59168257fb5b2c1a8c3037c53084435afe6,102,0.07920792079207921,39.99959926772071,0.046494273118385644
0x5e71d59168257fb5b2c1a8c3037c53084435afe6,102,0.0891089108910891,39.71919826393112,0.07064943922501887
0x5e71d59168257fb5b2c1a8c3037c53084435afe6,102,0.09900990099009901,37.045482497272054,0.0809171927558165
0x5e71d59168257fb5b2c1a8c3037c53084435afe6,102,0.10891089108910891,31.629308614827153,0.09177234742823988
0x5e71d59168257fb5b2c1a8c3037c53084435afe6,102,0.1188118811881188,30.00078590336038,-0.11447563259740146
0x5e71d59168257fb5b2c1a8c3037c53084435afe6,102,0.12871287128712872,29.944038204983308,-0.11447563259740146
0x5e71d59168257fb5b2c1a8c3037c53084435afe6,102,0.13861386138613863,25.002208459738817,-0.021536728484762232
0x5e71d59168257fb5b2c1a8c3037c53084435afe6,102,0.1485148514851485,25.001207105016384,-0.021536728484762745
0x5e71d59168257fb5b2c1a8c3037c53084435afe6,102,0.15841584158415842,24.17660990528184,-0.012270515178354301
0x5e71d59168257fb5b2c1a8c3037c53084435afe6,102,0.16831683168316833,23.938779540000002,-0.006453270083024915
0x5e71d59168257fb5b2c1a8c3037c53084435afe6,102,0.1782178217821782,22.573636679281694,-0.0064532700830249095
0x5e71d59168257fb5b2c1a8c3037c53084435afe6,102,0.18811881188118812,21.35296044,-0.04082790019178947
0x5e71d59168257fb5b2c1a8c3037c53084435afe6,102,0.19801980198019803,20.00221110992148,0.14526663631685052
0x5e71d59168257fb5b2c1a8c3037c53084435afe6,102,0.2079207920792079,18.87570363231215,0.1452666363168522
0x5e71d59168257fb5b2c1a8c3037c53084435afe6,102,0.21782178217821782,18.8130395156087,0.14526663631685213
0x5e71d59168257fb5b2c1a8c3037c53084435afe6,102,0.22772277227722773,18.352869189368896,0.13151677739841341
0x5e71d59168257fb5b2c1a8c3037c53084435afe6,102,0.2376237623762376,17.875705168585757,0.13926935674786517
0x5e71d59168257fb5b2c1a8c3037c53084435afe6,102,0.24752475247524752,16.15204348692382,0.13926935674786517
0x5e71d59168257fb5b2c1a8c3037c53084435afe6,102,0.25742574257425743,15.746074034427771,0.1392693567478651
0x5e71d59168257fb5b2c1a8c3037c53084435afe6,102,0.26732673267326734,14.2933354735862,0.13926935674786298
0x5e71d59168257fb5b2c1a8c3037c53084435afe6,102,0.27722772277227725,14.236292038876066,0.13926935674786298
0x5e71d59168257fb5b2c1a8c3037c53084435afe6,102,0.2871287128712871,14.048035275014348,0.13926935674786237
0x5e71d59168257fb5b2c1a8c3037c53084435afe6,102,0.297029702970297,13.5112424,0.13926935674786237
0x5e71d59168257fb5b2c1a8c3037c53084435afe6,102,0.3069306930693069,13.242231344679132,0.13926935674786226
0x5e71d59168257fb5b2c1a8c3037c53084435afe6,102,0.31683168316831684,12.044340213388645,0.13239443072610935
0x5e71d59168257fb5b2c1a8c3037c53084435afe6,102,0.32673267326732675,11.80767337185115,0.1652428084678684
0x5e71d59168257fb5b2c1a8c3037c53084435afe6,102,0.33663366336633666,11.65803239383795,0.1652428084678684
0x5e71d59168257fb5b2c1a8c3037c53084435afe6,102,0.3465346534653465,11.077789700000002,0.16524280846786668
0x5e71d59168257fb5b2c1a8c3037c53084435afe6,102,0.3564356435643564,10.709935680009536,0.1981049891115613
0x5e71d59168257fb5b2c1a8c3037c53084435afe6,102,0.36633663366336633,10.584158741873008,0.1912300630898084
0x5e71d59168257fb5b2c1a8c3037c53084435afe6,102,0.37623762376237624,10.000868479881614,0.15685540548131224
0x5e71d59168257fb5b2c1a8c3037c53084435afe6,102,0.38613861386138615,10.000709579982923,0.19561831900789717
0x5e71d59168257fb5b2c1a8c3037c53084435afe6,102,0.39603960396039606,8.976364199999999,0.19561831900789733
0x5e71d59168257fb5b2c1a8c3037c53084435afe6,102,0.40594059405940597,8.062231760000001,0.19561831900789595
0x5e71d59168257fb5b2c1a8c3037c53084435afe6,102,0.4158415841584158,7.883325978049519,0.19561831900789595
0x5e71d59168257fb5b2c1a8c3037c53084435afe6,102,0.42574257425742573,7.719511499999999,0.1956183190078956
0x5e71d59168257fb5b2c1a8c3037c53084435afe6,102,0.43564356435643564,7.682271654427945,0.1956183190078956
0x5e71d59168257fb5b2c1a8c3037c53084435afe6,102,0.44554455445544555,7.668897202511774,0.1956183190078956
0x5e71d59168257fb5b2c1a8c3037c53084435afe6,102,0.45544554455445546,7.4610068820361795,0.18186846008945692
0x5e71d59168257fb5b2c1a8c3037c53084435afe6,102,0.46534653465346537,7.104488850710031,0.17573891436486053
0x5e71d59168257fb5b2c1a8c3037c53084435afe6,102,0.4752475247524752,6.999999,0.17573891436486053
0x5e71d59168257fb5b2c1a8c3037c53084435afe6,102,0.48514851485148514,6.999996759999928,0.16198905544642184
0x5e71d59168257fb5b2c1a8c3037c53084435afe6,102,0.49504950495049505,6.987590641938883,0.15723785352062272
0x5e71d59168257fb5b2c1a8c3037c53084435afe6,102,0.504950495049505,6.928564943571098,0.15723785352062272
0x5e71d59168257fb5b2c1a8c3037c53084435afe6,102,0.5148514851485149,6.719511499999999,0.15723785352062242
0x5e71d59168257fb5b2c1a8c3037c53084435afe6,102,0.5247524752475248,6.708031021221171,1.0344231641855628
0x5e71d59168257fb5b2c1a8c3037c53084435afe6,102,0.5346534653465347,6.39436940031117,1.0344231641855628
0x5e71d59168257fb5b2c1a8c3037c53084435afe6,102,0.5445544554455446,6.249263302989399,1.02754823816381
0x5e71d59168257fb5b2c1a8c3037c53084435afe6,102,0.5544554455445545,6.236206685046241,1.118886630398369
0x5e71d59168257fb5b2c1a8c3037c53084435afe6,102,0.5643564356435643,6.099996236998995,1.118886630398369
0x5e71d59168257fb5b2c1a8c3037c53084435afe6,102,0.5742574257425742,5.987591641938884,1.1127398831293367
0x5e71d59168257fb5b2c1a8c3037c53084435afe6,102,0.5841584158415841,5.928565943571098,1.1127398831293367
0x5e71d59168257fb5b2c1a8c3037c53084435afe6,102,0.594059405940594,5.840341295791718,1.1127398831293367
0x5e71d59168257fb5b2c1a8c3037c53084435afe6,102,0.6039603960396039,5.667486201991465,1.1193622117789543
0x5e71d59168257fb5b2c1a8c3037c53084435afe6,102,0.6138613861386139,5.460966011149113,1.1124872857572015
0x5e71d59168257fb5b2c1a8c3037c53084435afe6,102,0.6237623762376238,5.441499904841982,1.0987374268387626
0x5e71d59168257fb5b2c1a8c3037c53084435afe6,102,0.6336633663366337,5.436569400000006,1.0987374268387626
0x5e71d59168257fb5b2c1a8c3037c53084435afe6,102,0.6435643564356436,5.142856319999999,1.0888375234675352
0x5e71d59168257fb5b2c1a8c3037c53084435afe6,102,0.6534653465346535,5.140654942495269,1.0888375234675343
0x5e71d59168257fb5b2c1a8c3037c53084435afe6,102,0.6633663366336634,5.0636154399999995,1.0888375234675343
0x5e71d59168257fb5b2c1a8c3037c53084435afe6,102,0.6732673267326733,5.002632639715564,1.054462865859038
0x5e71d59168257fb5b2c1a8c3037c53084435afe6,102,0.6831683168316832,5.0016894297937675,1.0473587721091604
0x5e71d59168257fb5b2c1a8c3037c53084435afe6,102,0.693069306930693,5.000869479881612,1.0129841145006642
0x5e71d59168257fb5b2c1a8c3037c53084435afe6,102,0.7029702970297029,5.000710579982923,1.051747028027249
0x5e71d59168257fb5b2c1a8c3037c53084435afe6,102,0.7128712871287128,4.999999000000001,1.051747028027249
0x5e71d59168257fb5b2c1a8c3037c53084435afe6,102,0.7227722772277227,4.999999,1.051747028027249
0x5e71d59168257fb5b2c1a8c3037c53084435afe6,102,0.7326732673267327,4.999998999999999,1.017372370418753
0x5e71d59168257fb5b2c1a8c3037c53084435afe6,102,0.7425742574257426,4.999997759999928,1.0036225115003141
0x5e71d59168257fb5b2c1a8c3037c53084435afe6,102,0.7524752475247525,4.987592641938885,0.9967475854785612
0x5e71d59168257fb5b2c1a8c3037c53084435afe6,102,0.7623762376237624,4.296861970245414,1.0034374389486107
0x5e71d59168257fb5b2c1a8c3037c53084435afe6,102,0.7722772277227723,4.091107468932983,1.0034374389486116
0x5e71d59168257fb5b2c1a8c3037c53084435afe6,102,0.7821782178217822,3.9620216545820206,1.0034374389486116
0x5e71d59168257fb5b2c1a8c3037c53084435afe6,102,0.7920792079207921,3.8183929849075273,0.9965625129268586
0x5e71d59168257fb5b2c1a8c3037c53084435afe6,102,0.801980198019802,3.6876053962900506,0.9965625129268586
0x5e71d59168257fb5b2c1a8c3037c53084435afe6,102,0.8118811881188119,3.318,0.9896875800301729
0x5e71d59168257fb5b2c1a8c3037c53084435afe6,102,0.8217821782178217,3.0000000000000004,0.9690627813401155
0x5e71d59168257fb5b2c1a8c3037c53084435afe6,102,0.8316831683168316,2.999999000000001,0.9484379895249909
0x5e71d59168257fb5b2c1a8c3037c53084435afe6,102,0.8415841584158416,2.9999990000000003,0.9484379895249909
0x5e71d59168257fb5b2c1a8c3037c53084435afe6,102,0.8514851485148515,2.999999,0.9484379895249909
0x5e71d59168257fb5b2c1a8c3037c53084435afe6,102,0.8613861386138614,2.999998999999998,0.9484379895249909
0x5e71d59168257fb5b2c1a8c3037c53084435afe6,102,0.8712871287128713,2.142855034285694,0.9415630635032379
0x5e71d59168257fb5b2c1a8c3037c53084435afe6,102,0.8811881188118812,2.1083724505810357,0.9415630635032379
0x5e71d59168257fb5b2c1a8c3037c53084435afe6,102,0.8910891089108911,2.0918828509973406,0.934688137481485
0x5e71d59168257fb5b2c1a8c3037c53084435afe6,102,0.900990099009901,2.000662946939181,0.934688137481485
0x5e71d59168257fb5b2c1a8c3037c53084435afe6,102,0.9108910891089109,2.0,0.934688137481485
0x5e71d59168257fb5b2c1a8c3037c53084435afe6,102,0.9207920792079208,1.9999999999999996,0.934688137481485
0x5e71d59168257fb5b2c1a8c3037c53084435afe6,102,0.9306930693069307,1.9999990000000003,0.934688137481485
0x5e71d59168257fb5b2c1a8c3037c53084435afe6,102,0.9405940594059405,1.999999,0.934688137481485
0x5e71d59168257fb5b2c1a8c3037c53084435afe6,102,0.9504950495049505,1.0002575853245517,0.934688137481485
0x5e71d59168257fb5b2c1a8c3037c53084435afe6,102,0.9603960396039604,1.0,0.9278132045847992
0x5e71d59168257fb5b2c1a8c3037c53084435afe6,102,0.9702970297029703,0.9999999999999998,0.9209382716881134
0x5e71d59168257fb5b2c1a8c3037c53084435afe6,102,0.9801980198019802,0.9999999999999998,0.9209382716881134
0x5e71d59168257fb5b2c1a8c3037c53084435afe6,102,0.9900990099009901,0.9999999999999996,1.0000000000000002
0x5e71d59168257fb5b2c1a8c3037c53084435afe6,102,1.0,0.9999990000000001,1.0000000000000002
0x5f612351a9e46afbe3f164473a7d77a69ec9840a,141,0.0,240.8042,3.001751115431536e-17
0x5f612351a9e46afbe3f164473a7d77a69ec9840a,141,0.007142857142857143,199.76940000000002,7.562853459658675e-17
0x5f612351a9e46afbe3f164473a7d77a69ec9840a,141,0.014285714285714285,183.23940000000002,1.2123955803885814e-16
0x5f612351a9e46afbe3f164473a7d77a69ec9840a,141,0.02142857142857143,166.70940000000002,1.6685058148112952e-16
0x5f612351a9e46afbe3f164473a7d77a69ec9840a,141,0.02857142857142857,150.17940000000002,2.124616049234009e-16
0x5f612351a9e46afbe3f164473a7d77a69ec9840a,141,0.03571428571428571,133.6494,0.012768622125131027
0x5f612351a9e46afbe3f164473a7d77a69ec9840a,141,0.04285714285714286,97.75999999999999,0.012768622125131078
0x5f612351a9e46afbe3f164473a7d77a69ec9840a,141,0.05,92.68979999999999,0.0255372442502619
0x5f612351a9e46afbe3f164473a7d77a69ec9840a,141,0.05714285714285714,66.1332,0.06540359832775107
0x5f612351a9e46afbe3f164473a7d77a69ec9840a,141,0.06428571428571428,55.7,0.06540359832775126
0x5f612351a9e46afbe3f164473a7d77a69ec9840a,141,0.07142857142857142,55.002857000000006,0.06540359832775128
0x5f612351a9e46afbe3f164473a7d77a69ec9840a,141,0.07857142857142857,49.344,0.06540359832775128
0x5f612351a9e46afbe3f164473a7d77a69ec9840a,141,0.08571428571428572,48.258732743362835,0.11442780020099919
0x5f612351a9e46afbe3f164473a7d77a69ec9840a,141,0.09285714285714286,47.42079999999999,0.11948413960231857
0x5f612351a9e46afbe3f164473a7d77a69ec9840a,141,0.1,46.0192,0.14318573054600325
0x5f612351a9e46afbe3f164473a7d77a69ec9840a,141,0.10714285714285714,39.4492,0.20638997306249568
0x5f612351a9e46afbe3f164473a7d77a69ec9840a,141,0.11428571428571428,36.1,0.20638997306249568
0x5f612351a9e46afbe3f164473a7d77a69ec9840a,141,0.12142857142857143,33.0928,0.2489130175607087
0x5f612351a9e46afbe3f164473a7d77a69ec9840a,141,0.12857142857142856,31.062399999999997,0.2489130175607087
0x5f612351a9e46afbe3f164473a7d77a69ec9840a,141,0.1357142857142857,30.8,0.24891301756070872
0x5f612351a9e46afbe3f164473a7d77a69ec9840a,141,0.14285714285714285,29.6,0.24891301756070872
0x5f612351a9e46afbe3f164473a7d77a69ec9840a,141,0.15,28.0872,0.25812488145923806
0x5f612351a9e46afbe3f164473a7d77a69ec9840a,141,0.15714285714285714,26.333190000000002,0.25812488145923806
0x5f612351a9e46afbe3f164473a7d77a69ec9840a,141,0.16428571428571428,23.174400000000002,0.25812488145923806
0x5f612351a9e46afbe3f164473a7d77a69ec9840a,141,0.17142857142857143,22.63,0.25812488145923806
0x5f612351a9e46afbe3f164473a7d77a69ec9840a,141,0.17857142857142858,22.152777777777775,0.2581248814592381
0x5f612351a9e46afbe3f164473a7d77a69ec9840a,141,0.18571428571428572,20.520000000000007,0.39272650904065726
0x5f612351a9e46afbe3f164473a7d77a69ec9840a,141,0.19285714285714287,20.3907,0.39272650904065726
0x5f612351a9e46afbe3f164473a7d77a69ec9840a,141,0.2,20.144700000000004,0.41496503881497865
0x5f612351a9e46afbe3f164473a7d77a69ec9840a,141,0.20714285714285716,18.595200000000002,0.43041496476345464
0x5f612351a9e46afbe3f164473a7d77a69ec9840a,141,0.21428571428571427,18.389699999999998,0.43041496476345475
0x5f612351a9e46afbe3f164473a7d77a69ec9840a,141,0.22142857142857142,18.22473333333333,0.4304149647634547
0x5f612351a9e46afbe3f164473a7d77a69ec9840a,141,0.22857142857142856,15.898400000000002,0.475005167709195
0x5f612351a9e46afbe3f164473a7d77a69ec9840a,141,0.2357142857142857,14.9968,0.5725737909716915
0x5f612351a9e46afbe3f164473a7d77a69ec9840a,141,0.24285714285714285,14.22,0.5725737909716915
0x5f612351a9e46afbe3f164473a7d77a69ec9840a,141,0.25,12.5457,0.5817842487198897
0x5f612351a9e46afbe3f164473a7d77a69ec9840a,141,0.2571428571428571,12.185249999999998,0.5817842487198897
0x5f612351a9e46afbe3f164473a7d77a69ec9840a,141,0.2642857142857143,11.1,0.619812968001682
0x5f612351a9e46afbe3f164473a7d77a69ec9840a,141,0.2714285714285714,10.5702,0.619812968001682
0x5f612351a9e46afbe3f164473a7d77a69ec9840a,141,0.2785714285714286,10.514,0.619812968001682
0x5f612351a9e46afbe3f164473a7d77a69ec9840a,141,0.2857142857142857,10.40915472,0.5788472552595109
0x5f612351a9e46afbe3f164473a7d77a69ec9840a,141,0.29285714285714287,10.3168,0.5788472552595111
0x5f612351a9e46afbe3f164473a7d77a69ec9840a,141,0.3,10.272,0.5901537920768107
0x5f612351a9e46afbe3f164473a7d77a69ec9840a,141,0.30714285714285716,10.0317,0.4923071871921353
0x5f612351a9e46afbe3f164473a7d77a69ec9840a,141,0.3142857142857143,9.7216,0.5668101634325636
0x5f612351a9e46afbe3f164473a7d77a69ec9840a,141,0.32142857142857145,9.0,0.5668101634325637
0x5f612351a9e46afbe3f164473a7d77a69ec9840a,141,0.32857142857142857,8.850000000000001,0.5668101634325637
0x5f612351a9e46afbe3f164473a7d77a69ec9840a,141,0.3357142857142857,8.36,0.5668101634325637
0x5f612351a9e46afbe3f164473a7d77a69ec9840a,141,0.34285714285714286,8.252799999999997,0.5668101634325637
0x5f612351a9e46afbe3f164473a7d77a69ec9840a,141,0.35,8.2038,0.5668101634325637
0x5f612351a9e46afbe3f164473a7d77a69ec9840a,141,0.35714285714285715,8.2,0.5960713868198287
0x5f612351a9e46afbe3f164473a7d77a69ec9840a,141,0.36428571428571427,7.931020154019468,0.5960713868198287
0x5f612351a9e46afbe3f164473a7d77a69ec9840a,141,0.37142857142857144,7.84,0.5960713868198289
0x5f612351a9e46afbe3f164473a7d77a69ec9840a,141,0.37857142857142856,6.817347154019467,0.5960713868198289
0x5f612351a9e46afbe3f164473a7d77a69ec9840a,141,0.38571428571428573,6.72126,0.5731182979703905
0x5f612351a9e46afbe3f164473a7d77a69ec9840a,141,0.39285714285714285,6.5,0.5994729065011871
0x5f612351a9e46afbe3f164473a7d77a69ec9840a,141,0.4,6.062399999999999,0.5994729065011871
0x5f612351a9e46afbe3f164473a7d77a69ec9840a,141,0.40714285714285714,6.047999999999998,0.5754396883591134
0x5f612351a9e46afbe3f164473a7d77a69ec9840a,141,0.4142857142857143,6.023042368,0.5754396883591134
0x5f612351a9e46afbe3f164473a7d77a69ec9840a,141,0.42142857142857143,6.0,0.5600092701905562
0x5f612351a9e46afbe3f164473a7d77a69ec9840a,141,0.42857142857142855,5.703674154019468,0.5600092701905562
0x5f612351a9e46afbe3f164473a7d77a69ec9840a,141,0.4357142857142857,5.589000000000001,0.6799802860783428
0x5f612351a9e46afbe3f164473a7d77a69ec9840a,141,0.44285714285714284,4.5,0.6799802860783428
0x5f612351a9e46afbe3f164473a7d77a69ec9840a,141,0.45,4.4815499999999995,0.679980286078344
0x5f612351a9e46afbe3f164473a7d77a69ec9840a,141,0.45714285714285713,4.4159999999999995,0.6993317084784553
0x5f612351a9e46afbe3f164473a7d77a69ec9840a,141,0.4642857142857143,4.3758,0.6993317084784553
0x5f612351a9e46afbe3f164473a7d77a69ec9840a,141,0.4714285714285714,4.3662,0.6807996003331873
0x5f612351a9e46afbe3f164473a7d77a69ec9840a,141,0.4785714285714286,4.32,0.7166933676882326
0x5f612351a9e46afbe3f164473a7d77a69ec9840a,141,0.4857142857142857,4.32,0.7525871350432777
0x5f612351a9e46afbe3f164473a7d77a69ec9840a,141,0.4928571428571429,4.199999999999999,0.7116214223011066
0x5f612351a9e46afbe3f164473a7d77a69ec9840a,141,0.5,4.195,0.7116214223011066
0x5f612351a9e46afbe3f164473a7d77a69ec9840a,141,0.5071428571428571,3.9269999999999996,0.6733184808871766
0x5f612351a9e46afbe3f164473a7d77a69ec9840a,141,0.5142857142857142,3.9251300000000016,0.7208179321994902
0x5f612351a9e46afbe3f164473a7d77a69ec9840a,141,0.5214285714285715,3.7410000000000005,0.7900694942160174
0x5f612351a9e46afbe3f164473a7d77a69ec9840a,141,0.5285714285714286,3.63,0.7900694942160175
0x5f612351a9e46afbe3f164473a7d77a69ec9840a,141,0.5357142857142857,3.520000000000001,0.7900694942160169
0x5f612351a9e46afbe3f164473a7d77a69ec9840a,141,0.5428571428571428,3.4499999999999997,0.7900694942160169
0x5f612351a9e46afbe3f164473a7d77a69ec9840a,141,0.55,3.415035096,0.7900694942160168
0x5f612351a9e46afbe3f164473a7d77a69ec9840a,141,0.5571428571428572,3.3600000000000003,0.7900694942160168
0x5f612351a9e46afbe3f164473a7d77a69ec9840a,141,0.5642857142857143,3.1921662848073407,0.7900694942160168
0x5f612351a9e46afbe3f164473a7d77a69ec9840a,141,0.5714285714285714,3.1900000000000004,0.7900694942160168
0x5f612351a9e46afbe3f164473a7d77a69ec9840a,141,0.5785714285714286,3.1,0.7900694942160169
0x5f612351a9e46afbe3f164473a7d77a69ec9840a,141,0.5857142857142857,3.0000000000000004,0.8583456821196352
0x5f612351a9e46afbe3f164473a7d77a69ec9840a,141,0.5928571428571429,2.8000000000000003,0.831035206958188
0x5f612351a9e46afbe3f164473a7d77a69ec9840a,141,0.6,2.8000000000000003,0.831035206958188
0x5f612351a9e46afbe3f164473a7d77a69ec9840a,141,0.6071428571428571,2.764999999999999,0.831035206958188
0x5f612351a9e46afbe3f164473a7d77a69ec9840a,141,0.6142857142857143,2.6109,0.826682982279041
0x5f612351a9e46afbe3f164473a7d77a69ec9840a,141,0.6214285714285714,2.4800000000000004,0.826682982279041
0x5f612351a9e46afbe3f164473a7d77a69ec9840a,141,0.6285714285714286,2.4,0.826682982279041
0x5f612351a9e46afbe3f164473a7d77a69ec9840a,141,0.6357142857142857,2.3807217000000005,0.8120523705854085
0x5f612351a9e46afbe3f164473a7d77a69ec9840a,141,0.6428571428571429,2.3760000000000003,0.8365247257960127
0x5f612351a9e46afbe3f164473a7d77a69ec9840a,141,0.65,2.3453,0.8365247257960127
0x5f612351a9e46afbe3f164473a7d77a69ec9840a,141,0.6571428571428571,2.3200000000000003,0.8365247257960127
0x5f612351a9e46afbe3f164473a7d77a69ec9840a,141,0.6642857142857143,2.3200000000000003,0.8365247257960129
0x5f612351a9e46afbe3f164473a7d77a69ec9840a,141,0.6714285714285714,2.3099999999999996,0.8247061177089645
0x5f612351a9e46afbe3f164473a7d77a69ec9840a,141,0.6785714285714286,2.3,0.8022725131120614
0x5f612351a9e46afbe3f164473a7d77a69ec9840a,141,0.6857142857142857,2.26325,0.8022725131120614
0x5f612351a9e46afbe3f164473a7d77a69ec9840a,141,0.6928571428571428,2.25,0.8022725131120614
0x5f612351a9e46afbe3f164473a7d77a69ec9840a,141,0.7,2.25,0.8022725131120614
0x5f612351a9e46afbe3f164473a7d77a69ec9840a,141,0.7071428571428572,2.1714,0.8315200812617456
0x5f612351a9e46afbe3f164473a7d77a69ec9840a,141,0.7142857142857143,2.1532000000000004,0.8315200812617456
0x5f612351a9e46afbe3f164473a7d77a69ec9840a,141,0.7214285714285714,1.6744999999999997,0.8315200812617456
0x5f612351a9e46afbe3f164473a7d77a69ec9840a,141,0.7285714285714285,1.6506,0.831520081261746
0x5f612351a9e46afbe3f164473a7d77a69ec9840a,141,0.7357142857142858,1.6500000000000004,0.831520081261746
0x5f612351a9e46afbe3f164473a7d77a69ec9840a,141,0.7428571428571429,1.5199999999999996,0.831520081261746
0x5f612351a9e46afbe3f164473a7d77a69ec9840a,141,0.75,1.5,0.8168894695681136
0x5f612351a9e46afbe3f164473a7d77a69ec9840a,141,0.7571428571428571,1.5,0.8168894695681136
0x5f612351a9e46afbe3f164473a7d77a69ec9840a,141,0.7642857142857142,1.492,0.8168894695681138
0x5f612351a9e46afbe3f164473a7d77a69ec9840a,141,0.7714285714285715,1.482,0.8246729549891263
0x5f612351a9e46afbe3f164473a7d77a69ec9840a,141,0.7785714285714286,1.44,0.8234322791844799
0x5f612351a9e46afbe3f164473a7d77a69ec9840a,141,0.7857142857142857,1.4300000000000002,0.8234322791844799
0x5f612351a9e46afbe3f164473a7d77a69ec9840a,141,0.7928571428571428,1.4300000000000002,0.8094844293698835
0x5f612351a9e46afbe3f164473a7d77a69ec9840a,141,0.8,1.4000000000000001,0.8094844293698835
0x5f612351a9e46afbe3f164473a7d77a69ec9840a,141,0.8071428571428572,1.3797700000000002,0.8094844293698835
0x5f612351a9e46afbe3f164473a7d77a69ec9840a,141,0.8142857142857143,1.3439999999999996,0.7963754012923888
0x5f612351a9e46afbe3f164473a7d77a69ec9840a,141,0.8214285714285714,1.33,0.7963754012923888
0x5f612351a9e46afbe3f164473a7d77a69ec9840a,141,0.8285714285714286,1.2331,0.7963754012923888
0x5f612351a9e46afbe3f164473a7d77a69ec9840a,141,0.8357142857142857,1.200000000000001,0.7963754012923888
0x5f612351a9e46afbe3f164473a7d77a69ec9840a,141,0.8428571428571429,1.2000000000000002,0.8627008409701895
0x5f612351a9e46afbe3f164473a7d77a69ec9840a,141,0.85,1.2,0.8627008409701895
0x5f612351a9e46afbe3f164473a7d77a69ec9840a,141,0.8571428571428571,1.1839999999999993,0.861220274550908
0x5f612351a9e46afbe3f164473a7d77a69ec9840a,141,0.8642857142857143,1.1399999999999997,0.861220274550908
0x5f612351a9e46afbe3f164473a7d77a69ec9840a,141,0.8714285714285714,1.11558082,0.8612202745509078
0x5f612351a9e46afbe3f164473a7d77a69ec9840a,141,0.8785714285714286,1.0999999999999999,0.8612202745509079
0x5f612351a9e46afbe3f164473a7d77a69ec9840a,141,0.8857142857142857,1.05,0.8612202745509079
0x5f612351a9e46afbe3f164473a7d77a69ec9840a,141,0.8928571428571429,1.0399999999999996,0.9778750184548045
0x5f612351a9e46afbe3f164473a7d77a69ec9840a,141,0.9,1.03025,0.9778750184548045
0x5f612351a9e46afbe3f164473a7d77a69ec9840a,141,0.9071428571428571,1.020000000000001,0.9679262025031344
0x5f612351a9e46afbe3f164473a7d77a69ec9840a,141,0.9142857142857143,1.0120000000000002,0.9630251426278474
0x5f612351a9e46afbe3f164473a7d77a69ec9840a,141,0.9214285714285714,1.0,0.9630251426278474
0x5f612351a9e46afbe3f164473a7d77a69ec9840a,141,0.9285714285714286,1.0,0.9630251426278474
0x5f612351a9e46afbe3f164473a7d77a69ec9840a,141,0.9357142857142857,1.0,0.9630251426278474
0x5f612351a9e46afbe3f164473a7d77a69ec9840a,141,0.9428571428571428,0.783,0.9630251426278474
0x5f612351a9e46afbe3f164473a7d77a69ec9840a,141,0.95,0.6861000000000006,0.957390596556496
0x5f612351a9e46afbe3f164473a7d77a69ec9840a,141,0.9571428571428572,0.386,0.957390596556496
0x5f612351a9e46afbe3f164473a7d77a69ec9840a,141,0.9642857142857143,0.34999999999999976,1.002745492806757
0x5f612351a9e46afbe3f164473a7d77a69ec9840a,141,0.9714285714285714,0.281481,1.0
0x5f612351a9e46afbe3f164473a7d77a69ec9840a,141,0.9785714285714285,0.1200000000000001,1.0
0x5f612351a9e46afbe3f164473a7d77a69ec9840a,141,0.9857142857142858,8.609779555968088e-16,1.0
0x5f612351a9e46afbe3f164473a7d77a69ec9840a,141,0.9928571428571429,6.039613253960852e-16,1.0
0x5f612351a9e46afbe3f164473a7d77a69ec9840a,141,1.0,6.217248937900877e-17,1.0
0x607c221d1fca1747501fe0b605991ed540fd8e7e,1791,0.0,36.41286177999999,0.00597726319291284
0x607c221d1fca1747501fe0b605991ed540fd8e7e,1791,0.009497206703910615,7.924548940000001,-0.03231269345246337
0x607c221d1fca1747501fe0b605991ed540fd8e7e,1791,0.01899441340782123,6.7878,-0.05980355296328304
0x607c221d1fca1747501fe0b605991ed540fd8e7e,1791,0.028491620111731845,6.08975305,-0.0323509330761347
0x607c221d1fca1747501fe0b605991ed540fd8e7e,1791,0.03798882681564246,5.7149750500000005,-0.05926649109799673
0x607c221d1fca1747501fe0b605991ed540fd8e7e,1791,0.04748603351955307,5.5013000000000005,-0.12565200391355694
0x607c221d1fca1747501fe0b605991ed540fd8e7e,1791,0.05698324022346369,5.235047940000002,-0.11434206400313754
0x607c221d1fca1747501fe0b605991ed540fd8e7e,1791,0.0664804469273743,4.806476609999999,0.010752130501264142
0x607c221d1fca1747501fe0b605991ed540fd8e7e,1791,0.07597765363128492,4.3998,-0.019545239846461154
0x607c221d1fca1747501fe0b605991ed540fd8e7e,1791,0.08547486033519552,4.1994,-0.049863840024084186
0x607c221d1fca1747501fe0b605991ed540fd8e7e,1791,0.09497206703910614,4.006600000000001,-0.04422289784857623
0x607c221d1fca1747501fe0b605991ed540fd8e7e,1791,0.10446927374301676,4.0,0.03075658607124068
0x607c221d1fca1747501fe0b605991ed540fd8e7e,1791,0.11396648044692738,3.9993341800000013,0.02611469992511906
0x607c221d1fca1747501fe0b605991ed540fd8e7e,1791,0.12346368715083798,3.996879930000001,0.06803660706629251
0x607c221d1fca1747501fe0b605991ed540fd8e7e,1791,0.1329608938547486,3.9277325100000002,0.15176986074081936
0x607c221d1fca1747501fe0b605991ed540fd8e7e,1791,0.1424581005586592,3.85000875,0.22625367165054225
0x607c221d1fca1747501fe0b605991ed540fd8e7e,1791,0.15195530726256984,3.743167657,0.22299556237263785
0x607c221d1fca1747501fe0b605991ed540fd8e7e,1791,0.16145251396648044,3.669975,0.22358581711293796
0x607c221d1fca1747501fe0b605991ed540fd8e7e,1791,0.17094972067039105,3.53151915,0.2230369642683267
0x607c221d1fca1747501fe0b605991ed540fd8e7e,1791,0.18044692737430168,3.4433229929999998,0.23289766247346452
0x607c221d1fca1747501fe0b605991ed540fd8e7e,1791,0.18994413407821228,3.3497999999999997,0.255861073722489
0x607c221d1fca1747501fe0b605991ed540fd8e7e,1791,0.19944134078212292,3.2381999999999995,0.22001164111830593
0x607c221d1fca1747501fe0b605991ed540fd8e7e,1791,0.20893854748603352,3.197156669,0.21750652741941906
0x607c221d1fca1747501fe0b605991ed540fd8e7e,1791,0.21843575418994413,3.0858001200000005,0.4547384464934648
0x607c221d1fca1747501fe0b605991ed540fd8e7e,1791,0.22793296089385476,3.000635225,0.4073559521556391
0x607c221d1fca1747501fe0b605991ed540fd8e7e,1791,0.23743016759776536,3.0,0.47716604559689807
0x607c221d1fca1747501fe0b605991ed540fd8e7e,1791,0.24692737430167597,2.99985,0.4326399331719576
0x607c221d1fca1747501fe0b605991ed540fd8e7e,1791,0.25642458100558657,2.9995000000000003,0.49439110363040656
0x607c221d1fca1747501fe0b605991ed540fd8e7e,1791,0.2659217877094972,2.995247000000001,0.46015589062194057
0x607c221d1fca1747501fe0b605991ed540fd8e7e,1791,0.27541899441340784,2.922,0.45277069027290845
0x607c221d1fca1747501fe0b605991ed540fd8e7e,1791,0.2849162011173184,2.8138175000000003,0.42379830850590217
0x607c221d1fca1747501fe0b605991ed540fd8e7e,1791,0.29441340782122905,2.734532010000001,0.4030056854521271
0x607c221d1fca1747501fe0b605991ed540fd8e7e,1791,0.3039106145251397,2.62663584,0.4130652770984919
0x607c221d1fca1747501fe0b605991ed540fd8e7e,1791,0.31340782122905025,2.519561713907162,0.40303430528547846
0x607c221d1fca1747501fe0b605991ed540fd8e7e,1791,0.3229050279329609,2.4600632399999993,0.37046100670212645
0x607c221d1fca1747501fe0b605991ed540fd8e7e,1791,0.3324022346368715,2.3491,0.3807529658223542
0x607c221d1fca1747501fe0b605991ed540fd8e7e,1791,0.3418994413407821,2.2333131,0.37970181783724866
0x607c221d1fca1747501fe0b605991ed540fd8e7e,1791,0.3513966480446927,2.189565,0.3908176346821907
0x607c221d1fca1747501fe0b605991ed540fd8e7e,1791,0.36089385474860336,2.120688,0.4186156824798206
0x607c221d1fca1747501fe0b605991ed540fd8e7e,1791,0.370391061452514,2.0505,0.41209324943906717
0x607c221d1fca1747501fe0b605991ed540fd8e7e,1791,0.37988826815642457,2.0015435679999998,0.4604393465644106
0x607c221d1fca1747501fe0b605991ed540fd8e7e,1791,0.3893854748603352,2.0,0.44093643440697206
0x607c221d1fca1747501fe0b605991ed540fd8e7e,1791,0.39888268156424583,1.9999791779999998,0.4370055300198936
0x607c221d1fca1747501fe0b605991ed540fd8e7e,1791,0.4083798882681564,1.9995,0.38974708127582935
0x607c221d1fca1747501fe0b605991ed540fd8e7e,1791,0.41787709497206704,1.9992,0.4122899022752674
0x607c221d1fca1747501fe0b605991ed540fd8e7e,1791,0.4273743016759777,1.9987000000000004,0.3679654261551069
0x607c221d1fca1747501fe0b605991ed540fd8e7e,1791,0.43687150837988825,1.9979999999999998,0.32551060593293446
0x607c221d1fca1747501fe0b605991ed540fd8e7e,1791,0.4463687150837989,1.9896003,0.30889155038243415
0x607c221d1fca1747501fe0b605991ed540fd8e7e,1791,0.4558659217877095,1.94897014,0.2755215106735872
0x607c221d1fca1747501fe0b605991ed540fd8e7e,1791,0.4653631284916201,1.903466265,0.30493355570905717
0x607c221d1fca1747501fe0b605991ed540fd8e7e,1791,0.4748603351955307,1.85064,0.28119527829443575
0x607c221d1fca1747501fe0b605991ed540fd8e7e,1791,0.48435754189944136,1.7832599999999996,0.2777476119770862
0x607c221d1fca1747501fe0b605991ed540fd8e7e,1791,0.49385474860335193,1.7272002,0.2770151803238104
0x607c221d1fca1747501fe0b605991ed540fd8e7e,1791,0.5033519553072626,1.6630690000000004,0.26195608289649963
0x607c221d1fca1747501fe0b605991ed540fd8e7e,1791,0.5128491620111731,1.6347665400000002,0.29907474013417706
0x607c221d1fca1747501fe0b605991ed540fd8e7e,1791,0.5223463687150838,1.5743999999999998,0.3011979777518709
0x607c221d1fca1747501fe0b605991ed540fd8e7e,1791,0.5318435754189944,1.513325,0.33608852256879435
0x607c221d1fca1747501fe0b605991ed540fd8e7e,1791,0.541340782122905,1.4385,0.38365705239817083
0x607c221d1fca1747501fe0b605991ed540fd8e7e,1791,0.5508379888268157,1.36,0.3893374448525025
0x607c221d1fca1747501fe0b605991ed540fd8e7e,1791,0.5603351955307263,1.3,0.4181468963104159
0x607c221d1fca1747501fe0b605991ed540fd8e7e,1791,0.5698324022346368,1.2476505,0.4265179929278797
0x607c221d1fca1747501fe0b605991ed540fd8e7e,1791,0.5793296089385475,1.2004002000000003,0.4257926592595293
0x607c221d1fca1747501fe0b605991ed540fd8e7e,1791,0.5888268156424581,1.1562719696847898,0.5367712241183631
0x607c221d1fca1747501fe0b605991ed540fd8e7e,1791,0.5983240223463687,1.0904685,0.529078344072361
0x607c221d1fca1747501fe0b605991ed540fd8e7e,1791,0.6078212290502794,1.0647,0.5621780473884441
0x607c221d1fca1747501fe0b605991ed540fd8e7e,1791,0.61731843575419,1.045975983999994,0.557841685257776
0x607c221d1fca1747501fe0b605991ed540fd8e7e,1791,0.6268156424581005,1.0303264,0.5661883071657224
0x607c221d1fca1747501fe0b605991ed540fd8e7e,1791,0.6363128491620111,1.02003426,0.5446821498000665
0x607c221d1fca1747501fe0b605991ed540fd8e7e,1791,0.6458100558659218,1.012,0.5927736051851085
0x607c221d1fca1747501fe0b605991ed540fd8e7e,1791,0.6553072625698324,1.0,0.5763532541897889
0x607c221d1fca1747501fe0b605991ed540fd8e7e,1791,0.664804469273743,0.9781000000000001,0.5761753594519046
0x607c221d1fca1747501fe0b605991ed540fd8e7e,1791,0.6743016759776537,0.9264,0.5777671615655602
0x607c221d1fca1747501fe0b605991ed540fd8e7e,1791,0.6837988826815642,0.8780638800000001,0.5942968701954364
0x607c221d1fca1747501fe0b605991ed540fd8e7e,1791,0.6932960893854748,0.84735785,0.6253704129449702
0x607c221d1fca1747501fe0b605991ed540fd8e7e,1791,0.7027932960893855,0.8074820000000001,0.6356769949879976
0x607c221d1fca1747501fe0b605991ed540fd8e7e,1791,0.7122905027932961,0.7871834040000001,0.6388463462907759
0x607c221d1fca1747501fe0b605991ed540fd8e7e,1791,0.7217877094972067,0.7679,0.6512861695215498
0x607c221d1fca1747501fe0b605991ed540fd8e7e,1791,0.7312849162011174,0.73332,0.6696491760426405
0x607c221d1fca1747501fe0b605991ed540fd8e7e,1791,0.740782122905028,0.6937412500000039,0.687603395954001
0x607c221d1fca1747501fe0b605991ed540fd8e7e,1791,0.7502793296089385,0.6523,0.6835975622217106
0x607c221d1fca1747501fe0b605991ed540fd8e7e,1791,0.7597765363128491,0.6072000000000001,0.700608146024392
0x607c221d1fca1747501fe0b605991ed540fd8e7e,1791,0.7692737430167598,0.592711,0.7527701174178428
0x607c221d1fca1747501fe0b605991ed540fd8e7e,1791,0.7787709497206704,0.5673627600000001,0.7511196029239626
0x607c221d1fca1747501fe0b605991ed540fd8e7e,1791,0.788268156424581,0.545454,0.7680489200757753
0x607c221d1fca1747501fe0b605991ed540fd8e7e,1791,0.7977653631284917,0.517111,0.7651967373011709
0x607c221d1fca1747501fe0b605991ed540fd8e7e,1791,0.8072625698324022,0.49095,0.7828083163517177
0x607c221d1fca1747501fe0b605991ed540fd8e7e,1791,0.8167597765363128,0.46056000000000047,0.778287212238937
0x607c221d1fca1747501fe0b605991ed540fd8e7e,1791,0.8262569832402235,0.4333412500000039,0.7925926211300568
0x607c221d1fca1747501fe0b605991ed540fd8e7e,1791,0.8357541899441341,0.39735784999999996,0.8471874025656926
0x607c221d1fca1747501fe0b605991ed540fd8e7e,1791,0.8452513966480447,0.36222000000000004,0.8493359320974379
0x607c221d1fca1747501fe0b605991ed540fd8e7e,1791,0.8547486033519553,0.336,0.8648147240197002
0x607c221d1fca1747501fe0b605991ed540fd8e7e,1791,0.8642458100558659,0.310048992,0.860840857996419
0x607c221d1fca1747501fe0b605991ed540fd8e7e,1791,0.8737430167597765,0.2970534700000003,0.8936634582617647
0x607c221d1fca1747501fe0b605991ed540fd8e7e,1791,0.8832402234636871,0.2691000000000004,0.9050460495073975
0x607c221d1fca1747501fe0b605991ed540fd8e7e,1791,0.8927374301675978,0.23823,0.9424437928843887
0x607c221d1fca1747501fe0b605991ed540fd8e7e,1791,0.9022346368715084,0.20485132800000003,0.9422182543778042
0x607c221d1fca1747501fe0b605991ed540fd8e7e,1791,0.911731843575419,0.180022656,0.9609802715824591
0x607c221d1fca1747501fe0b605991ed540fd8e7e,1791,0.9212290502793297,0.15866208000000018,0.9654111295716787
0x607c221d1fca1747501fe0b605991ed540fd8e7e,1791,0.9307262569832402,0.1287,0.9814866279782749
0x607c221d1fca1747501fe0b605991ed540fd8e7e,1791,0.9402234636871508,0.10240899999999999,0.9824088093586247
0x607c221d1fca1747501fe0b605991ed540fd8e7e,1791,0.9497206703910615,0.07887999999999999,0.999934998934987
0x607c221d1fca1747501fe0b605991ed540fd8e7e,1791,0.9592178770949721,0.05399999999999999,1.0000403126198145
0x607c221d1fca1747501fe0b605991ed540fd8e7e,1791,0.9687150837988827,0.03320003999999993,0.9999983045564107
0x607c221d1fca1747501fe0b605991ed540fd8e7e,1791,0.9782122905027933,0.011087,0.9998932755031638
0x607c221d1fca1747501fe0b605991ed540fd8e7e,1791,0.9877094972067039,0.0011686560000001656,0.999998929429467
0x607c221d1fca1747501fe0b605991ed540fd8e7e,1791,0.9972067039106145,1.5987211554602255e-15,0.9999999999999994
0x607c221d1fca1747501fe0b605991ed540fd8e7e,1791,1.0,6.572520305780927e-16,0.9999999999999994
0x6c9f38d67d77721353d8aeac0a7e8bc207638e7d,126,0.0,49.95,0.0
0x6c9f38d67d77721353d8aeac0a7e8bc207638e7d,126,0.008,49.3,0.0
0x6c9f38d67d77721353d8aeac0a7e8bc207638e7d,126,0.016,43.3869,0.016925508627198393
0x6c9f38d67d77721353d8aeac0a7e8bc207638e7d,126,0.024,40.0,0.016925508627198393
0x6c9f38d67d77721353d8aeac0a7e8bc207638e7d,126,0.032,25.972199999999997,0.016925508627198393
0x6c9f38d67d77721353d8aeac0a7e8bc207638e7d,126,0.04,25.123806966171475,0.016925508627198393
0x6c9f38d67d77721353d8aeac0a7e8bc207638e7d,126,0.048,25.1103,0.031523769134831715
0x6c9f38d67d77721353d8aeac0a7e8bc207638e7d,126,0.056,24.728245778947368,0.13579691432652757
0x6c9f38d67d77721353d8aeac0a7e8bc207638e7d,126,0.064,24.47389248,0.20370983775243282
0x6c9f38d67d77721353d8aeac0a7e8bc207638e7d,126,0.072,20.523929040000002,0.3168876182328017
0x6c9f38d67d77721353d8aeac0a7e8bc207638e7d,126,0.08,20.0,0.3168876182328017
0x6c9f38d67d77721353d8aeac0a7e8bc207638e7d,126,0.088,19.2,0.3168876182328017
0x6c9f38d67d77721353d8aeac0a7e8bc207638e7d,126,0.096,19.2,0.3240363470144759
0x6c9f38d67d77721353d8aeac0a7e8bc207638e7d,126,0.104,17.593271549999997,0.3240363470144759
0x6c9f38d67d77721353d8aeac0a7e8bc207638e7d,126,0.112,16.288488649999998,0.31594934758020693
0x6c9f38d67d77721353d8aeac0a7e8bc207638e7d,126,0.12,15.83942904,0.43669405747597795
0x6c9f38d67d77721353d8aeac0a7e8bc207638e7d,126,0.128,13.60467440758294,0.45313829321521787
0x6c9f38d67d77721353d8aeac0a7e8bc207638e7d,126,0.136,11.644820080000002,0.49748632580343166
0x6c9f38d67d77721353d8aeac0a7e8bc207638e7d,126,0.144,11.499995864999464,0.5736767176060826
0x6c9f38d67d77721353d8aeac0a7e8bc207638e7d,126,0.152,11.27594768,0.5736767176060826
0x6c9f38d67d77721353d8aeac0a7e8bc207638e7d,126,0.16,11.052631400000001,0.9757927115752585
0x6c9f38d67d77721353d8aeac0a7e8bc207638e7d,126,0.168,10.493218259999999,0.9559389045663537
0x6c9f38d67d77721353d8aeac0a7e8bc207638e7d,126,0.176,10.079210848,0.9559389045663537
0x6c9f38d67d77721353d8aeac0a7e8bc207638e7d,126,0.184,9.999999999999996,0.9559389045663537
0x6c9f38d67d77721353d8aeac0a7e8bc207638e7d,126,0.192,8.271419211153285,0.9504993117336241
0x6c9f38d67d77721353d8aeac0a7e8bc207638e7d,126,0.2,8.0,0.8790120239168817
0x6c9f38d67d77721353d8aeac0a7e8bc207638e7d,126,0.208,7.662685675227638,0.8754489723893416
0x6c9f38d67d77721353d8aeac0a7e8bc207638e7d,126,0.216,7.263951937845048,0.8699618762538577
0x6c9f38d67d77721353d8aeac0a7e8bc207638e7d,126,0.224,7.000000000000001,0.9993753133885064
0x6c9f38d67d77721353d8aeac0a7e8bc207638e7d,126,0.232,6.90599925,0.9926197646898243
0x6c9f38d67d77721353d8aeac0a7e8bc207638e7d,126,0.24,6.843599550000001,0.9684928050516737
0x6c9f38d67d77721353d8aeac0a7e8bc207638e7d,126,0.248,6.649901937845049,0.9630057089161898
0x6c9f38d67d77721353d8aeac0a7e8bc207638e7d,126,0.256,6.348533100000001,0.9630057089161898
0x6c9f38d67d77721353d8aeac0a7e8bc207638e7d,126,0.264,6.1499992500000005,0.9348575893383474
0x6c9f38d67d77721353d8aeac0a7e8bc207638e7d,126,0.272,6.035851537538373,0.9299405775154692
0x6c9f38d67d77721353d8aeac0a7e8bc207638e7d,126,0.28,5.549217894,0.9299405775154692
0x6c9f38d67d77721353d8aeac0a7e8bc207638e7d,126,0.288,5.485598901351448,0.9244534813799853
0x6c9f38d67d77721353d8aeac0a7e8bc207638e7d,126,0.296,5.2416,0.9333750948995148
0x6c9f38d67d77721353d8aeac0a7e8bc207638e7d,126,0.304,5.178616244,0.9303415318410113
0x6c9f38d67d77721353d8aeac0a7e8bc207638e7d,126,0.312,4.910754657,0.918948245345218
0x6c9f38d67d77721353d8aeac0a7e8bc207638e7d,126,0.32,4.871548045049158,0.8866194776885649
0x6c9f38d67d77721353d8aeac0a7e8bc207638e7d,126,0.328,4.8391362440000005,0.8567688883513668
0x6c9f38d67d77721353d8aeac0a7e8bc207638e7d,126,0.336,4.799666,0.8567688883513668
0x6c9f38d67d77721353d8aeac0a7e8bc207638e7d,126,0.344,4.6424,1.1115996232317082
0x6c9f38d67d77721353d8aeac0a7e8bc207638e7d,126,0.352,4.4,1.1115996232317082
0x6c9f38d67d77721353d8aeac0a7e8bc207638e7d,126,0.36,4.399247999999999,1.1115996232317082
0x6c9f38d67d77721353d8aeac0a7e8bc207638e7d,126,0.368,4.333647999999999,1.1115996232317082
0x6c9f38d67d77721353d8aeac0a7e8bc207638e7d,126,0.376,4.133647999999999,1.1115996232317082
0x6c9f38d67d77721353d8aeac0a7e8bc207638e7d,126,0.384,4.0,1.075855979323337
0x6c9f38d67d77721353d8aeac0a7e8bc207638e7d,126,0.392,3.814556379200594,1.075855979323337
0x6c9f38d67d77721353d8aeac0a7e8bc207638e7d,126,0.4,3.635754657,1.0690200074258611
0x6c9f38d67d77721353d8aeac0a7e8bc207638e7d,126,0.408,3.5191406799999996,1.0690200074258611
0x6c9f38d67d77721353d8aeac0a7e8bc207638e7d,126,0.416,3.4000000000000004,1.0417824567129905
0x6c9f38d67d77721353d8aeac0a7e8bc207638e7d,126,0.424,3.23902896,1.0417824567129905
0x6c9f38d67d77721353d8aeac0a7e8bc207638e7d,126,0.432,2.8000000000000003,1.0167619059771307
0x6c9f38d67d77721353d8aeac0a7e8bc207638e7d,126,0.44,2.6990999999999996,1.0167619059771307
0x6c9f38d67d77721353d8aeac0a7e8bc207638e7d,126,0.448,2.6,1.0167619059771307
0x6c9f38d67d77721353d8aeac0a7e8bc207638e7d,126,0.456,2.596,1.177608303564801
0x6c9f38d67d77721353d8aeac0a7e8bc207638e7d,126,0.464,2.533648,1.177608303564801
0x6c9f38d67d77721353d8aeac0a7e8bc207638e7d,126,0.472,2.5003853,1.155268526122069
0x6c9f38d67d77721353d8aeac0a7e8bc207638e7d,126,0.48,2.5,1.1329287486793371
0x6c9f38d67d77721353d8aeac0a7e8bc207638e7d,126,0.488,2.4528149999999997,1.1329287486793371
0x6c9f38d67d77721353d8aeac0a7e8bc207638e7d,126,0.496,2.4401080366681973,1.1329287486793371
0x6c9f38d67d77721353d8aeac0a7e8bc207638e7d,126,0.504,2.371718571428571,1.1238141194827025
0x6c9f38d67d77721353d8aeac0a7e8bc207638e7d,126,0.512,2.3586489999999998,1.1238141194827025
0x6c9f38d67d77721353d8aeac0a7e8bc207638e7d,126,0.52,2.2668,1.1238141194827025
0x6c9f38d67d77721353d8aeac0a7e8bc207638e7d,126,0.528,2.26009995,1.115774480376612
0x6c9f38d67d77721353d8aeac0a7e8bc207638e7d,126,0.536,2.2,1.0961154762270078
0x6c9f38d67d77721353d8aeac0a7e8bc207638e7d,126,0.544,2.087999999999999,1.0961154762270078
0x6c9f38d67d77721353d8aeac0a7e8bc207638e7d,126,0.552,2.036163375,1.0961154762270078
0x6c9f38d67d77721353d8aeac0a7e8bc207638e7d,126,0.56,2.0,1.0961154762270078
0x6c9f38d67d77721353d8aeac0a7e8bc207638e7d,126,0.568,1.9999989999999996,1.0782436632087333
0x6c9f38d67d77721353d8aeac0a7e8bc207638e7d,126,0.576,1.89,1.0762330832388873
0x6c9f38d67d77721353d8aeac0a7e8bc207638e7d,126,0.584,1.8429865441090099,1.0762330832388873
0x6c9f38d67d77721353d8aeac0a7e8bc207638e7d,126,0.592,1.8193509140000015,1.0640802443100412
0x6c9f38d67d77721353d8aeac0a7e8bc207638e7d,126,0.6,1.799976,1.0640802443100412
0x6c9f38d67d77721353d8aeac0a7e8bc207638e7d,126,0.608,1.7992969199999997,1.0640802443100412
0x6c9f38d67d77721353d8aeac0a7e8bc207638e7d,126,0.616,1.6416659999999998,1.0640802443100412
0x6c9f38d67d77721353d8aeac0a7e8bc207638e7d,126,0.624,1.6,1.0640802443100412
0x6c9f38d67d77721353d8aeac0a7e8bc207638e7d,126,0.632,1.6,1.049782786746693
0x6c9f38d67d77721353d8aeac0a7e8bc207638e7d,126,0.64,1.503829902411695,1.049782786746693
0x6c9f38d67d77721353d8aeac0a7e8bc207638e7d,126,0.648,1.476163375,1.049782786746693
0x6c9f38d67d77721353d8aeac0a7e8bc207638e7d,126,0.656,1.4500000000000002,1.049782786746693
0x6c9f38d67d77721353d8aeac0a7e8bc207638e7d,126,0.664,1.429066,1.049782786746693
0x6c9f38d67d77721353d8aeac0a7e8bc207638e7d,126,0.672,1.3668,1.049782786746693
0x6c9f38d67d77721353d8aeac0a7e8bc207638e7d,126,0.68,1.2536999999999998,1.0385798351547115
0x6c9f38d67d77721353d8aeac0a7e8bc207638e7d,126,0.688,1.25,1.0362984568399132
0x6c9f38d67d77721353d8aeac0a7e8bc207638e7d,126,0.696,1.2000000000000008,1.033589763341615
0x6c9f38d67d77721353d8aeac0a7e8bc207638e7d,126,0.704,1.1999999999999997,1.0273346256576499
0x6c9f38d67d77721353d8aeac0a7e8bc207638e7d,126,0.712,1.0000000000000009,1.0273346256576499
0x6c9f38d67d77721353d8aeac0a7e8bc207638e7d,126,0.72,1.0,1.018398714680557
0x6c9f38d67d77721353d8aeac0a7e8bc207638e7d,126,0.728,0.9999990000000001,1.016763733249382
0x6c9f38d67d77721353d8aeac0a7e8bc207638e7d,126,0.736,0.96471,1.0161854904500542
0x6c9f38d67d77721353d8aeac0a7e8bc207638e7d,126,0.744,0.89988282,1.0139068331508956
0x6c9f38d67d77721353d8aeac0a7e8bc207638e7d,126,0.752,0.76,1.0139068331508956
0x6c9f38d67d77721353d8aeac0a7e8bc207638e7d,126,0.76,0.7152,1.0139068331508958
0x6c9f38d67d77721353d8aeac0a7e8bc207638e7d,126,0.768,0.686016,1.0139068331508958
0x6c9f38d67d77721353d8aeac0a7e8bc207638e7d,126,0.776,0.6799799999999999,1.0139068331508958
0x6c9f38d67d77721353d8aeac0a7e8bc207638e7d,126,0.784,0.6271500000000001,1.0139068331508958
0x6c9f38d67d77721353d8aeac0a7e8bc207638e7d,126,0.792,0.5338200000000001,1.0139068331508958
0x6c9f38d67d77721353d8aeac0a7e8bc207638e7d,126,0.8,0.50997,1.0139068331508958
0x6c9f38d67d77721353d8aeac0a7e8bc207638e7d,126,0.808,0.42891999999999997,1.0127496326793624
0x6c9f38d67d77721353d8aeac0a7e8bc207638e7d,126,0.816,0.41690899999999986,1.0090241709698136
0x6c9f38d67d77721353d8aeac0a7e8bc207638e7d,126,0.824,0.4,1.0090241709698136
0x6c9f38d67d77721353d8aeac0a7e8bc207638e7d,126,0.832,0.38,1.0056285247985184
0x6c9f38d67d77721353d8aeac0a7e8bc207638e7d,126,0.84,0.3488000000000001,1.0056285247985184
0x6c9f38d67d77721353d8aeac0a7e8bc207638e7d,126,0.848,0.33229699999999995,1.0026591483885634
0x6c9f38d67d77721353d8aeac0a7e8bc207638e7d,126,0.856,0.29941999999999996,1.0024731027220204
0x6c9f38d67d77721353d8aeac0a7e8bc207638e7d,126,0.864,0.27859999999999996,1.0022870570554772
0x6c9f38d67d77721353d8aeac0a7e8bc207638e7d,126,0.872,0.25777999999999995,1.0022584085248847
0x6c9f38d67d77721353d8aeac0a7e8bc207638e7d,126,0.88,0.25457399999999997,1.0022279728120966
0x6c9f38d67d77721353d8aeac0a7e8bc207638e7d,126,0.888,0.25116799999999995,1.0021975370993086
0x6c9f38d67d77721353d8aeac0a7e8bc207638e7d,126,0.896,0.24776199999999995,1.0021671013865208
0x6c9f38d67d77721353d8aeac0a7e8bc207638e7d,126,0.904,0.24435599999999993,1.0021366656737327
0x6c9f38d67d77721353d8aeac0a7e8bc207638e7d,126,0.912,0.24094999999999994,1.002106229960945
0x6c9f38d67d77721353d8aeac0a7e8bc207638e7d,126,0.92,0.23754399999999992,1.0020757942481568
0x6c9f38d67d77721353d8aeac0a7e8bc207638e7d,126,0.928,0.23413799999999993,1.0020453585353688
0x6c9f38d67d77721353d8aeac0a7e8bc207638e7d,126,0.936,0.2307319999999999,1.002014922822581
0x6c9f38d67d77721353d8aeac0a7e8bc207638e7d,126,0.944,0.22732599999999992,1.001984487109793
0x6c9f38d67d77721353d8aeac0a7e8bc207638e7d,126,0.952,0.2239199999999999,1.0019659004149606
0x6c9f38d67d77721353d8aeac0a7e8bc207638e7d,126,0.96,0.2218399999999999,1.0019659004149606
0x6c9f38d67d77721353d8aeac0a7e8bc207638e7d,126,0.968,0.22,1.0000000000000002
0x6c9f38d67d77721353d8aeac0a7e8bc207638e7d,126,0.976,0.2190599999999999,1.0000000000000002
0x6c9f38d67d77721353d8aeac0a7e8bc207638e7d,126,0.984,0.1200000000000001,1.0000000000000002
0x6c9f38d67d77721353d8aeac0a7e8bc207638e7d,126,0.992,0.07635,1.0000000000000002
0x6c9f38d67d77721353d8aeac0a7e8bc207638e7d,126,1.0,4.44089209850063e-19,1.0000000000000002
0x702e2cd7a34372405f24534e25012a6da4284357,188,0.0,220.65888869999998,0.0013927376521801439
0x702e2cd7a34372405f24534e25012a6da4284357,188,0.0053475935828877,218.56065412999996,0.0013927376521801482
0x702e2cd7a34372405f24534e25012a6da4284357,188,0.0106951871657754,160.75554754451335,0.0013927376521801482
0x702e2cd7a34372405f24534e25012a6da4284357,188,0.016042780748663103,146.77443505741323,-0.001460674400231654
0x702e2cd7a34372405f24534e25012a6da4284357,188,0.0213903743315508,137.668586625,-0.001460674400231654
0x702e2cd7a34372405f24534e25012a6da4284357,188,0.026737967914438502,135.52690507000003,-0.04143224501780177
0x702e2cd7a34372405f24534e25012a6da4284357,188,0.03208556149732621,132.0970940266012,-0.04143224501780167
0x702e2cd7a34372405f24534e25012a6da4284357,188,0.0374331550802139,122.09709685805791,-0.018641994578623537
0x702e2cd7a34372405f24534e25012a6da4284357,188,0.0427807486631016,115.25457642000003,-0.018641994578623537
0x702e2cd7a34372405f24534e25012a6da4284357,188,0.0481283422459893,102.36549201000001,-0.02171047429583725
0x702e2cd7a34372405f24534e25012a6da4284357,188,0.053475935828877004,99.999999,0.0894208317053375
0x702e2cd7a34372405f24534e25012a6da4284357,188,0.058823529411764705,99.99999700000001,0.1255699725560425
0x702e2cd7a34372405f24534e25012a6da4284357,188,0.06417112299465241,87.0128,0.1255699725560426
0x702e2cd7a34372405f24534e25012a6da4284357,188,0.06951871657754011,83.78597642000001,0.1255699725560426
0x702e2cd7a34372405f24534e25012a6da4284357,188,0.0748663101604278,83.05457642000003,0.1255699725560426
0x702e2cd7a34372405f24534e25012a6da4284357,188,0.08021390374331551,80.75457642000002,0.1255699725560426
0x702e2cd7a34372405f24534e25012a6da4284357,188,0.0855614973262032,80.29818404999999,0.06004194456849726
0x702e2cd7a34372405f24534e25012a6da4284357,188,0.09090909090909091,78.45457642000002,0.06004194456849726
0x702e2cd7a34372405f24534e25012a6da4284357,188,0.0962566844919786,76.15457642000003,0.06004194456849726
0x702e2cd7a34372405f24534e25012a6da4284357,188,0.10160427807486631,73.85457642000003,0.06004194456849726
0x702e2cd7a34372405f24534e25012a6da4284357,188,0.10695187165775401,71.55457642000002,0.06004194456849726
0x702e2cd7a34372405f24534e25012a6da4284357,188,0.11229946524064172,59.422823555194526,0.05018136207980709
0x702e2cd7a34372405f24534e25012a6da4284357,188,0.11764705882352941,59.046084402769765,0.05018136207980709
0x702e2cd7a34372405f24534e25012a6da4284357,188,0.12299465240641712,56.77328405,0.024350953213648052
0x702e2cd7a34372405f24534e25012a6da4284357,188,0.12834224598930483,50.00000000000001,-0.013804829649083071
0x702e2cd7a34372405f24534e25012a6da4284357,188,0.13368983957219252,49.708032219999986,0.007192918837776088
0x702e2cd7a34372405f24534e25012a6da4284357,188,0.13903743315508021,48.77633458786942,0.035047669095903664
0x702e2cd7a34372405f24534e25012a6da4284357,188,0.1443850267379679,47.540379587869424,0.06290241935403124
0x702e2cd7a34372405f24534e25012a6da4284357,188,0.1497326203208556,47.500034050000004,0.056078004858348525
0x702e2cd7a34372405f24534e25012a6da4284357,188,0.15508021390374332,46.30442458786942,0.08393275511647609
0x702e2cd7a34372405f24534e25012a6da4284357,188,0.16042780748663102,45.06846958786942,0.11178750537460366
0x702e2cd7a34372405f24534e25012a6da4284357,188,0.1657754010695187,45.05003405,0.10760413928875016
0x702e2cd7a34372405f24534e25012a6da4284357,188,0.1711229946524064,43.832514587869426,0.13545888954687774
0x702e2cd7a34372405f24534e25012a6da4284357,188,0.17647058823529413,42.59655958786942,0.1633136398050053
0x702e2cd7a34372405f24534e25012a6da4284357,188,0.18181818181818182,41.98777473000004,0.16196240573486012
0x702e2cd7a34372405f24534e25012a6da4284357,188,0.18716577540106952,41.50267473000004,0.16167745161122407
0x702e2cd7a34372405f24534e25012a6da4284357,188,0.1925133689839572,41.47355439899662,0.16167745161122407
0x702e2cd7a34372405f24534e25012a6da4284357,188,0.19786096256684493,41.40037473000004,0.1496634180759877
0x702e2cd7a34372405f24534e25012a6da4284357,188,0.20320855614973263,41.360604587869425,0.17751816833411527
0x702e2cd7a34372405f24534e25012a6da4284357,188,0.20855614973262032,40.12464958786943,0.20537291859224285
0x702e2cd7a34372405f24534e25012a6da4284357,188,0.21390374331550802,39.866629210000035,0.20343144230510374
0x702e2cd7a34372405f24534e25012a6da4284357,188,0.2192513368983957,39.16962921000004,0.19772121793116515
0x702e2cd7a34372405f24534e25012a6da4284357,188,0.22459893048128343,38.88869458786943,0.22557596818929274
0x702e2cd7a34372405f24534e25012a6da4284357,188,0.22994652406417113,37.652739587869426,0.2534307184474203
0x702e2cd7a34372405f24534e25012a6da4284357,188,0.23529411764705882,37.119629210000035,0.22487959657772735
0x702e2cd7a34372405f24534e25012a6da4284357,188,0.24064171122994651,37.08727473000004,0.2109536127935781
0x702e2cd7a34372405f24534e25012a6da4284357,188,0.24598930481283424,36.41678458786943,0.2388083630517057
0x702e2cd7a34372405f24534e25012a6da4284357,188,0.25133689839572193,35.18082958786943,0.2666631133098333
0x702e2cd7a34372405f24534e25012a6da4284357,188,0.25668449197860965,33.94487458786943,0.29451786356796084
0x702e2cd7a34372405f24534e25012a6da4284357,188,0.2620320855614973,32.70891958786943,0.32237261382608845
0x702e2cd7a34372405f24534e25012a6da4284357,188,0.26737967914438504,31.88715299,0.32237261382608845
0x702e2cd7a34372405f24534e25012a6da4284357,188,0.2727272727272727,31.47296458786943,0.350227364084216
0x702e2cd7a34372405f24534e25012a6da4284357,188,0.27807486631016043,30.237009587869434,0.37808211434234357
0x702e2cd7a34372405f24534e25012a6da4284357,188,0.28342245989304815,29.99929395,0.367440205942035
0x702e2cd7a34372405f24534e25012a6da4284357,188,0.2887700534759358,29.001054587869433,0.39529495620016264
0x702e2cd7a34372405f24534e25012a6da4284357,188,0.29411764705882354,27.765099689805254,0.4211912387717945
0x702e2cd7a34372405f24534e25012a6da4284357,188,0.2994652406417112,26.86962921000004,0.41548101439785584
0x702e2cd7a34372405f24534e25012a6da4284357,188,0.3048128342245989,26.616043299999994,0.4288432179804026
0x702e2cd7a34372405f24534e25012a6da4284357,188,0.31016042780748665,26.17879395,0.4237917585159452
0x702e2cd7a34372405f24534e25012a6da4284357,188,0.3155080213903743,26.023144563305433,0.45164650877407275
0x702e2cd7a34372405f24534e25012a6da4284357,188,0.32085561497326204,24.819629210000038,0.44593628440013416
0x702e2cd7a34372405f24534e25012a6da4284357,188,0.32620320855614976,24.787189563305436,0.4737910346582617
0x702e2cd7a34372405f24534e25012a6da4284357,188,0.3315508021390374,24.365293949999998,0.4689317729898052
0x702e2cd7a34372405f24534e25012a6da4284357,188,0.33689839572192515,23.880342830000043,0.45695422918105594
0x702e2cd7a34372405f24534e25012a6da4284357,188,0.3422459893048128,23.551234563305435,0.48480897943918355
0x702e2cd7a34372405f24534e25012a6da4284357,188,0.34759358288770054,22.62079395,0.48271987296091334
0x702e2cd7a34372405f24534e25012a6da4284357,188,0.35294117647058826,22.315279563305438,0.5105746232190409
0x702e2cd7a34372405f24534e25012a6da4284357,188,0.3582887700534759,21.87079395,0.5076498741494626
0x702e2cd7a34372405f24534e25012a6da4284357,188,0.36363636363636365,21.3798,0.5076498741494626
0x702e2cd7a34372405f24534e25012a6da4284357,188,0.3689839572192513,21.079324563305438,0.5355046244075903
0x702e2cd7a34372405f24534e25012a6da4284357,188,0.37433155080213903,21.024959761457637,0.5355046244075903
0x702e2cd7a34372405f24534e25012a6da4284357,188,0.37967914438502676,20.820794179541842,0.5228716749725769
0x702e2cd7a34372405f24534e25012a6da4284357,188,0.3850267379679144,19.843369563305437,0.5507264252307045
0x702e2cd7a34372405f24534e25012a6da4284357,188,0.39037433155080214,18.66962921000004,0.5412474527699664
0x702e2cd7a34372405f24534e25012a6da4284357,188,0.39572192513368987,18.60741456330544,0.569102203028094
0x702e2cd7a34372405f24534e25012a6da4284357,188,0.40106951871657753,17.827152990000002,0.569102203028094
0x702e2cd7a34372405f24534e25012a6da4284357,188,0.40641711229946526,17.624200000000002,0.569102203028094
0x702e2cd7a34372405f24534e25012a6da4284357,188,0.4117647058823529,17.58012355113839,0.5607457799004885
0x702e2cd7a34372405f24534e25012a6da4284357,188,0.41711229946524064,17.441365760000004,0.561400923692074
0x702e2cd7a34372405f24534e25012a6da4284357,188,0.42245989304812837,17.396566125328068,0.5892556628083003
0x702e2cd7a34372405f24534e25012a6da4284357,188,0.42780748663101603,17.37145956330544,0.6171104130664279
0x702e2cd7a34372405f24534e25012a6da4284357,188,0.43315508021390375,16.2855,0.6150213065881577
0x702e2cd7a34372405f24534e25012a6da4284357,188,0.4385026737967914,16.135503780000004,0.6314079792561789
0x702e2cd7a34372405f24534e25012a6da4284357,188,0.44385026737967914,15.994499999999999,0.6314079792561789
0x702e2cd7a34372405f24534e25012a6da4284357,188,0.44919786096256686,15.535499999999999,0.6188733403865575
0x702e2cd7a34372405f24534e25012a6da4284357,188,0.45454545454545453,15.491805125328067,0.646728079502784
0x702e2cd7a34372405f24534e25012a6da4284357,188,0.45989304812834225,15.408404528008036,0.6745828297609116
0x702e2cd7a34372405f24534e25012a6da4284357,188,0.46524064171123,15.003081899999998,0.6745828297609116
0x702e2cd7a34372405f24534e25012a6da4284357,188,0.47058823529411764,15.001925642367524,0.6328007029809825
0x702e2cd7a34372405f24534e25012a6da4284357,188,0.47593582887700536,14.517106020000002,0.6328007029809825
0x702e2cd7a34372405f24534e25012a6da4284357,188,0.48128342245989303,14.438406020000002,0.6328007029809825
0x702e2cd7a34372405f24534e25012a6da4284357,188,0.48663101604278075,14.337396020000002,0.6328007029809825
0x702e2cd7a34372405f24534e25012a6da4284357,188,0.4919786096256685,14.23638602,0.6328007029809825
0x702e2cd7a34372405f24534e25012a6da4284357,188,0.49732620320855614,14.172449528008038,0.6606554532391101
0x702e2cd7a34372405f24534e25012a6da4284357,188,0.5026737967914439,14.135376019999999,0.6606554532391101
0x702e2cd7a34372405f24534e25012a6da4284357,188,0.5080213903743316,14.034366019999998,0.6606554532391101
0x702e2cd7a34372405f24534e25012a6da4284357,188,0.5133689839572193,13.933356019999996,0.6606554532391101
0x702e2cd7a34372405f24534e25012a6da4284357,188,0.5187165775401069,13.913481899999997,0.6606554532391101
0x702e2cd7a34372405f24534e25012a6da4284357,188,0.5240641711229946,13.832346019999996,0.6606554532391101
0x702e2cd7a34372405f24534e25012a6da4284357,188,0.5294117647058824,13.711154094132821,0.6665105223288754
0x702e2cd7a34372405f24534e25012a6da4284357,188,0.5347593582887701,13.587044125328067,0.6943652614451018
0x702e2cd7a34372405f24534e25012a6da4284357,188,0.5401069518716578,13.077152990000002,0.6943652614451018
0x702e2cd7a34372405f24534e25012a6da4284357,188,0.5454545454545454,13.0,0.6943652614451018
0x702e2cd7a34372405f24534e25012a6da4284357,188,0.5508021390374331,12.980147700000002,0.6943362925019364
0x702e2cd7a34372405f24534e25012a6da4284357,188,0.5561497326203209,12.969747873595187,0.6901740904574455
0x702e2cd7a34372405f24534e25012a6da4284357,188,0.5614973262032086,12.936494720882637,0.7114840879404482
0x702e2cd7a34372405f24534e25012a6da4284357,188,0.5668449197860963,12.822245019999997,0.7114840879404482
0x702e2cd7a34372405f24534e25012a6da4284357,188,0.5721925133689839,12.000000000000005,0.7878896755390508
0x702e2cd7a34372405f24534e25012a6da4284357,188,0.5775401069518716,11.812144019999996,0.7878896755390508
0x702e2cd7a34372405f24534e25012a6da4284357,188,0.5828877005347594,11.68228288,0.794936916917181
0x702e2cd7a34372405f24534e25012a6da4284357,188,0.5882352941176471,11.475495873595188,0.79077471487269
0x702e2cd7a34372405f24534e25012a6da4284357,188,0.5935828877005348,11.200379115208076,0.8186294539889164
0x702e2cd7a34372405f24534e25012a6da4284357,188,0.5989304812834224,11.035499999999999,0.7931423549540199
0x702e2cd7a34372405f24534e25012a6da4284357,188,0.6042780748663101,11.0,0.7931423549540199
0x702e2cd7a34372405f24534e25012a6da4284357,188,0.6096256684491979,10.987581899999999,0.7931423549540199
0x702e2cd7a34372405f24534e25012a6da4284357,188,0.6149732620320856,10.802043019999997,0.7931423549540199
0x702e2cd7a34372405f24534e25012a6da4284357,188,0.6203208556149733,10.001881899999997,0.7931423549540199
0x702e2cd7a34372405f24534e25012a6da4284357,188,0.6256684491978609,9.999998999999999,0.7931423549540196
0x702e2cd7a34372405f24534e25012a6da4284357,188,0.6310160427807486,9.999998999999999,0.7652876046958921
0x702e2cd7a34372405f24534e25012a6da4284357,188,0.6363636363636364,9.981243873595186,0.761125402651401
0x702e2cd7a34372405f24534e25012a6da4284357,188,0.6417112299465241,9.791942019999997,0.761125402651401
0x702e2cd7a34372405f24534e25012a6da4284357,188,0.6470588235294118,9.625,0.761125402651401
0x702e2cd7a34372405f24534e25012a6da4284357,188,0.6524064171122995,9.295619068284212,0.7658607023123877
0x702e2cd7a34372405f24534e25012a6da4284357,188,0.6577540106951871,9.0,0.7658607023123877
0x702e2cd7a34372405f24534e25012a6da4284357,188,0.6631016042780749,8.991780899999998,0.7658607023123877
0x702e2cd7a34372405f24534e25012a6da4284357,188,0.6684491978609626,8.971809279335732,0.7822949982516874
0x702e2cd7a34372405f24534e25012a6da4284357,188,0.6737967914438503,8.781841019999998,0.7822949982516874
0x702e2cd7a34372405f24534e25012a6da4284357,188,0.679144385026738,8.724599999999999,0.7876854498210749
0x702e2cd7a34372405f24534e25012a6da4284357,188,0.6844919786096256,8.486991873595187,0.7835232477765839
0x702e2cd7a34372405f24534e25012a6da4284357,188,0.6898395721925134,8.438532,0.8357362462052019
0x702e2cd7a34372405f24534e25012a6da4284357,188,0.6951871657754011,7.981679899999998,0.8357362462052019
0x702e2cd7a34372405f24534e25012a6da4284357,188,0.7005347593582888,7.840000000000001,0.8357362462052019
0x702e2cd7a34372405f24534e25012a6da4284357,188,0.7058823529411765,7.824599999999999,0.8411266977745895
0x702e2cd7a34372405f24534e25012a6da4284357,188,0.7112299465240641,7.7717400199999975,0.8411266977745895
0x702e2cd7a34372405f24534e25012a6da4284357,188,0.7165775401069518,7.756807500000001,0.8356950209310869
0x702e2cd7a34372405f24534e25012a6da4284357,188,0.7219251336898396,7.1957320000000005,0.8879080193597051
0x702e2cd7a34372405f24534e25012a6da4284357,188,0.7272727272727273,6.992739873595187,0.8837458173152141
0x702e2cd7a34372405f24534e25012a6da4284357,188,0.732620320855615,6.971578899999998,0.8837458173152141
0x702e2cd7a34372405f24534e25012a6da4284357,188,0.7379679144385026,6.761639019999998,0.8837458173152141
0x702e2cd7a34372405f24534e25012a6da4284357,188,0.7433155080213903,6.549729209999999,0.8837458173152141
0x702e2cd7a34372405f24534e25012a6da4284357,188,0.7486631016042781,6.42171073,0.881851694108249
0x702e2cd7a34372405f24534e25012a6da4284357,188,0.7540106951871658,6.0,0.8651388422820873
0x702e2cd7a34372405f24534e25012a6da4284357,188,0.7593582887700535,5.961477899999998,0.8651388422820873
0x702e2cd7a34372405f24534e25012a6da4284357,188,0.7647058823529411,5.825248062015504,0.8539969410646462
0x702e2cd7a34372405f24534e25012a6da4284357,188,0.7700534759358288,5.751538019999998,0.8539969410646462
0x702e2cd7a34372405f24534e25012a6da4284357,188,0.7754010695187166,5.74171073,0.8535234102629049
0x702e2cd7a34372405f24534e25012a6da4284357,188,0.7807486631016043,5.498487873595186,0.8493612082184139
0x702e2cd7a34372405f24534e25012a6da4284357,188,0.786096256684492,5.187163566267532,0.845547502560202
0x702e2cd7a34372405f24534e25012a6da4284357,188,0.7914438502673797,5.112399000000001,0.8977605009888201
0x702e2cd7a34372405f24534e25012a6da4284357,188,0.7967914438502673,4.999999000000001,0.9214746812036703
0x702e2cd7a34372405f24534e25012a6da4284357,188,0.8021390374331551,4.951376899999999,0.9214746812036703
0x702e2cd7a34372405f24534e25012a6da4284357,188,0.8074866310160428,4.7414370199999984,0.9214746812036703
0x702e2cd7a34372405f24534e25012a6da4284357,188,0.8128342245989305,4.640427019999999,0.9214746812036703
0x702e2cd7a34372405f24534e25012a6da4284357,188,0.8181818181818182,4.589922019999999,0.9214746812036703
0x702e2cd7a34372405f24534e25012a6da4284357,188,0.8235294117647058,4.539417019999998,0.9214746812036703
0x702e2cd7a34372405f24534e25012a6da4284357,188,0.8288770053475936,4.23738618,0.9214746812036703
0x702e2cd7a34372405f24534e25012a6da4284357,188,0.8342245989304813,4.004235873595188,0.9173124791591792
0x702e2cd7a34372405f24534e25012a6da4284357,188,0.839572192513369,3.9412758999999995,0.9173124791591792
0x702e2cd7a34372405f24534e25012a6da4284357,188,0.8449197860962567,3.91044918,0.9142484563243829
0x702e2cd7a34372405f24534e25012a6da4284357,188,0.8502673796791443,3.7662835589999997,0.9137484077977441
0x702e2cd7a34372405f24534e25012a6da4284357,188,0.8556149732620321,3.586763559,0.9136648435386133
0x702e2cd7a34372405f24534e25012a6da4284357,188,0.8609625668449198,3.5567635826406776,0.9132457659935971
0x702e2cd7a34372405f24534e25012a6da4284357,188,0.8663101604278075,3.0290660000000003,0.9654587644222152
0x702e2cd7a34372405f24534e25012a6da4284357,188,0.8716577540106952,2.9311749,0.9654587644222152
0x702e2cd7a34372405f24534e25012a6da4284357,188,0.8770053475935828,2.9,0.9654587644222152
0x702e2cd7a34372405f24534e25012a6da4284357,188,0.8823529411764706,2.84196599,0.9654587644222152
0x702e2cd7a34372405f24534e25012a6da4284357,188,0.8877005347593583,2.509983873595188,0.9612965623777242
0x702e2cd7a34372405f24534e25012a6da4284357,188,0.893048128342246,2.4565900000000003,0.9611584306542995
0x702e2cd7a34372405f24534e25012a6da4284357,188,0.8983957219251337,2.1665900000000002,0.9610202989308749
0x702e2cd7a34372405f24534e25012a6da4284357,188,0.9037433155080213,1.9210739000000001,0.9610202989308749
0x702e2cd7a34372405f24534e25012a6da4284357,188,0.9090909090909091,1.8855,0.9589311924526047
0x702e2cd7a34372405f24534e25012a6da4284357,188,0.9144385026737968,1.87659,0.95879306072918
0x702e2cd7a34372405f24534e25012a6da4284357,188,0.9197860962566845,1.7999999999999998,0.9556637463532495
0x702e2cd7a34372405f24534e25012a6da4284357,188,0.9251336898395722,1.260847853,0.9556637463532495
0x702e2cd7a34372405f24534e25012a6da4284357,188,0.93048128342246,1.1355,0.9525008391451484
0x702e2cd7a34372405f24534e25012a6da4284357,188,0.9358288770053476,1.015731948060947,0.9508943970421424
0x702e2cd7a34372405f24534e25012a6da4284357,188,0.9411764705882353,0.945733,1.0031073954707606
0x702e2cd7a34372405f24534e25012a6da4284357,188,0.946524064171123,0.7381000000000001,1.0031073954707606
0x702e2cd7a34372405f24534e25012a6da4284357,188,0.9518716577540107,0.707706,1.0031073954707606
0x702e2cd7a34372405f24534e25012a6da4284357,188,0.9572192513368984,0.6881,1.0031073954707606
0x702e2cd7a34372405f24534e25012a6da4284357,188,0.9625668449197861,0.67656,1.0012228542988424
0x702e2cd7a34372405f24534e25012a6da4284357,188,0.9679144385026738,0.5081,1.0012228542988424
0x702e2cd7a34372405f24534e25012a6da4284357,188,0.9732620320855615,0.4581,1.0012228542988424
0x702e2cd7a34372405f24534e25012a6da4284357,188,0.9786096256684492,0.439011,1.0
0x702e2cd7a34372405f24534e25012a6da4284357,188,0.983957219251337,0.39,1.0
0x702e2cd7a34372405f24534e25012a6da4284357,188,0.9893048128342246,0.353853,1.0
0x702e2cd7a34372405f24534e25012a6da4284357,188,0.9946524064171123,0.19,1.0
0x702e2cd7a34372405f24534e25012a6da4284357,188,1.0,0.04,1.0
0x710dc593d792853f2c103100e7f081ffdaaa02aa,241,0.0,214.3596,0.006255641742538823
0x710dc593d792853f2c103100e7f081ffdaaa02aa,241,0.008333333333333333,208.726,0.05001013034942508
0x710dc593d792853f2c103100e7f081ffdaaa02aa,241,0.016666666666666666,204.448,0.12126744036635415
0x710dc593d792853f2c103100e7f081ffdaaa02aa,241,0.025,174.84,0.13051838920726352
0x710dc593d792853f2c103100e7f081ffdaaa02aa,241,0.03333333333333333,170.19,0.14114447929750734
0x710dc593d792853f2c103100e7f081ffdaaa02aa,241,0.041666666666666664,159.16000000000003,0.15114550526479562
0x710dc593d792853f2c103100e7f081ffdaaa02aa,241,0.05,149.96000000000004,0.1605214671091284
0x710dc593d792853f2c103100e7f081ffdaaa02aa,241,0.058333333333333334,142.20000000000002,0.1686473007075501
0x710dc593d792853f2c103100e7f081ffdaaa02aa,241,0.06666666666666667,135.0,0.17489794193710528
0x710dc593d792853f2c103100e7f081ffdaaa02aa,241,0.075,133.0,0.1923997373798598
0x710dc593d792853f2c103100e7f081ffdaaa02aa,241,0.08333333333333333,114.88499999999999,0.21480203554658556
0x710dc593d792853f2c103100e7f081ffdaaa02aa,241,0.09166666666666666,109.45714285714287,0.2657447615674603
0x710dc593d792853f2c103100e7f081ffdaaa02aa,241,0.1,108.60000000000001,0.2735580631044043
0x710dc593d792853f2c103100e7f081ffdaaa02aa,241,0.10833333333333334,102.1376259899681,0.2735580631044043
0x710dc593d792853f2c103100e7f081ffdaaa02aa,241,0.11666666666666667,95.14999999999999,0.3234543067706269
0x710dc593d792853f2c103100e7f081ffdaaa02aa,241,0.125,92.095219089,0.3493268359351771
0x710dc593d792853f2c103100e7f081ffdaaa02aa,241,0.13333333333333333,85.45481279879458,0.39370637616373644
0x710dc593d792853f2c103100e7f081ffdaaa02aa,241,0.14166666666666666,81.09,0.4060826457982557
0x710dc593d792853f2c103100e7f081ffdaaa02aa,241,0.15,69.75,0.4060826457982557
0x710dc593d792853f2c103100e7f081ffdaaa02aa,241,0.15833333333333333,66.5,0.4060826457982558
0x710dc593d792853f2c103100e7f081ffdaaa02aa,241,0.16666666666666666,65.10000000000001,0.4312102235410676
0x710dc593d792853f2c103100e7f081ffdaaa02aa,241,0.175,57.608,0.4312102235410677
0x710dc593d792853f2c103100e7f081ffdaaa02aa,241,0.18333333333333332,47.5,0.4644636349121066
0x710dc593d792853f2c103100e7f081ffdaaa02aa,241,0.19166666666666668,46.73999829,0.46446363491210674
0x710dc593d792853f2c103100e7f081ffdaaa02aa,241,0.2,46.1999982,0.46446363491210674
0x710dc593d792853f2c103100e7f081ffdaaa02aa,241,0.20833333333333334,45.35999811000001,0.4644636349121068
0x710dc593d792853f2c103100e7f081ffdaaa02aa,241,0.21666666666666667,42.99999999999999,0.4644636349121072
0x710dc593d792853f2c103100e7f081ffdaaa02aa,241,0.225,40.919998019999994,0.508843187641949
0x710dc593d792853f2c103100e7f081ffdaaa02aa,241,0.23333333333333334,39.62734,0.508843187641949
0x710dc593d792853f2c103100e7f081ffdaaa02aa,241,0.24166666666666667,38.7,0.5088431876419491
0x710dc593d792853f2c103100e7f081ffdaaa02aa,241,0.25,37.943,0.5229508848970551
0x710dc593d792853f2c103100e7f081ffdaaa02aa,241,0.25833333333333336,36.73703711873589,0.5229508848970551
0x710dc593d792853f2c103100e7f081ffdaaa02aa,241,0.26666666666666666,35.12599999999999,0.5229508848970551
0x710dc593d792853f2c103100e7f081ffdaaa02aa,241,0.275,34.76999817,0.5473283856923206
0x710dc593d792853f2c103100e7f081ffdaaa02aa,241,0.2833333333333333,33.12376113389878,0.5567043475366533
0x710dc593d792853f2c103100e7f081ffdaaa02aa,241,0.2916666666666667,32.463,0.5629549887662085
0x710dc593d792853f2c103100e7f081ffdaaa02aa,241,0.3,32.03465893199999,0.6115849775321478
0x710dc593d792853f2c103100e7f081ffdaaa02aa,241,0.30833333333333335,30.099999999999998,0.6115849775321481
0x710dc593d792853f2c103100e7f081ffdaaa02aa,241,0.31666666666666665,29.207214589999996,0.6547144020160789
0x710dc593d792853f2c103100e7f081ffdaaa02aa,241,0.325,28.1999982,0.6797169669342996
0x710dc593d792853f2c103100e7f081ffdaaa02aa,241,0.3333333333333333,27.06985421551678,0.6813221316020494
0x710dc593d792853f2c103100e7f081ffdaaa02aa,241,0.3416666666666667,26.432709697605635,0.6995314996975613
0x710dc593d792853f2c103100e7f081ffdaaa02aa,241,0.35,25.471516874,0.7294720711871306
0x710dc593d792853f2c103100e7f081ffdaaa02aa,241,0.35833333333333334,24.294598920000002,0.7294720711871306
0x710dc593d792853f2c103100e7f081ffdaaa02aa,241,0.36666666666666664,24.007906399999996,0.8041047274680194
0x710dc593d792853f2c103100e7f081ffdaaa02aa,241,0.375,23.503995560550713,0.8266070358944181
0x710dc593d792853f2c103100e7f081ffdaaa02aa,241,0.38333333333333336,21.712,0.8295073334249319
0x710dc593d792853f2c103100e7f081ffdaaa02aa,241,0.39166666666666666,20.6025,0.8470091288676864
0x710dc593d792853f2c103100e7f081ffdaaa02aa,241,0.4,20.036099999999998,0.8470091288676866
0x710dc593d792853f2c103100e7f081ffdaaa02aa,241,0.4083333333333333,19.02,0.8470091288676866
0x710dc593d792853f2c103100e7f081ffdaaa02aa,241,0.4166666666666667,18.5,0.86653697616314
0x710dc593d792853f2c103100e7f081ffdaaa02aa,241,0.425,18.0,0.869149744197094
0x710dc593d792853f2c103100e7f081ffdaaa02aa,241,0.43333333333333335,17.680000000000003,0.8866515396398487
0x710dc593d792853f2c103100e7f081ffdaaa02aa,241,0.44166666666666665,17.594132159999997,0.8891417951057035
0x710dc593d792853f2c103100e7f081ffdaaa02aa,241,0.45,17.25569892,0.8918733253230191
0x710dc593d792853f2c103100e7f081ffdaaa02aa,241,0.4583333333333333,17.0,0.9012492871673519
0x710dc593d792853f2c103100e7f081ffdaaa02aa,241,0.4666666666666667,16.84614138,0.9012492871673519
0x710dc593d792853f2c103100e7f081ffdaaa02aa,241,0.475,16.7475,0.9081562457260103
0x710dc593d792853f2c103100e7f081ffdaaa02aa,241,0.48333333333333334,16.324198920000004,0.93291377300675
0x710dc593d792853f2c103100e7f081ffdaaa02aa,241,0.49166666666666664,16.176599999999997,0.93291377300675
0x710dc593d792853f2c103100e7f081ffdaaa02aa,241,0.5,16.0,0.93291377300675
0x710dc593d792853f2c103100e7f081ffdaaa02aa,241,0.5083333333333333,15.9375,0.8970038391429556
0x710dc593d792853f2c103100e7f081ffdaaa02aa,241,0.5166666666666667,15.3525,0.8970038391429558
0x710dc593d792853f2c103100e7f081ffdaaa02aa,241,0.525,14.392800000000001,0.9145056345857103
0x710dc593d792853f2c103100e7f081ffdaaa02aa,241,0.5333333333333333,13.868398440000002,0.9145056345857103
0x710dc593d792853f2c103100e7f081ffdaaa02aa,241,0.5416666666666666,13.717599560963443,0.8914470190898813
0x710dc593d792853f2c103100e7f081ffdaaa02aa,241,0.55,13.200000000000001,0.8919879072609894
0x710dc593d792853f2c103100e7f081ffdaaa02aa,241,0.5583333333333333,13.065000000000001,0.8817681088506667
0x710dc593d792853f2c103100e7f081ffdaaa02aa,241,0.5666666666666667,12.9,0.9056455583475677
0x710dc593d792853f2c103100e7f081ffdaaa02aa,241,0.575,12.512000000000002,0.9123962508754874
0x710dc593d792853f2c103100e7f081ffdaaa02aa,241,0.5833333333333334,11.968,0.8555841727400604
0x710dc593d792853f2c103100e7f081ffdaaa02aa,241,0.5916666666666667,11.270132640000002,0.9069644436470039
0x710dc593d792853f2c103100e7f081ffdaaa02aa,241,0.6,10.5013489,0.8632099550401177
0x710dc593d792853f2c103100e7f081ffdaaa02aa,241,0.6083333333333333,10.262194740000002,0.8194554664332314
0x710dc593d792853f2c103100e7f081ffdaaa02aa,241,0.6166666666666667,9.61,0.8243309665922844
0x710dc593d792853f2c103100e7f081ffdaaa02aa,241,0.625,9.5,0.8243309665922844
0x710dc593d792853f2c103100e7f081ffdaaa02aa,241,0.6333333333333333,9.32,0.8328318386644795
0x710dc593d792853f2c103100e7f081ffdaaa02aa,241,0.6416666666666667,9.200000000000001,0.8328318386644795
0x710dc593d792853f2c103100e7f081ffdaaa02aa,241,0.65,8.9,0.8328318386644795
0x710dc593d792853f2c103100e7f081ffdaaa02aa,241,0.6583333333333333,8.655,0.8328318386644795
0x710dc593d792853f2c103100e7f081ffdaaa02aa,241,0.6666666666666666,8.5,0.8328318386644795
0x710dc593d792853f2c103100e7f081ffdaaa02aa,241,0.675,8.080800000000002,0.7278210660079526
0x710dc593d792853f2c103100e7f081ffdaaa02aa,241,0.6833333333333333,8.0,0.6892171068233691
0x710dc593d792853f2c103100e7f081ffdaaa02aa,241,0.6916666666666667,7.5,0.6892171068233691
0x710dc593d792853f2c103100e7f081ffdaaa02aa,241,0.7,7.1,0.7073439663890791
0x710dc593d792853f2c103100e7f081ffdaaa02aa,241,0.7083333333333334,7.0,0.7008134516725696
0x710dc593d792853f2c103100e7f081ffdaaa02aa,241,0.7166666666666667,6.8999999999999995,0.7126896700087244
0x710dc593d792853f2c103100e7f081ffdaaa02aa,241,0.725,6.701291090000001,0.6708103737707047
0x710dc593d792853f2c103100e7f081ffdaaa02aa,241,0.7333333333333333,6.221332800000001,0.6708103737707047
0x710dc593d792853f2c103100e7f081ffdaaa02aa,241,0.7416666666666667,5.9616,0.6964380028118808
0x710dc593d792853f2c103100e7f081ffdaaa02aa,241,0.75,5.852165799999995,0.6964380028118808
0x710dc593d792853f2c103100e7f081ffdaaa02aa,241,0.7583333333333333,5.5440000000000005,0.7208155036071461
0x710dc593d792853f2c103100e7f081ffdaaa02aa,241,0.7666666666666667,5.2465,0.7333167860662565
0x710dc593d792853f2c103100e7f081ffdaaa02aa,241,0.775,4.998000000000001,0.7208155036071461
0x710dc593d792853f2c103100e7f081ffdaaa02aa,241,0.7833333333333333,4.8,0.7208155036071461
0x710dc593d792853f2c103100e7f081ffdaaa02aa,241,0.7916666666666666,4.6953,0.6914962458557946
0x710dc593d792853f2c103100e7f081ffdaaa02aa,241,0.8,4.328100000000001,0.6989970153312608
0x710dc593d792853f2c103100e7f081ffdaaa02aa,241,0.8083333333333333,4.2,0.6924388425532115
0x710dc593d792853f2c103100e7f081ffdaaa02aa,241,0.8166666666666667,4.1158,0.7047282296540329
0x710dc593d792853f2c103100e7f081ffdaaa02aa,241,0.825,4.0,0.7047282296540333
0x710dc593d792853f2c103100e7f081ffdaaa02aa,241,0.8333333333333334,3.9986660000000014,0.7047282296540333
0x710dc593d792853f2c103100e7f081ffdaaa02aa,241,0.8416666666666667,3.7719289999999996,0.7411499772113588
0x710dc593d792853f2c103100e7f081ffdaaa02aa,241,0.85,3.65,0.7402248822199685
0x710dc593d792853f2c103100e7f081ffdaaa02aa,241,0.8583333333333333,3.3600000000000003,0.8482359626666821
0x710dc593d792853f2c103100e7f081ffdaaa02aa,241,0.8666666666666667,3.2,0.806981730551619
0x710dc593d792853f2c103100e7f081ffdaaa02aa,241,0.875,3.00979,0.8957408360113025
0x710dc593d792853f2c103100e7f081ffdaaa02aa,241,0.8833333333333333,2.8213332232000896,0.8957408360113025
0x710dc593d792853f2c103100e7f081ffdaaa02aa,241,0.8916666666666667,2.7,0.915472580361514
0x710dc593d792853f2c103100e7f081ffdaaa02aa,241,0.9,2.5788000000000006,0.9715158296257057
0x710dc593d792853f2c103100e7f081ffdaaa02aa,241,0.9083333333333333,2.5,0.983160774236367
0x710dc593d792853f2c103100e7f081ffdaaa02aa,241,0.9166666666666666,2.45,0.9402501219868331
0x710dc593d792853f2c103100e7f081ffdaaa02aa,241,0.925,2.1555,0.9121222364538347
0x710dc593d792853f2c103100e7f081ffdaaa02aa,241,0.9333333333333333,1.8461319000000016,0.958927037980744
0x710dc593d792853f2c103100e7f081ffdaaa02aa,241,0.9416666666666667,1.6,0.9501511376944485
0x710dc593d792853f2c103100e7f081ffdaaa02aa,241,0.95,1.500247,1.055014395217958
0x710dc593d792853f2c103100e7f081ffdaaa02aa,241,0.9583333333333334,1.4880000000000002,1.0362624715292925
0x710dc593d792853f2c103100e7f081ffdaaa02aa,241,0.9666666666666667,1.3,1.0186356632619504
0x710dc593d792853f2c103100e7f081ffdaaa02aa,241,0.975,0.7648300680000004,1.0026965281265847
0x710dc593d792853f2c103100e7f081ffdaaa02aa,241,0.9833333333333333,0.6666660000000001,1.0026965281265847
0x710dc593d792853f2c103100e7f081ffdaaa02aa,241,0.9916666666666667,0.5098300680000003,0.9995087010995117
0x710dc593d792853f2c103100e7f081ffdaaa02aa,241,1.0,0.003032119999993839,1.0000000000000009
0x72476fa4e440ef335fcabd3b14c9af328860ecb6,106,0.0,94.21939848935308,0.0
0x72476fa4e440ef335fcabd3b14c9af328860ecb6,106,0.009523809523809525,74.05667,-5.4853472589330575e-17
0x72476fa4e440ef335fcabd3b14c9af328860ecb6,106,0.01904761904761905,36.34190000000001,-0.00013381229167876664
0x72476fa4e440ef335fcabd3b14c9af328860ecb6,106,0.02857142857142857,36.28730000000001,-0.00373645091379793
0x72476fa4e440ef335fcabd3b14c9af328860ecb6,106,0.0380952380952381,34.8173,-0.008368414856522568
0x72476fa4e440ef335fcabd3b14c9af328860ecb6,106,0.047619047619047616,32.92730000000001,-0.016548120070934078
0x72476fa4e440ef335fcabd3b14c9af328860ecb6,106,0.05714285714285714,29.269347800000002,-0.01654812007093304
0x72476fa4e440ef335fcabd3b14c9af328860ecb6,106,0.06666666666666667,28.637247800000004,-0.016548120070932006
0x72476fa4e440ef335fcabd3b14c9af328860ecb6,106,0.0761904761904762,27.0,-0.016548120070931954
0x72476fa4e440ef335fcabd3b14c9af328860ecb6,106,0.08571428571428572,26.0081,-0.016548120070931954
0x72476fa4e440ef335fcabd3b14c9af328860ecb6,106,0.09523809523809523,25.3626,-0.02349312505553147
0x72476fa4e440ef335fcabd3b14c9af328860ecb6,106,0.10476190476190476,23.9462124,-0.023493125055529897
0x72476fa4e440ef335fcabd3b14c9af328860ecb6,106,0.11428571428571428,22.5288,-0.03422751768470128
0x72476fa4e440ef335fcabd3b14c9af328860ecb6,106,0.12380952380952381,20.217900000000004,-0.03566636743643336
0x72476fa4e440ef335fcabd3b14c9af328860ecb6,106,0.13333333333333333,19.6308,-0.036020259284755815
0x72476fa4e440ef335fcabd3b14c9af328860ecb6,106,0.14285714285714285,19.4864,-0.03917269061783873
0x72476fa4e440ef335fcabd3b14c9af328860ecb6,106,0.1523809523809524,19.3376124,-0.010905946849268659
0x72476fa4e440ef335fcabd3b14c9af328860ecb6,106,0.1619047619047619,18.6014124,0.10428045807562975
0x72476fa4e440ef335fcabd3b14c9af328860ecb6,106,0.17142857142857143,18.200100000000003,0.0991955909918387
0x72476fa4e440ef335fcabd3b14c9af328860ecb6,106,0.18095238095238095,16.015999999999984,0.09613849484199462
0x72476fa4e440ef335fcabd3b14c9af328860ecb6,106,0.19047619047619047,15.607346142201054,0.06964241119457754
0x72476fa4e440ef335fcabd3b14c9af328860ecb6,106,0.2,15.60141288884494,0.0941501226124353
0x72476fa4e440ef335fcabd3b14c9af328860ecb6,106,0.20952380952380953,15.164141600000011,0.159062318259304
0x72476fa4e440ef335fcabd3b14c9af328860ecb6,106,0.21904761904761905,15.027050466,0.29270109509825654
0x72476fa4e440ef335fcabd3b14c9af328860ecb6,106,0.22857142857142856,14.963115420000003,0.37577353033009325
0x72476fa4e440ef335fcabd3b14c9af328860ecb6,106,0.23809523809523808,14.060541600000006,0.44452069802858923
0x72476fa4e440ef335fcabd3b14c9af328860ecb6,106,0.24761904761904763,14.050399999999996,0.44452069802858923
0x72476fa4e440ef335fcabd3b14c9af328860ecb6,106,0.2571428571428571,13.1988,0.44452069802858923
0x72476fa4e440ef335fcabd3b14c9af328860ecb6,106,0.26666666666666666,13.01352,0.4441783738362507
0x72476fa4e440ef335fcabd3b14c9af328860ecb6,106,0.2761904761904762,12.87384,0.4409738390357486
0x72476fa4e440ef335fcabd3b14c9af328860ecb6,106,0.2857142857142857,12.79951542,0.5431672174851184
0x72476fa4e440ef335fcabd3b14c9af328860ecb6,106,0.29523809523809524,11.827567990000002,0.6567407676636109
0x72476fa4e440ef335fcabd3b14c9af328860ecb6,106,0.3047619047619048,11.7304,0.6567407676636109
0x72476fa4e440ef335fcabd3b14c9af328860ecb6,106,0.3142857142857143,11.56628,0.6496779539452936
0x72476fa4e440ef335fcabd3b14c9af328860ecb6,106,0.3238095238095238,10.72170307,0.6367363937357953
0x72476fa4e440ef335fcabd3b14c9af328860ecb6,106,0.3333333333333333,10.646539339438077,0.6441744798598088
0x72476fa4e440ef335fcabd3b14c9af328860ecb6,106,0.34285714285714286,10.22482,0.7814150130420343
0x72476fa4e440ef335fcabd3b14c9af328860ecb6,106,0.3523809523809524,10.156250466,0.7814150130420343
0x72476fa4e440ef335fcabd3b14c9af328860ecb6,106,0.3619047619047619,10.107999999999997,0.7810500057017754
0x72476fa4e440ef335fcabd3b14c9af328860ecb6,106,0.37142857142857144,8.542300000000001,0.7810500057017754
0x72476fa4e440ef335fcabd3b14c9af328860ecb6,106,0.38095238095238093,8.37136245,0.7810500057017754
0x72476fa4e440ef335fcabd3b14c9af328860ecb6,106,0.3904761904761905,8.339468006809147,0.9425903339394202
0x72476fa4e440ef335fcabd3b14c9af328860ecb6,106,0.4,7.696250466,0.9425903339394202
0x72476fa4e440ef335fcabd3b14c9af328860ecb6,106,0.4095238095238095,7.66271198,0.9384602886292193
0x72476fa4e440ef335fcabd3b14c9af328860ecb6,106,0.41904761904761906,6.87468996,0.9384602886292193
0x72476fa4e440ef335fcabd3b14c9af328860ecb6,106,0.42857142857142855,6.691000000000001,0.953260516358923
0x72476fa4e440ef335fcabd3b14c9af328860ecb6,106,0.4380952380952381,6.667580790000001,0.9660535596293054
0x72476fa4e440ef335fcabd3b14c9af328860ecb6,106,0.44761904761904764,6.58987,0.9660535596293054
0x72476fa4e440ef335fcabd3b14c9af328860ecb6,106,0.45714285714285713,6.488999999999999,0.9660535596293054
0x72476fa4e440ef335fcabd3b14c9af328860ecb6,106,0.4666666666666667,6.267100000000001,0.9660535596293051
0x72476fa4e440ef335fcabd3b14c9af328860ecb6,106,0.47619047619047616,6.0129,0.9655827658338568
0x72476fa4e440ef335fcabd3b14c9af328860ecb6,106,0.4857142857142857,5.977512022386007,0.9586703267417815
0x72476fa4e440ef335fcabd3b14c9af328860ecb6,106,0.49523809523809526,5.820799999999999,0.9560955429755242
0x72476fa4e440ef335fcabd3b14c9af328860ecb6,106,0.5047619047619047,5.759599999999995,0.9436994037616145
0x72476fa4e440ef335fcabd3b14c9af328860ecb6,106,0.5142857142857142,5.44110307,0.9422828413538481
0x72476fa4e440ef335fcabd3b14c9af328860ecb6,106,0.5238095238095238,5.3313999999999995,0.9422642154670943
0x72476fa4e440ef335fcabd3b14c9af328860ecb6,106,0.5333333333333333,5.3238,0.9399359796228676
0x72476fa4e440ef335fcabd3b14c9af328860ecb6,106,0.5428571428571428,5.218000000000001,0.9399359796228676
0x72476fa4e440ef335fcabd3b14c9af328860ecb6,106,0.5523809523809524,5.0856,0.9394580785811579
0x72476fa4e440ef335fcabd3b14c9af328860ecb6,106,0.5619047619047619,5.051200000000001,0.9394580785811579
0x72476fa4e440ef335fcabd3b14c9af328860ecb6,106,0.5714285714285714,4.890600000000001,0.9391426638936295
0x72476fa4e440ef335fcabd3b14c9af328860ecb6,106,0.580952380952381,4.863098521103754,0.938321333360249
0x72476fa4e440ef335fcabd3b14c9af328860ecb6,106,0.5904761904761905,4.761900000000001,0.9266509899216985
0x72476fa4e440ef335fcabd3b14c9af328860ecb6,106,0.6,4.3,0.9266509899216985
0x72476fa4e440ef335fcabd3b14c9af328860ecb6,106,0.6095238095238096,4.1874,0.9249354477206894
0x72476fa4e440ef335fcabd3b14c9af328860ecb6,106,0.6190476190476191,4.143600000000001,0.923281174884002
0x72476fa4e440ef335fcabd3b14c9af328860ecb6,106,0.6285714285714286,4.024799999999996,0.9232811748840017
0x72476fa4e440ef335fcabd3b14c9af328860ecb6,106,0.638095238095238,3.8798000000000004,0.9232811748840017
0x72476fa4e440ef335fcabd3b14c9af328860ecb6,106,0.6476190476190476,3.5875,0.91448902110383
0x72476fa4e440ef335fcabd3b14c9af328860ecb6,106,0.6571428571428571,3.5,0.9144890211038301
0x72476fa4e440ef335fcabd3b14c9af328860ecb6,106,0.6666666666666666,3.4929,0.9144890211038301
0x72476fa4e440ef335fcabd3b14c9af328860ecb6,106,0.6761904761904762,3.4874000000000005,0.9114319249016318
0x72476fa4e440ef335fcabd3b14c9af328860ecb6,106,0.6857142857142857,3.42684,0.9398686543945761
0x72476fa4e440ef335fcabd3b14c9af328860ecb6,106,0.6952380952380952,3.3782000000000005,0.9626608579222689
0x72476fa4e440ef335fcabd3b14c9af328860ecb6,106,0.7047619047619048,3.0429,0.9626608579222689
0x72476fa4e440ef335fcabd3b14c9af328860ecb6,106,0.7142857142857143,3.03108996,0.9626608579222689
0x72476fa4e440ef335fcabd3b14c9af328860ecb6,106,0.7238095238095238,2.8759999999999994,0.9595336695672865
0x72476fa4e440ef335fcabd3b14c9af328860ecb6,106,0.7333333333333333,2.6781999999999995,1.0165141783865181
0x72476fa4e440ef335fcabd3b14c9af328860ecb6,106,0.7428571428571429,2.4741000000000004,1.0123062791789754
0x72476fa4e440ef335fcabd3b14c9af328860ecb6,106,0.7523809523809524,2.431090109815287,1.0239719489904153
0x72476fa4e440ef335fcabd3b14c9af328860ecb6,106,0.7619047619047619,2.3399999999999994,1.0182371364898992
0x72476fa4e440ef335fcabd3b14c9af328860ecb6,106,0.7714285714285715,2.24,1.01652159428889
0x72476fa4e440ef335fcabd3b14c9af328860ecb6,106,0.780952380952381,2.2192,1.017871480923627
0x72476fa4e440ef335fcabd3b14c9af328860ecb6,106,0.7904761904761904,2.161800000000002,1.012573396451996
0x72476fa4e440ef335fcabd3b14c9af328860ecb6,106,0.8,2.0943,1.0114705478942045
0x72476fa4e440ef335fcabd3b14c9af328860ecb6,106,0.8095238095238095,2.09,1.0114705478942045
0x72476fa4e440ef335fcabd3b14c9af328860ecb6,106,0.819047619047619,2.0691,1.0114705478942045
0x72476fa4e440ef335fcabd3b14c9af328860ecb6,106,0.8285714285714286,1.9962012605639652,1.0114705478942045
0x72476fa4e440ef335fcabd3b14c9af328860ecb6,106,0.8380952380952381,1.9660199999999999,1.0114705478942045
0x72476fa4e440ef335fcabd3b14c9af328860ecb6,106,0.8476190476190476,1.84296,1.0114705478942045
0x72476fa4e440ef335fcabd3b14c9af328860ecb6,106,0.8571428571428571,1.7819999999999998,1.0114705478942045
0x72476fa4e440ef335fcabd3b14c9af328860ecb6,106,0.8666666666666667,1.6442999999999994,1.0098138792571845
0x72476fa4e440ef335fcabd3b14c9af328860ecb6,106,0.8761904761904762,1.6017599999999999,1.0098138792571845
0x72476fa4e440ef335fcabd3b14c9af328860ecb6,106,0.8857142857142857,1.6,1.007118027227027
0x72476fa4e440ef335fcabd3b14c9af328860ecb6,106,0.8952380952380953,1.54,1.003343834384807
0x72476fa4e440ef335fcabd3b14c9af328860ecb6,106,0.9047619047619048,1.48116,1.003343834384807
0x72476fa4e440ef335fcabd3b14c9af328860ecb6,106,0.9142857142857143,1.34616,1.003343834384807
0x72476fa4e440ef335fcabd3b14c9af328860ecb6,106,0.9238095238095239,1.2590999999999999,1.003343834384807
0x72476fa4e440ef335fcabd3b14c9af328860ecb6,106,0.9333333333333333,1.1897400000000002,1.003343834384807
0x72476fa4e440ef335fcabd3b14c9af328860ecb6,106,0.9428571428571428,1.03884,1.003343834384807
0x72476fa4e440ef335fcabd3b14c9af328860ecb6,106,0.9523809523809523,0.8999999999999997,1.003343834384807
0x72476fa4e440ef335fcabd3b14c9af328860ecb6,106,0.9619047619047619,0.8588399999999999,1.003343834384807
0x72476fa4e440ef335fcabd3b14c9af328860ecb6,106,0.9714285714285714,0.5,1.002118447098372
0x72476fa4e440ef335fcabd3b14c9af328860ecb6,106,0.9809523809523809,0.40662000000000015,1.0011219131415514
0x72476fa4e440ef335fcabd3b14c9af328860ecb6,106,0.9904761904761905,0.39528,1.0001531709683873
0x72476fa4e440ef335fcabd3b14c9af328860ecb6,106,1.0,0.3,0.9999999999999996
0x726e9d517a96053a87d3beafae95a3678539aafb,126,0.0,306.6650710640295,0.0025800302659789755
0x726e9d517a96053a87d3beafae95a3678539aafb,126,0.008,280.74135918301556,0.028115539380683632
0x726e9d517a96053a87d3beafae95a3678539aafb,126,0.016,249.73234,0.028115539380683632
0x726e9d517a96053a87d3beafae95a3678539aafb,126,0.024,244.06167,0.030532442908807134
0x726e9d517a96053a87d3beafae95a3678539aafb,126,0.032,236.18708287002252,0.030532442908807134
0x726e9d517a96053a87d3beafae95a3678539aafb,126,0.04,235.8123080961087,0.03274776642748368
0x726e9d517a96053a87d3beafae95a3678539aafb,126,0.048,230.1872281108,0.05506953887324773
0x726e9d517a96053a87d3beafae95a3678539aafb,126,0.056,229.2885331955583,0.06086306746682538
0x726e9d517a96053a87d3beafae95a3678539aafb,126,0.064,204.4,0.06287032100123263
0x726e9d517a96053a87d3beafae95a3678539aafb,126,0.072,200.60720020933863,0.06528569352609884
0x726e9d517a96053a87d3beafae95a3678539aafb,126,0.08,180.0,0.06528569352609884
0x726e9d517a96053a87d3beafae95a3678539aafb,126,0.088,179.82000000000002,0.06728792974774701
0x726e9d517a96053a87d3beafae95a3678539aafb,126,0.096,178.56,0.06977323180308125
0x726e9d517a96053a87d3beafae95a3678539aafb,126,0.104,176.18297142857145,0.06977323180308125
0x726e9d517a96053a87d3beafae95a3678539aafb,126,0.112,174.932292758652,0.12821446048820673
0x726e9d517a96053a87d3beafae95a3678539aafb,126,0.12,173.33999999999997,0.13021669670985492
0x726e9d517a96053a87d3beafae95a3678539aafb,126,0.128,170.6349,0.17099936460646298
0x726e9d517a96053a87d3beafae95a3678539aafb,126,0.136,169.8125,0.17099936460646298
0x726e9d517a96053a87d3beafae95a3678539aafb,126,0.144,166.25326927374303,0.17099936460646298
0x726e9d517a96053a87d3beafae95a3678539aafb,126,0.152,162.95249,0.21506826442327132
0x726e9d517a96053a87d3beafae95a3678539aafb,126,0.16,160.31,0.2215175726740539
0x726e9d517a96053a87d3beafae95a3678539aafb,126,0.168,155.16940713474213,0.2495102278250445
0x726e9d517a96053a87d3beafae95a3678539aafb,126,0.176,140.38,0.2968289527134741
0x726e9d517a96053a87d3beafae95a3678539aafb,126,0.184,138.213,0.005528873868569294
0x726e9d517a96053a87d3beafae95a3678539aafb,126,0.192,129.53238384914943,0.005528873868569294
0x726e9d517a96053a87d3beafae95a3678539aafb,126,0.2,129.1788,0.0055288738685693095
0x726e9d517a96053a87d3beafae95a3678539aafb,126,0.208,123.48809101796408,0.006691013923955419
0x726e9d517a96053a87d3beafae95a3678539aafb,126,0.216,122.248,-0.010464989069956337
0x726e9d517a96053a87d3beafae95a3678539aafb,126,0.224,115.33978271733473,-0.010464989069956328
0x726e9d517a96053a87d3beafae95a3678539aafb,126,0.232,115.1558,-0.004411325333732308
0x726e9d517a96053a87d3beafae95a3678539aafb,126,0.24,114.16079070981209,-0.0019418493266169944
0x726e9d517a96053a87d3beafae95a3678539aafb,126,0.248,112.086,-0.0019418493266169315
0x726e9d517a96053a87d3beafae95a3678539aafb,126,0.256,110.80379699999999,-0.0019418493266169315
0x726e9d517a96053a87d3beafae95a3678539aafb,126,0.264,108.49485000000001,0.0025895273855342064
0x726e9d517a96053a87d3beafae95a3678539aafb,126,0.272,108.22624623691722,0.023686774310479736
0x726e9d517a96053a87d3beafae95a3678539aafb,126,0.28,101.67725644618832,0.028471529653648776
0x726e9d517a96053a87d3beafae95a3678539aafb,126,0.288,101.61000000000001,0.028471529653648776
0x726e9d517a96053a87d3beafae95a3678539aafb,126,0.296,101.5766835355286,0.028471529653648776
0x726e9d517a96053a87d3beafae95a3678539aafb,126,0.304,99.99999700000001,0.06204249166578703
0x726e9d517a96053a87d3beafae95a3678539aafb,126,0.312,99.0,0.06393934703366425
0x726e9d517a96053a87d3beafae95a3678539aafb,126,0.32,98.636,0.1975483237782444
0x726e9d517a96053a87d3beafae95a3678539aafb,126,0.328,97.43960000000001,0.2026318962606344
0x726e9d517a96053a87d3beafae95a3678539aafb,126,0.336,94.086,0.20495027504359545
0x726e9d517a96053a87d3beafae95a3678539aafb,126,0.344,93.645,0.2058038599591402
0x726e9d517a96053a87d3beafae95a3678539aafb,126,0.352,90.73550037846911,0.1678667673549153
0x726e9d517a96053a87d3beafae95a3678539aafb,126,0.36,90.1414,0.17345948538432332
0x726e9d517a96053a87d3beafae95a3678539aafb,126,0.368,90.0,0.17705999762016697
0x726e9d517a96053a87d3beafae95a3678539aafb,126,0.376,90.0,0.17716537847393793
0x726e9d517a96053a87d3beafae95a3678539aafb,126,0.384,90.0,0.18271707544245944
0x726e9d517a96053a87d3beafae95a3678539aafb,126,0.392,89.55,0.18998835435265546
0x726e9d517a96053a87d3beafae95a3678539aafb,126,0.4,87.61,0.19938916955585495
0x726e9d517a96053a87d3beafae95a3678539aafb,126,0.408,87.49048730434781,0.20224481632533656
0x726e9d517a96053a87d3beafae95a3678539aafb,126,0.416,87.0,0.20224481632533656
0x726e9d517a96053a87d3beafae95a3678539aafb,126,0.424,85.91999999999999,0.20224481632533645
0x726e9d517a96053a87d3beafae95a3678539aafb,126,0.432,85.6575,0.21278290170243214
0x726e9d517a96053a87d3beafae95a3678539aafb,126,0.44,84.85,0.21278290170243214
0x726e9d517a96053a87d3beafae95a3678539aafb,126,0.448,84.18599999999999,0.21298944817582321
0x726e9d517a96053a87d3beafae95a3678539aafb,126,0.456,84.00799999999998,0.21298944817582321
0x726e9d517a96053a87d3beafae95a3678539aafb,126,0.464,79.92000000000002,0.25070164775832204
0x726e9d517a96053a87d3beafae95a3678539aafb,126,0.472,79.0158,0.25450800419652897
0x726e9d517a96053a87d3beafae95a3678539aafb,126,0.48,78.04724423788765,0.1830599708210976
0x726e9d517a96053a87d3beafae95a3678539aafb,126,0.488,75.38665434782608,0.1830599708210976
0x726e9d517a96053a87d3beafae95a3678539aafb,126,0.496,74.3184,0.2215062784640633
0x726e9d517a96053a87d3beafae95a3678539aafb,126,0.504,72.402919110216,0.2796841814717859
0x726e9d517a96053a87d3beafae95a3678539aafb,126,0.512,70.3934,0.2919484052336498
0x726e9d517a96053a87d3beafae95a3678539aafb,126,0.52,67.5,0.29194840523365
0x726e9d517a96053a87d3beafae95a3678539aafb,126,0.528,66.15,0.2982712564599074
0x726e9d517a96053a87d3beafae95a3678539aafb,126,0.536,65.9934,0.2982712564599073
0x726e9d517a96053a87d3beafae95a3678539aafb,126,0.544,60.7654,0.2842408994130207
0x726e9d517a96053a87d3beafae95a3678539aafb,126,0.552,58.904409459459465,0.3042316473733713
0x726e9d517a96053a87d3beafae95a3678539aafb,126,0.56,58.5,0.3095006900619191
0x726e9d517a96053a87d3beafae95a3678539aafb,126,0.568,57.47,0.3095006900619193
0x726e9d517a96053a87d3beafae95a3678539aafb,126,0.576,57.0,0.3223657994710511
0x726e9d517a96053a87d3beafae95a3678539aafb,126,0.584,56.394,0.32405189313138644
0x726e9d517a96053a87d3beafae95a3678539aafb,126,0.592,53.884,0.3240518931313864
0x726e9d517a96053a87d3beafae95a3678539aafb,126,0.6,53.557162635201564,0.325974653330574
0x726e9d517a96053a87d3beafae95a3678539aafb,126,0.608,49.93650000000001,0.328864937530403
0x726e9d517a96053a87d3beafae95a3678539aafb,126,0.616,49.59,0.34361825705833693
0x726e9d517a96053a87d3beafae95a3678539aafb,126,0.624,48.726,0.34361825705833715
0x726e9d517a96053a87d3beafae95a3678539aafb,126,0.632,48.1708,0.3461429258605751
0x726e9d517a96053a87d3beafae95a3678539aafb,126,0.64,39.005,0.3461429258605751
0x726e9d517a96053a87d3beafae95a3678539aafb,126,0.648,36.0,0.35141196854912293
0x726e9d517a96053a87d3beafae95a3678539aafb,126,0.656,30.850998667167502,0.35141196854912293
0x726e9d517a96053a87d3beafae95a3678539aafb,126,0.664,30.064124763619986,0.3635412526259317
0x726e9d517a96053a87d3beafae95a3678539aafb,126,0.672,28.8176,0.363541252625932
0x726e9d517a96053a87d3beafae95a3678539aafb,126,0.68,28.35,0.36554348884758014
0x726e9d517a96053a87d3beafae95a3678539aafb,126,0.688,27.866569058823526,0.36554348884758014
0x726e9d517a96053a87d3beafae95a3678539aafb,126,0.696,26.969900000000003,0.3655434888475802
0x726e9d517a96053a87d3beafae95a3678539aafb,126,0.704,25.875000000000004,0.36000893685753194
0x726e9d517a96053a87d3beafae95a3678539aafb,126,0.712,25.728394910941475,0.36000893685753194
0x726e9d517a96053a87d3beafae95a3678539aafb,126,0.72,24.6784,0.36000893685753194
0x726e9d517a96053a87d3beafae95a3678539aafb,126,0.728,22.2808,0.3600089368575395
0x726e9d517a96053a87d3beafae95a3678539aafb,126,0.736,22.165,0.36205332542069607
0x726e9d517a96053a87d3beafae95a3678539aafb,126,0.744,21.976799999999997,0.3620533254207036
0x726e9d517a96053a87d3beafae95a3678539aafb,126,0.752,21.5768,0.36205332542071117
0x726e9d517a96053a87d3beafae95a3678539aafb,126,0.76,20.78999803457481,0.3620533254207112
0x726e9d517a96053a87d3beafae95a3678539aafb,126,0.768,20.54,0.3620533254207112
0x726e9d517a96053a87d3beafae95a3678539aafb,126,0.776,20.509279999999997,0.3620533254207112
0x726e9d517a96053a87d3beafae95a3678539aafb,126,0.784,18.720399999999998,0.3620533254207112
0x726e9d517a96053a87d3beafae95a3678539aafb,126,0.792,18.0002,0.3620533254207112
0x726e9d517a96053a87d3beafae95a3678539aafb,126,0.8,15.87,0.3620533254207113
0x726e9d517a96053a87d3beafae95a3678539aafb,126,0.808,15.37,0.3664335875949311
0x726e9d517a96053a87d3beafae95a3678539aafb,126,0.816,14.8,0.3773931963871106
0x726e9d517a96053a87d3beafae95a3678539aafb,126,0.824,14.659799999999997,0.38374459197524036
0x726e9d517a96053a87d3beafae95a3678539aafb,126,0.832,14.44,0.38374459197524036
0x726e9d517a96053a87d3beafae95a3678539aafb,126,0.84,13.5,0.38690601758836907
0x726e9d517a96053a87d3beafae95a3678539aafb,126,0.848,11.999994803999982,0.38690601758836907
0x726e9d517a96053a87d3beafae95a3678539aafb,126,0.856,11.850000000000001,0.39354501137593934
0x726e9d517a96053a87d3beafae95a3678539aafb,126,0.864,9.999996,0.3986829813585669
0x726e9d517a96053a87d3beafae95a3678539aafb,126,0.872,9.136800000000001,0.3986829813585669
0x726e9d517a96053a87d3beafae95a3678539aafb,126,0.88,7.389000000000001,0.400413334977486
0x726e9d517a96053a87d3beafae95a3678539aafb,126,0.888,6.949999999999999,0.4068415670575144
0x726e9d517a96053a87d3beafae95a3678539aafb,126,0.896,5.895899999999999,0.4068415670575144
0x726e9d517a96053a87d3beafae95a3678539aafb,126,0.904,5.2942,1.004428524998871
0x726e9d517a96053a87d3beafae95a3678539aafb,126,0.912,5.1,0.9936796779142332
0x726e9d517a96053a87d3beafae95a3678539aafb,126,0.92,3.5,0.9936796779142332
0x726e9d517a96053a87d3beafae95a3678539aafb,126,0.928,3.1212,1.0000000000000002
0x726e9d517a96053a87d3beafae95a3678539aafb,126,0.936,1.318767317570746e-14,1.0000000000000002
0x726e9d517a96053a87d3beafae95a3678539aafb,126,0.944,6.679101716144941e-15,1.0000000000000002
0x726e9d517a96053a87d3beafae95a3678539aafb,126,0.952,4.476419235288632e-15,1.0000000000000002
0x726e9d517a96053a87d3beafae95a3678539aafb,126,0.96,1.9895196601282807e-15,1.0000000000000002
0x726e9d517a96053a87d3beafae95a3678539aafb,126,0.968,1.4566126083082055e-15,1.0000000000000002
0x726e9d517a96053a87d3beafae95a3678539aafb,126,0.976,1.1191048088221578e-15,1.0000000000000002
0x726e9d517a96053a87d3beafae95a3678539aafb,126,0.984,7.105427357601e-16,1.0000000000000002
0x726e9d517a96053a87d3beafae95a3678539aafb,126,0.992,5.329070518200752e-16,1.0000000000000002
0x726e9d517a96053a87d3beafae95a3678539aafb,126,1.0,3.552713678800504e-17,1.0000000000000002
0x73e780f4b97209e80f6b9e04e460591adf418b59,158,0.0,56.481899999999996,0.10939472086468563
0x73e780f4b97209e80f6b9e04e460591adf418b59,158,0.006369426751592357,32.2,0.10939472086468563
0x73e780f4b97209e80f6b9e04e460591adf418b59,158,0.012738853503184714,27.3,0.12229035066582628
0x73e780f4b97209e80f6b9e04e460591adf418b59,158,0.01910828025477707,23.75,0.12229035066582639
0x73e780f4b97209e80f6b9e04e460591adf418b59,158,0.025477707006369428,19.98,0.12229035066582589
0x73e780f4b97209e80f6b9e04e460591adf418b59,158,0.03184713375796178,19.39,0.12507695287886483
0x73e780f4b97209e80f6b9e04e460591adf418b59,158,0.03821656050955414,18.5,0.12507695287886433
0x73e780f4b97209e80f6b9e04e460591adf418b59,158,0.044585987261146494,18.400000000000002,0.12507695287886433
0x73e780f4b97209e80f6b9e04e460591adf418b59,158,0.050955414012738856,17.6119972326058,0.12664058973512826
0x73e780f4b97209e80f6b9e04e460591adf418b59,158,0.05732484076433121,17.1,0.09034177992451015
0x73e780f4b97209e80f6b9e04e460591adf418b59,158,0.06369426751592357,17.0,0.09034177992451015
0x73e780f4b97209e80f6b9e04e460591adf418b59,158,0.07006369426751592,15.080400000000003,0.06216244072942502
0x73e780f4b97209e80f6b9e04e460591adf418b59,158,0.07643312101910828,15.050000000000002,0.08938654808738859
0x73e780f4b97209e80f6b9e04e460591adf418b59,158,0.08280254777070063,14.000000000000002,0.13141674892073588
0x73e780f4b97209e80f6b9e04e460591adf418b59,158,0.08917197452229299,13.05,0.1500437697446057
0x73e780f4b97209e80f6b9e04e460591adf418b59,158,0.09554140127388536,13.05,0.16867079056847553
0x73e780f4b97209e80f6b9e04e460591adf418b59,158,0.10191082802547771,13.0,0.21039531750545756
0x73e780f4b97209e80f6b9e04e460591adf418b59,158,0.10828025477707007,12.3,0.2189924040395513
0x73e780f4b97209e80f6b9e04e460591adf418b59,158,0.11464968152866242,11.924800000000001,0.19562660955894084
0x73e780f4b97209e80f6b9e04e460591adf418b59,158,0.12101910828025478,11.724999999999998,0.1857385274716378
0x73e780f4b97209e80f6b9e04e460591adf418b59,158,0.12738853503184713,11.6,0.2138223434830108
0x73e780f4b97209e80f6b9e04e460591adf418b59,158,0.1337579617834395,11.464,0.2138223434830108
0x73e780f4b97209e80f6b9e04e460591adf418b59,158,0.14012738853503184,11.25,0.17800114959095342
0x73e780f4b97209e80f6b9e04e460591adf418b59,158,0.1464968152866242,10.4,0.17800114959095342
0x73e780f4b97209e80f6b9e04e460591adf418b59,158,0.15286624203821655,10.280000000000001,0.12344679800423496
0x73e780f4b97209e80f6b9e04e460591adf418b59,158,0.1592356687898089,10.200000000000001,0.12344679800423496
0x73e780f4b97209e80f6b9e04e460591adf418b59,158,0.16560509554140126,10.049999999999999,0.1392081233167402
0x73e780f4b97209e80f6b9e04e460591adf418b59,158,0.17197452229299362,10.0,0.16786507843038606
0x73e780f4b97209e80f6b9e04e460591adf418b59,158,0.17834394904458598,9.799687800000001,0.1663137819269007
0x73e780f4b97209e80f6b9e04e460591adf418b59,158,0.18471337579617833,9.74,0.18771097507842294
0x73e780f4b97209e80f6b9e04e460591adf418b59,158,0.1910828025477707,9.637292756333318,0.18615967782176376
0x73e780f4b97209e80f6b9e04e460591adf418b59,158,0.19745222929936307,9.6,0.18615967782176376
0x73e780f4b97209e80f6b9e04e460591adf418b59,158,0.20382165605095542,9.3,0.19201432028013218
0x73e780f4b97209e80f6b9e04e460591adf418b59,158,0.21019108280254778,9.248400000000002,0.19201432028013218
0x73e780f4b97209e80f6b9e04e460591adf418b59,158,0.21656050955414013,8.700000000000001,0.21207418885968432
0x73e780f4b97209e80f6b9e04e460591adf418b59,158,0.2229299363057325,8.46379,0.13378019772129277
0x73e780f4b97209e80f6b9e04e460591adf418b59,158,0.22929936305732485,8.32,0.08907534774400518
0x73e780f4b97209e80f6b9e04e460591adf418b59,158,0.2356687898089172,8.249999999999998,0.08907534774400527
0x73e780f4b97209e80f6b9e04e460591adf418b59,158,0.24203821656050956,8.1804,0.08907534774400527
0x73e780f4b97209e80f6b9e04e460591adf418b59,158,0.2484076433121019,8.0,0.20370316819858883
0x73e780f4b97209e80f6b9e04e460591adf418b59,158,0.25477707006369427,7.981200000000001,0.20370316819858914
0x73e780f4b97209e80f6b9e04e460591adf418b59,158,0.2611464968152866,7.800000000000001,0.33094004890317685
0x73e780f4b97209e80f6b9e04e460591adf418b59,158,0.267515923566879,7.7987208,0.34976098178998233
0x73e780f4b97209e80f6b9e04e460591adf418b59,158,0.27388535031847133,7.63,0.33414294125304533
0x73e780f4b97209e80f6b9e04e460591adf418b59,158,0.2802547770700637,7.6225000000000005,0.32977275559821434
0x73e780f4b97209e80f6b9e04e460591adf418b59,158,0.28662420382165604,7.540000000000001,0.38192841390504984
0x73e780f4b97209e80f6b9e04e460591adf418b59,158,0.2929936305732484,7.5,0.4058092098330881
0x73e780f4b97209e80f6b9e04e460591adf418b59,158,0.29936305732484075,7.5,0.3486385843813645
0x73e780f4b97209e80f6b9e04e460591adf418b59,158,0.3057324840764331,7.4,0.3306133596148813
0x73e780f4b97209e80f6b9e04e460591adf418b59,158,0.31210191082802546,7.35,0.26040381958644887
0x73e780f4b97209e80f6b9e04e460591adf418b59,158,0.3184713375796178,7.199999999999999,0.19162712731369871
0x73e780f4b97209e80f6b9e04e460591adf418b59,158,0.3248407643312102,7.165000000000001,0.17806283563651404
0x73e780f4b97209e80f6b9e04e460591adf418b59,158,0.33121019108280253,6.6,0.17835947026766524
0x73e780f4b97209e80f6b9e04e460591adf418b59,158,0.3375796178343949,6.539021209108033,0.22612105257142334
0x73e780f4b97209e80f6b9e04e460591adf418b59,158,0.34394904458598724,6.5,0.22612105257142334
0x73e780f4b97209e80f6b9e04e460591adf418b59,158,0.3503184713375796,6.450000000000001,0.2261210525714233
0x73e780f4b97209e80f6b9e04e460591adf418b59,158,0.35668789808917195,5.824952400000001,0.2261210525714233
0x73e780f4b97209e80f6b9e04e460591adf418b59,158,0.3630573248407643,5.71818239,0.2516973850103522
0x73e780f4b97209e80f6b9e04e460591adf418b59,158,0.36942675159235666,5.6736,0.2516973850103522
0x73e780f4b97209e80f6b9e04e460591adf418b59,158,0.37579617834394907,5.537,0.2182642707110987
0x73e780f4b97209e80f6b9e04e460591adf418b59,158,0.3821656050955414,5.513,0.19034284411203642
0x73e780f4b97209e80f6b9e04e460591adf418b59,158,0.3885350318471338,5.499639200000001,0.21499737782814307
0x73e780f4b97209e80f6b9e04e460591adf418b59,158,0.39490445859872614,5.4,0.21499737782814335
0x73e780f4b97209e80f6b9e04e460591adf418b59,158,0.4012738853503185,5.356799999999999,0.21499737782814335
0x73e780f4b97209e80f6b9e04e460591adf418b59,158,0.40764331210191085,5.300000000000001,0.19474646288116693
0x73e780f4b97209e80f6b9e04e460591adf418b59,158,0.4140127388535032,5.180639200000001,0.23725427963307497
0x73e780f4b97209e80f6b9e04e460591adf418b59,158,0.42038216560509556,4.8,0.40537508296646424
0x73e780f4b97209e80f6b9e04e460591adf418b59,158,0.4267515923566879,4.7058,0.4329258796127234
0x73e780f4b97209e80f6b9e04e460591adf418b59,158,0.43312101910828027,4.692,0.3881064018149812
0x73e780f4b97209e80f6b9e04e460591adf418b59,158,0.4394904458598726,4.630639200000001,0.5759909518584149
0x73e780f4b97209e80f6b9e04e460591adf418b59,158,0.445859872611465,4.522227078897144,0.5744883473064423
0x73e780f4b97209e80f6b9e04e460591adf418b59,158,0.45222929936305734,4.3500000000000005,0.5744883473064426
0x73e780f4b97209e80f6b9e04e460591adf418b59,158,0.4585987261146497,4.35,0.5744883473064426
0x73e780f4b97209e80f6b9e04e460591adf418b59,158,0.46496815286624205,4.32,0.5744883473064426
0x73e780f4b97209e80f6b9e04e460591adf418b59,158,0.4713375796178344,4.250000000000002,0.5744883473064426
0x73e780f4b97209e80f6b9e04e460591adf418b59,158,0.47770700636942676,4.242,0.5744883473064423
0x73e780f4b97209e80f6b9e04e460591adf418b59,158,0.4840764331210191,4.2,0.5744883473064423
0x73e780f4b97209e80f6b9e04e460591adf418b59,158,0.49044585987261147,4.125,0.5613539095460212
0x73e780f4b97209e80f6b9e04e460591adf418b59,158,0.4968152866242038,3.9000000000000004,0.5613539095460212
0x73e780f4b97209e80f6b9e04e460591adf418b59,158,0.5031847133757962,3.8710649600000004,0.5613539095460212
0x73e780f4b97209e80f6b9e04e460591adf418b59,158,0.5095541401273885,3.5999999999999996,0.5384283454551044
0x73e780f4b97209e80f6b9e04e460591adf418b59,158,0.5159235668789809,3.5526319199999996,0.5384283454551044
0x73e780f4b97209e80f6b9e04e460591adf418b59,158,0.5222929936305732,3.52,0.5384283454551045
0x73e780f4b97209e80f6b9e04e460591adf418b59,158,0.5286624203821656,3.5000000000000004,0.5384283454551045
0x73e780f4b97209e80f6b9e04e460591adf418b59,158,0.535031847133758,3.4995550000000004,0.5361357890460128
0x73e780f4b97209e80f6b9e04e460591adf418b59,158,0.5414012738853503,3.3423000000000003,0.5860724437952151
0x73e780f4b97209e80f6b9e04e460591adf418b59,158,0.5477707006369427,3.300000000000003,0.5860724437952158
0x73e780f4b97209e80f6b9e04e460591adf418b59,158,0.554140127388535,3.3,0.5860724437952158
0x73e780f4b97209e80f6b9e04e460591adf418b59,158,0.5605095541401274,3.3,0.5679706842407061
0x73e780f4b97209e80f6b9e04e460591adf418b59,158,0.5668789808917197,3.3,0.5679706842407061
0x73e780f4b97209e80f6b9e04e460591adf418b59,158,0.5732484076433121,3.2595550000000006,0.5626638460079856
0x73e780f4b97209e80f6b9e04e460591adf418b59,158,0.5796178343949044,3.25,0.5777087474426498
0x73e780f4b97209e80f6b9e04e460591adf418b59,158,0.5859872611464968,3.2120000000000006,0.5586041107002192
0x73e780f4b97209e80f6b9e04e460591adf418b59,158,0.5923566878980892,3.1872000000000003,0.5586041107002192
0x73e780f4b97209e80f6b9e04e460591adf418b59,158,0.5987261146496815,3.1499999999999986,0.5586041107002192
0x73e780f4b97209e80f6b9e04e460591adf418b59,158,0.6050955414012739,3.0,0.5586041107002192
0x73e780f4b97209e80f6b9e04e460591adf418b59,158,0.6114649681528662,2.999999,0.5558943174371276
0x73e780f4b97209e80f6b9e04e460591adf418b59,158,0.6178343949044586,2.9425,0.5558943174371276
0x73e780f4b97209e80f6b9e04e460591adf418b59,158,0.6242038216560509,2.85,0.5286702100791639
0x73e780f4b97209e80f6b9e04e460591adf418b59,158,0.6305732484076433,2.78,0.6520384018434096
0x73e780f4b97209e80f6b9e04e460591adf418b59,158,0.6369426751592356,2.7039999999999997,0.6262089329676435
0x73e780f4b97209e80f6b9e04e460591adf418b59,158,0.643312101910828,2.6526319199999997,0.6262089329676435
0x73e780f4b97209e80f6b9e04e460591adf418b59,158,0.6496815286624203,2.5668571428571436,0.9390855688984293
0x73e780f4b97209e80f6b9e04e460591adf418b59,158,0.6560509554140127,2.5410000000000004,0.9857154101313207
0x73e780f4b97209e80f6b9e04e460591adf418b59,158,0.6624203821656051,2.487274999999999,0.9857154101313207
0x73e780f4b97209e80f6b9e04e460591adf418b59,158,0.6687898089171974,2.46,0.9857154101313207
0x73e780f4b97209e80f6b9e04e460591adf418b59,158,0.6751592356687898,2.43,0.9857154101313207
0x73e780f4b97209e80f6b9e04e460591adf418b59,158,0.6815286624203821,2.3529410000000004,0.9857154101313208
0x73e780f4b97209e80f6b9e04e460591adf418b59,158,0.6878980891719745,2.31,0.9857154101313206
0x73e780f4b97209e80f6b9e04e460591adf418b59,158,0.6942675159235668,2.2904649999999993,0.9706170155011186
0x73e780f4b97209e80f6b9e04e460591adf418b59,158,0.7006369426751592,2.046001399999999,0.9706170155011186
0x73e780f4b97209e80f6b9e04e460591adf418b59,158,0.7070063694267515,1.9969999999999994,0.9706170155011186
0x73e780f4b97209e80f6b9e04e460591adf418b59,158,0.7133757961783439,1.9500000000000017,0.9606837777738231
0x73e780f4b97209e80f6b9e04e460591adf418b59,158,0.7197452229299363,1.9500000000000002,0.9606837777738231
0x73e780f4b97209e80f6b9e04e460591adf418b59,158,0.7261146496815286,1.9500000000000002,0.9606837777738231
0x73e780f4b97209e80f6b9e04e460591adf418b59,158,0.732484076433121,1.9199999999999997,0.9606837777738231
0x73e780f4b97209e80f6b9e04e460591adf418b59,158,0.7388535031847133,1.7923000000000011,0.9606837777738241
0x73e780f4b97209e80f6b9e04e460591adf418b59,158,0.7452229299363057,1.6729399999999996,0.9520736195874177
0x73e780f4b97209e80f6b9e04e460591adf418b59,158,0.7515923566878981,1.6000000000000003,0.9520736195874177
0x73e780f4b97209e80f6b9e04e460591adf418b59,158,0.7579617834394905,1.5499999999999996,0.9520736195874177
0x73e780f4b97209e80f6b9e04e460591adf418b59,158,0.7643312101910829,1.515,0.9376018572550265
0x73e780f4b97209e80f6b9e04e460591adf418b59,158,0.7707006369426752,1.4999999999999996,0.9376018572550265
0x73e780f4b97209e80f6b9e04e460591adf418b59,158,0.7770700636942676,1.4959999999999998,0.9842316984879178
0x73e780f4b97209e80f6b9e04e460591adf418b59,158,0.7834394904458599,1.4000000000000001,0.9808883870579925
0x73e780f4b97209e80f6b9e04e460591adf418b59,158,0.7898089171974523,1.3968,0.9808883870579925
0x73e780f4b97209e80f6b9e04e460591adf418b59,158,0.7961783439490446,1.0990000000000002,0.9808883870579925
0x73e780f4b97209e80f6b9e04e460591adf418b59,158,0.802547770700637,1.0149999999999997,0.971192783911209
0x73e780f4b97209e80f6b9e04e460591adf418b59,158,0.8089171974522293,1.0,0.9709721253622998
0x73e780f4b97209e80f6b9e04e460591adf418b59,158,0.8152866242038217,0.9999999999999999,0.9704133147375837
0x73e780f4b97209e80f6b9e04e460591adf418b59,158,0.821656050955414,0.9998159999999999,0.9704133147375837
0x73e780f4b97209e80f6b9e04e460591adf418b59,158,0.8280254777070064,0.9882000000000003,0.9609737137231488
0x73e780f4b97209e80f6b9e04e460591adf418b59,158,0.8343949044585988,0.9731000000000001,0.9607530551742395
0x73e780f4b97209e80f6b9e04e460591adf418b59,158,0.8407643312101911,0.9566159999999999,0.9607530551742395
0x73e780f4b97209e80f6b9e04e460591adf418b59,158,0.8471337579617835,0.9414999999999999,0.9592991922926332
0x73e780f4b97209e80f6b9e04e460591adf418b59,158,0.8535031847133758,0.9000000000000008,0.9592991922926332
0x73e780f4b97209e80f6b9e04e460591adf418b59,158,0.8598726114649682,0.8484,0.9592991922926332
0x73e780f4b97209e80f6b9e04e460591adf418b59,158,0.8662420382165605,0.8469,0.9592991922926332
0x73e780f4b97209e80f6b9e04e460591adf418b59,158,0.8726114649681529,0.7731,0.9592991922926332
0x73e780f4b97209e80f6b9e04e460591adf418b59,158,0.8789808917197452,0.74836,0.9592991922926323
0x73e780f4b97209e80f6b9e04e460591adf418b59,158,0.8853503184713376,0.7475,0.9592991922926323
0x73e780f4b97209e80f6b9e04e460591adf418b59,158,0.89171974522293,0.746616,0.9592991922926323
0x73e780f4b97209e80f6b9e04e460591adf418b59,158,0.8980891719745223,0.7373999999999999,0.957845329411026
0x73e780f4b97209e80f6b9e04e460591adf418b59,158,0.9044585987261147,0.6966159999999999,0.957845329411026
0x73e780f4b97209e80f6b9e04e460591adf418b59,158,0.910828025477707,0.646616,0.957845329411026
0x73e780f4b97209e80f6b9e04e460591adf418b59,158,0.9171974522292994,0.606,0.957845329411026
0x73e780f4b97209e80f6b9e04e460591adf418b59,158,0.9235668789808917,0.596616,0.957845329411026
0x73e780f4b97209e80f6b9e04e460591adf418b59,158,0.9299363057324841,0.5381,0.957845329411026
0x73e780f4b97209e80f6b9e04e460591adf418b59,158,0.9363057324840764,0.445101,0.957845329411026
0x73e780f4b97209e80f6b9e04e460591adf418b59,158,0.9426751592356688,0.43739999999999996,0.9563914665294195
0x73e780f4b97209e80f6b9e04e460591adf418b59,158,0.9490445859872612,0.40200000000000014,0.9545233924767251
0x73e780f4b97209e80f6b9e04e460591adf418b59,158,0.9554140127388535,0.3999999999999998,0.9545233924767251
0x73e780f4b97209e80f6b9e04e460591adf418b59,158,0.9617834394904459,0.39900000000000035,0.9545233924767251
0x73e780f4b97209e80f6b9e04e460591adf418b59,158,0.9681528662420382,0.32499999999999973,0.9545233924767251
0x73e780f4b97209e80f6b9e04e460591adf418b59,158,0.9745222929936306,0.2374,0.9542224944480319
0x73e780f4b97209e80f6b9e04e460591adf418b59,158,0.9808917197452229,0.2,0.9542224944480318
0x73e780f4b97209e80f6b9e04e460591adf418b59,158,0.9872611464968153,0.18853999999999999,0.9537667790833185
0x73e780f4b97209e80f6b9e04e460591adf418b59,158,0.9936305732484076,0.16000000000000014,1.0000000000000004
0x73e780f4b97209e80f6b9e04e460591adf418b59,158,1.0,6.163958232718869e-16,1.0000000000000004
0x77357b4fcc685e5ba9e67b7ba00f8ae059c34740,562,0.0,3283.9723594467673,0.005025996637458685
0x77357b4fcc685e5ba9e67b7ba00f8ae059c34740,562,0.008912655971479501,3152.983819444691,0.019586471916948726
0x77357b4fcc685e5ba9e67b7ba00f8ae059c34740,562,0.017825311942959002,3109.2867094249386,0.028499006122802255
0x77357b4fcc685e5ba9e67b7ba00f8ae059c34740,562,0.026737967914438502,3052.9531670468236,0.051401784218927174
0x77357b4fcc685e5ba9e67b7ba00f8ae059c34740,562,0.035650623885918005,2947.4222312701368,0.0606392273766502
0x77357b4fcc685e5ba9e67b7ba00f8ae059c34740,562,0.044563279857397504,2903.604933195624,0.07021684681067158
0x77357b4fcc685e5ba9e67b7ba00f8ae059c34740,562,0.053475935828877004,2808.0423712500037,0.0789883212361278
0x77357b4fcc685e5ba9e67b7ba00f8ae059c34740,562,0.062388591800356503,2769.840605712471,0.09752433225102332
0x77357b4fcc685e5ba9e67b7ba00f8ae059c34740,562,0.07130124777183601,2692.074603775175,0.10692371752550434
0x77357b4fcc685e5ba9e67b7ba00f8ae059c34740,562,0.08021390374331551,2662.2246127751755,0.12286999436805504
0x77357b4fcc685e5ba9e67b7ba00f8ae059c34740,562,0.08912655971479501,2551.1502053788286,0.14283373447328154
0x77357b4fcc685e5ba9e67b7ba00f8ae059c34740,562,0.09803921568627451,2485.0917326517797,0.1580783529106085
0x77357b4fcc685e5ba9e67b7ba00f8ae059c34740,562,0.10695187165775401,2445.191741222684,0.17243373829245912
0x77357b4fcc685e5ba9e67b7ba00f8ae059c34740,562,0.11586452762923351,2406.8194789003774,0.18191226267079644
0x77357b4fcc685e5ba9e67b7ba00f8ae059c34740,562,0.12477718360071301,2367.3892873052123,0.19204786785918906
0x77357b4fcc685e5ba9e67b7ba00f8ae059c34740,562,0.13368983957219252,2328.0973934416247,0.20128641729108476
0x77357b4fcc685e5ba9e67b7ba00f8ae059c34740,562,0.14260249554367202,2288.414626484781,0.21162610010505858
0x77357b4fcc685e5ba9e67b7ba00f8ae059c34740,562,0.15151515151515152,2228.2746517710107,0.2583153976283018
0x77357b4fcc685e5ba9e67b7ba00f8ae059c34740,562,0.16042780748663102,2170.290490989281,0.2627044988664093
0x77357b4fcc685e5ba9e67b7ba00f8ae059c34740,562,0.16934046345811052,2117.8689427500017,0.2703212165182476
0x77357b4fcc685e5ba9e67b7ba00f8ae059c34740,562,0.17825311942959002,2074.851344133298,0.27625615886295307
0x77357b4fcc685e5ba9e67b7ba00f8ae059c34740,562,0.18716577540106952,2057.352886500001,0.2842417285187412
0x77357b4fcc685e5ba9e67b7ba00f8ae059c34740,562,0.19607843137254902,2033.4359111895496,0.30076959670151493
0x77357b4fcc685e5ba9e67b7ba00f8ae059c34740,562,0.20499108734402852,2004.9783411082417,0.3085490098216577
0x77357b4fcc685e5ba9e67b7ba00f8ae059c34740,562,0.21390374331550802,1987.7928675000005,0.3187778177768975
0x77357b4fcc685e5ba9e67b7ba00f8ae059c34740,562,0.22281639928698752,1962.1423372092943,0.33002976012742274
0x77357b4fcc685e5ba9e67b7ba00f8ae059c34740,562,0.23172905525846701,1938.7908451172877,0.3368119292875288
0x77357b4fcc685e5ba9e67b7ba00f8ae059c34740,562,0.24064171122994651,1918.8908491172876,0.34321105295714555
0x77357b4fcc685e5ba9e67b7ba00f8ae059c34740,562,0.24955436720142601,1878.470268,0.3549236469854973
0x77357b4fcc685e5ba9e67b7ba00f8ae059c34740,562,0.25846702317290554,1839.978028507463,0.36308198626393823
0x77357b4fcc685e5ba9e67b7ba00f8ae059c34740,562,0.26737967914438504,1794.1709475345008,0.37574911792164756
0x77357b4fcc685e5ba9e67b7ba00f8ae059c34740,562,0.27629233511586454,1756.616493595247,0.3861417432226843
0x77357b4fcc685e5ba9e67b7ba00f8ae059c34740,562,0.28520499108734404,1726.7060475162164,0.3952675581012487
0x77357b4fcc685e5ba9e67b7ba00f8ae059c34740,562,0.29411764705882354,1664.7383980951647,0.40453064806748784
0x77357b4fcc685e5ba9e67b7ba00f8ae059c34740,562,0.30303030303030304,1622.4403001538867,0.4143528403519834
0x77357b4fcc685e5ba9e67b7ba00f8ae059c34740,562,0.31194295900178254,1594.3015065158081,0.4217617343585745
0x77357b4fcc685e5ba9e67b7ba00f8ae059c34740,562,0.32085561497326204,1543.7293590382092,0.429428561126262
0x77357b4fcc685e5ba9e67b7ba00f8ae059c34740,562,0.32976827094474154,1524.99550835109,0.4355221322667912
0x77357b4fcc685e5ba9e67b7ba00f8ae059c34740,562,0.33868092691622104,1508.5503276189274,0.44372624655183507
0x77357b4fcc685e5ba9e67b7ba00f8ae059c34740,562,0.34759358288770054,1486.151886,0.45253136615015077
0x77357b4fcc685e5ba9e67b7ba00f8ae059c34740,562,0.35650623885918004,1466.2518900000002,0.4583579069411681
0x77357b4fcc685e5ba9e67b7ba00f8ae059c34740,562,0.36541889483065954,1428.6332279897515,0.46777748088709864
0x77357b4fcc685e5ba9e67b7ba00f8ae059c34740,562,0.37433155080213903,1406.8269735806361,0.47721700383023447
0x77357b4fcc685e5ba9e67b7ba00f8ae059c34740,562,0.38324420677361853,1396.3293022500002,0.48618130767279927
0x77357b4fcc685e5ba9e67b7ba00f8ae059c34740,562,0.39215686274509803,1374.878251352851,0.4949080604966359
0x77357b4fcc685e5ba9e67b7ba00f8ae059c34740,562,0.40106951871657753,1354.9782533528512,0.5021316935045198
0x77357b4fcc685e5ba9e67b7ba00f8ae059c34740,562,0.40998217468805703,1296.8284348532356,0.5122159096500238
0x77357b4fcc685e5ba9e67b7ba00f8ae059c34740,562,0.41889483065953653,1281.3282830889314,0.5230932111978441
0x77357b4fcc685e5ba9e67b7ba00f8ae059c34740,562,0.42780748663101603,1252.2874304554614,0.5362251899422538
0x77357b4fcc685e5ba9e67b7ba00f8ae059c34740,562,0.43672014260249553,1230.5921852539452,0.5572327511661026
0x77357b4fcc685e5ba9e67b7ba00f8ae059c34740,562,0.44563279857397503,1215.2423955,0.5712146852396445
0x77357b4fcc685e5ba9e67b7ba00f8ae059c34740,562,0.45454545454545453,1182.293085417656,0.581911744543532
0x77357b4fcc685e5ba9e67b7ba00f8ae059c34740,562,0.46345811051693403,1163.4665916561785,0.5939209842714063
0x77357b4fcc685e5ba9e67b7ba00f8ae059c34740,562,0.47237076648841353,1145.4013875,0.6083491612732566
0x77357b4fcc685e5ba9e67b7ba00f8ae059c34740,562,0.48128342245989303,1123.7894197933074,0.6265997751888557
0x77357b4fcc685e5ba9e67b7ba00f8ae059c34740,562,0.49019607843137253,1105.6013955,0.6462027493620096
0x77357b4fcc685e5ba9e67b7ba00f8ae059c34740,562,0.49910873440285203,1089.4483527170257,0.6601469358517191
0x77357b4fcc685e5ba9e67b7ba00f8ae059c34740,562,0.5080213903743316,1070.5068200184103,0.6737907150877982
0x77357b4fcc685e5ba9e67b7ba00f8ae059c34740,562,0.5169340463458111,1054.1199604693202,0.6931721082031372
0x77357b4fcc685e5ba9e67b7ba00f8ae059c34740,562,0.5258467023172906,1015.2790657379592,0.7159731926911235
0x77357b4fcc685e5ba9e67b7ba00f8ae059c34740,562,0.5347593582887701,993.3326803602123,0.7341622353781878
0x77357b4fcc685e5ba9e67b7ba00f8ae059c34740,562,0.5436720142602496,984.8936008747838,0.7444361303861818
0x77357b4fcc685e5ba9e67b7ba00f8ae059c34740,562,0.5525846702317291,970.6453529958139,0.7548756159088669
0x77357b4fcc685e5ba9e67b7ba00f8ae059c34740,562,0.5614973262032086,948.8056357704726,0.7668067934025785
0x77357b4fcc685e5ba9e67b7ba00f8ae059c34740,562,0.5704099821746881,939.2264182231459,0.787711458922734
0x77357b4fcc685e5ba9e67b7ba00f8ae059c34740,562,0.5793226381461676,929.276349149836,0.7978260811580442
0x77357b4fcc685e5ba9e67b7ba00f8ae059c34740,562,0.5882352941176471,911.92113247885,0.8101398558626407
0x77357b4fcc685e5ba9e67b7ba00f8ae059c34740,562,0.5971479500891266,891.8533529921037,0.821703978909233
0x77357b4fcc685e5ba9e67b7ba00f8ae059c34740,562,0.6060606060606061,843.7099412613763,0.830318478747432
0x77357b4fcc685e5ba9e67b7ba00f8ae059c34740,562,0.6149732620320856,795.0731570037257,0.8473285321182953
0x77357b4fcc685e5ba9e67b7ba00f8ae059c34740,562,0.6238859180035651,744.1698994967804,0.8561804226375919
0x77357b4fcc685e5ba9e67b7ba00f8ae059c34740,562,0.6327985739750446,700.712445066962,0.8649590965589466
0x77357b4fcc685e5ba9e67b7ba00f8ae059c34740,562,0.6417112299465241,653.4609022778976,0.8569414398911256
0x77357b4fcc685e5ba9e67b7ba00f8ae059c34740,562,0.6506238859180036,612.4093167646843,0.8647467141954139
0x77357b4fcc685e5ba9e67b7ba00f8ae059c34740,562,0.6595365418894831,576.9746618513059,0.8663897486768544
0x77357b4fcc685e5ba9e67b7ba00f8ae059c34740,562,0.6684491978609626,491.63544735517235,0.8179510302657802
0x77357b4fcc685e5ba9e67b7ba00f8ae059c34740,562,0.6773618538324421,400.6467538281876,0.7842947710646085
0x77357b4fcc685e5ba9e67b7ba00f8ae059c34740,562,0.6862745098039216,338.2995217920809,0.8017665539182492
0x77357b4fcc685e5ba9e67b7ba00f8ae059c34740,562,0.6951871657754011,318.15897545472797,0.7875592180504017
0x77357b4fcc685e5ba9e67b7ba00f8ae059c34740,562,0.7040998217468806,288.34313021550196,0.8048243776534555
0x77357b4fcc685e5ba9e67b7ba00f8ae059c34740,562,0.7130124777183601,266.93062040874975,0.8118993578276085
0x77357b4fcc685e5ba9e67b7ba00f8ae059c34740,562,0.7219251336898396,232.35513051802718,0.7849841527116086
0x77357b4fcc685e5ba9e67b7ba00f8ae059c34740,562,0.7308377896613191,213.82513730819616,0.8041518556773701
0x77357b4fcc685e5ba9e67b7ba00f8ae059c34740,562,0.7397504456327986,203.541357886806,0.8075180739440502
0x77357b4fcc685e5ba9e67b7ba00f8ae059c34740,562,0.7486631016042781,174.92364558473284,0.8075180739440502
0x77357b4fcc685e5ba9e67b7ba00f8ae059c34740,562,0.7575757575757576,165.35142959942533,0.8019423200709276
0x77357b4fcc685e5ba9e67b7ba00f8ae059c34740,562,0.7664884135472371,154.94951872312885,0.8456375756133453
0x77357b4fcc685e5ba9e67b7ba00f8ae059c34740,562,0.7754010695187166,146.26846862321528,0.8834630158484619
0x77357b4fcc685e5ba9e67b7ba00f8ae059c34740,562,0.7843137254901961,143.37806280983114,0.8861639324872165
0x77357b4fcc685e5ba9e67b7ba00f8ae059c34740,562,0.7932263814616756,136.2969544383284,0.8741106814916668
0x77357b4fcc685e5ba9e67b7ba00f8ae059c34740,562,0.8021390374331551,134.64413656199494,0.9085485201864497
0x77357b4fcc685e5ba9e67b7ba00f8ae059c34740,562,0.8110516934046346,125.09898792653424,0.9275950774091617
0x77357b4fcc685e5ba9e67b7ba00f8ae059c34740,562,0.8199643493761141,117.72657480243699,0.9274026360357238
0x77357b4fcc685e5ba9e67b7ba00f8ae059c34740,562,0.8288770053475936,104.66955994687957,0.9389381602600425
0x77357b4fcc685e5ba9e67b7ba00f8ae059c34740,562,0.8377896613190731,100.14928555388146,0.9847973693457865
0x77357b4fcc685e5ba9e67b7ba00f8ae059c34740,562,0.8467023172905526,97.94270450727883,0.9759229762509051
0x77357b4fcc685e5ba9e67b7ba00f8ae059c34740,562,0.8556149732620321,88.72243979621227,0.9735913688368337
0x77357b4fcc685e5ba9e67b7ba00f8ae059c34740,562,0.8645276292335116,77.02215528622243,0.9674461797033888
0x77357b4fcc685e5ba9e67b7ba00f8ae059c34740,562,0.8734402852049911,67.96281347507109,0.9584667793154358
0x77357b4fcc685e5ba9e67b7ba00f8ae059c34740,562,0.8823529411764706,61.438077853594784,0.9788231215781447
0x77357b4fcc685e5ba9e67b7ba00f8ae059c34740,562,0.8912655971479501,53.4145015081967,0.9728670143463818
0x77357b4fcc685e5ba9e67b7ba00f8ae059c34740,562,0.9001782531194296,50.099997606299986,0.9690519139536419
0x77357b4fcc685e5ba9e67b7ba00f8ae059c34740,562,0.9090909090909091,46.99128661273154,0.9998335992620856
0x77357b4fcc685e5ba9e67b7ba00f8ae059c34740,562,0.9180035650623886,41.85915065801853,0.994137746691928
0x77357b4fcc685e5ba9e67b7ba00f8ae059c34740,562,0.9269162210338681,36.991287612731526,1.0019493640207957
0x77357b4fcc685e5ba9e67b7ba00f8ae059c34740,562,0.9358288770053476,31.655597207419177,1.0144489380302673
0x77357b4fcc685e5ba9e67b7ba00f8ae059c34740,562,0.9447415329768271,29.833155786006284,1.0085717701942227
0x77357b4fcc685e5ba9e67b7ba00f8ae059c34740,562,0.9536541889483066,21.470584336470534,1.0018071797035846
0x77357b4fcc685e5ba9e67b7ba00f8ae059c34740,562,0.9625668449197861,20.297338109732145,1.0149603466319042
0x77357b4fcc685e5ba9e67b7ba00f8ae059c34740,562,0.9714795008912656,19.899998999999998,1.0145466489723138
0x77357b4fcc685e5ba9e67b7ba00f8ae059c34740,562,0.9803921568627451,14.000000000000005,1.011342742324317
0x77357b4fcc685e5ba9e67b7ba00f8ae059c34740,562,0.9893048128342246,9.999999000000004,0.9982831780505897
0x77357b4fcc685e5ba9e67b7ba00f8ae059c34740,562,0.9982174688057041,9.13170731707317,1.000151792473547
0x77357b4fcc685e5ba9e67b7ba00f8ae059c34740,562,1.0,5.000000000000001,0.9999999999999989
0x77bdeb3f229bf6d826d20dbd5f0c7972c32ae48f,5233,0.0,39.92930027761904,0.0
0x77bdeb3f229bf6d826d20dbd5f0c7972c32ae48f,5233,0.009938837920489297,16.34596036,0.0032948217299451953
0x77bdeb3f229bf6d826d20dbd5f0c7972c32ae48f,5233,0.019877675840978593,13.999331179999999,-0.21660532058366477
0x77bdeb3f229bf6d826d20dbd5f0c7972c32ae48f,5233,0.02981651376146789,12.512679649999999,-0.4195362665912657
0x77bdeb3f229bf6d826d20dbd5f0c7972c32ae48f,5233,0.039755351681957186,11.271452099000001,-0.465496222915772
0x77bdeb3f229bf6d826d20dbd5f0c7972c32ae48f,5233,0.04969418960244648,10.463294765999995,-0.5919668576263406
0x77bdeb3f229bf6d826d20dbd5f0c7972c32ae48f,5233,0.05963302752293578,9.614790639999999,-0.5873993046034669
0x77bdeb3f229bf6d826d20dbd5f0c7972c32ae48f,5233,0.06957186544342507,8.979736354285714,-0.6102986443019208
0x77bdeb3f229bf6d826d20dbd5f0c7972c32ae48f,5233,0.07951070336391437,8.465729563076925,-0.7704666372262615
0x77bdeb3f229bf6d826d20dbd5f0c7972c32ae48f,5233,0.08944954128440367,7.9541800799999995,-0.7944211954621576
0x77bdeb3f229bf6d826d20dbd5f0c7972c32ae48f,5233,0.09938837920489296,7.584,-0.7551314073603717
0x77bdeb3f229bf6d826d20dbd5f0c7972c32ae48f,5233,0.10932721712538226,7.322729599999999,-0.7695681242723764
0x77bdeb3f229bf6d826d20dbd5f0c7972c32ae48f,5233,0.11926605504587157,7.04,-0.8309210315420494
0x77bdeb3f229bf6d826d20dbd5f0c7972c32ae48f,5233,0.12920489296636087,6.803298810000001,-1.0219600438288834
0x77bdeb3f229bf6d826d20dbd5f0c7972c32ae48f,5233,0.13914373088685014,6.539689830000001,-0.9280906365876668
0x77bdeb3f229bf6d826d20dbd5f0c7972c32ae48f,5233,0.14908256880733944,6.320829779999999,-0.8490290160759819
0x77bdeb3f229bf6d826d20dbd5f0c7972c32ae48f,5233,0.15902140672782875,6.056161500000001,-0.7896839907866414
0x77bdeb3f229bf6d826d20dbd5f0c7972c32ae48f,5233,0.16896024464831805,5.813714879999999,-0.7452869776390982
0x77bdeb3f229bf6d826d20dbd5f0c7972c32ae48f,5233,0.17889908256880735,5.602387650000002,-0.7984699111480053
0x77bdeb3f229bf6d826d20dbd5f0c7972c32ae48f,5233,0.18883792048929662,5.37623012,-0.8391992177641684
0x77bdeb3f229bf6d826d20dbd5f0c7972c32ae48f,5233,0.19877675840978593,5.2,-0.7843829870244493
0x77bdeb3f229bf6d826d20dbd5f0c7972c32ae48f,5233,0.20871559633027523,5.032,-0.7461233346377154
0x77bdeb3f229bf6d826d20dbd5f0c7972c32ae48f,5233,0.21865443425076453,4.82409636,-0.671991932845056
0x77bdeb3f229bf6d826d20dbd5f0c7972c32ae48f,5233,0.22859327217125383,4.6923462,-0.7542148877130437
0x77bdeb3f229bf6d826d20dbd5f0c7972c32ae48f,5233,0.23853211009174313,4.546730159999999,-0.8066225312840992
0x77bdeb3f229bf6d826d20dbd5f0c7972c32ae48f,5233,0.2484709480122324,4.420688040000002,-0.6853781283496885
0x77bdeb3f229bf6d826d20dbd5f0c7972c32ae48f,5233,0.25840978593272174,4.298139299999999,-0.7093399586455196
0x77bdeb3f229bf6d826d20dbd5f0c7972c32ae48f,5233,0.268348623853211,4.1792408100000005,-0.6970417162388398
0x77bdeb3f229bf6d826d20dbd5f0c7972c32ae48f,5233,0.2782874617737003,4.036389761730941,-0.716172769235898
0x77bdeb3f229bf6d826d20dbd5f0c7972c32ae48f,5233,0.2882262996941896,3.9463155000000034,-0.6722648481104224
0x77bdeb3f229bf6d826d20dbd5f0c7972c32ae48f,5233,0.2981651376146789,3.8,-0.6566205928912492
0x77bdeb3f229bf6d826d20dbd5f0c7972c32ae48f,5233,0.3081039755351682,3.6750931000000002,-0.7066156432001456
0x77bdeb3f229bf6d826d20dbd5f0c7972c32ae48f,5233,0.3180428134556575,3.60662978,-0.6984465040446518
0x77bdeb3f229bf6d826d20dbd5f0c7972c32ae48f,5233,0.32798165137614677,3.5144113800000003,-0.7965240102532866
0x77bdeb3f229bf6d826d20dbd5f0c7972c32ae48f,5233,0.3379204892966361,3.4053872000000007,-0.7420263766592052
0x77bdeb3f229bf6d826d20dbd5f0c7972c32ae48f,5233,0.34785932721712537,3.3088228799999997,-0.6780970808329122
0x77bdeb3f229bf6d826d20dbd5f0c7972c32ae48f,5233,0.3577981651376147,3.2025531600000003,-0.6318431879175356
0x77bdeb3f229bf6d826d20dbd5f0c7972c32ae48f,5233,0.367737003058104,3.1297305900000003,-0.5630600994604396
0x77bdeb3f229bf6d826d20dbd5f0c7972c32ae48f,5233,0.37767584097859325,3.05,-0.5205789190868756
0x77bdeb3f229bf6d826d20dbd5f0c7972c32ae48f,5233,0.3876146788990826,2.94161248,-0.5392528003655467
0x77bdeb3f229bf6d826d20dbd5f0c7972c32ae48f,5233,0.39755351681957185,2.8414861800000013,-0.553903824154315
0x77bdeb3f229bf6d826d20dbd5f0c7972c32ae48f,5233,0.4074923547400612,2.7337502450882294,-0.5384895148181732
0x77bdeb3f229bf6d826d20dbd5f0c7972c32ae48f,5233,0.41743119266055045,2.6160007499999995,-0.575060584266224
0x77bdeb3f229bf6d826d20dbd5f0c7972c32ae48f,5233,0.42737003058103973,2.5321460499999997,-0.5530256933664425
0x77bdeb3f229bf6d826d20dbd5f0c7972c32ae48f,5233,0.43730886850152906,2.472223929000001,-0.5213808171827982
0x77bdeb3f229bf6d826d20dbd5f0c7972c32ae48f,5233,0.44724770642201833,2.392,-0.4891532963855241
0x77bdeb3f229bf6d826d20dbd5f0c7972c32ae48f,5233,0.45718654434250766,2.289796200000001,-0.39020844601617544
0x77bdeb3f229bf6d826d20dbd5f0c7972c32ae48f,5233,0.46712538226299694,2.2234489200000005,-0.38993122960081456
0x77bdeb3f229bf6d826d20dbd5f0c7972c32ae48f,5233,0.47706422018348627,2.1473161600000004,-0.33750155127736714
0x77bdeb3f229bf6d826d20dbd5f0c7972c32ae48f,5233,0.48700305810397554,2.0733641100000004,-0.27710769069626645
0x77bdeb3f229bf6d826d20dbd5f0c7972c32ae48f,5233,0.4969418960244648,1.9968,-0.2523247512985374
0x77bdeb3f229bf6d826d20dbd5f0c7972c32ae48f,5233,0.5068807339449541,1.9312181760000002,-0.2834167718015387
0x77bdeb3f229bf6d826d20dbd5f0c7972c32ae48f,5233,0.5168195718654435,1.8657913920000002,-0.21870918491606842
0x77bdeb3f229bf6d826d20dbd5f0c7972c32ae48f,5233,0.5267584097859327,1.8029430750000015,-0.21950702299416383
0x77bdeb3f229bf6d826d20dbd5f0c7972c32ae48f,5233,0.536697247706422,1.735087,-0.17946729165624126
0x77bdeb3f229bf6d826d20dbd5f0c7972c32ae48f,5233,0.5466360856269113,1.6735828899999998,-0.10549206047511099
0x77bdeb3f229bf6d826d20dbd5f0c7972c32ae48f,5233,0.5565749235474006,1.6150000000000002,-0.11039440791752633
0x77bdeb3f229bf6d826d20dbd5f0c7972c32ae48f,5233,0.5665137614678899,1.5466966399999982,-0.08444017500512953
0x77bdeb3f229bf6d826d20dbd5f0c7972c32ae48f,5233,0.5764525993883792,1.4831838000000002,0.0358633352030202
0x77bdeb3f229bf6d826d20dbd5f0c7972c32ae48f,5233,0.5863914373088684,1.4312098799999995,0.09004325414257175
0x77bdeb3f229bf6d826d20dbd5f0c7972c32ae48f,5233,0.5963302752293578,1.3620123900000003,0.057756211216869816
0x77bdeb3f229bf6d826d20dbd5f0c7972c32ae48f,5233,0.6062691131498471,1.31660243,0.06712081919384272
0x77bdeb3f229bf6d826d20dbd5f0c7972c32ae48f,5233,0.6162079510703364,1.2660306300000006,0.09580972687668936
0x77bdeb3f229bf6d826d20dbd5f0c7972c32ae48f,5233,0.6261467889908257,1.2150953999999998,0.15851425029111493
0x77bdeb3f229bf6d826d20dbd5f0c7972c32ae48f,5233,0.636085626911315,1.1577814500000003,0.13731228360856185
0x77bdeb3f229bf6d826d20dbd5f0c7972c32ae48f,5233,0.6460244648318043,1.1099999999999999,0.22454112918564076
0x77bdeb3f229bf6d826d20dbd5f0c7972c32ae48f,5233,0.6559633027522935,1.0582090560000001,0.2526902559399875
0x77bdeb3f229bf6d826d20dbd5f0c7972c32ae48f,5233,0.6659021406727829,1.01536,0.30481774750819285
0x77bdeb3f229bf6d826d20dbd5f0c7972c32ae48f,5233,0.6758409785932722,0.9672000000000001,0.42768225062745413
0x77bdeb3f229bf6d826d20dbd5f0c7972c32ae48f,5233,0.6857798165137615,0.9288983599999997,0.45224923036341425
0x77bdeb3f229bf6d826d20dbd5f0c7972c32ae48f,5233,0.6957186544342507,0.88,0.5168465683347743
0x77bdeb3f229bf6d826d20dbd5f0c7972c32ae48f,5233,0.7056574923547401,0.83592904,0.5358117212939291
0x77bdeb3f229bf6d826d20dbd5f0c7972c32ae48f,5233,0.7155963302752294,0.7968569999999998,0.5820514205523598
0x77bdeb3f229bf6d826d20dbd5f0c7972c32ae48f,5233,0.7255351681957186,0.7495991900000003,0.5673179194635416
0x77bdeb3f229bf6d826d20dbd5f0c7972c32ae48f,5233,0.735474006116208,0.7141797449999995,0.6987449936619442
0x77bdeb3f229bf6d826d20dbd5f0c7972c32ae48f,5233,0.7454128440366973,0.6809620000000001,0.7452594748036963
0x77bdeb3f229bf6d826d20dbd5f0c7972c32ae48f,5233,0.7553516819571865,0.63312843,0.7861284808949032
0x77bdeb3f229bf6d826d20dbd5f0c7972c32ae48f,5233,0.7652905198776758,0.5986500000000003,0.8510327045045855
0x77bdeb3f229bf6d826d20dbd5f0c7972c32ae48f,5233,0.7752293577981652,0.5683739,0.8807244567234461
0x77bdeb3f229bf6d826d20dbd5f0c7972c32ae48f,5233,0.7851681957186545,0.5343500000000005,0.9335414691570197
0x77bdeb3f229bf6d826d20dbd5f0c7972c32ae48f,5233,0.7951070336391437,0.5000000000000004,0.9462898656449596
0x77bdeb3f229bf6d826d20dbd5f0c7972c32ae48f,5233,0.805045871559633,0.4694824191823306,1.0066507443582415
0x77bdeb3f229bf6d826d20dbd5f0c7972c32ae48f,5233,0.8149847094801224,0.4310685600000008,1.0075973237070008
0x77bdeb3f229bf6d826d20dbd5f0c7972c32ae48f,5233,0.8249235474006116,0.4,1.0260759198837603
0x77bdeb3f229bf6d826d20dbd5f0c7972c32ae48f,5233,0.8348623853211009,0.3739163400000007,1.0251933811136749
0x77bdeb3f229bf6d826d20dbd5f0c7972c32ae48f,5233,0.8448012232415902,0.34761312,1.0529687991989605
0x77bdeb3f229bf6d826d20dbd5f0c7972c32ae48f,5233,0.8547400611620795,0.3238036499999996,1.0318134161526153
0x77bdeb3f229bf6d826d20dbd5f0c7972c32ae48f,5233,0.8646788990825688,0.3003029929734158,1.0436437629016462
0x77bdeb3f229bf6d826d20dbd5f0c7972c32ae48f,5233,0.8746177370030581,0.27586152,1.0214972637569728
0x77bdeb3f229bf6d826d20dbd5f0c7972c32ae48f,5233,0.8845565749235474,0.2581396999999999,1.013954492245891
0x77bdeb3f229bf6d826d20dbd5f0c7972c32ae48f,5233,0.8944954128440367,0.23473781400000032,1.018565270856806
0x77bdeb3f229bf6d826d20dbd5f0c7972c32ae48f,5233,0.904434250764526,0.205128,1.0014289604495232
0x77bdeb3f229bf6d826d20dbd5f0c7972c32ae48f,5233,0.9143730886850153,0.18277618500000006,0.9923383771201397
0x77bdeb3f229bf6d826d20dbd5f0c7972c32ae48f,5233,0.9243119266055045,0.15571340799999994,0.9913147257674229
0x77bdeb3f229bf6d826d20dbd5f0c7972c32ae48f,5233,0.9342507645259939,0.1363900000000001,0.9949230006536363
0x77bdeb3f229bf6d826d20dbd5f0c7972c32ae48f,5233,0.9441896024464832,0.11573370457840099,1.0013553586559931
0x77bdeb3f229bf6d826d20dbd5f0c7972c32ae48f,5233,0.9541284403669725,0.095549,0.9984319375022784
0x77bdeb3f229bf6d826d20dbd5f0c7972c32ae48f,5233,0.9640672782874617,0.07282912000000011,1.003155977227993
0x77bdeb3f229bf6d826d20dbd5f0c7972c32ae48f,5233,0.9740061162079511,0.04954725000000049,1.002586082039524
0x77bdeb3f229bf6d826d20dbd5f0c7972c32ae48f,5233,0.9839449541284404,0.03,1.0009924964600734
0x77bdeb3f229bf6d826d20dbd5f0c7972c32ae48f,5233,0.9938837920489296,0.01126386000000015,0.9999006904486792
0x77bdeb3f229bf6d826d20dbd5f0c7972c32ae48f,5233,1.0,0.00030956000000038837,1.0000000000000016
0x7b2007f18b374aa05c018f65ced5084daf6aeb02,110,0.0,99.999998,0.08828070576208615
0x7b2007f18b374aa05c018f65ced5084daf6aeb02,110,0.009174311926605505,80.0,0.0890524310898831
0x7b2007f18b374aa05c018f65ced5084daf6aeb02,110,0.01834862385321101,48.84,0.0890524310898831
0x7b2007f18b374aa05c018f65ced5084daf6aeb02,110,0.027522935779816515,38.583,0.10603038830141612
0x7b2007f18b374aa05c018f65ced5084daf6aeb02,110,0.03669724770642202,36.0774,0.13978171838247533
0x7b2007f18b374aa05c018f65ced5084daf6aeb02,110,0.045871559633027525,34.083,0.14827069698824186
0x7b2007f18b374aa05c018f65ced5084daf6aeb02,110,0.05504587155963303,32.3836,0.14827069698824186
0x7b2007f18b374aa05c018f65ced5084daf6aeb02,110,0.06422018348623854,30.5,0.1579620238843401
0x7b2007f18b374aa05c018f65ced5084daf6aeb02,110,0.07339449541284404,26.0,0.15076275243207204
0x7b2007f18b374aa05c018f65ced5084daf6aeb02,110,0.08256880733944955,21.9,0.13832940652628029
0x7b2007f18b374aa05c018f65ced5084daf6aeb02,110,0.09174311926605505,21.555599999999995,0.13832940652628029
0x7b2007f18b374aa05c018f65ced5084daf6aeb02,110,0.10091743119266056,20.4,0.11314029182698766
0x7b2007f18b374aa05c018f65ced5084daf6aeb02,110,0.11009174311926606,19.8,0.11314029182698762
0x7b2007f18b374aa05c018f65ced5084daf6aeb02,110,0.11926605504587157,19.2,0.11314029182698762
0x7b2007f18b374aa05c018f65ced5084daf6aeb02,110,0.12844036697247707,17.5,0.1671610647727745
0x7b2007f18b374aa05c018f65ced5084daf6aeb02,110,0.13761467889908258,16.494500000000002,0.1699959724572132
0x7b2007f18b374aa05c018f65ced5084daf6aeb02,110,0.14678899082568808,16.3584,0.21616613964639084
0x7b2007f18b374aa05c018f65ced5084daf6aeb02,110,0.1559633027522936,14.280000000000001,0.2161661396463909
0x7b2007f18b374aa05c018f65ced5084daf6aeb02,110,0.1651376146788991,14.0,0.20844888636842135
0x7b2007f18b374aa05c018f65ced5084daf6aeb02,110,0.1743119266055046,13.360799999999998,0.21808001845932737
0x7b2007f18b374aa05c018f65ced5084daf6aeb02,110,0.1834862385321101,12.883200000000002,0.21808001845932737
0x7b2007f18b374aa05c018f65ced5084daf6aeb02,110,0.1926605504587156,12.88,0.21808001845932737
0x7b2007f18b374aa05c018f65ced5084daf6aeb02,110,0.2018348623853211,12.24863575,0.24123177829323603
0x7b2007f18b374aa05c018f65ced5084daf6aeb02,110,0.21100917431192662,11.714999999999998,0.24123177829323603
0x7b2007f18b374aa05c018f65ced5084daf6aeb02,110,0.22018348623853212,11.392800000000001,0.24123177829323603
0x7b2007f18b374aa05c018f65ced5084daf6aeb02,110,0.22935779816513763,11.081199999999999,0.27861044889014713
0x7b2007f18b374aa05c018f65ced5084daf6aeb02,110,0.23853211009174313,11.040000000000003,0.27218969416287647
0x7b2007f18b374aa05c018f65ced5084daf6aeb02,110,0.24770642201834864,10.455,0.2399161409544078
0x7b2007f18b374aa05c018f65ced5084daf6aeb02,110,0.25688073394495414,10.4409981,0.21741263039584854
0x7b2007f18b374aa05c018f65ced5084daf6aeb02,110,0.26605504587155965,10.0,0.21741263039584854
0x7b2007f18b374aa05c018f65ced5084daf6aeb02,110,0.27522935779816515,10.0,0.21741263039584854
0x7b2007f18b374aa05c018f65ced5084daf6aeb02,110,0.28440366972477066,9.8,0.21741263039584854
0x7b2007f18b374aa05c018f65ced5084daf6aeb02,110,0.29357798165137616,9.783,0.2234761840562818
0x7b2007f18b374aa05c018f65ced5084daf6aeb02,110,0.30275229357798167,9.620000000000001,0.2234761840562818
0x7b2007f18b374aa05c018f65ced5084daf6aeb02,110,0.3119266055045872,9.154,0.1952186894536685
0x7b2007f18b374aa05c018f65ced5084daf6aeb02,110,0.3211009174311927,8.96874489,0.19521868945366871
0x7b2007f18b374aa05c018f65ced5084daf6aeb02,110,0.3302752293577982,8.91,0.19521868945366871
0x7b2007f18b374aa05c018f65ced5084daf6aeb02,110,0.3394495412844037,8.5443,0.19521868945366827
0x7b2007f18b374aa05c018f65ced5084daf6aeb02,110,0.3486238532110092,8.179199999999998,0.1952186894536688
0x7b2007f18b374aa05c018f65ced5084daf6aeb02,110,0.3577981651376147,8.117999999999999,0.19825142942075757
0x7b2007f18b374aa05c018f65ced5084daf6aeb02,110,0.3669724770642202,8.075199999999999,0.19825142942075757
0x7b2007f18b374aa05c018f65ced5084daf6aeb02,110,0.3761467889908257,7.800000000000001,0.20565999256760836
0x7b2007f18b374aa05c018f65ced5084daf6aeb02,110,0.3853211009174312,7.7,0.20565999256760828
0x7b2007f18b374aa05c018f65ced5084daf6aeb02,110,0.3944954128440367,7.4,0.19423845771621331
0x7b2007f18b374aa05c018f65ced5084daf6aeb02,110,0.4036697247706422,6.9,0.19423845771621331
0x7b2007f18b374aa05c018f65ced5084daf6aeb02,110,0.41284403669724773,6.89874489,0.19423845771621354
0x7b2007f18b374aa05c018f65ced5084daf6aeb02,110,0.42201834862385323,6.854099999999999,0.19423845771621354
0x7b2007f18b374aa05c018f65ced5084daf6aeb02,110,0.43119266055045874,6.750000000000002,0.2280400270737202
0x7b2007f18b374aa05c018f65ced5084daf6aeb02,110,0.44036697247706424,6.463500000000001,0.2280400270737202
0x7b2007f18b374aa05c018f65ced5084daf6aeb02,110,0.44954128440366975,6.3987,0.20828787165382268
0x7b2007f18b374aa05c018f65ced5084daf6aeb02,110,0.45871559633027525,6.0809999999999995,0.21183163432815533
0x7b2007f18b374aa05c018f65ced5084daf6aeb02,110,0.46788990825688076,5.940000000000001,0.20751429429740154
0x7b2007f18b374aa05c018f65ced5084daf6aeb02,110,0.47706422018348627,5.55,0.23668551168812646
0x7b2007f18b374aa05c018f65ced5084daf6aeb02,110,0.48623853211009177,5.5497000000000005,0.23668551168812646
0x7b2007f18b374aa05c018f65ced5084daf6aeb02,110,0.4954128440366973,5.459999999999997,0.22761002183323426
0x7b2007f18b374aa05c018f65ced5084daf6aeb02,110,0.5045871559633027,5.388799999999999,0.2261213540670292
0x7b2007f18b374aa05c018f65ced5084daf6aeb02,110,0.5137614678899083,5.2,0.24093848036073076
0x7b2007f18b374aa05c018f65ced5084daf6aeb02,110,0.5229357798165137,4.281599999999999,0.2827919230983397
0x7b2007f18b374aa05c018f65ced5084daf6aeb02,110,0.5321100917431193,4.067200000000001,0.2827919230983397
0x7b2007f18b374aa05c018f65ced5084daf6aeb02,110,0.5412844036697247,3.8,0.271061698115826
0x7b2007f18b374aa05c018f65ced5084daf6aeb02,110,0.5504587155963303,3.7887999999999993,0.271061698115826
0x7b2007f18b374aa05c018f65ced5084daf6aeb02,110,0.5596330275229358,3.76,0.27106169811582653
0x7b2007f18b374aa05c018f65ced5084daf6aeb02,110,0.5688073394495413,3.6799999999999997,0.2679747975406133
0x7b2007f18b374aa05c018f65ced5084daf6aeb02,110,0.5779816513761468,3.6,0.36799040002309874
0x7b2007f18b374aa05c018f65ced5084daf6aeb02,110,0.5871559633027523,3.5565140000000004,0.36799040002309874
0x7b2007f18b374aa05c018f65ced5084daf6aeb02,110,0.5963302752293578,3.549,0.3679904000230988
0x7b2007f18b374aa05c018f65ced5084daf6aeb02,110,0.6055045871559633,3.3434,0.3718076621845136
0x7b2007f18b374aa05c018f65ced5084daf6aeb02,110,0.6146788990825688,3.319,0.3718076621845136
0x7b2007f18b374aa05c018f65ced5084daf6aeb02,110,0.6238532110091743,3.2775,0.3718076621845136
0x7b2007f18b374aa05c018f65ced5084daf6aeb02,110,0.6330275229357798,2.97,0.3718076621845136
0x7b2007f18b374aa05c018f65ced5084daf6aeb02,110,0.6422018348623854,2.8976,0.3678020990431163
0x7b2007f18b374aa05c018f65ced5084daf6aeb02,110,0.6513761467889908,2.8499999999999996,0.36486954279748784
0x7b2007f18b374aa05c018f65ced5084daf6aeb02,110,0.6605504587155964,2.8000000000000003,0.36486954279748784
0x7b2007f18b374aa05c018f65ced5084daf6aeb02,110,0.6697247706422018,2.8000000000000003,0.356226219126162
0x7b2007f18b374aa05c018f65ced5084daf6aeb02,110,0.6788990825688074,2.8000000000000003,0.3562262191261619
0x7b2007f18b374aa05c018f65ced5084daf6aeb02,110,0.6880733944954128,2.765,0.38627720339057536
0x7b2007f18b374aa05c018f65ced5084daf6aeb02,110,0.6972477064220184,2.5,0.38627720339057536
0x7b2007f18b374aa05c018f65ced5084daf6aeb02,110,0.7064220183486238,2.3000000000000003,0.38627720339057536
0x7b2007f18b374aa05c018f65ced5084daf6aeb02,110,0.7155963302752294,2.03,0.3800107937288641
0x7b2007f18b374aa05c018f65ced5084daf6aeb02,110,0.7247706422018348,2.0000000000000018,0.6856140235364585
0x7b2007f18b374aa05c018f65ced5084daf6aeb02,110,0.7339449541284404,1.9296000000000002,0.6856140235364585
0x7b2007f18b374aa05c018f65ced5084daf6aeb02,110,0.7431192660550459,1.899702,0.6856140235364585
0x7b2007f18b374aa05c018f65ced5084daf6aeb02,110,0.7522935779816514,1.88,0.6856140235364585
0x7b2007f18b374aa05c018f65ced5084daf6aeb02,110,0.7614678899082569,1.8008009999999999,0.6856140235364585
0x7b2007f18b374aa05c018f65ced5084daf6aeb02,110,0.7706422018348624,1.7019,0.6856140235364585
0x7b2007f18b374aa05c018f65ced5084daf6aeb02,110,0.7798165137614679,1.6,0.6856140235364585
0x7b2007f18b374aa05c018f65ced5084daf6aeb02,110,0.7889908256880734,1.5999999999999996,0.6856140235364585
0x7b2007f18b374aa05c018f65ced5084daf6aeb02,110,0.7981651376146789,1.49971,0.6849071231361965
0x7b2007f18b374aa05c018f65ced5084daf6aeb02,110,0.8073394495412844,1.4028,0.6849071231361965
0x7b2007f18b374aa05c018f65ced5084daf6aeb02,110,0.8165137614678899,1.395,0.6849071231361965
0x7b2007f18b374aa05c018f65ced5084daf6aeb02,110,0.8256880733944955,1.3092,0.6849071231361965
0x7b2007f18b374aa05c018f65ced5084daf6aeb02,110,0.8348623853211009,1.2707100000000002,0.6841199633018437
0x7b2007f18b374aa05c018f65ced5084daf6aeb02,110,0.8440366972477065,1.25,0.6841199633018437
0x7b2007f18b374aa05c018f65ced5084daf6aeb02,110,0.8532110091743119,1.1553659699999999,0.6841199633018437
0x7b2007f18b374aa05c018f65ced5084daf6aeb02,110,0.8623853211009175,1.1500000000000001,0.6960045333499167
0x7b2007f18b374aa05c018f65ced5084daf6aeb02,110,0.8715596330275229,1.0157100000000001,0.6928691368191301
0x7b2007f18b374aa05c018f65ced5084daf6aeb02,110,0.8807339449541285,1.0000000000000009,0.9984723666267246
0x7b2007f18b374aa05c018f65ced5084daf6aeb02,110,0.8899082568807339,1.0,0.9953854653155367
0x7b2007f18b374aa05c018f65ced5084daf6aeb02,110,0.8990825688073395,1.0,0.9922985640043489
0x7b2007f18b374aa05c018f65ced5084daf6aeb02,110,0.908256880733945,0.9099999999999999,0.9922985640043489
0x7b2007f18b374aa05c018f65ced5084daf6aeb02,110,0.9174311926605505,0.7945450000000001,1.0005097153183058
0x7b2007f18b374aa05c018f65ced5084daf6aeb02,110,0.926605504587156,0.4,1.0005097153183058
0x7b2007f18b374aa05c018f65ced5084daf6aeb02,110,0.9357798165137615,0.35000000000000003,1.0005097153183058
0x7b2007f18b374aa05c018f65ced5084daf6aeb02,110,0.944954128440367,0.17612214835474585,1.0004753828019228
0x7b2007f18b374aa05c018f65ced5084daf6aeb02,110,0.9541284403669725,0.16499999999999998,0.9999999999999998
0x7b2007f18b374aa05c018f65ced5084daf6aeb02,110,0.963302752293578,2.3447910280083307e-15,0.9999999999999998
0x7b2007f18b374aa05c018f65ced5084daf6aeb02,110,0.9724770642201835,1.9451107391432742e-15,0.9999999999999998
0x7b2007f18b374aa05c018f65ced5084daf6aeb02,110,0.981651376146789,1.7745804825608502e-15,0.9999999999999998
0x7b2007f18b374aa05c018f65ced5084daf6aeb02,110,0.9908256880733946,1.5631940186722204e-15,0.9999999999999998
0x7b2007f18b374aa05c018f65ced5084daf6aeb02,110,1.0,3.1974423109204507e-16,0.9999999999999998
0x8383a695e82d69bff00d4032c7037b3eba01cb59,165,0.0,59.385738567197244,-0.027938640963849497
0x8383a695e82d69bff00d4032c7037b3eba01cb59,165,0.006097560975609756,52.87411108000001,-0.04182037573987992
0x8383a695e82d69bff00d4032c7037b3eba01cb59,165,0.012195121951219513,49.63871148656477,-0.06277435539012265
0x8383a695e82d69bff00d4032c7037b3eba01cb59,165,0.018292682926829267,44.75499112000001,-0.06757980230523487
0x8383a695e82d69bff00d4032c7037b3eba01cb59,165,0.024390243902439025,43.63499112000001,-0.08626698399637751
0x8383a695e82d69bff00d4032c7037b3eba01cb59,165,0.03048780487804878,39.279591537455,-0.10241551673150802
0x8383a695e82d69bff00d4032c7037b3eba01cb59,165,0.036585365853658534,36.5328,-0.10241551673150802
0x8383a695e82d69bff00d4032c7037b3eba01cb59,165,0.042682926829268296,35.51587116,-0.10722096364662023
0x8383a695e82d69bff00d4032c7037b3eba01cb59,165,0.04878048780487805,34.8576,-0.10722096364662023
0x8383a695e82d69bff00d4032c7037b3eba01cb59,165,0.054878048780487805,34.395871160000006,-0.12590814533776287
0x8383a695e82d69bff00d4032c7037b3eba01cb59,165,0.06097560975609756,30.040471406045818,-0.14686212498800563
0x8383a695e82d69bff00d4032c7037b3eba01cb59,165,0.06707317073170732,29.7414954,-0.05246941772687273
0x8383a695e82d69bff00d4032c7037b3eba01cb59,165,0.07317073170731707,27.599400000000003,-0.08954000821488128
0x8383a695e82d69bff00d4032c7037b3eba01cb59,165,0.07926829268292683,27.48666616,-0.03367668782670173
0x8383a695e82d69bff00d4032c7037b3eba01cb59,165,0.08536585365853659,27.284579500000003,0.06286130823582055
0x8383a695e82d69bff00d4032c7037b3eba01cb59,165,0.09146341463414634,26.88,0.01895700184616846
0x8383a695e82d69bff00d4032c7037b3eba01cb59,165,0.0975609756097561,26.749352999999996,0.037191956657978226
0x8383a695e82d69bff00d4032c7037b3eba01cb59,165,0.10365853658536585,26.7414954,0.1315846639191111
0x8383a695e82d69bff00d4032c7037b3eba01cb59,165,0.10975609756097561,26.533153798414002,0.21735326729288265
0x8383a695e82d69bff00d4032c7037b3eba01cb59,165,0.11585365853658537,25.156751200000002,0.19753079876804475
0x8383a695e82d69bff00d4032c7037b3eba01cb59,165,0.12195121951219512,24.576999999999998,0.12244569071941633
0x8383a695e82d69bff00d4032c7037b3eba01cb59,165,0.12804878048780488,23.5688,0.13480255421541917
0x8383a695e82d69bff00d4032c7037b3eba01cb59,165,0.13414634146341464,23.01136068000001,0.13480255421541917
0x8383a695e82d69bff00d4032c7037b3eba01cb59,165,0.1402439024390244,22.619327119999998,0.14266975717038938
0x8383a695e82d69bff00d4032c7037b3eba01cb59,165,0.14634146341463414,22.499352999999996,0.14266975717038938
0x8383a695e82d69bff00d4032c7037b3eba01cb59,165,0.1524390243902439,21.437816,0.17184568486928498
0x8383a695e82d69bff00d4032c7037b3eba01cb59,165,0.15853658536585366,20.90791616,0.18514647543789917
0x8383a695e82d69bff00d4032c7037b3eba01cb59,165,0.16463414634146342,20.83952637000001,0.18514647543789917
0x8383a695e82d69bff00d4032c7037b3eba01cb59,165,0.17073170731707318,20.5367512,0.17313285815011864
0x8383a695e82d69bff00d4032c7037b3eba01cb59,165,0.17682926829268292,20.533334032000162,0.1945857418734349
0x8383a695e82d69bff00d4032c7037b3eba01cb59,165,0.18292682926829268,20.46,0.21183386383660555
0x8383a695e82d69bff00d4032c7037b3eba01cb59,165,0.18902439024390244,20.310594745605666,0.21612443714880672
0x8383a695e82d69bff00d4032c7037b3eba01cb59,165,0.1951219512195122,20.24,0.21612443714880672
0x8383a695e82d69bff00d4032c7037b3eba01cb59,165,0.20121951219512196,19.778430250000003,0.27889558747746007
0x8383a695e82d69bff00d4032c7037b3eba01cb59,165,0.2073170731707317,19.040000000000003,0.34969011792330973
0x8383a695e82d69bff00d4032c7037b3eba01cb59,165,0.21341463414634146,18.526199999999996,0.3312912630470738
0x8383a695e82d69bff00d4032c7037b3eba01cb59,165,0.21951219512195122,18.429508279999997,0.3312912630470738
0x8383a695e82d69bff00d4032c7037b3eba01cb59,165,0.22560975609756098,18.359181,0.39547830398464423
0x8383a695e82d69bff00d4032c7037b3eba01cb59,165,0.23170731707317074,17.7367512,0.38766945274758685
0x8383a695e82d69bff00d4032c7037b3eba01cb59,165,0.23780487804878048,17.646476,0.38245211044807687
0x8383a695e82d69bff00d4032c7037b3eba01cb59,165,0.24390243902439024,16.997679500000004,0.385963519158191
0x8383a695e82d69bff00d4032c7037b3eba01cb59,165,0.25,16.9356,0.385963519158191
0x8383a695e82d69bff00d4032c7037b3eba01cb59,165,0.25609756097560976,16.81922637000001,0.385963519158191
0x8383a695e82d69bff00d4032c7037b3eba01cb59,165,0.2621951219512195,16.576080329306993,0.40261095167581745
0x8383a695e82d69bff00d4032c7037b3eba01cb59,165,0.2682926829268293,16.34,0.4691149045188883
0x8383a695e82d69bff00d4032c7037b3eba01cb59,165,0.27439024390243905,16.319181,0.5635076117800212
0x8383a695e82d69bff00d4032c7037b3eba01cb59,165,0.2804878048780488,16.28,0.5993562457667584
0x8383a695e82d69bff00d4032c7037b3eba01cb59,165,0.2865853658536585,16.219939400169785,0.5993562457667584
0x8383a695e82d69bff00d4032c7037b3eba01cb59,165,0.2926829268292683,16.2,0.5993562457667583
0x8383a695e82d69bff00d4032c7037b3eba01cb59,165,0.29878048780487804,16.195108279999996,0.5993562457667583
0x8383a695e82d69bff00d4032c7037b3eba01cb59,165,0.3048780487804878,15.916751200000002,0.5891446710721449
0x8383a695e82d69bff00d4032c7037b3eba01cb59,165,0.31097560975609756,15.469226370000008,0.5891446710721449
0x8383a695e82d69bff00d4032c7037b3eba01cb59,165,0.3170731707317073,15.19922965753721,0.5843838933604552
0x8383a695e82d69bff00d4032c7037b3eba01cb59,165,0.3231707317073171,15.009514157411918,0.5843838933604552
0x8383a695e82d69bff00d4032c7037b3eba01cb59,165,0.32926829268292684,14.9226,0.5843838933604552
0x8383a695e82d69bff00d4032c7037b3eba01cb59,165,0.3353658536585366,14.809682140000001,0.5843838933604552
0x8383a695e82d69bff00d4032c7037b3eba01cb59,165,0.34146341463414637,14.57729283980595,0.6350127004920894
0x8383a695e82d69bff00d4032c7037b3eba01cb59,165,0.3475609756097561,14.396611157411918,0.6350127004920894
0x8383a695e82d69bff00d4032c7037b3eba01cb59,165,0.35365853658536583,14.238,0.6209747886913177
0x8383a695e82d69bff00d4032c7037b3eba01cb59,165,0.3597560975609756,14.089637610000008,0.6156806447883868
0x8383a695e82d69bff00d4032c7037b3eba01cb59,165,0.36585365853658536,14.080000000000002,0.6090165197097629
0x8383a695e82d69bff00d4032c7037b3eba01cb59,165,0.3719512195121951,13.831666,0.6073002886686513
0x8383a695e82d69bff00d4032c7037b3eba01cb59,165,0.3780487804878049,13.783708157411919,0.6073002886686513
0x8383a695e82d69bff00d4032c7037b3eba01cb59,165,0.38414634146341464,13.646476,0.6065201875037087
0x8383a695e82d69bff00d4032c7037b3eba01cb59,165,0.3902439024390244,13.536751200000001,0.5969092936734842
0x8383a695e82d69bff00d4032c7037b3eba01cb59,165,0.39634146341463417,13.456,0.5961291925085417
0x8383a695e82d69bff00d4032c7037b3eba01cb59,165,0.4024390243902439,13.44,0.5384638295271951
0x8383a695e82d69bff00d4032c7037b3eba01cb59,165,0.40853658536585363,13.431666,0.5341732519244162
0x8383a695e82d69bff00d4032c7037b3eba01cb59,165,0.4146341463414634,13.319181,0.5983602928619867
0x8383a695e82d69bff00d4032c7037b3eba01cb59,165,0.42073170731707316,13.2224,0.5983602928619867
0x8383a695e82d69bff00d4032c7037b3eba01cb59,165,0.4268292682926829,13.179682340509459,0.5910187670468463
0x8383a695e82d69bff00d4032c7037b3eba01cb59,165,0.4329268292682927,12.739637610000008,0.5857246231439155
0x8383a695e82d69bff00d4032c7037b3eba01cb59,165,0.43902439024390244,12.6,0.5857246231439154
0x8383a695e82d69bff00d4032c7037b3eba01cb59,165,0.4451219512195122,12.0,0.5857246231439153
0x8383a695e82d69bff00d4032c7037b3eba01cb59,165,0.45121951219512196,11.8707477,0.5857246231439153
0x8383a695e82d69bff00d4032c7037b3eba01cb59,165,0.4573170731707317,11.37975579,0.5857246231439153
0x8383a695e82d69bff00d4032c7037b3eba01cb59,165,0.4634146341463415,11.296751200000001,0.5677041972122445
0x8383a695e82d69bff00d4032c7037b3eba01cb59,165,0.4695121951219512,11.279181000000001,0.597909863535807
0x8383a695e82d69bff00d4032c7037b3eba01cb59,165,0.47560975609756095,11.270747700000003,0.597909863535807
0x8383a695e82d69bff00d4032c7037b3eba01cb59,165,0.4817073170731707,11.231666,0.5927611704124724
0x8383a695e82d69bff00d4032c7037b3eba01cb59,165,0.4878048780487805,11.160000000000002,0.609236988407143
0x8383a695e82d69bff00d4032c7037b3eba01cb59,165,0.49390243902439024,10.990799999999998,0.6449345940622623
0x8383a695e82d69bff00d4032c7037b3eba01cb59,165,0.5,10.966199999999999,0.5998835292330852
0x8383a695e82d69bff00d4032c7037b3eba01cb59,165,0.5060975609756098,10.807499519999999,0.6662810765896107
0x8383a695e82d69bff00d4032c7037b3eba01cb59,165,0.5121951219512195,10.00585328,0.6546107055100525
0x8383a695e82d69bff00d4032c7037b3eba01cb59,165,0.5182926829268293,9.715200000000001,0.6692192641319936
0x8383a695e82d69bff00d4032c7037b3eba01cb59,165,0.524390243902439,9.455121620000002,0.6662158598100485
0x8383a695e82d69bff00d4032c7037b3eba01cb59,165,0.5304878048780488,9.391666,0.6610671666867141
0x8383a695e82d69bff00d4032c7037b3eba01cb59,165,0.5365853658536586,9.323749500000009,0.6610671666867141
0x8383a695e82d69bff00d4032c7037b3eba01cb59,165,0.5426829268292683,8.865,0.6574104309678199
0x8383a695e82d69bff00d4032c7037b3eba01cb59,165,0.5487804878048781,8.299999999999999,0.6610574219301819
0x8383a695e82d69bff00d4032c7037b3eba01cb59,165,0.5548780487804879,8.20228975,0.6610574219301819
0x8383a695e82d69bff00d4032c7037b3eba01cb59,165,0.5609756097560976,8.19658494,0.6435338448849127
0x8383a695e82d69bff00d4032c7037b3eba01cb59,165,0.5670731707317073,8.14965875,0.6435338448849127
0x8383a695e82d69bff00d4032c7037b3eba01cb59,165,0.573170731707317,8.0,0.7164736641321519
0x8383a695e82d69bff00d4032c7037b3eba01cb59,165,0.5792682926829268,7.871666000000007,0.7151006792992627
0x8383a695e82d69bff00d4032c7037b3eba01cb59,165,0.5853658536585366,7.5600000000000005,0.7151006792992627
0x8383a695e82d69bff00d4032c7037b3eba01cb59,165,0.5914634146341463,7.551666,0.7099519861759281
0x8383a695e82d69bff00d4032c7037b3eba01cb59,165,0.5975609756097561,7.339637610000007,0.6862383928231301
0x8383a695e82d69bff00d4032c7037b3eba01cb59,165,0.6036585365853658,6.8748000000000005,0.68623839282313
0x8383a695e82d69bff00d4032c7037b3eba01cb59,165,0.6097560975609756,6.84,0.7026770964311578
0x8383a695e82d69bff00d4032c7037b3eba01cb59,165,0.6158536585365854,6.76,0.7026770964311578
0x8383a695e82d69bff00d4032c7037b3eba01cb59,165,0.6219512195121951,6.56,0.7279915042875525
0x8383a695e82d69bff00d4032c7037b3eba01cb59,165,0.6280487804878049,6.460000000000001,0.7225264651527838
0x8383a695e82d69bff00d4032c7037b3eba01cb59,165,0.6341463414634146,5.8,0.7315366781186192
0x8383a695e82d69bff00d4032c7037b3eba01cb59,165,0.6402439024390244,5.76,0.7315366781186192
0x8383a695e82d69bff00d4032c7037b3eba01cb59,165,0.6463414634146342,5.711666,0.7263879849952848
0x8383a695e82d69bff00d4032c7037b3eba01cb59,165,0.6524390243902439,5.6095999999999995,0.7410634766278293
0x8383a695e82d69bff00d4032c7037b3eba01cb59,165,0.6585365853658537,5.169857,0.7410634766278297
0x8383a695e82d69bff00d4032c7037b3eba01cb59,165,0.6646341463414634,5.0,0.7410634766278297
0x8383a695e82d69bff00d4032c7037b3eba01cb59,165,0.6707317073170732,4.840800000000001,0.7364296528168285
0x8383a695e82d69bff00d4032c7037b3eba01cb59,165,0.676829268292683,4.4992089,0.7646462073637429
0x8383a695e82d69bff00d4032c7037b3eba01cb59,165,0.6829268292682927,4.1499999999999995,0.765102081234038
0x8383a695e82d69bff00d4032c7037b3eba01cb59,165,0.6890243902439024,4.11238494,0.7633180590668027
0x8383a695e82d69bff00d4032c7037b3eba01cb59,165,0.6951219512195121,4.08,0.7715559680641378
0x8383a695e82d69bff00d4032c7037b3eba01cb59,165,0.7012195121951219,4.069857,0.7715559680641382
0x8383a695e82d69bff00d4032c7037b3eba01cb59,165,0.7073170731707317,3.96,0.7803087463738069
0x8383a695e82d69bff00d4032c7037b3eba01cb59,165,0.7134146341463414,3.8716660000000003,0.7803087463738069
0x8383a695e82d69bff00d4032c7037b3eba01cb59,165,0.7195121951219512,3.79974,0.8112009051138139
0x8383a695e82d69bff00d4032c7037b3eba01cb59,165,0.725609756097561,3.7607999999999997,0.7983291723054776
0x8383a695e82d69bff00d4032c7037b3eba01cb59,165,0.7317073170731707,3.749999999999999,0.7983291723054776
0x8383a695e82d69bff00d4032c7037b3eba01cb59,165,0.7378048780487805,3.7,0.8039069231890901
0x8383a695e82d69bff00d4032c7037b3eba01cb59,165,0.7439024390243902,3.696585052266671,0.7982559192740655
0x8383a695e82d69bff00d4032c7037b3eba01cb59,165,0.75,3.5374476674892548,0.810398236727619
0x8383a695e82d69bff00d4032c7037b3eba01cb59,165,0.7560975609756098,3.5,0.810398236727619
0x8383a695e82d69bff00d4032c7037b3eba01cb59,165,0.7621951219512195,3.38,0.810398236727619
0x8383a695e82d69bff00d4032c7037b3eba01cb59,165,0.7682926829268293,3.12,0.8294484012839567
0x8383a695e82d69bff00d4032c7037b3eba01cb59,165,0.774390243902439,3.0556090143326617,0.8503435056283342
0x8383a695e82d69bff00d4032c7037b3eba01cb59,165,0.7804878048780488,2.999844,0.872997755371006
0x8383a695e82d69bff00d4032c7037b3eba01cb59,165,0.7865853658536586,2.72,0.872997755371006
0x8383a695e82d69bff00d4032c7037b3eba01cb59,165,0.7926829268292683,2.628,0.872997755371006
0x8383a695e82d69bff00d4032c7037b3eba01cb59,165,0.7987804878048781,2.6,0.8832951416176751
0x8383a695e82d69bff00d4032c7037b3eba01cb59,165,0.8048780487804879,2.5776,0.8832951416176751
0x8383a695e82d69bff00d4032c7037b3eba01cb59,165,0.8109756097560976,2.46,0.8984837863315119
0x8383a695e82d69bff00d4032c7037b3eba01cb59,165,0.8170731707317073,2.37951198,0.8984837863315119
0x8383a695e82d69bff00d4032c7037b3eba01cb59,165,0.823170731707317,2.2997009999999998,0.9272263656925269
0x8383a695e82d69bff00d4032c7037b3eba01cb59,165,0.8292682926829268,2.1999999999999993,0.9399391757316697
0x8383a695e82d69bff00d4032c7037b3eba01cb59,165,0.8353658536585366,2.16,0.9399391757316697
0x8383a695e82d69bff00d4032c7037b3eba01cb59,165,0.8414634146341463,2.094863162611271,0.9399391757316697
0x8383a695e82d69bff00d4032c7037b3eba01cb59,165,0.8475609756097561,2.0496,0.9399391757316697
0x8383a695e82d69bff00d4032c7037b3eba01cb59,165,0.8536585365853658,1.98658494,0.9575305439030627
0x8383a695e82d69bff00d4032c7037b3eba01cb59,165,0.8597560975609756,1.9584,0.9575305439030627
0x8383a695e82d69bff00d4032c7037b3eba01cb59,165,0.8658536585365854,1.947205852,0.9575305439030627
0x8383a695e82d69bff00d4032c7037b3eba01cb59,165,0.8719512195121951,1.8672000000000004,0.9575305439030627
0x8383a695e82d69bff00d4032c7037b3eba01cb59,165,0.8780487804878049,1.8380659999999998,0.9575305439030627
0x8383a695e82d69bff00d4032c7037b3eba01cb59,165,0.8841463414634146,1.8127376100000068,0.952282738437104
0x8383a695e82d69bff00d4032c7037b3eba01cb59,165,0.8902439024390244,1.8074995199999995,0.952282738437104
0x8383a695e82d69bff00d4032c7037b3eba01cb59,165,0.8963414634146342,1.788888720002016,0.9565145369040334
0x8383a695e82d69bff00d4032c7037b3eba01cb59,165,0.9024390243902439,1.76,0.9565145369040334
0x8383a695e82d69bff00d4032c7037b3eba01cb59,165,0.9085365853658537,1.7500000000000002,0.9490060260991706
0x8383a695e82d69bff00d4032c7037b3eba01cb59,165,0.9146341463414634,1.6800000000000002,0.9442005791840583
0x8383a695e82d69bff00d4032c7037b3eba01cb59,165,0.9207317073170732,1.6380659999999998,0.9442005791840583
0x8383a695e82d69bff00d4032c7037b3eba01cb59,165,0.926829268292683,1.5963999999999998,0.9442005791840583
0x8383a695e82d69bff00d4032c7037b3eba01cb59,165,0.9329268292682927,1.56,0.9632507437403961
0x8383a695e82d69bff00d4032c7037b3eba01cb59,165,0.9390243902439024,1.44,0.9828157776090672
0x8383a695e82d69bff00d4032c7037b3eba01cb59,165,0.9451219512195121,1.3947999999999998,0.9768312799687114
0x8383a695e82d69bff00d4032c7037b3eba01cb59,165,0.9512195121951219,1.25,0.9768312799687114
0x8383a695e82d69bff00d4032c7037b3eba01cb59,165,0.9573170731707317,1.1305780387200621,0.97541290940594
0x8383a695e82d69bff00d4032c7037b3eba01cb59,165,0.9634146341463414,1.1195120820000803,0.9744710761351988
0x8383a695e82d69bff00d4032c7037b3eba01cb59,165,0.9695121951219512,1.086585,0.9957094266877985
0x8383a695e82d69bff00d4032c7037b3eba01cb59,165,0.975609756097561,1.08,0.9957094266877985
0x8383a695e82d69bff00d4032c7037b3eba01cb59,165,0.9817073170731707,0.8,0.9957094266877985
0x8383a695e82d69bff00d4032c7037b3eba01cb59,165,0.9878048780487805,0.6981999999999999,0.9957094266877985
0x8383a695e82d69bff00d4032c7037b3eba01cb59,165,0.9939024390243902,0.298701,0.9999999999999997
0x8383a695e82d69bff00d4032c7037b3eba01cb59,165,1.0,9.947598300641404e-16,0.9999999999999997
0x85d22a973e817f87afe0a7fd346a39823cce7479,300,0.0,745.8524675666878,0.0001960231342038973
0x85d22a973e817f87afe0a7fd346a39823cce7479,300,0.010033444816053512,572.2317999999999,0.0001960231342038986
0x85d22a973e817f87afe0a7fd346a39823cce7479,300,0.020066889632107024,386.1462,0.00023507536554355057
0x85d22a973e817f87afe0a7fd346a39823cce7479,300,0.030100334448160536,343.16712,0.016463158161143947
0x85d22a973e817f87afe0a7fd346a39823cce7479,300,0.04013377926421405,302.2399860262009,0.03336366768008253
0x85d22a973e817f87afe0a7fd346a39823cce7479,300,0.05016722408026756,274.3125,0.04099580039803962
0x85d22a973e817f87afe0a7fd346a39823cce7479,300,0.06020066889632107,257.74,0.05839871207826471
0x85d22a973e817f87afe0a7fd346a39823cce7479,300,0.07023411371237458,207.43199999999996,0.06169374838470183
0x85d22a973e817f87afe0a7fd346a39823cce7479,300,0.0802675585284281,202.03199999999995,0.08386699414059563
0x85d22a973e817f87afe0a7fd346a39823cce7479,300,0.0903010033444816,189.28320000000002,0.09393104942267376
0x85d22a973e817f87afe0a7fd346a39823cce7479,300,0.10033444816053512,182.51158999999998,0.11125522806863221
0x85d22a973e817f87afe0a7fd346a39823cce7479,300,0.11036789297658862,169.1098,0.1168404343178744
0x85d22a973e817f87afe0a7fd346a39823cce7479,300,0.12040133779264214,152.39520000000002,0.1502896447416219
0x85d22a973e817f87afe0a7fd346a39823cce7479,300,0.13043478260869565,129.37230000000002,0.15171191971544362
0x85d22a973e817f87afe0a7fd346a39823cce7479,300,0.14046822742474915,117.96262374581941,0.18170919287708548
0x85d22a973e817f87afe0a7fd346a39823cce7479,300,0.1505016722408027,109.9098,0.18170919287708548
0x85d22a973e817f87afe0a7fd346a39823cce7479,300,0.1605351170568562,95.0,0.20904959758895866
0x85d22a973e817f87afe0a7fd346a39823cce7479,300,0.1705685618729097,91.40119999999997,0.2731542072107263
0x85d22a973e817f87afe0a7fd346a39823cce7479,300,0.1806020066889632,82.11229908000001,0.27919496139935013
0x85d22a973e817f87afe0a7fd346a39823cce7479,300,0.19063545150501673,79.46894155495978,0.31901313440688456
0x85d22a973e817f87afe0a7fd346a39823cce7479,300,0.20066889632107024,72.56180000000002,0.33774054085242566
0x85d22a973e817f87afe0a7fd346a39823cce7479,300,0.21070234113712374,66.36880000000001,0.3392396308326036
0x85d22a973e817f87afe0a7fd346a39823cce7479,300,0.22073578595317725,63.476000000000006,0.3335310048205962
0x85d22a973e817f87afe0a7fd346a39823cce7479,300,0.23076923076923078,61.92660000000001,0.5703960733823057
0x85d22a973e817f87afe0a7fd346a39823cce7479,300,0.2408026755852843,60.407199999999996,0.5732857544487904
0x85d22a973e817f87afe0a7fd346a39823cce7479,300,0.2508361204013378,59.78407738998484,0.5396999126404893
0x85d22a973e817f87afe0a7fd346a39823cce7479,300,0.2608695652173913,55.18370000000001,0.6241135257415665
0x85d22a973e817f87afe0a7fd346a39823cce7479,300,0.2709030100334448,51.50548416109807,0.6462298002022654
0x85d22a973e817f87afe0a7fd346a39823cce7479,300,0.2809364548494983,50.059799999999996,0.6468284783093652
0x85d22a973e817f87afe0a7fd346a39823cce7479,300,0.2909698996655518,46.7886,0.6484067780083288
0x85d22a973e817f87afe0a7fd346a39823cce7479,300,0.3010033444816054,42.486399999999996,0.6359793257568261
0x85d22a973e817f87afe0a7fd346a39823cce7479,300,0.3110367892976589,41.1587,0.6396509724420483
0x85d22a973e817f87afe0a7fd346a39823cce7479,300,0.3210702341137124,39.455499999999994,0.6554008118749824
0x85d22a973e817f87afe0a7fd346a39823cce7479,300,0.3311036789297659,37.01073453380738,0.6250639501017503
0x85d22a973e817f87afe0a7fd346a39823cce7479,300,0.3411371237458194,35.6412,0.625639786336456
0x85d22a973e817f87afe0a7fd346a39823cce7479,300,0.3511705685618729,34.967600000000004,0.616472274736976
0x85d22a973e817f87afe0a7fd346a39823cce7479,300,0.3612040133779264,33.2299,0.5558635216367858
0x85d22a973e817f87afe0a7fd346a39823cce7479,300,0.3712374581939799,30.433022307692305,0.5349196246301132
0x85d22a973e817f87afe0a7fd346a39823cce7479,300,0.38127090301003347,29.2695,0.46617295707021794
0x85d22a973e817f87afe0a7fd346a39823cce7479,300,0.391304347826087,26.785799999999995,0.48352172753910805
0x85d22a973e817f87afe0a7fd346a39823cce7479,300,0.4013377926421405,25.642400000000002,0.48352172753910805
0x85d22a973e817f87afe0a7fd346a39823cce7479,300,0.411371237458194,23.739400000000003,0.47049320246807746
0x85d22a973e817f87afe0a7fd346a39823cce7479,300,0.4214046822742475,22.56,0.4482389556623139
0x85d22a973e817f87afe0a7fd346a39823cce7479,300,0.431438127090301,21.8715,0.41483513038869296
0x85d22a973e817f87afe0a7fd346a39823cce7479,300,0.4414715719063545,21.182000000000002,0.41840885184991766
0x85d22a973e817f87afe0a7fd346a39823cce7479,300,0.451505016722408,20.545999999999996,0.5068732131279566
0x85d22a973e817f87afe0a7fd346a39823cce7479,300,0.46153846153846156,19.909700000000004,0.5086917208653535
0x85d22a973e817f87afe0a7fd346a39823cce7479,300,0.47157190635451507,19.116799999999998,0.49231924645317793
0x85d22a973e817f87afe0a7fd346a39823cce7479,300,0.4816053511705686,17.700000000000006,0.4240725948483324
0x85d22a973e817f87afe0a7fd346a39823cce7479,300,0.4916387959866221,16.200000000000003,0.43250529650988173
0x85d22a973e817f87afe0a7fd346a39823cce7479,300,0.5016722408026756,15.640460000000001,0.4213185379743891
0x85d22a973e817f87afe0a7fd346a39823cce7479,300,0.5117056856187291,14.913936484245438,0.4239774773222448
0x85d22a973e817f87afe0a7fd346a39823cce7479,300,0.5217391304347826,13.600799999999992,0.7021189599941295
0x85d22a973e817f87afe0a7fd346a39823cce7479,300,0.5317725752508361,12.6,0.6984325765235813
0x85d22a973e817f87afe0a7fd346a39823cce7479,300,0.5418060200668896,12.3,0.7005601864118896
0x85d22a973e817f87afe0a7fd346a39823cce7479,300,0.5518394648829431,11.3924,0.7044379258263318
0x85d22a973e817f87afe0a7fd346a39823cce7479,300,0.5618729096989966,10.982,0.6951545449425828
0x85d22a973e817f87afe0a7fd346a39823cce7479,300,0.5719063545150501,10.575,0.690979640136641
0x85d22a973e817f87afe0a7fd346a39823cce7479,300,0.5819397993311036,9.76,0.7288229122253393
0x85d22a973e817f87afe0a7fd346a39823cce7479,300,0.5919732441471572,9.1102,0.7305739996364442
0x85d22a973e817f87afe0a7fd346a39823cce7479,300,0.6020066889632107,8.772499999999999,0.7450463520931528
0x85d22a973e817f87afe0a7fd346a39823cce7479,300,0.6120401337792643,8.2316,0.7689013720529772
0x85d22a973e817f87afe0a7fd346a39823cce7479,300,0.6220735785953178,8.0326,0.7954042071240177
0x85d22a973e817f87afe0a7fd346a39823cce7479,300,0.6321070234113713,7.990000000000002,0.7913170262091231
0x85d22a973e817f87afe0a7fd346a39823cce7479,300,0.6421404682274248,7.350000000000007,0.7885423834435272
0x85d22a973e817f87afe0a7fd346a39823cce7479,300,0.6521739130434783,6.62406,0.8017058210865147
0x85d22a973e817f87afe0a7fd346a39823cce7479,300,0.6622073578595318,6.4697000000000005,0.8110451995572722
0x85d22a973e817f87afe0a7fd346a39823cce7479,300,0.6722408026755853,6.075,0.8034189615160618
0x85d22a973e817f87afe0a7fd346a39823cce7479,300,0.6822742474916388,5.7456,0.7958846435903725
0x85d22a973e817f87afe0a7fd346a39823cce7479,300,0.6923076923076923,5.005200000000001,0.8055042541499456
0x85d22a973e817f87afe0a7fd346a39823cce7479,300,0.7023411371237458,4.773,0.8293252748153409
0x85d22a973e817f87afe0a7fd346a39823cce7479,300,0.7123745819397993,4.3746,0.8516745732836469
0x85d22a973e817f87afe0a7fd346a39823cce7479,300,0.7224080267558528,4.248,0.8540547332288276
0x85d22a973e817f87afe0a7fd346a39823cce7479,300,0.7324414715719063,4.090357440000001,0.8500758264247179
0x85d22a973e817f87afe0a7fd346a39823cce7479,300,0.7424749163879598,3.7944,0.8665993421806734
0x85d22a973e817f87afe0a7fd346a39823cce7479,300,0.7525083612040134,3.4699999999999998,0.8849841532366655
0x85d22a973e817f87afe0a7fd346a39823cce7479,300,0.7625418060200669,3.289500000000001,0.8894202659059511
0x85d22a973e817f87afe0a7fd346a39823cce7479,300,0.7725752508361204,3.12,0.9393261097555233
0x85d22a973e817f87afe0a7fd346a39823cce7479,300,0.782608695652174,2.7436900000000026,0.95479963621595
0x85d22a973e817f87afe0a7fd346a39823cce7479,300,0.7926421404682275,2.5,0.9548099519002571
0x85d22a973e817f87afe0a7fd346a39823cce7479,300,0.802675585284281,2.05,0.9583154435146198
0x85d22a973e817f87afe0a7fd346a39823cce7479,300,0.8127090301003345,1.9322300000000001,0.9743917559350042
0x85d22a973e817f87afe0a7fd346a39823cce7479,300,0.822742474916388,1.7158732799999998,0.9743917559350042
0x85d22a973e817f87afe0a7fd346a39823cce7479,300,0.8327759197324415,1.6703999999999999,0.9737805516398174
0x85d22a973e817f87afe0a7fd346a39823cce7479,300,0.842809364548495,1.4599999999999993,0.9698239340821565
0x85d22a973e817f87afe0a7fd346a39823cce7479,300,0.8528428093645485,1.3392899999999996,0.9795146168661603
0x85d22a973e817f87afe0a7fd346a39823cce7479,300,0.862876254180602,1.1703999999999997,0.9804294094337884
0x85d22a973e817f87afe0a7fd346a39823cce7479,300,0.8729096989966555,1.0307,0.9939031668078532
0x85d22a973e817f87afe0a7fd346a39823cce7479,300,0.882943143812709,0.9113,1.0027427872156687
0x85d22a973e817f87afe0a7fd346a39823cce7479,300,0.8929765886287625,0.75,1.0011520018545208
0x85d22a973e817f87afe0a7fd346a39823cce7479,300,0.903010033444816,0.49774,0.9993917430431858
0x85d22a973e817f87afe0a7fd346a39823cce7479,300,0.9130434782608695,0.401,0.9993917430431858
0x85d22a973e817f87afe0a7fd346a39823cce7479,300,0.9230769230769231,0.31444,0.9993917430431858
0x85d22a973e817f87afe0a7fd346a39823cce7479,300,0.9331103678929766,0.20902,0.9993917430431858
0x85d22a973e817f87afe0a7fd346a39823cce7479,300,0.9431438127090301,0.12389999999999997,1.0002169977877418
0x85d22a973e817f87afe0a7fd346a39823cce7479,300,0.9531772575250836,0.10444,0.9999999999999991
0x85d22a973e817f87afe0a7fd346a39823cce7479,300,0.9632107023411371,0.05644,0.9999999999999991
0x85d22a973e817f87afe0a7fd346a39823cce7479,300,0.9732441471571907,2.8393287720973603e-14,1.0
0x85d22a973e817f87afe0a7fd346a39823cce7479,300,0.9832775919732442,3.5491609651217004e-15,1.0
0x85d22a973e817f87afe0a7fd346a39823cce7479,300,0.9933110367892977,3.677058657558518e-16,1.0
0x85d22a973e817f87afe0a7fd346a39823cce7479,300,1.0,1.3766765505351943e-16,1.0
0x85dfe68799c81169482aad52aabd3d899404fb48,119,0.0,288.26,0.17782717792741018
0x85dfe68799c81169482aad52aabd3d899404fb48,119,0.00847457627118644,153.0,0.3427375692275919
0x85dfe68799c81169482aad52aabd3d899404fb48,119,0.01694915254237288,84.79599999999999,0.25506887760943986
0x85dfe68799c81169482aad52aabd3d899404fb48,119,0.025423728813559324,65.706464098,0.25506887760943986
0x85dfe68799c81169482aad52aabd3d899404fb48,119,0.03389830508474576,60.973800479999994,0.5911465544679573
0x85dfe68799c81169482aad52aabd3d899404fb48,119,0.0423728813559322,59.006468672519546,0.5889359662414864
0x85dfe68799c81169482aad52aabd3d899404fb48,119,0.05084745762711865,58.32287294217045,0.5887037627099244
0x85dfe68799c81169482aad52aabd3d899404fb48,119,0.059322033898305086,58.251061942170445,0.5884715591783626
0x85dfe68799c81169482aad52aabd3d899404fb48,119,0.06779661016949153,58.179213404127964,0.5881232522642511
0x85dfe68799c81169482aad52aabd3d899404fb48,119,0.07627118644067797,58.07148343483367,0.5859149857174066
0x85dfe68799c81169482aad52aabd3d899404fb48,119,0.0847457627118644,57.388555333999996,0.5859149857174066
0x85dfe68799c81169482aad52aabd3d899404fb48,119,0.09322033898305085,56.36955397276416,0.5848027265652915
0x85dfe68799c81169482aad52aabd3d899404fb48,119,0.1016949152542373,56.025576344,0.5848027265652915
0x85dfe68799c81169482aad52aabd3d899404fb48,119,0.11016949152542373,51.55798424,0.5848027265652915
0x85dfe68799c81169482aad52aabd3d899404fb48,119,0.11864406779661017,51.47169519662794,0.5848027265652915
0x85dfe68799c81169482aad52aabd3d899404fb48,119,0.1271186440677966,48.75800765395851,0.5843987090407544
0x85dfe68799c81169482aad52aabd3d899404fb48,119,0.13559322033898305,47.938281657009966,0.5828168302951415
0x85dfe68799c81169482aad52aabd3d899404fb48,119,0.1440677966101695,46.70206163700001,0.5828168302951415
0x85dfe68799c81169482aad52aabd3d899404fb48,119,0.15254237288135594,39.319061637000004,0.5828168302951415
0x85dfe68799c81169482aad52aabd3d899404fb48,119,0.16101694915254236,37.24906178760562,0.5812349515776823
0x85dfe68799c81169482aad52aabd3d899404fb48,119,0.1694915254237288,32.80714569449709,0.5812349515776823
0x85dfe68799c81169482aad52aabd3d899404fb48,119,0.17796610169491525,32.684347896000006,0.5812349515776823
0x85dfe68799c81169482aad52aabd3d899404fb48,119,0.1864406779661017,27.09,0.49363843196352697
0x85dfe68799c81169482aad52aabd3d899404fb48,119,0.19491525423728814,25.364,0.49363843196352697
0x85dfe68799c81169482aad52aabd3d899404fb48,119,0.2033898305084746,22.999166,0.48961267827813326
0x85dfe68799c81169482aad52aabd3d899404fb48,119,0.211864406779661,21.666666,0.48558692459273955
0x85dfe68799c81169482aad52aabd3d899404fb48,119,0.22033898305084745,20.0,0.4815611709073458
0x85dfe68799c81169482aad52aabd3d899404fb48,119,0.2288135593220339,17.6868,0.4815611709073458
0x85dfe68799c81169482aad52aabd3d899404fb48,119,0.23728813559322035,17.4318,0.4815611709073458
0x85dfe68799c81169482aad52aabd3d899404fb48,119,0.2457627118644068,17.023799999999998,0.4815611709073458
0x85dfe68799c81169482aad52aabd3d899404fb48,119,0.2542372881355932,16.6668,0.4815611709073458
0x85dfe68799c81169482aad52aabd3d899404fb48,119,0.2627118644067797,16.3098,0.4815611709073458
0x85dfe68799c81169482aad52aabd3d899404fb48,119,0.2711864406779661,15.9528,0.4815611709073458
0x85dfe68799c81169482aad52aabd3d899404fb48,119,0.2796610169491525,15.595799999999999,0.4815611709073458
0x85dfe68799c81169482aad52aabd3d899404fb48,119,0.288135593220339,15.238800000000001,0.4815611709073458
0x85dfe68799c81169482aad52aabd3d899404fb48,119,0.2966101694915254,14.778260904000003,0.4815611709073458
0x85dfe68799c81169482aad52aabd3d899404fb48,119,0.3050847457627119,14.728800000000001,0.4815611709073458
0x85dfe68799c81169482aad52aabd3d899404fb48,119,0.3135593220338983,14.2188,0.4815611709073458
0x85dfe68799c81169482aad52aabd3d899404fb48,119,0.3220338983050847,13.242440904000002,0.4815611709073458
0x85dfe68799c81169482aad52aabd3d899404fb48,119,0.3305084745762712,12.172583400867019,0.48145082322080646
0x85dfe68799c81169482aad52aabd3d899404fb48,119,0.3389830508474576,11.6716,0.46765171849198833
0x85dfe68799c81169482aad52aabd3d899404fb48,119,0.3474576271186441,11.402799175067615,0.46765171849198833
0x85dfe68799c81169482aad52aabd3d899404fb48,119,0.3559322033898305,11.370800000000001,0.46765171849198833
0x85dfe68799c81169482aad52aabd3d899404fb48,119,0.3644067796610169,10.4384,0.46765171849198833
0x85dfe68799c81169482aad52aabd3d899404fb48,119,0.3728813559322034,10.0,0.46362596480659457
0x85dfe68799c81169482aad52aabd3d899404fb48,119,0.3813559322033898,9.299999999999999,0.46362596480659457
0x85dfe68799c81169482aad52aabd3d899404fb48,119,0.3898305084745763,9.269337092986103,0.4959612871467112
0x85dfe68799c81169482aad52aabd3d899404fb48,119,0.3983050847457627,8.731929962999999,0.5662942109506633
0x85dfe68799c81169482aad52aabd3d899404fb48,119,0.4067796610169492,8.676,0.5527133551965308
0x85dfe68799c81169482aad52aabd3d899404fb48,119,0.4152542372881356,8.36,0.6485553943756952
0x85dfe68799c81169482aad52aabd3d899404fb48,119,0.423728813559322,7.563010203566514,0.6655799541904773
0x85dfe68799c81169482aad52aabd3d899404fb48,119,0.4322033898305085,7.280065030720603,0.8744502401159705
0x85dfe68799c81169482aad52aabd3d899404fb48,119,0.4406779661016949,6.02073,0.8549819863863088
0x85dfe68799c81169482aad52aabd3d899404fb48,119,0.4491525423728814,5.9502,0.8549819863863088
0x85dfe68799c81169482aad52aabd3d899404fb48,119,0.4576271186440678,5.712000000000001,0.8549819863863088
0x85dfe68799c81169482aad52aabd3d899404fb48,119,0.4661016949152542,5.4136,0.8549819863863088
0x85dfe68799c81169482aad52aabd3d899404fb48,119,0.4745762711864407,4.933361999999999,0.8549819863863088
0x85dfe68799c81169482aad52aabd3d899404fb48,119,0.4830508474576271,4.81373344,0.8549819863863088
0x85dfe68799c81169482aad52aabd3d899404fb48,119,0.4915254237288136,4.5,0.8549819863863088
0x85dfe68799c81169482aad52aabd3d899404fb48,119,0.5,4.2,0.8536999536601063
0x85dfe68799c81169482aad52aabd3d899404fb48,119,0.5084745762711864,4.163894999,0.8536871488532524
0x85dfe68799c81169482aad52aabd3d899404fb48,119,0.5169491525423728,4.159934999,0.851055049666618
0x85dfe68799c81169482aad52aabd3d899404fb48,119,0.5254237288135594,3.9514122690000004,0.851055049666618
0x85dfe68799c81169482aad52aabd3d899404fb48,119,0.5338983050847458,3.8735429650719473,0.8463911348182933
0x85dfe68799c81169482aad52aabd3d899404fb48,119,0.5423728813559322,3.852566009728747,0.8463911348182933
0x85dfe68799c81169482aad52aabd3d899404fb48,119,0.5508474576271186,3.8086800000000003,1.075556176252811
0x85dfe68799c81169482aad52aabd3d899404fb48,119,0.559322033898305,3.692951751866743,1.075556176252811
0x85dfe68799c81169482aad52aabd3d899404fb48,119,0.5677966101694916,3.345934999,1.0746662421764652
0x85dfe68799c81169482aad52aabd3d899404fb48,119,0.576271186440678,3.070714999,1.0741661433310048
0x85dfe68799c81169482aad52aabd3d899404fb48,119,0.5847457627118644,2.9739999999999998,1.071579313663551
0x85dfe68799c81169482aad52aabd3d899404fb48,119,0.5932203389830508,2.918777565,1.0691037176717975
0x85dfe68799c81169482aad52aabd3d899404fb48,119,0.6016949152542372,2.916054999,1.0664588136783093
0x85dfe68799c81169482aad52aabd3d899404fb48,119,0.6101694915254238,2.9093977250000003,1.0648420451361507
0x85dfe68799c81169482aad52aabd3d899404fb48,119,0.6186440677966102,2.8037561099999992,1.0557759957790844
0x85dfe68799c81169482aad52aabd3d899404fb48,119,0.6271186440677966,2.792,1.0467479602396708
0x85dfe68799c81169482aad52aabd3d899404fb48,119,0.635593220338983,2.7444569999999997,1.0378736567538565
0x85dfe68799c81169482aad52aabd3d899404fb48,119,0.6440677966101694,2.6174,1.0361922174700116
0x85dfe68799c81169482aad52aabd3d899404fb48,119,0.652542372881356,2.5618940940201207,1.0361922174700116
0x85dfe68799c81169482aad52aabd3d899404fb48,119,0.6610169491525424,2.4311876558551924,1.0357918797106764
0x85dfe68799c81169482aad52aabd3d899404fb48,119,0.6694915254237288,2.3242097999999998,1.0357918797106764
0x85dfe68799c81169482aad52aabd3d899404fb48,119,0.6779661016949152,2.3073780477098276,1.0308078414574673
0x85dfe68799c81169482aad52aabd3d899404fb48,119,0.6864406779661016,2.295622007230771,1.0308078414574673
0x85dfe68799c81169482aad52aabd3d899404fb48,119,0.6949152542372882,2.174,1.0306655658257573
0x85dfe68799c81169482aad52aabd3d899404fb48,119,0.7033898305084746,2.13,1.0268008423025814
0x85dfe68799c81169482aad52aabd3d899404fb48,119,0.711864406779661,2.0980949989999997,1.0245511088761676
0x85dfe68799c81169482aad52aabd3d899404fb48,119,0.7203389830508474,2.022681955,1.0245511088761676
0x85dfe68799c81169482aad52aabd3d899404fb48,119,0.7288135593220338,1.9040000000000001,1.0183944542676275
0x85dfe68799c81169482aad52aabd3d899404fb48,119,0.7372881355932204,1.776,1.0171010394339006
0x85dfe68799c81169482aad52aabd3d899404fb48,119,0.7457627118644068,1.7064992999999997,1.0171010394339006
0x85dfe68799c81169482aad52aabd3d899404fb48,119,0.7542372881355932,1.4256,1.0171010394339006
0x85dfe68799c81169482aad52aabd3d899404fb48,119,0.7627118644067796,1.402344999,1.0167058688668262
0x85dfe68799c81169482aad52aabd3d899404fb48,119,0.7711864406779662,1.349828,1.0160462273016255
0x85dfe68799c81169482aad52aabd3d899404fb48,119,0.7796610169491526,1.2428899999999998,1.014267781905251
0x85dfe68799c81169482aad52aabd3d899404fb48,119,0.788135593220339,1.1921,1.0104130823470365
0x85dfe68799c81169482aad52aabd3d899404fb48,119,0.7966101694915254,1.1458279999999998,1.0100897286386046
0x85dfe68799c81169482aad52aabd3d899404fb48,119,0.8050847457627118,1.12706,1.0090898866367628
0x85dfe68799c81169482aad52aabd3d899404fb48,119,0.8135593220338984,1.11804,1.0090898866367628
0x85dfe68799c81169482aad52aabd3d899404fb48,119,0.8220338983050848,1.058,1.0090898866367628
0x85dfe68799c81169482aad52aabd3d899404fb48,119,0.8305084745762712,1.045828,1.008430245071562
0x85dfe68799c81169482aad52aabd3d899404fb48,119,0.8389830508474576,0.9348,1.008430245071562
0x85dfe68799c81169482aad52aabd3d899404fb48,119,0.847457627118644,0.8946800000000001,1.008430245071562
0x85dfe68799c81169482aad52aabd3d899404fb48,119,0.8559322033898306,0.841828,1.0083054305401076
0x85dfe68799c81169482aad52aabd3d899404fb48,119,0.864406779661017,0.8417999999999999,1.0083054305401076
0x85dfe68799c81169482aad52aabd3d899404fb48,119,0.8728813559322034,0.803228,1.0079774593407194
0x85dfe68799c81169482aad52aabd3d899404fb48,119,0.8813559322033898,0.7660199999999999,1.0055005052633905
0x85dfe68799c81169482aad52aabd3d899404fb48,119,0.8898305084745762,0.7018000000000001,1.0035603830128002
0x85dfe68799c81169482aad52aabd3d899404fb48,119,0.8983050847457628,0.6294900000000001,1.0035603830128002
0x85dfe68799c81169482aad52aabd3d899404fb48,119,0.9067796610169492,0.5668,1.0035603830128002
0x85dfe68799c81169482aad52aabd3d899404fb48,119,0.9152542372881356,0.5263150000000001,1.0035603830128002
0x85dfe68799c81169482aad52aabd3d899404fb48,119,0.923728813559322,0.46459999999999996,1.0020580816834264
0x85dfe68799c81169482aad52aabd3d899404fb48,119,0.9322033898305084,0.43999999999999995,1.0020580816834264
0x85dfe68799c81169482aad52aabd3d899404fb48,119,0.940677966101695,0.43363999999999997,1.0009533760739402
0x85dfe68799c81169482aad52aabd3d899404fb48,119,0.9491525423728814,0.43105889999999997,1.0009533760739402
0x85dfe68799c81169482aad52aabd3d899404fb48,119,0.9576271186440678,0.25892,1.0009533760739402
0x85dfe68799c81169482aad52aabd3d899404fb48,119,0.9661016949152542,0.16,1.0009533760739402
0x85dfe68799c81169482aad52aabd3d899404fb48,119,0.9745762711864406,0.12024,1.0005645755749217
0x85dfe68799c81169482aad52aabd3d899404fb48,119,0.9830508474576272,0.11620000000000001,1.0005645755749217
0x85dfe68799c81169482aad52aabd3d899404fb48,119,0.9915254237288136,0.1018,1.000235401499738
0x85dfe68799c81169482aad52aabd3d899404fb48,119,1.0,0.0728,1.0
0x86995e70ebadcc054e573783f62f45786325f6be,146,0.0,396.29660000000007,0.0
0x86995e70ebadcc054e573783f62f45786325f6be,146,0.006896551724137931,382.5366000000001,0.0
0x86995e70ebadcc054e573783f62f45786325f6be,146,0.013793103448275862,352.5923,0.02570565137837415
0x86995e70ebadcc054e573783f62f45786325f6be,146,0.020689655172413793,331.13610000000006,0.06880041986564844
0x86995e70ebadcc054e573783f62f45786325f6be,146,0.027586206896551724,311.69610000000006,0.0975302655238313
0x86995e70ebadcc054e573783f62f45786325f6be,146,0.034482758620689655,298.7361000000001,0.11189518835292274
0x86995e70ebadcc054e573783f62f45786325f6be,146,0.041379310344827586,295.86420000000004,0.12135335596302452
0x86995e70ebadcc054e573783f62f45786325f6be,146,0.04827586206896552,281.0422222222223,0.17465478014465327
0x86995e70ebadcc054e573783f62f45786325f6be,146,0.05517241379310345,256.035,0.18710879021319057
0x86995e70ebadcc054e573783f62f45786325f6be,146,0.06206896551724138,218.50500000000002,0.20128470089979397
0x86995e70ebadcc054e573783f62f45786325f6be,146,0.06896551724137931,215.91420000000002,0.2201840250271736
0x86995e70ebadcc054e573783f62f45786325f6be,146,0.07586206896551724,205.53000000000003,0.220184025027174
0x86995e70ebadcc054e573783f62f45786325f6be,146,0.08275862068965517,150.5035,0.220184025027174
0x86995e70ebadcc054e573783f62f45786325f6be,146,0.0896551724137931,129.93600000000004,0.22018402502717424
0x86995e70ebadcc054e573783f62f45786325f6be,146,0.09655172413793103,101.17520000000002,0.26468504359499095
0x86995e70ebadcc054e573783f62f45786325f6be,146,0.10344827586206896,80.0,0.18908018659977285
0x86995e70ebadcc054e573783f62f45786325f6be,146,0.1103448275862069,58.5,0.09693676713685083
0x86995e70ebadcc054e573783f62f45786325f6be,146,0.11724137931034483,43.0,0.11723289119910388
0x86995e70ebadcc054e573783f62f45786325f6be,146,0.12413793103448276,39.22,0.12951868046082682
0x86995e70ebadcc054e573783f62f45786325f6be,146,0.1310344827586207,38.400000000000006,0.03879285206656511
0x86995e70ebadcc054e573783f62f45786325f6be,146,0.13793103448275862,34.400000000000006,0.05013358061584782
0x86995e70ebadcc054e573783f62f45786325f6be,146,0.14482758620689656,31.82,0.06336443059001098
0x86995e70ebadcc054e573783f62f45786325f6be,146,0.15172413793103448,30.472199999999997,0.11395636570907361
0x86995e70ebadcc054e573783f62f45786325f6be,146,0.15862068965517243,28.947599999999998,0.11395636570907372
0x86995e70ebadcc054e573783f62f45786325f6be,146,0.16551724137931034,26.30377959,0.1456158995758213
0x86995e70ebadcc054e573783f62f45786325f6be,146,0.1724137931034483,25.756540199999996,0.15683572254758063
0x86995e70ebadcc054e573783f62f45786325f6be,146,0.1793103448275862,25.73,0.4273443541822505
0x86995e70ebadcc054e573783f62f45786325f6be,146,0.18620689655172415,22.3839,0.8755866500926497
0x86995e70ebadcc054e573783f62f45786325f6be,146,0.19310344827586207,18.8139,0.919971428128786
0x86995e70ebadcc054e573783f62f45786325f6be,146,0.2,18.557000000000002,0.9199714281287865
0x86995e70ebadcc054e573783f62f45786325f6be,146,0.20689655172413793,18.3222,0.984422678595785
0x86995e70ebadcc054e573783f62f45786325f6be,146,0.21379310344827587,18.143009838233652,0.9371696524243809
0x86995e70ebadcc054e573783f62f45786325f6be,146,0.2206896551724138,16.904052631578946,0.9371696524243809
0x86995e70ebadcc054e573783f62f45786325f6be,146,0.22758620689655173,14.625,0.937169652424381
0x86995e70ebadcc054e573783f62f45786325f6be,146,0.23448275862068965,13.962,0.9880158088750901
0x86995e70ebadcc054e573783f62f45786325f6be,146,0.2413793103448276,13.598866099999999,0.9880158088750901
0x86995e70ebadcc054e573783f62f45786325f6be,146,0.2482758620689655,13.543199999999999,0.9880158088750901
0x86995e70ebadcc054e573783f62f45786325f6be,146,0.25517241379310346,13.418866666666668,0.9880158088750902
0x86995e70ebadcc054e573783f62f45786325f6be,146,0.2620689655172414,13.3323184,0.968033445171254
0x86995e70ebadcc054e573783f62f45786325f6be,146,0.2689655172413793,12.987100000000002,0.9583352322411357
0x86995e70ebadcc054e573783f62f45786325f6be,146,0.27586206896551724,12.950399999999998,0.9926371558598661
0x86995e70ebadcc054e573783f62f45786325f6be,146,0.2827586206896552,12.190499999999991,0.9860217308727846
0x86995e70ebadcc054e573783f62f45786325f6be,146,0.2896551724137931,11.8585945,0.9860217308727846
0x86995e70ebadcc054e573783f62f45786325f6be,146,0.296551724137931,11.831247000000001,0.9860217308727846
0x86995e70ebadcc054e573783f62f45786325f6be,146,0.30344827586206896,11.813900000000002,1.116602099241327
0x86995e70ebadcc054e573783f62f45786325f6be,146,0.3103448275862069,11.581594500000001,1.1163847352735228
0x86995e70ebadcc054e573783f62f45786325f6be,146,0.31724137931034485,11.2179184,1.098390779308661
0x86995e70ebadcc054e573783f62f45786325f6be,146,0.32413793103448274,11.090800000000002,1.147886444001293
0x86995e70ebadcc054e573783f62f45786325f6be,146,0.3310344827586207,10.921899739999999,1.146669016806804
0x86995e70ebadcc054e573783f62f45786325f6be,146,0.33793103448275863,10.335425182075227,1.1454515901492008
0x86995e70ebadcc054e573783f62f45786325f6be,146,0.3448275862068966,10.198866099999998,1.2078255971702556
0x86995e70ebadcc054e573783f62f45786325f6be,146,0.35172413793103446,10.105200000000002,1.1440793619947376
0x86995e70ebadcc054e573783f62f45786325f6be,146,0.3586206896551724,10.018100000000002,1.2225194011272762
0x86995e70ebadcc054e573783f62f45786325f6be,146,0.36551724137931035,9.994,1.233860129676559
0x86995e70ebadcc054e573783f62f45786325f6be,146,0.3724137931034483,9.8992,1.233860129676559
0x86995e70ebadcc054e573783f62f45786325f6be,146,0.3793103448275862,9.82869695460068,1.2144105912023966
0x86995e70ebadcc054e573783f62f45786325f6be,146,0.38620689655172413,9.67008,1.2056782302194489
0x86995e70ebadcc054e573783f62f45786325f6be,146,0.3931034482758621,9.35955,1.2056782302194489
0x86995e70ebadcc054e573783f62f45786325f6be,146,0.4,9.313918400000002,1.1907311499914943
0x86995e70ebadcc054e573783f62f45786325f6be,146,0.4068965517241379,9.099200000000002,1.1907311499914943
0x86995e70ebadcc054e573783f62f45786325f6be,146,0.41379310344827586,8.5977,1.1907311499914943
0x86995e70ebadcc054e573783f62f45786325f6be,146,0.4206896551724138,8.259441563101635,1.1895248212308294
0x86995e70ebadcc054e573783f62f45786325f6be,146,0.42758620689655175,8.0,1.3029321067236563
0x86995e70ebadcc054e573783f62f45786325f6be,146,0.43448275862068964,7.7805,1.3029321067236563
0x86995e70ebadcc054e573783f62f45786325f6be,146,0.4413793103448276,7.64104,1.2813919049414337
0x86995e70ebadcc054e573783f62f45786325f6be,146,0.4482758620689655,7.6155,1.2813919049414337
0x86995e70ebadcc054e573783f62f45786325f6be,146,0.45517241379310347,7.509417989000006,1.2780463900193952
0x86995e70ebadcc054e573783f62f45786325f6be,146,0.46206896551724136,7.126200000000006,1.2780463900193952
0x86995e70ebadcc054e573783f62f45786325f6be,146,0.4689655172413793,7.114117989000007,1.2743105651294702
0x86995e70ebadcc054e573783f62f45786325f6be,146,0.47586206896551725,7.08,1.2743105651294706
0x86995e70ebadcc054e573783f62f45786325f6be,146,0.4827586206896552,7.0769229000000005,1.2743105651294708
0x86995e70ebadcc054e573783f62f45786325f6be,146,0.4896551724137931,6.998832749999997,1.2743105651294708
0x86995e70ebadcc054e573783f62f45786325f6be,146,0.496551724137931,6.8985,1.2743105651294708
0x86995e70ebadcc054e573783f62f45786325f6be,146,0.503448275862069,6.6156,1.2743105651294708
0x86995e70ebadcc054e573783f62f45786325f6be,146,0.5103448275862069,6.1083,1.2743105651294708
0x86995e70ebadcc054e573783f62f45786325f6be,146,0.5172413793103449,6.0984159600000005,1.2575073856622838
0x86995e70ebadcc054e573783f62f45786325f6be,146,0.5241379310344828,6.04812864,1.236031826032792
0x86995e70ebadcc054e573783f62f45786325f6be,146,0.5310344827586206,5.9980206,1.2076800046595852
0x86995e70ebadcc054e573783f62f45786325f6be,146,0.5379310344827586,5.938922012420062,1.2076800046595852
0x86995e70ebadcc054e573783f62f45786325f6be,146,0.5448275862068965,5.820000000000005,1.2525420383735295
0x86995e70ebadcc054e573783f62f45786325f6be,146,0.5517241379310345,5.5386000000000015,1.2525420383735295
0x86995e70ebadcc054e573783f62f45786325f6be,146,0.5586206896551724,5.379,1.2787296707152482
0x86995e70ebadcc054e573783f62f45786325f6be,146,0.5655172413793104,5.3183481299999995,1.2787296707152482
0x86995e70ebadcc054e573783f62f45786325f6be,146,0.5724137931034483,5.255917008000001,1.2670124299781296
0x86995e70ebadcc054e573783f62f45786325f6be,146,0.5793103448275863,5.209599999999997,1.2670124299781296
0x86995e70ebadcc054e573783f62f45786325f6be,146,0.5862068965517241,5.2,1.2670124299781282
0x86995e70ebadcc054e573783f62f45786325f6be,146,0.593103448275862,4.497030941336349,1.2464495721822828
0x86995e70ebadcc054e573783f62f45786325f6be,146,0.6,4.320416031393661,1.2235732813672406
0x86995e70ebadcc054e573783f62f45786325f6be,146,0.6068965517241379,4.18341355,1.2235732813672406
0x86995e70ebadcc054e573783f62f45786325f6be,146,0.6137931034482759,3.96,1.2235732813672406
0x86995e70ebadcc054e573783f62f45786325f6be,146,0.6206896551724138,3.8726965151141677,1.2141226836934456
0x86995e70ebadcc054e573783f62f45786325f6be,146,0.6275862068965518,3.8,1.2449614954715194
0x86995e70ebadcc054e573783f62f45786325f6be,146,0.6344827586206897,3.7757295306603775,1.2305386498713626
0x86995e70ebadcc054e573783f62f45786325f6be,146,0.6413793103448275,3.598799399999997,1.2910023640916906
0x86995e70ebadcc054e573783f62f45786325f6be,146,0.6482758620689655,3.5,1.2579252391562827
0x86995e70ebadcc054e573783f62f45786325f6be,146,0.6551724137931034,3.3744000000000005,1.2260351104756997
0x86995e70ebadcc054e573783f62f45786325f6be,146,0.6620689655172414,3.24241355,1.2260351104756997
0x86995e70ebadcc054e573783f62f45786325f6be,146,0.6689655172413793,3.24,1.2081734630105794
0x86995e70ebadcc054e573783f62f45786325f6be,146,0.6758620689655173,3.1897825500000003,1.2081734630105794
0x86995e70ebadcc054e573783f62f45786325f6be,146,0.6827586206896552,3.047782073861999,1.2049935429697094
0x86995e70ebadcc054e573783f62f45786325f6be,146,0.6896551724137931,2.9400000000000004,1.1851472680084647
0x86995e70ebadcc054e573783f62f45786325f6be,146,0.696551724137931,2.7374582010000004,1.1846399251811437
0x86995e70ebadcc054e573783f62f45786325f6be,146,0.7034482758620689,2.7139999999999995,1.1719194079916981
0x86995e70ebadcc054e573783f62f45786325f6be,146,0.7103448275862069,2.6897825500000003,1.1719194079916981
0x86995e70ebadcc054e573783f62f45786325f6be,146,0.7172413793103448,2.669399999999999,1.1719194079916981
0x86995e70ebadcc054e573783f62f45786325f6be,146,0.7241379310344828,2.6472,1.1719194079916981
0x86995e70ebadcc054e573783f62f45786325f6be,146,0.7310344827586207,2.625,1.1719194079916981
0x86995e70ebadcc054e573783f62f45786325f6be,146,0.7379310344827587,2.5258375129999995,1.1646038823540228
0x86995e70ebadcc054e573783f62f45786325f6be,146,0.7448275862068966,2.5024320000000007,1.140977364543017
0x86995e70ebadcc054e573783f62f45786325f6be,146,0.7517241379310344,2.39977998,1.140977364543017
0x86995e70ebadcc054e573783f62f45786325f6be,146,0.7586206896551724,2.3431199999999994,1.1219692236775
0x86995e70ebadcc054e573783f62f45786325f6be,146,0.7655172413793103,2.321207064282788,1.1128467983361
0x86995e70ebadcc054e573783f62f45786325f6be,146,0.7724137931034483,2.069779999999999,1.1128467983361
0x86995e70ebadcc054e573783f62f45786325f6be,146,0.7793103448275862,2.061730607,1.1128467983361
0x86995e70ebadcc054e573783f62f45786325f6be,146,0.7862068965517242,1.9999999999999996,1.0939455840872954
0x86995e70ebadcc054e573783f62f45786325f6be,146,0.7931034482758621,1.943749,1.0939455840872954
0x86995e70ebadcc054e573783f62f45786325f6be,146,0.8,1.7319799799999998,1.0939455840872954
0x86995e70ebadcc054e573783f62f45786325f6be,146,0.8068965517241379,1.6361999999999999,1.0854400376753333
0x86995e70ebadcc054e573783f62f45786325f6be,146,0.8137931034482758,1.6320000000000001,1.0854400376753333
0x86995e70ebadcc054e573783f62f45786325f6be,146,0.8206896551724138,1.539000000000001,1.0854400376753333
0x86995e70ebadcc054e573783f62f45786325f6be,146,0.8275862068965517,1.4363999999999997,1.0718651856018417
0x86995e70ebadcc054e573783f62f45786325f6be,146,0.8344827586206897,1.35593298,1.0671918131257891
0x86995e70ebadcc054e573783f62f45786325f6be,146,0.8413793103448276,1.35,1.0544334935078463
0x86995e70ebadcc054e573783f62f45786325f6be,146,0.8482758620689655,1.32,1.0494435729461618
0x86995e70ebadcc054e573783f62f45786325f6be,146,0.8551724137931035,1.2325309809999998,1.0494435729461618
0x86995e70ebadcc054e573783f62f45786325f6be,146,0.8620689655172413,1.1775309809999999,1.0494435729461618
0x86995e70ebadcc054e573783f62f45786325f6be,146,0.8689655172413793,1.1628000000000003,1.0494435729461618
0x86995e70ebadcc054e573783f62f45786325f6be,146,0.8758620689655172,1.03664512,1.045663330096401
0x86995e70ebadcc054e573783f62f45786325f6be,146,0.8827586206896552,1.0,1.0362127229719986
0x86995e70ebadcc054e573783f62f45786325f6be,146,0.8896551724137931,0.9999999999999996,1.0267621158475964
0x86995e70ebadcc054e573783f62f45786325f6be,146,0.896551724137931,0.96,1.0267621158475964
0x86995e70ebadcc054e573783f62f45786325f6be,146,0.903448275862069,0.9099968599693219,1.0267621158475964
0x86995e70ebadcc054e573783f62f45786325f6be,146,0.9103448275862069,0.86142798,1.0232757774287973
0x86995e70ebadcc054e573783f62f45786325f6be,146,0.9172413793103448,0.8001800229419351,1.019753725165675
0x86995e70ebadcc054e573783f62f45786325f6be,146,0.9241379310344827,0.792,1.0122688443231485
0x86995e70ebadcc054e573783f62f45786325f6be,146,0.9310344827586207,0.625833,1.0122688443231485
0x86995e70ebadcc054e573783f62f45786325f6be,146,0.9379310344827586,0.5184695159999998,1.0122688443231485
0x86995e70ebadcc054e573783f62f45786325f6be,146,0.9448275862068966,0.50512,1.0086197759002742
0x86995e70ebadcc054e573783f62f45786325f6be,146,0.9517241379310345,0.492527,1.0039650967251137
0x86995e70ebadcc054e573783f62f45786325f6be,146,0.9586206896551724,0.4275,1.0039650967251137
0x86995e70ebadcc054e573783f62f45786325f6be,146,0.9655172413793104,0.42,1.001129914587793
0x86995e70ebadcc054e573783f62f45786325f6be,146,0.9724137931034482,0.3592,1.0004630797490952
0x86995e70ebadcc054e573783f62f45786325f6be,146,0.9793103448275862,0.282051,1.0004630797490959
0x86995e70ebadcc054e573783f62f45786325f6be,146,0.9862068965517241,0.11900000000000001,1.0
0x86995e70ebadcc054e573783f62f45786325f6be,146,0.993103448275862,0.03,1.0
0x86995e70ebadcc054e573783f62f45786325f6be,146,1.0,0.0004335500000004444,0.9999999999999999
0x87046cc15301a1eb23a62d5a53d44301c4963b94,174,0.0,1.685198677,0.0
0x87046cc15301a1eb23a62d5a53d44301c4963b94,174,0.005780346820809248,1.48032,0.3097158005688243
0x87046cc15301a1eb23a62d5a53d44301c4963b94,174,0.011560693641618497,1.3512671232876716,0.28245445188645213
0x87046cc15301a1eb23a62d5a53d44301c4963b94,174,0.017341040462427744,1.2747,0.24351883153304055
0x87046cc15301a1eb23a62d5a53d44301c4963b94,174,0.023121387283236993,1.2175000000000002,0.24351883153304055
0x87046cc15301a1eb23a62d5a53d44301c4963b94,174,0.028901734104046242,1.194655128,0.22549732372060402
0x87046cc15301a1eb23a62d5a53d44301c4963b94,174,0.03468208092485549,1.1885000000000001,0.21306553782287238
0x87046cc15301a1eb23a62d5a53d44301c4963b94,174,0.04046242774566474,1.168821485,0.21306553782287238
0x87046cc15301a1eb23a62d5a53d44301c4963b94,174,0.046242774566473986,1.1619,0.198715072731317
0x87046cc15301a1eb23a62d5a53d44301c4963b94,174,0.05202312138728324,1.13891214,0.1979738642302191
0x87046cc15301a1eb23a62d5a53d44301c4963b94,174,0.057803468208092484,1.0662472174073445,0.19729442284076174
0x87046cc15301a1eb23a62d5a53d44301c4963b94,174,0.06358381502890173,1.0548330030000002,0.1899631179027182
0x87046cc15301a1eb23a62d5a53d44301c4963b94,174,0.06936416184971098,1.050659172855763,0.1899631179027182
0x87046cc15301a1eb23a62d5a53d44301c4963b94,174,0.07514450867052024,1.0424799999999994,0.1899631179027182
0x87046cc15301a1eb23a62d5a53d44301c4963b94,174,0.08092485549132948,0.9994,0.1899631179027182
0x87046cc15301a1eb23a62d5a53d44301c4963b94,174,0.08670520231213873,0.9859559999999999,0.1764989134218334
0x87046cc15301a1eb23a62d5a53d44301c4963b94,174,0.09248554913294797,0.9415117820000001,0.17649891342183338
0x87046cc15301a1eb23a62d5a53d44301c4963b94,174,0.09826589595375723,0.9316606969999998,0.1721477883576273
0x87046cc15301a1eb23a62d5a53d44301c4963b94,174,0.10404624277456648,0.9135,0.1721477883576273
0x87046cc15301a1eb23a62d5a53d44301c4963b94,174,0.10982658959537572,0.9033258527785233,0.15531937775220228
0x87046cc15301a1eb23a62d5a53d44301c4963b94,174,0.11560693641618497,0.8925000000000001,0.15004785777633306
0x87046cc15301a1eb23a62d5a53d44301c4963b94,174,0.12138728323699421,0.88026,0.3135353112593377
0x87046cc15301a1eb23a62d5a53d44301c4963b94,174,0.12716763005780346,0.8662593116907662,0.29272627327238765
0x87046cc15301a1eb23a62d5a53d44301c4963b94,174,0.1329479768786127,0.85977,0.2664646600996783
0x87046cc15301a1eb23a62d5a53d44301c4963b94,174,0.13872832369942195,0.8229816099999999,0.2664646600996783
0x87046cc15301a1eb23a62d5a53d44301c4963b94,174,0.14450867052023122,0.8177339999999998,0.2526461344482439
0x87046cc15301a1eb23a62d5a53d44301c4963b94,174,0.15028901734104047,0.8153134775504732,0.23794534461073857
0x87046cc15301a1eb23a62d5a53d44301c4963b94,174,0.15606936416184972,0.8091999999999999,0.23794534461073857
0x87046cc15301a1eb23a62d5a53d44301c4963b94,174,0.16184971098265896,0.7952,0.22663455758879747
0x87046cc15301a1eb23a62d5a53d44301c4963b94,174,0.1676300578034682,0.7892106969999998,0.22396676353398695
0x87046cc15301a1eb23a62d5a53d44301c4963b94,174,0.17341040462427745,0.7676943999999999,0.22396676353398695
0x87046cc15301a1eb23a62d5a53d44301c4963b94,174,0.1791907514450867,0.7622076639173226,0.20199304742349763
0x87046cc15301a1eb23a62d5a53d44301c4963b94,174,0.18497109826589594,0.7564509400000001,0.4397578253265266
0x87046cc15301a1eb23a62d5a53d44301c4963b94,174,0.1907514450867052,0.7481785619999999,0.4327935816295172
0x87046cc15301a1eb23a62d5a53d44301c4963b94,174,0.19653179190751446,0.739889936,0.4247911158129405
0x87046cc15301a1eb23a62d5a53d44301c4963b94,174,0.2023121387283237,0.73094917,0.40249026351826267
0x87046cc15301a1eb23a62d5a53d44301c4963b94,174,0.20809248554913296,0.7287685899999999,0.3941206476611682
0x87046cc15301a1eb23a62d5a53d44301c4963b94,174,0.2138728323699422,0.7020243999999999,0.3941206476611682
0x87046cc15301a1eb23a62d5a53d44301c4963b94,174,0.21965317919075145,0.7018706969999998,0.39090182309629606
0x87046cc15301a1eb23a62d5a53d44301c4963b94,174,0.2254335260115607,0.683783226,0.39090182309629606
0x87046cc15301a1eb23a62d5a53d44301c4963b94,174,0.23121387283236994,0.665512,0.39090182309629606
0x87046cc15301a1eb23a62d5a53d44301c4963b94,174,0.23699421965317918,0.5995311749551667,0.3857763535497966
0x87046cc15301a1eb23a62d5a53d44301c4963b94,174,0.24277456647398843,0.5964906969999998,0.38038700636602324
0x87046cc15301a1eb23a62d5a53d44301c4963b94,174,0.24855491329479767,0.5788243999999998,0.38038700636602324
0x87046cc15301a1eb23a62d5a53d44301c4963b94,174,0.2543352601156069,0.5698000000000001,0.36298250610919897
0x87046cc15301a1eb23a62d5a53d44301c4963b94,174,0.26011560693641617,0.56646161,0.36298250610919897
0x87046cc15301a1eb23a62d5a53d44301c4963b94,174,0.2658959537572254,0.5559113980000001,0.3460022322073693
0x87046cc15301a1eb23a62d5a53d44301c4963b94,174,0.27167630057803466,0.55288524,0.34600223220736853
0x87046cc15301a1eb23a62d5a53d44301c4963b94,174,0.2774566473988439,0.52724917,0.3448903968509086
0x87046cc15301a1eb23a62d5a53d44301c4963b94,174,0.2832369942196532,0.523,0.6484153513122335
0x87046cc15301a1eb23a62d5a53d44301c4963b94,174,0.28901734104046245,0.507408,0.6484153513122335
0x87046cc15301a1eb23a62d5a53d44301c4963b94,174,0.2947976878612717,0.4778999359999999,0.6484153513122335
0x87046cc15301a1eb23a62d5a53d44301c4963b94,174,0.30057803468208094,0.4728,0.6339737091194877
0x87046cc15301a1eb23a62d5a53d44301c4963b94,174,0.3063583815028902,0.46797654344839357,0.6339737091194877
0x87046cc15301a1eb23a62d5a53d44301c4963b94,174,0.31213872832369943,0.45475859000000013,0.6339737091194877
0x87046cc15301a1eb23a62d5a53d44301c4963b94,174,0.3179190751445087,0.42622299999999996,0.6209737875517369
0x87046cc15301a1eb23a62d5a53d44301c4963b94,174,0.3236994219653179,0.4241694643569204,0.6209737875517369
0x87046cc15301a1eb23a62d5a53d44301c4963b94,174,0.32947976878612717,0.42261317497947753,0.6209737875517369
0x87046cc15301a1eb23a62d5a53d44301c4963b94,174,0.3352601156069364,0.42005069699999986,0.6142673430512309
0x87046cc15301a1eb23a62d5a53d44301c4963b94,174,0.34104046242774566,0.40886468734402825,0.6142673430512309
0x87046cc15301a1eb23a62d5a53d44301c4963b94,174,0.3468208092485549,0.37526300000000007,0.606631110927317
0x87046cc15301a1eb23a62d5a53d44301c4963b94,174,0.35260115606936415,0.3638420360000001,0.5978647164490641
0x87046cc15301a1eb23a62d5a53d44301c4963b94,174,0.3583815028901734,0.357458192,0.5869528461932763
0x87046cc15301a1eb23a62d5a53d44301c4963b94,174,0.36416184971098264,0.33319439999999995,0.5869528461932763
0x87046cc15301a1eb23a62d5a53d44301c4963b94,174,0.3699421965317919,0.3078,0.5791455624697868
0x87046cc15301a1eb23a62d5a53d44301c4963b94,174,0.37572254335260113,0.30144320003668856,0.5699492481229573
0x87046cc15301a1eb23a62d5a53d44301c4963b94,174,0.3815028901734104,0.286385,0.5670932973086137
0x87046cc15301a1eb23a62d5a53d44301c4963b94,174,0.3872832369942196,0.27738699999999994,0.5670932973086137
0x87046cc15301a1eb23a62d5a53d44301c4963b94,174,0.3930635838150289,0.273379,0.5670932973086137
0x87046cc15301a1eb23a62d5a53d44301c4963b94,174,0.3988439306358382,0.2607781413756358,0.5670932973086137
0x87046cc15301a1eb23a62d5a53d44301c4963b94,174,0.4046242774566474,0.23290653,0.5636279446258531
0x87046cc15301a1eb23a62d5a53d44301c4963b94,174,0.41040462427745666,0.2,0.5636279446258531
0x87046cc15301a1eb23a62d5a53d44301c4963b94,174,0.4161849710982659,0.2,0.557518958926722
0x87046cc15301a1eb23a62d5a53d44301c4963b94,174,0.42196531791907516,0.2,0.557518958926722
0x87046cc15301a1eb23a62d5a53d44301c4963b94,174,0.4277456647398844,0.18180000000000002,0.557518958926722
0x87046cc15301a1eb23a62d5a53d44301c4963b94,174,0.43352601156069365,0.1818,0.551965890926212
0x87046cc15301a1eb23a62d5a53d44301c4963b94,174,0.4393063583815029,0.1818,0.5464128229257019
0x87046cc15301a1eb23a62d5a53d44301c4963b94,174,0.44508670520231214,0.1818,0.8185131549506967
0x87046cc15301a1eb23a62d5a53d44301c4963b94,174,0.4508670520231214,0.1818,0.8185131549506967
0x87046cc15301a1eb23a62d5a53d44301c4963b94,174,0.45664739884393063,0.1818,0.8129600869501866
0x87046cc15301a1eb23a62d5a53d44301c4963b94,174,0.4624277456647399,0.18178,0.8129600869501866
0x87046cc15301a1eb23a62d5a53d44301c4963b94,174,0.4682080924855491,0.18172999999999997,0.8129600869501886
0x87046cc15301a1eb23a62d5a53d44301c4963b94,174,0.47398843930635837,0.1817,0.8129600869501886
0x87046cc15301a1eb23a62d5a53d44301c4963b94,174,0.4797687861271676,0.18022,0.8074552799367016
0x87046cc15301a1eb23a62d5a53d44301c4963b94,174,0.48554913294797686,0.17778499999999997,0.8074552799367016
0x87046cc15301a1eb23a62d5a53d44301c4963b94,174,0.4913294797687861,0.17404,0.8074552799367016
0x87046cc15301a1eb23a62d5a53d44301c4963b94,174,0.49710982658959535,0.17270500000000003,0.8074552799367016
0x87046cc15301a1eb23a62d5a53d44301c4963b94,174,0.5028901734104047,0.172505,0.8074552799367016
0x87046cc15301a1eb23a62d5a53d44301c4963b94,174,0.5086705202312138,0.1705511212734457,0.8303637014040866
0x87046cc15301a1eb23a62d5a53d44301c4963b94,174,0.5144508670520231,0.16873600800000005,0.8263931661489364
0x87046cc15301a1eb23a62d5a53d44301c4963b94,174,0.5202312138728323,0.16353,0.8254768182940667
0x87046cc15301a1eb23a62d5a53d44301c4963b94,174,0.5260115606936416,0.15878366000000005,0.8214998686039324
0x87046cc15301a1eb23a62d5a53d44301c4963b94,174,0.5317919075144508,0.15816,0.8214998686039324
0x87046cc15301a1eb23a62d5a53d44301c4963b94,174,0.5375722543352601,0.15156,0.8214522185154792
0x87046cc15301a1eb23a62d5a53d44301c4963b94,174,0.5433526011560693,0.1478,0.8214522185154792
0x87046cc15301a1eb23a62d5a53d44301c4963b94,174,0.5491329479768786,0.1478,0.8214522185154792
0x87046cc15301a1eb23a62d5a53d44301c4963b94,174,0.5549132947976878,0.14658,0.8214522185154792
0x87046cc15301a1eb23a62d5a53d44301c4963b94,174,0.5606936416184971,0.1454,0.817010985912211
0x87046cc15301a1eb23a62d5a53d44301c4963b94,174,0.5664739884393064,0.140733999,0.817010985912211
0x87046cc15301a1eb23a62d5a53d44301c4963b94,174,0.5722543352601156,0.13824999999999998,0.817010985912211
0x87046cc15301a1eb23a62d5a53d44301c4963b94,174,0.5780346820809249,0.13657999999999998,0.817010985912211
0x87046cc15301a1eb23a62d5a53d44301c4963b94,174,0.5838150289017341,0.13136,0.817010985912211
0x87046cc15301a1eb23a62d5a53d44301c4963b94,174,0.5895953757225434,0.12892,0.8130731337305511
0x87046cc15301a1eb23a62d5a53d44301c4963b94,174,0.5953757225433526,0.1272,0.8130731337305511
0x87046cc15301a1eb23a62d5a53d44301c4963b94,174,0.6011560693641619,0.1266887670760111,0.8126394568357698
0x87046cc15301a1eb23a62d5a53d44301c4963b94,174,0.6069364161849711,0.12658,0.8126394568357698
0x87046cc15301a1eb23a62d5a53d44301c4963b94,174,0.6127167630057804,0.125263,0.8088133074576185
0x87046cc15301a1eb23a62d5a53d44301c4963b94,174,0.6184971098265896,0.12101999999999999,0.80880231128336
0x87046cc15301a1eb23a62d5a53d44301c4963b94,174,0.6242774566473989,0.12066,0.8083441373559253
0x87046cc15301a1eb23a62d5a53d44301c4963b94,174,0.630057803468208,0.12066,0.8083441373559253
0x87046cc15301a1eb23a62d5a53d44301c4963b94,174,0.6358381502890174,0.12029999999999999,0.8083441373559253
0x87046cc15301a1eb23a62d5a53d44301c4963b94,174,0.6416184971098265,0.11658,0.8083441373559253
0x87046cc15301a1eb23a62d5a53d44301c4963b94,174,0.6473988439306358,0.11044,0.8083441373559253
0x87046cc15301a1eb23a62d5a53d44301c4963b94,174,0.653179190751445,0.10852,0.8083441373559253
0x87046cc15301a1eb23a62d5a53d44301c4963b94,174,0.6589595375722543,0.10566,0.8083441373559253
0x87046cc15301a1eb23a62d5a53d44301c4963b94,174,0.6647398843930635,0.10315000000000002,0.8083441373559253
0x87046cc15301a1eb23a62d5a53d44301c4963b94,174,0.6705202312138728,0.10272,0.8052065623008515
0x87046cc15301a1eb23a62d5a53d44301c4963b94,174,0.6763005780346821,0.10092000000000001,0.8052065623008515
0x87046cc15301a1eb23a62d5a53d44301c4963b94,174,0.6820809248554913,0.10044,0.8052065623008515
0x87046cc15301a1eb23a62d5a53d44301c4963b94,174,0.6878612716763006,0.09890099999999999,0.8052065623008515
0x87046cc15301a1eb23a62d5a53d44301c4963b94,174,0.6936416184971098,0.095733999,0.8052065623008515
0x87046cc15301a1eb23a62d5a53d44301c4963b94,174,0.6994219653179191,0.09506999999999999,0.8052065623008515
0x87046cc15301a1eb23a62d5a53d44301c4963b94,174,0.7052023121387283,0.09103099976550376,0.8024260269221262
0x87046cc15301a1eb23a62d5a53d44301c4963b94,174,0.7109826589595376,0.09066,0.8024260269221262
0x87046cc15301a1eb23a62d5a53d44301c4963b94,174,0.7167630057803468,0.09066,0.8024260269221262
0x87046cc15301a1eb23a62d5a53d44301c4963b94,174,0.7225433526011561,0.09066,0.8024260269221262
0x87046cc15301a1eb23a62d5a53d44301c4963b94,174,0.7283236994219653,0.09066,0.8019678529946913
0x87046cc15301a1eb23a62d5a53d44301c4963b94,174,0.7341040462427746,0.09044,0.8019678529946913
0x87046cc15301a1eb23a62d5a53d44301c4963b94,174,0.7398843930635838,0.09022200000000001,0.8019678529946913
0x87046cc15301a1eb23a62d5a53d44301c4963b94,174,0.7456647398843931,0.090164,0.8019678529946913
0x87046cc15301a1eb23a62d5a53d44301c4963b94,174,0.7514450867052023,0.09000359999999985,0.8019678529946913
0x87046cc15301a1eb23a62d5a53d44301c4963b94,174,0.7572254335260116,0.08866,1.0072746718053087
0x87046cc15301a1eb23a62d5a53d44301c4963b94,174,0.7630057803468208,0.0802,1.0053350688458347
0x87046cc15301a1eb23a62d5a53d44301c4963b94,174,0.7687861271676301,0.0748,1.0053350688458347
0x87046cc15301a1eb23a62d5a53d44301c4963b94,174,0.7745664739884393,0.07044,1.0053350688458347
0x87046cc15301a1eb23a62d5a53d44301c4963b94,174,0.7803468208092486,0.070351,1.0053350688458347
0x87046cc15301a1eb23a62d5a53d44301c4963b94,174,0.7861271676300579,0.068136,1.0053350688458347
0x87046cc15301a1eb23a62d5a53d44301c4963b94,174,0.791907514450867,0.068,1.0053350688458347
0x87046cc15301a1eb23a62d5a53d44301c4963b94,174,0.7976878612716763,0.06368999999999998,1.0053350688458347
0x87046cc15301a1eb23a62d5a53d44301c4963b94,174,0.8034682080924855,0.06033,1.0053350688458347
0x87046cc15301a1eb23a62d5a53d44301c4963b94,174,0.8092485549132948,0.057999999999999996,1.0053350688458347
0x87046cc15301a1eb23a62d5a53d44301c4963b94,174,0.815028901734104,0.05502926802585384,1.0053350688458347
0x87046cc15301a1eb23a62d5a53d44301c4963b94,174,0.8208092485549133,0.05383,1.0053350688458347
0x87046cc15301a1eb23a62d5a53d44301c4963b94,174,0.8265895953757225,0.052199999999999996,1.0053350688458347
0x87046cc15301a1eb23a62d5a53d44301c4963b94,174,0.8323699421965318,0.05025099999999999,1.0053350688458347
0x87046cc15301a1eb23a62d5a53d44301c4963b94,174,0.838150289017341,0.04724199999999999,1.0044033874368603
0x87046cc15301a1eb23a62d5a53d44301c4963b94,174,0.8439306358381503,0.0432,1.0044033874368603
0x87046cc15301a1eb23a62d5a53d44301c4963b94,174,0.8497109826589595,0.039012,1.0044033874368603
0x87046cc15301a1eb23a62d5a53d44301c4963b94,174,0.8554913294797688,0.039,1.0039452135094256
0x87046cc15301a1eb23a62d5a53d44301c4963b94,174,0.861271676300578,0.03874602967610054,1.0032900247931935
0x87046cc15301a1eb23a62d5a53d44301c4963b94,174,0.8670520231213873,0.035070000000000004,1.002218814150851
0x87046cc15301a1eb23a62d5a53d44301c4963b94,174,0.8728323699421965,0.032667040000000036,1.002218814150851
0x87046cc15301a1eb23a62d5a53d44301c4963b94,174,0.8786127167630058,0.028399999999999998,1.002218814150851
0x87046cc15301a1eb23a62d5a53d44301c4963b94,174,0.884393063583815,0.0271794680409654,1.0013928487394002
0x87046cc15301a1eb23a62d5a53d44301c4963b94,174,0.8901734104046243,0.02672,1.0013928487394002
0x87046cc15301a1eb23a62d5a53d44301c4963b94,174,0.8959537572254336,0.024771,1.0013928487394002
0x87046cc15301a1eb23a62d5a53d44301c4963b94,174,0.9017341040462428,0.024012,1.0013928487394002
0x87046cc15301a1eb23a62d5a53d44301c4963b94,174,0.9075144508670521,0.024,1.0006597704555045
0x87046cc15301a1eb23a62d5a53d44301c4963b94,174,0.9132947976878613,0.0216,0.9999999999999982
0x87046cc15301a1eb23a62d5a53d44301c4963b94,174,0.9190751445086706,0.017994,0.9999999999999982
0x87046cc15301a1eb23a62d5a53d44301c4963b94,174,0.9248554913294798,0.014985,0.9999999999999982
0x87046cc15301a1eb23a62d5a53d44301c4963b94,174,0.930635838150289,0.014880000000000015,1.0000000000000002
0x87046cc15301a1eb23a62d5a53d44301c4963b94,174,0.9364161849710982,0.014408,1.0000000000000002
0x87046cc15301a1eb23a62d5a53d44301c4963b94,174,0.9421965317919075,0.011976,1.0000000000000002
0x87046cc15301a1eb23a62d5a53d44301c4963b94,174,0.9479768786127167,0.01179,1.0000000000000002
0x87046cc15301a1eb23a62d5a53d44301c4963b94,174,0.953757225433526,0.01082,1.0000000000000002
0x87046cc15301a1eb23a62d5a53d44301c4963b94,174,0.9595375722543352,0.009020000000000007,1.0000000000000002
0x87046cc15301a1eb23a62d5a53d44301c4963b94,174,0.9653179190751445,0.008967,1.0000000000000002
0x87046cc15301a1eb23a62d5a53d44301c4963b94,174,0.9710982658959537,0.005958,1.0000000000000002
0x87046cc15301a1eb23a62d5a53d44301c4963b94,174,0.976878612716763,0.005422577999999353,1.0000000000000002
0x87046cc15301a1eb23a62d5a53d44301c4963b94,174,0.9826589595375722,1.8609558338766874e-15,1.0000000000000002
0x87046cc15301a1eb23a62d5a53d44301c4963b94,174,0.9884393063583815,1.7550405573274474e-15,1.0000000000000002
0x87046cc15301a1eb23a62d5a53d44301c4963b94,174,0.9942196531791907,1.7426060594516457e-15,1.0000000000000002
0x87046cc15301a1eb23a62d5a53d44301c4963b94,174,1.0,7.549516567451064e-17,1.0000000000000002
0x8a19890daccd81dc8eab48ea8a311d2a801e073d,138,0.0,1841.93622,1.965703668467171e-19
0x8a19890daccd81dc8eab48ea8a311d2a801e073d,138,0.0072992700729927005,1071.6022568421051,4.434213643710699e-18
0x8a19890daccd81dc8eab48ea8a311d2a801e073d,138,0.014598540145985401,976.7138607552172,0.00014793129215073163
0x8a19890daccd81dc8eab48ea8a311d2a801e073d,138,0.021897810218978103,884.9841300000002,0.00014793129215073163
0x8a19890daccd81dc8eab48ea8a311d2a801e073d,138,0.029197080291970802,842.9362199999999,0.00014793129215073182
0x8a19890daccd81dc8eab48ea8a311d2a801e073d,138,0.0364963503649635,761.0681699999999,0.00014793129215073182
0x8a19890daccd81dc8eab48ea8a311d2a801e073d,138,0.043795620437956206,707.592992932,0.00014793129215073182
0x8a19890daccd81dc8eab48ea8a311d2a801e073d,138,0.051094890510948905,692.92497,0.00014793129215073182
0x8a19890daccd81dc8eab48ea8a311d2a801e073d,138,0.058394160583941604,677.96136,0.00014793129215073182
0x8a19890daccd81dc8eab48ea8a311d2a801e073d,138,0.06569343065693431,617.23306,0.00014793129215073182
0x8a19890daccd81dc8eab48ea8a311d2a801e073d,138,0.072992700729927,599.5085799999999,0.00014793129215073223
0x8a19890daccd81dc8eab48ea8a311d2a801e073d,138,0.08029197080291971,577.31306,0.00014793129215073223
0x8a19890daccd81dc8eab48ea8a311d2a801e073d,138,0.08759124087591241,569.8453199999999,0.00014793129215073282
0x8a19890daccd81dc8eab48ea8a311d2a801e073d,138,0.0948905109489051,499.4792590684159,0.00014793129215073293
0x8a19890daccd81dc8eab48ea8a311d2a801e073d,138,0.10218978102189781,486.02765000000005,0.00014793129215073293
0x8a19890daccd81dc8eab48ea8a311d2a801e073d,138,0.10948905109489052,457.7418,0.00014793129215073293
0x8a19890daccd81dc8eab48ea8a311d2a801e073d,138,0.11678832116788321,419.35569000000004,0.00014793129215073293
0x8a19890daccd81dc8eab48ea8a311d2a801e073d,138,0.12408759124087591,415.25754480200004,0.00014793129215073293
0x8a19890daccd81dc8eab48ea8a311d2a801e073d,138,0.13138686131386862,409.1594526407631,0.00014793129215073293
0x8a19890daccd81dc8eab48ea8a311d2a801e073d,138,0.1386861313868613,357.53349999999995,0.00014793129215073293
0x8a19890daccd81dc8eab48ea8a311d2a801e073d,138,0.145985401459854,357.48359999999997,0.00014793129215073293
0x8a19890daccd81dc8eab48ea8a311d2a801e073d,138,0.15328467153284672,347.7986,0.00018437884654028632
0x8a19890daccd81dc8eab48ea8a311d2a801e073d,138,0.16058394160583941,342.63050743135085,0.00018437884654028697
0x8a19890daccd81dc8eab48ea8a311d2a801e073d,138,0.1678832116788321,327.73194,0.00018437884654028697
0x8a19890daccd81dc8eab48ea8a311d2a801e073d,138,0.17518248175182483,327.38780786399997,0.00018437884654028697
0x8a19890daccd81dc8eab48ea8a311d2a801e073d,138,0.18248175182481752,301.166532,0.00018437884654028697
0x8a19890daccd81dc8eab48ea8a311d2a801e073d,138,0.1897810218978102,299.9997,0.00039399913763863873
0x8a19890daccd81dc8eab48ea8a311d2a801e073d,138,0.19708029197080293,299.97,0.00039399913763863873
0x8a19890daccd81dc8eab48ea8a311d2a801e073d,138,0.20437956204379562,299.96999999999997,0.007326961042924897
0x8a19890daccd81dc8eab48ea8a311d2a801e073d,138,0.2116788321167883,294.9867,0.007326961042924902
0x8a19890daccd81dc8eab48ea8a311d2a801e073d,138,0.21897810218978103,276.7061499999999,0.007326961042924902
0x8a19890daccd81dc8eab48ea8a311d2a801e073d,138,0.22627737226277372,273.16656,0.007326961042924902
0x8a19890daccd81dc8eab48ea8a311d2a801e073d,138,0.23357664233576642,269.43360000000007,0.007326961042924908
0x8a19890daccd81dc8eab48ea8a311d2a801e073d,138,0.24087591240875914,258.62266044819614,0.007326961042924908
0x8a19890daccd81dc8eab48ea8a311d2a801e073d,138,0.24817518248175183,235.5264837005255,0.14225656971984185
0x8a19890daccd81dc8eab48ea8a311d2a801e073d,138,0.25547445255474455,233.766,0.1429964060413655
0x8a19890daccd81dc8eab48ea8a311d2a801e073d,138,0.26277372262773724,227.1874391973996,0.1429964060413655
0x8a19890daccd81dc8eab48ea8a311d2a801e073d,138,0.27007299270072993,222.99312,0.1429964060413655
0x8a19890daccd81dc8eab48ea8a311d2a801e073d,138,0.2773722627737226,218.7405,0.1429964060413655
0x8a19890daccd81dc8eab48ea8a311d2a801e073d,138,0.2846715328467153,208.8405,0.1429964060413655
0x8a19890daccd81dc8eab48ea8a311d2a801e073d,138,0.291970802919708,208.63116,0.1429964060413655
0x8a19890daccd81dc8eab48ea8a311d2a801e073d,138,0.29927007299270075,207.58221,0.1429964060413655
0x8a19890daccd81dc8eab48ea8a311d2a801e073d,138,0.30656934306569344,200.15519999999998,0.15987747597361177
0x8a19890daccd81dc8eab48ea8a311d2a801e073d,138,0.31386861313868614,199.999994,0.2922558514959061
0x8a19890daccd81dc8eab48ea8a311d2a801e073d,138,0.32116788321167883,196.4759945185027,0.2922558514959061
0x8a19890daccd81dc8eab48ea8a311d2a801e073d,138,0.3284671532846715,187.60220999999999,0.2922558514959061
0x8a19890daccd81dc8eab48ea8a311d2a801e073d,138,0.3357664233576642,182.60720999999998,0.2922558514959061
0x8a19890daccd81dc8eab48ea8a311d2a801e073d,138,0.34306569343065696,176.823,0.2922558514959061
0x8a19890daccd81dc8eab48ea8a311d2a801e073d,138,0.35036496350364965,176.75616119185204,0.2922558514959061
0x8a19890daccd81dc8eab48ea8a311d2a801e073d,138,0.35766423357664234,171.04878,0.2922558514959061
0x8a19890daccd81dc8eab48ea8a311d2a801e073d,138,0.36496350364963503,166.83397950615299,0.3080974057823054
0x8a19890daccd81dc8eab48ea8a311d2a801e073d,138,0.3722627737226277,161.83553765382325,0.31638117241910085
0x8a19890daccd81dc8eab48ea8a311d2a801e073d,138,0.3795620437956204,159.81910000000002,0.31638117241910085
0x8a19890daccd81dc8eab48ea8a311d2a801e073d,138,0.38686131386861317,159.76008,0.31638117241910085
0x8a19890daccd81dc8eab48ea8a311d2a801e073d,138,0.39416058394160586,153.14688376424797,0.31638117241910085
0x8a19890daccd81dc8eab48ea8a311d2a801e073d,138,0.40145985401459855,150.54930000000002,0.31638117241910085
0x8a19890daccd81dc8eab48ea8a311d2a801e073d,138,0.40875912408759124,147.89193,0.31638117241910085
0x8a19890daccd81dc8eab48ea8a311d2a801e073d,138,0.41605839416058393,147.003849,0.31638117241910085
0x8a19890daccd81dc8eab48ea8a311d2a801e073d,138,0.4233576642335766,146.13428000000002,0.31638117241910085
0x8a19890daccd81dc8eab48ea8a311d2a801e073d,138,0.4306569343065693,124.52045999999999,0.31638117241910085
0x8a19890daccd81dc8eab48ea8a311d2a801e073d,138,0.43795620437956206,123.19312,0.31638117241910085
0x8a19890daccd81dc8eab48ea8a311d2a801e073d,138,0.44525547445255476,119.48299999999999,0.33217667788363
0x8a19890daccd81dc8eab48ea8a311d2a801e073d,138,0.45255474452554745,117.059,0.33217667788363
0x8a19890daccd81dc8eab48ea8a311d2a801e073d,138,0.45985401459854014,115.5843,0.33217667788363
0x8a19890daccd81dc8eab48ea8a311d2a801e073d,138,0.46715328467153283,115.34199534000001,0.33217667788363
0x8a19890daccd81dc8eab48ea8a311d2a801e073d,138,0.4744525547445255,110.12223999999999,0.33485703531924904
0x8a19890daccd81dc8eab48ea8a311d2a801e073d,138,0.48175182481751827,109.8405,0.33485703531924904
0x8a19890daccd81dc8eab48ea8a311d2a801e073d,138,0.48905109489051096,100.00518684562644,0.3348570353192491
0x8a19890daccd81dc8eab48ea8a311d2a801e073d,138,0.49635036496350365,99.999994,0.35697685001857465
0x8a19890daccd81dc8eab48ea8a311d2a801e073d,138,0.5036496350364964,99.9405,0.35697685001857465
0x8a19890daccd81dc8eab48ea8a311d2a801e073d,138,0.5109489051094891,99.75,0.35697685001857465
0x8a19890daccd81dc8eab48ea8a311d2a801e073d,138,0.5182481751824818,99.6,0.35697685001857465
0x8a19890daccd81dc8eab48ea8a311d2a801e073d,138,0.5255474452554745,99.1,0.35697685001857465
0x8a19890daccd81dc8eab48ea8a311d2a801e073d,138,0.5328467153284672,98.5,0.35697685001857465
0x8a19890daccd81dc8eab48ea8a311d2a801e073d,138,0.5401459854014599,97.02804662103057,0.35697685001857465
0x8a19890daccd81dc8eab48ea8a311d2a801e073d,138,0.5474452554744526,88.18354307422561,0.35697685001857465
0x8a19890daccd81dc8eab48ea8a311d2a801e073d,138,0.5547445255474452,82.8828,0.3596238199689147
0x8a19890daccd81dc8eab48ea8a311d2a801e073d,138,0.5620437956204379,80.64857,0.3596238199689147
0x8a19890daccd81dc8eab48ea8a311d2a801e073d,138,0.5693430656934306,80.00275398799889,0.3596238199689147
0x8a19890daccd81dc8eab48ea8a311d2a801e073d,138,0.5766423357664233,78.71486,0.3596238199689147
0x8a19890daccd81dc8eab48ea8a311d2a801e073d,138,0.583941605839416,75.50867999999998,0.3596238199689147
0x8a19890daccd81dc8eab48ea8a311d2a801e073d,138,0.5912408759124088,73.836,0.3596238199689147
0x8a19890daccd81dc8eab48ea8a311d2a801e073d,138,0.5985401459854015,73.5144,0.3596238199689147
0x8a19890daccd81dc8eab48ea8a311d2a801e073d,138,0.6058394160583942,72.31324000000001,0.3596238199689147
0x8a19890daccd81dc8eab48ea8a311d2a801e073d,138,0.6131386861313869,71.15589,0.3596352020666212
0x8a19890daccd81dc8eab48ea8a311d2a801e073d,138,0.6204379562043796,65.92002884875187,0.3597557664008754
0x8a19890daccd81dc8eab48ea8a311d2a801e073d,138,0.6277372262773723,65.88336218944393,0.3772725110843823
0x8a19890daccd81dc8eab48ea8a311d2a801e073d,138,0.635036496350365,65.24999999999999,0.3772725110843823
0x8a19890daccd81dc8eab48ea8a311d2a801e073d,138,0.6423357664233577,63.4980804088586,0.38146630967906575
0x8a19890daccd81dc8eab48ea8a311d2a801e073d,138,0.6496350364963503,61.32402183909764,0.4313237845357316
0x8a19890daccd81dc8eab48ea8a311d2a801e073d,138,0.656934306569343,60.402352590337735,0.4313237845357316
0x8a19890daccd81dc8eab48ea8a311d2a801e073d,138,0.6642335766423357,60.30862279713615,0.4313237845357316
0x8a19890daccd81dc8eab48ea8a311d2a801e073d,138,0.6715328467153284,60.0344,0.4313237845357316
0x8a19890daccd81dc8eab48ea8a311d2a801e073d,138,0.6788321167883211,59.29,0.4313237845357316
0x8a19890daccd81dc8eab48ea8a311d2a801e073d,138,0.6861313868613139,58.129200000000004,0.44975898805513276
0x8a19890daccd81dc8eab48ea8a311d2a801e073d,138,0.6934306569343066,55.738299999999995,0.44975898805513276
0x8a19890daccd81dc8eab48ea8a311d2a801e073d,138,0.7007299270072993,55.221500000000006,0.4754588151470332
0x8a19890daccd81dc8eab48ea8a311d2a801e073d,138,0.708029197080292,53.641463957999996,0.47545881514703425
0x8a19890daccd81dc8eab48ea8a311d2a801e073d,138,0.7153284671532847,51.961,0.48263335213175046
0x8a19890daccd81dc8eab48ea8a311d2a801e073d,138,0.7226277372262774,51.6,0.48263335213175046
0x8a19890daccd81dc8eab48ea8a311d2a801e073d,138,0.7299270072992701,50.3811,0.48263335213175046
0x8a19890daccd81dc8eab48ea8a311d2a801e073d,138,0.7372262773722628,49.999999,0.4856052062883728
0x8a19890daccd81dc8eab48ea8a311d2a801e073d,138,0.7445255474452555,49.584425798219954,0.5808612274708522
0x8a19890daccd81dc8eab48ea8a311d2a801e073d,138,0.7518248175182481,45.99,0.6922451182215638
0x8a19890daccd81dc8eab48ea8a311d2a801e073d,138,0.7591240875912408,44.29820000000001,0.6673876818161882
0x8a19890daccd81dc8eab48ea8a311d2a801e073d,138,0.7664233576642335,40.99999735699992,0.7377608621324154
0x8a19890daccd81dc8eab48ea8a311d2a801e073d,138,0.7737226277372263,39.999998,0.747549009565957
0x8a19890daccd81dc8eab48ea8a311d2a801e073d,138,0.781021897810219,39.833900927661475,0.747549009565957
0x8a19890daccd81dc8eab48ea8a311d2a801e073d,138,0.7883211678832117,39.378659999999996,0.747549009565957
0x8a19890daccd81dc8eab48ea8a311d2a801e073d,138,0.7956204379562044,36.3744,0.747549009565957
0x8a19890daccd81dc8eab48ea8a311d2a801e073d,138,0.8029197080291971,34.28610455165407,0.747549009565957
0x8a19890daccd81dc8eab48ea8a311d2a801e073d,138,0.8102189781021898,34.1635687732342,0.7159320727487086
0x8a19890daccd81dc8eab48ea8a311d2a801e073d,138,0.8175182481751825,33.5201,0.7159320727487086
0x8a19890daccd81dc8eab48ea8a311d2a801e073d,138,0.8248175182481752,29.999981,0.7186643989433741
0x8a19890daccd81dc8eab48ea8a311d2a801e073d,138,0.8321167883211679,29.999979,0.7216070536485227
0x8a19890daccd81dc8eab48ea8a311d2a801e073d,138,0.8394160583941606,29.82,0.7474697079650321
0x8a19890daccd81dc8eab48ea8a311d2a801e073d,138,0.8467153284671532,29.4,0.7474697079650321
0x8a19890daccd81dc8eab48ea8a311d2a801e073d,138,0.8540145985401459,23.197,0.8598527739968446
0x8a19890daccd81dc8eab48ea8a311d2a801e073d,138,0.8613138686131386,22.678599999999996,0.8598527739968446
0x8a19890daccd81dc8eab48ea8a311d2a801e073d,138,0.8686131386861314,19.999999999999996,0.8598527739968449
0x8a19890daccd81dc8eab48ea8a311d2a801e073d,138,0.8759124087591241,16.1802,0.8598527739968449
0x8a19890daccd81dc8eab48ea8a311d2a801e073d,138,0.8832116788321168,14.85,0.8598527739968449
0x8a19890daccd81dc8eab48ea8a311d2a801e073d,138,0.8905109489051095,14.089999999999998,0.8598527739968449
0x8a19890daccd81dc8eab48ea8a311d2a801e073d,138,0.8978102189781022,13.734839999999998,0.8598527739968449
0x8a19890daccd81dc8eab48ea8a311d2a801e073d,138,0.9051094890510949,11.458530000000001,0.8598527739968449
0x8a19890daccd81dc8eab48ea8a311d2a801e073d,138,0.9124087591240876,10.64934,0.8598527739968449
0x8a19890daccd81dc8eab48ea8a311d2a801e073d,138,0.9197080291970803,10.572,0.8991463030733213
0x8a19890daccd81dc8eab48ea8a311d2a801e073d,138,0.927007299270073,10.0125,0.8991463030733213
0x8a19890daccd81dc8eab48ea8a311d2a801e073d,138,0.9343065693430657,9.481,0.8991463030733213
0x8a19890daccd81dc8eab48ea8a311d2a801e073d,138,0.9416058394160584,8.035,0.8991463030733213
0x8a19890daccd81dc8eab48ea8a311d2a801e073d,138,0.948905109489051,6.932339642076743,1.0
0x8a19890daccd81dc8eab48ea8a311d2a801e073d,138,0.9562043795620438,4.95,1.0
0x8a19890daccd81dc8eab48ea8a311d2a801e073d,138,0.9635036496350365,4.5360000000000005,1.0
0x8a19890daccd81dc8eab48ea8a311d2a801e073d,138,0.9708029197080292,1.62997,1.0
0x8a19890daccd81dc8eab48ea8a311d2a801e073d,138,0.9781021897810219,0.9404999999999982,1.0
0x8a19890daccd81dc8eab48ea8a311d2a801e073d,138,0.9854014598540146,1.3677947663381929e-14,1.0
0x8a19890daccd81dc8eab48ea8a311d2a801e073d,138,0.9927007299270073,6.8212102632969615e-15,1.0
0x8a19890daccd81dc8eab48ea8a311d2a801e073d,138,1.0,1.3322676295501878e-15,1.0
0x8cc1262cf53b83047926e09af8e5ab3bf537b9f8,334,0.0,916.9759574399999,0.0
0x8cc1262cf53b83047926e09af8e5ab3bf537b9f8,334,0.009009009009009009,847.04955744,0.0
0x8cc1262cf53b83047926e09af8e5ab3bf537b9f8,334,0.018018018018018018,514.1518,0.0043179702881158705
0x8cc1262cf53b83047926e09af8e5ab3bf537b9f8,334,0.02702702702702703,319.07061,0.05510688824118095
0x8cc1262cf53b83047926e09af8e5ab3bf537b9f8,334,0.036036036036036036,244.256,0.10816316785035456
0x8cc1262cf53b83047926e09af8e5ab3bf537b9f8,334,0.04504504504504504,176.4,0.5057292190184548
0x8cc1262cf53b83047926e09af8e5ab3bf537b9f8,334,0.05405405405405406,140.57999999999998,0.8479404729003454
0x8cc1262cf53b83047926e09af8e5ab3bf537b9f8,334,0.06306306306306306,108.74669999999999,0.8740501475446595
0x8cc1262cf53b83047926e09af8e5ab3bf537b9f8,334,0.07207207207207207,77.45939999999999,1.0995798863660982
0x8cc1262cf53b83047926e09af8e5ab3bf537b9f8,334,0.08108108108108109,58.83878728,0.9199687172244246
0x8cc1262cf53b83047926e09af8e5ab3bf537b9f8,334,0.09009009009009009,45.5,1.058069349960136
0x8cc1262cf53b83047926e09af8e5ab3bf537b9f8,334,0.0990990990990991,38.556717600000006,1.0245766790792676
0x8cc1262cf53b83047926e09af8e5ab3bf537b9f8,334,0.10810810810810811,31.297517600000003,1.4140969243656734
0x8cc1262cf53b83047926e09af8e5ab3bf537b9f8,334,0.11711711711711711,29.114212439999996,1.3883226964032127
0x8cc1262cf53b83047926e09af8e5ab3bf537b9f8,334,0.12612612612612611,25.775470938547667,1.3114974984595618
0x8cc1262cf53b83047926e09af8e5ab3bf537b9f8,334,0.13513513513513514,22.84392,1.2722762957193179
0x8cc1262cf53b83047926e09af8e5ab3bf537b9f8,334,0.14414414414414414,22.091408182583468,1.2238772168374568
0x8cc1262cf53b83047926e09af8e5ab3bf537b9f8,334,0.15315315315315314,20.088,1.2303181152287166
0x8cc1262cf53b83047926e09af8e5ab3bf537b9f8,334,0.16216216216216217,18.7741925,1.2097704639191758
0x8cc1262cf53b83047926e09af8e5ab3bf537b9f8,334,0.17117117117117117,16.600499999999997,1.2373374112757611
0x8cc1262cf53b83047926e09af8e5ab3bf537b9f8,334,0.18018018018018017,15.6213,1.23255119153563
0x8cc1262cf53b83047926e09af8e5ab3bf537b9f8,334,0.1891891891891892,15.127587279999998,1.2192149755414565
0x8cc1262cf53b83047926e09af8e5ab3bf537b9f8,334,0.1981981981981982,14.840000000000002,1.2383361456735469
0x8cc1262cf53b83047926e09af8e5ab3bf537b9f8,334,0.2072072072072072,14.62301376,1.1842033286625255
0x8cc1262cf53b83047926e09af8e5ab3bf537b9f8,334,0.21621621621621623,14.329,1.1842033286625255
0x8cc1262cf53b83047926e09af8e5ab3bf537b9f8,334,0.22522522522522523,14.000000000000002,1.211990075587274
0x8cc1262cf53b83047926e09af8e5ab3bf537b9f8,334,0.23423423423423423,13.499220239999998,1.206403011137052
0x8cc1262cf53b83047926e09af8e5ab3bf537b9f8,334,0.24324324324324326,13.1223,1.227460501044711
0x8cc1262cf53b83047926e09af8e5ab3bf537b9f8,334,0.25225225225225223,12.877695167897988,1.212222086230557
0x8cc1262cf53b83047926e09af8e5ab3bf537b9f8,334,0.26126126126126126,12.52633585,1.212222086230557
0x8cc1262cf53b83047926e09af8e5ab3bf537b9f8,334,0.2702702702702703,12.409320239999998,1.2194863724759757
0x8cc1262cf53b83047926e09af8e5ab3bf537b9f8,334,0.27927927927927926,11.999565,1.2120773635903241
0x8cc1262cf53b83047926e09af8e5ab3bf537b9f8,334,0.2882882882882883,11.70066195,1.198741147596151
0x8cc1262cf53b83047926e09af8e5ab3bf537b9f8,334,0.2972972972972973,11.39855344,1.196300620069217
0x8cc1262cf53b83047926e09af8e5ab3bf537b9f8,334,0.3063063063063063,10.694109999999998,1.1888901293478724
0x8cc1262cf53b83047926e09af8e5ab3bf537b9f8,334,0.3153153153153153,10.0,1.2173901119220067
0x8cc1262cf53b83047926e09af8e5ab3bf537b9f8,334,0.32432432432432434,9.83888016,1.2134690470887926
0x8cc1262cf53b83047926e09af8e5ab3bf537b9f8,334,0.3333333333333333,9.4691484,1.2089248599115985
0x8cc1262cf53b83047926e09af8e5ab3bf537b9f8,334,0.34234234234234234,9.23948016,1.207739418489894
0x8cc1262cf53b83047926e09af8e5ab3bf537b9f8,334,0.35135135135135137,8.94368,1.207739418489894
0x8cc1262cf53b83047926e09af8e5ab3bf537b9f8,334,0.36036036036036034,8.560020239999998,1.2048276779978329
0x8cc1262cf53b83047926e09af8e5ab3bf537b9f8,334,0.36936936936936937,8.460767199999998,1.2946298050311895
0x8cc1262cf53b83047926e09af8e5ab3bf537b9f8,334,0.3783783783783784,8.393089872000001,1.2791123768210804
0x8cc1262cf53b83047926e09af8e5ab3bf537b9f8,334,0.38738738738738737,8.30368,1.248757395752906
0x8cc1262cf53b83047926e09af8e5ab3bf537b9f8,334,0.3963963963963964,7.970520239999999,1.246406355301303
0x8cc1262cf53b83047926e09af8e5ab3bf537b9f8,334,0.40540540540540543,7.600262223516269,1.250359002269727
0x8cc1262cf53b83047926e09af8e5ab3bf537b9f8,334,0.4144144144144144,7.449499759046794,1.2434256369266294
0x8cc1262cf53b83047926e09af8e5ab3bf537b9f8,334,0.42342342342342343,6.923368909828999,1.23134098656525
0x8cc1262cf53b83047926e09af8e5ab3bf537b9f8,334,0.43243243243243246,6.63253,1.2237042889578635
0x8cc1262cf53b83047926e09af8e5ab3bf537b9f8,334,0.44144144144144143,6.402765,1.2078232169384704
0x8cc1262cf53b83047926e09af8e5ab3bf537b9f8,334,0.45045045045045046,6.299994980999998,1.2060287549863653
0x8cc1262cf53b83047926e09af8e5ab3bf537b9f8,334,0.4594594594594595,6.0456,1.2038979240308518
0x8cc1262cf53b83047926e09af8e5ab3bf537b9f8,334,0.46846846846846846,5.999727,1.1893033866642357
0x8cc1262cf53b83047926e09af8e5ab3bf537b9f8,334,0.4774774774774775,5.86782,1.1882661254202445
0x8cc1262cf53b83047926e09af8e5ab3bf537b9f8,334,0.4864864864864865,5.567400000000001,1.1830798192002883
0x8cc1262cf53b83047926e09af8e5ab3bf537b9f8,334,0.4954954954954955,5.354692,1.1826828011161514
0x8cc1262cf53b83047926e09af8e5ab3bf537b9f8,334,0.5045045045045045,5.202764999999999,1.1415983650434351
0x8cc1262cf53b83047926e09af8e5ab3bf537b9f8,334,0.5135135135135135,5.102795250000001,1.1415983650434354
0x8cc1262cf53b83047926e09af8e5ab3bf537b9f8,334,0.5225225225225225,4.85457,1.1415983650434354
0x8cc1262cf53b83047926e09af8e5ab3bf537b9f8,334,0.5315315315315315,4.72437,1.116997911783354
0x8cc1262cf53b83047926e09af8e5ab3bf537b9f8,334,0.5405405405405406,4.61622258,1.116849731605641
0x8cc1262cf53b83047926e09af8e5ab3bf537b9f8,334,0.5495495495495496,4.53537,1.115830400163153
0x8cc1262cf53b83047926e09af8e5ab3bf537b9f8,334,0.5585585585585585,4.3999999999999995,1.109846641592049
0x8cc1262cf53b83047926e09af8e5ab3bf537b9f8,334,0.5675675675675675,4.350599999999999,1.101301584677264
0x8cc1262cf53b83047926e09af8e5ab3bf537b9f8,334,0.5765765765765766,4.121591028953085,1.0960753142633786
0x8cc1262cf53b83047926e09af8e5ab3bf537b9f8,334,0.5855855855855856,3.7590000000000003,1.0934821611534005
0x8cc1262cf53b83047926e09af8e5ab3bf537b9f8,334,0.5945945945945946,3.672,1.0748217583499187
0x8cc1262cf53b83047926e09af8e5ab3bf537b9f8,334,0.6036036036036037,3.4692500000000015,1.0576859556322205
0x8cc1262cf53b83047926e09af8e5ab3bf537b9f8,334,0.6126126126126126,3.234,1.0541395100456217
0x8cc1262cf53b83047926e09af8e5ab3bf537b9f8,334,0.6216216216216216,3.1160500000000004,1.0541395100456217
0x8cc1262cf53b83047926e09af8e5ab3bf537b9f8,334,0.6306306306306306,3.0660000000000003,1.036898316662022
0x8cc1262cf53b83047926e09af8e5ab3bf537b9f8,334,0.6396396396396397,3.0,1.036898316662022
0x8cc1262cf53b83047926e09af8e5ab3bf537b9f8,334,0.6486486486486487,2.98425706,1.036898316662022
0x8cc1262cf53b83047926e09af8e5ab3bf537b9f8,334,0.6576576576576577,2.9593299999999996,1.036898316662022
0x8cc1262cf53b83047926e09af8e5ab3bf537b9f8,334,0.6666666666666666,2.6372465600000004,1.0317901063350596
0x8cc1262cf53b83047926e09af8e5ab3bf537b9f8,334,0.6756756756756757,2.5410000000000004,1.0307528450910683
0x8cc1262cf53b83047926e09af8e5ab3bf537b9f8,334,0.6846846846846847,2.48253,1.0307528450910683
0x8cc1262cf53b83047926e09af8e5ab3bf537b9f8,334,0.6936936936936937,2.2812600000000014,1.0230310452372546
0x8cc1262cf53b83047926e09af8e5ab3bf537b9f8,334,0.7027027027027027,2.1433649999999997,1.0099745687219075
0x8cc1262cf53b83047926e09af8e5ab3bf537b9f8,334,0.7117117117117117,2.06605,1.009419333715301
0x8cc1262cf53b83047926e09af8e5ab3bf537b9f8,334,0.7207207207207207,1.999043,1.009419333715301
0x8cc1262cf53b83047926e09af8e5ab3bf537b9f8,334,0.7297297297297297,1.90874086,1.009419333715301
0x8cc1262cf53b83047926e09af8e5ab3bf537b9f8,334,0.7387387387387387,1.83674086,1.009419333715301
0x8cc1262cf53b83047926e09af8e5ab3bf537b9f8,334,0.7477477477477478,1.8130919999999997,1.009419333715301
0x8cc1262cf53b83047926e09af8e5ab3bf537b9f8,334,0.7567567567567568,1.7767408599999999,1.009419333715301
0x8cc1262cf53b83047926e09af8e5ab3bf537b9f8,334,0.7657657657657657,1.7151096854347845,1.0066642838824928
0x8cc1262cf53b83047926e09af8e5ab3bf537b9f8,334,0.7747747747747747,1.6051720000000003,1.0066642838824928
0x8cc1262cf53b83047926e09af8e5ab3bf537b9f8,334,0.7837837837837838,1.5507408599999999,1.0066642838824928
0x8cc1262cf53b83047926e09af8e5ab3bf537b9f8,334,0.7927927927927928,1.1701503999999987,1.002383526485898
0x8cc1262cf53b83047926e09af8e5ab3bf537b9f8,334,0.8018018018018018,1.05,1.0023835264858982
0x8cc1262cf53b83047926e09af8e5ab3bf537b9f8,334,0.8108108108108109,0.9878309999999999,1.0023835264858982
0x8cc1262cf53b83047926e09af8e5ab3bf537b9f8,334,0.8198198198198198,0.8539491650000001,1.0023835264858982
0x8cc1262cf53b83047926e09af8e5ab3bf537b9f8,334,0.8288288288288288,0.811324165,1.0023835264858982
0x8cc1262cf53b83047926e09af8e5ab3bf537b9f8,334,0.8378378378378378,0.7994850600000001,1.0023835264858982
0x8cc1262cf53b83047926e09af8e5ab3bf537b9f8,334,0.8468468468468469,0.655101996,1.0023835264858982
0x8cc1262cf53b83047926e09af8e5ab3bf537b9f8,334,0.8558558558558559,0.543682,1.0023835264858982
0x8cc1262cf53b83047926e09af8e5ab3bf537b9f8,334,0.8648648648648649,0.476644,1.0019865084017614
0x8cc1262cf53b83047926e09af8e5ab3bf537b9f8,334,0.8738738738738738,0.399062,1.0019865084017614
0x8cc1262cf53b83047926e09af8e5ab3bf537b9f8,334,0.8828828828828829,0.37979916500000005,1.0019865084017614
0x8cc1262cf53b83047926e09af8e5ab3bf537b9f8,334,0.8918918918918919,0.3346698725899991,1.0019865084017612
0x8cc1262cf53b83047926e09af8e5ab3bf537b9f8,334,0.9009009009009009,0.31120000000000003,1.000340063629174
0x8cc1262cf53b83047926e09af8e5ab3bf537b9f8,334,0.9099099099099099,0.28099199999999996,1.000340063629174
0x8cc1262cf53b83047926e09af8e5ab3bf537b9f8,334,0.918918918918919,0.20479916500000003,1.000340063629174
0x8cc1262cf53b83047926e09af8e5ab3bf537b9f8,334,0.9279279279279279,0.179799165,1.000340063629174
0x8cc1262cf53b83047926e09af8e5ab3bf537b9f8,334,0.9369369369369369,0.154799165,1.000340063629174
0x8cc1262cf53b83047926e09af8e5ab3bf537b9f8,334,0.9459459459459459,0.13701999999999998,1.000340063629174
0x8cc1262cf53b83047926e09af8e5ab3bf537b9f8,334,0.954954954954955,0.11302,1.000340063629174
0x8cc1262cf53b83047926e09af8e5ab3bf537b9f8,334,0.963963963963964,0.08502,1.000340063629174
0x8cc1262cf53b83047926e09af8e5ab3bf537b9f8,334,0.972972972972973,0.07210000000000001,1.000340063629174
0x8cc1262cf53b83047926e09af8e5ab3bf537b9f8,334,0.9819819819819819,0.05049806000000012,1.0000000000000009
0x8cc1262cf53b83047926e09af8e5ab3bf537b9f8,334,0.990990990990991,0.0024900000000000005,1.0000000000000009
0x8cc1262cf53b83047926e09af8e5ab3bf537b9f8,334,1.0,1.1368406216405446e-14,1.0000000000000009
0x8d0930676d559cc8fb7d8af0c555791c1820143f,787,0.0,10161.828,1.1462270690254868e-18
0x8d0930676d559cc8fb7d8af0c555791c1820143f,787,0.008905852417302799,7564.7676599999995,1.1462270690254868e-18
0x8d0930676d559cc8fb7d8af0c555791c1820143f,787,0.017811704834605598,6958.24479,1.1462270690254868e-18
0x8d0930676d559cc8fb7d8af0c555791c1820143f,787,0.026717557251908396,6036.527430000001,1.1462270690254868e-18
0x8d0930676d559cc8fb7d8af0c555791c1820143f,787,0.035623409669211195,4659.17616,2.0808946497249707e-18
0x8d0930676d559cc8fb7d8af0c555791c1820143f,787,0.044529262086514,4372.223400000001,3.0155622304244743e-18
0x8d0930676d559cc8fb7d8af0c555791c1820143f,787,0.05343511450381679,3684.7415699999997,3.0155622304244743e-18
0x8d0930676d559cc8fb7d8af0c555791c1820143f,787,0.062340966921119595,3487.0394699999997,6.174123003884117e-18
0x8d0930676d559cc8fb7d8af0c555791c1820143f,787,0.07124681933842239,3393.43317,6.174123003884117e-18
0x8d0930676d559cc8fb7d8af0c555791c1820143f,787,0.08015267175572519,3318.14853,6.174123003884117e-18
0x8d0930676d559cc8fb7d8af0c555791c1820143f,787,0.089058524173028,3238.04871,6.174682685070164e-18
0x8d0930676d559cc8fb7d8af0c555791c1820143f,787,0.09796437659033079,3039.9470099999994,7.657278146910243e-18
0x8d0930676d559cc8fb7d8af0c555791c1820143f,787,0.10687022900763359,2928.95811,1.0622469070590537e-17
0x8d0930676d559cc8fb7d8af0c555791c1820143f,787,0.11577608142493638,2866.42071,1.0622469070590537e-17
0x8d0930676d559cc8fb7d8af0c555791c1820143f,787,0.12468193384223919,2729.59767,1.186699014791566e-17
0x8d0930676d559cc8fb7d8af0c555791c1820143f,787,0.13358778625954199,2600.92647,1.186699014791566e-17
0x8d0930676d559cc8fb7d8af0c555791c1820143f,787,0.14249363867684478,2491.96554,1.3988181843036097e-17
0x8d0930676d559cc8fb7d8af0c555791c1820143f,787,0.15139949109414758,2392.6949099999997,1.4533311318246462e-17
0x8d0930676d559cc8fb7d8af0c555791c1820143f,787,0.16030534351145037,2252.0956499999993,1.4533311318246462e-17
0x8d0930676d559cc8fb7d8af0c555791c1820143f,787,0.1692111959287532,2161.26657,1.4554579203316268e-17
0x8d0930676d559cc8fb7d8af0c555791c1820143f,787,0.178117048346056,2063.96397,1.5467978898945954e-17
0x8d0930676d559cc8fb7d8af0c555791c1820143f,787,0.18702290076335878,2024.6300073359998,1.6209276629865994e-17
0x8d0930676d559cc8fb7d8af0c555791c1820143f,787,0.19592875318066158,2015.2827000000002,1.769187209170609e-17
0x8d0930676d559cc8fb7d8af0c555791c1820143f,787,0.20483460559796438,1989.4085999999998,1.769187209170609e-17
0x8d0930676d559cc8fb7d8af0c555791c1820143f,787,0.21374045801526717,1965.89214,1.9003764791801627e-17
0x8d0930676d559cc8fb7d8af0c555791c1820143f,787,0.22264631043256997,1941.4066500000001,2.01164109896643e-17
0x8d0930676d559cc8fb7d8af0c555791c1820143f,787,0.23155216284987276,1920.76731,4.461426758553576e-05
0x8d0930676d559cc8fb7d8af0c555791c1820143f,787,0.24045801526717558,1873.57455,4.461426758553708e-05
0x8d0930676d559cc8fb7d8af0c555791c1820143f,787,0.24936386768447838,1769.1490800000001,4.461426758553708e-05
0x8d0930676d559cc8fb7d8af0c555791c1820143f,787,0.2582697201017812,1711.57671,4.4614267585539044e-05
0x8d0930676d559cc8fb7d8af0c555791c1820143f,787,0.26717557251908397,1686.60171,4.46142675855397e-05
0x8d0930676d559cc8fb7d8af0c555791c1820143f,787,0.27608142493638677,1655.2930499999998,4.4614267585541666e-05
0x8d0930676d559cc8fb7d8af0c555791c1820143f,787,0.28498727735368956,1622.8455299999998,4.461426758554409e-05
0x8d0930676d559cc8fb7d8af0c555791c1820143f,787,0.29389312977099236,1582.25616,4.461426758554738e-05
0x8d0930676d559cc8fb7d8af0c555791c1820143f,787,0.30279898218829515,1557.5309099999997,0.0014707584207959013
0x8d0930676d559cc8fb7d8af0c555791c1820143f,787,0.31170483460559795,1549.77867,0.0014707584207959024
0x8d0930676d559cc8fb7d8af0c555791c1820143f,787,0.32061068702290074,1511.8566300000002,0.00433069142567258
0x8d0930676d559cc8fb7d8af0c555791c1820143f,787,0.32951653944020354,1484.6738400000002,0.004330691425672581
0x8d0930676d559cc8fb7d8af0c555791c1820143f,787,0.3384223918575064,1433.6748900000002,0.004330691425672581
0x8d0930676d559cc8fb7d8af0c555791c1820143f,787,0.3473282442748092,1376.28234,0.004330691425672582
0x8d0930676d559cc8fb7d8af0c555791c1820143f,787,0.356234096692112,1316.8817999999999,0.004330691425672585
0x8d0930676d559cc8fb7d8af0c555791c1820143f,787,0.3651399491094148,1307.5011900000002,0.004330691425672586
0x8d0930676d559cc8fb7d8af0c555791c1820143f,787,0.37404580152671757,1287.39132,0.004330691425672588
0x8d0930676d559cc8fb7d8af0c555791c1820143f,787,0.38295165394402036,1258.50024,0.00433069142567259
0x8d0930676d559cc8fb7d8af0c555791c1820143f,787,0.39185750636132316,1205.0532444960004,0.004330691425672592
0x8d0930676d559cc8fb7d8af0c555791c1820143f,787,0.40076335877862596,1181.97684,0.004330691425672593
0x8d0930676d559cc8fb7d8af0c555791c1820143f,787,0.40966921119592875,1136.11275,0.004330691425672595
0x8d0930676d559cc8fb7d8af0c555791c1820143f,787,0.41857506361323155,1112.6157744960003,0.004330691425672595
0x8d0930676d559cc8fb7d8af0c555791c1820143f,787,0.42748091603053434,1071.6472800000001,0.0043306914256725955
0x8d0930676d559cc8fb7d8af0c555791c1820143f,787,0.43638676844783714,1047.36875,0.004335745188822819
0x8d0930676d559cc8fb7d8af0c555791c1820143f,787,0.44529262086513993,1010.9041400000001,0.004335745188822821
0x8d0930676d559cc8fb7d8af0c555791c1820143f,787,0.4541984732824427,998.2771414960421,0.004448883113443995
0x8d0930676d559cc8fb7d8af0c555791c1820143f,787,0.4631043256997455,973.4955299999999,0.020883977510717314
0x8d0930676d559cc8fb7d8af0c555791c1820143f,787,0.4720101781170484,918.2784898826657,0.02168420911494273
0x8d0930676d559cc8fb7d8af0c555791c1820143f,787,0.48091603053435117,897.46164,0.02168420911494273
0x8d0930676d559cc8fb7d8af0c555791c1820143f,787,0.48982188295165396,843.46569,0.02168420911494273
0x8d0930676d559cc8fb7d8af0c555791c1820143f,787,0.49872773536895676,799.2899100000001,0.02168420911494273
0x8d0930676d559cc8fb7d8af0c555791c1820143f,787,0.5076335877862596,768.6705600000001,0.02168420911494273
0x8d0930676d559cc8fb7d8af0c555791c1820143f,787,0.5165394402035624,746.91234,0.02168420911494273
0x8d0930676d559cc8fb7d8af0c555791c1820143f,787,0.5254452926208651,698.33054,0.024105580774951944
0x8d0930676d559cc8fb7d8af0c555791c1820143f,787,0.5343511450381679,676.3429799999999,0.024105580774951944
0x8d0930676d559cc8fb7d8af0c555791c1820143f,787,0.5432569974554707,643.1761799999999,0.024105580774951944
0x8d0930676d559cc8fb7d8af0c555791c1820143f,787,0.5521628498727735,609.82956,0.024105580774951944
0x8d0930676d559cc8fb7d8af0c555791c1820143f,787,0.5610687022900763,582.75666,0.024105580774951944
0x8d0930676d559cc8fb7d8af0c555791c1820143f,787,0.5699745547073791,556.443,0.024171254486355084
0x8d0930676d559cc8fb7d8af0c555791c1820143f,787,0.5788804071246819,520.59888,0.027765149808071782
0x8d0930676d559cc8fb7d8af0c555791c1820143f,787,0.5877862595419847,489.57653999999997,0.0773580709926714
0x8d0930676d559cc8fb7d8af0c555791c1820143f,787,0.5966921119592875,419.90999999999997,0.10096924459320895
0x8d0930676d559cc8fb7d8af0c555791c1820143f,787,0.6055979643765903,391.97763,0.10096924459320895
0x8d0930676d559cc8fb7d8af0c555791c1820143f,787,0.6145038167938931,377.443133707,0.12006236068495793
0x8d0930676d559cc8fb7d8af0c555791c1820143f,787,0.6234096692111959,357.57904,0.1302518039975786
0x8d0930676d559cc8fb7d8af0c555791c1820143f,787,0.6323155216284987,344.2626095454545,0.13292724287710012
0x8d0930676d559cc8fb7d8af0c555791c1820143f,787,0.6412213740458015,310.1083,0.17953838337623404
0x8d0930676d559cc8fb7d8af0c555791c1820143f,787,0.6501272264631043,265.11462,0.1797022210749945
0x8d0930676d559cc8fb7d8af0c555791c1820143f,787,0.6590330788804071,246.17799999999997,0.18170923288481014
0x8d0930676d559cc8fb7d8af0c555791c1820143f,787,0.6679389312977099,213.77601,0.18634343494732314
0x8d0930676d559cc8fb7d8af0c555791c1820143f,787,0.6768447837150128,168.00300000000001,0.1864248622795687
0x8d0930676d559cc8fb7d8af0c555791c1820143f,787,0.6857506361323156,154.61523,0.19746326018590157
0x8d0930676d559cc8fb7d8af0c555791c1820143f,787,0.6946564885496184,123.99,0.19746326018590157
0x8d0930676d559cc8fb7d8af0c555791c1820143f,787,0.7035623409669212,81.66825,0.1892805553324312
0x8d0930676d559cc8fb7d8af0c555791c1820143f,787,0.712468193384224,59.63392702702703,0.20275599208973513
0x8d0930676d559cc8fb7d8af0c555791c1820143f,787,0.7213740458015268,48.683869104543135,0.21855369716871326
0x8d0930676d559cc8fb7d8af0c555791c1820143f,787,0.7302798982188295,42.38571840000004,0.3498252323645139
0x8d0930676d559cc8fb7d8af0c555791c1820143f,787,0.7391857506361323,34.605,0.31911333485777005
0x8d0930676d559cc8fb7d8af0c555791c1820143f,787,0.7480916030534351,30.0256,0.3349929887376309
0x8d0930676d559cc8fb7d8af0c555791c1820143f,787,0.7569974554707379,26.025600000000004,0.3458163911752961
0x8d0930676d559cc8fb7d8af0c555791c1820143f,787,0.7659033078880407,24.2571456,0.5103424540024915
0x8d0930676d559cc8fb7d8af0c555791c1820143f,787,0.7748091603053435,18.7592,0.4950213503916442
0x8d0930676d559cc8fb7d8af0c555791c1820143f,787,0.7837150127226463,17.029749999999993,0.4934382471894991
0x8d0930676d559cc8fb7d8af0c555791c1820143f,787,0.7926208651399491,16.2935,0.48509225399144207
0x8d0930676d559cc8fb7d8af0c555791c1820143f,787,0.8015267175572519,15.188399253148887,0.4887173174738385
0x8d0930676d559cc8fb7d8af0c555791c1820143f,787,0.8104325699745547,13.364782086710969,0.46843902634347184
0x8d0930676d559cc8fb7d8af0c555791c1820143f,787,0.8193384223918575,11.99190000000001,0.4654887568209728
0x8d0930676d559cc8fb7d8af0c555791c1820143f,787,0.8282442748091603,11.052825539999999,0.47864123796061625
0x8d0930676d559cc8fb7d8af0c555791c1820143f,787,0.8371501272264631,9.99,0.8160873091816478
0x8d0930676d559cc8fb7d8af0c555791c1820143f,787,0.8460559796437659,8.91,0.8429566917783649
0x8d0930676d559cc8fb7d8af0c555791c1820143f,787,0.8549618320610687,8.315790000000002,0.8390629506973781
0x8d0930676d559cc8fb7d8af0c555791c1820143f,787,0.8638676844783715,7.789800000000004,0.9115722417478307
0x8d0930676d559cc8fb7d8af0c555791c1820143f,787,0.8727735368956743,7.1706,0.9207597557783216
0x8d0930676d559cc8fb7d8af0c555791c1820143f,787,0.8816793893129771,6.507529813308218,1.014864383002624
0x8d0930676d559cc8fb7d8af0c555791c1820143f,787,0.8905852417302799,5.402906250000005,1.014864383002624
0x8d0930676d559cc8fb7d8af0c555791c1820143f,787,0.8994910941475827,4.742657,1.0040291165490043
0x8d0930676d559cc8fb7d8af0c555791c1820143f,787,0.9083969465648855,4.2764,1.0010551976556037
0x8d0930676d559cc8fb7d8af0c555791c1820143f,787,0.9173027989821882,3.2898840077895506,1.0101927578552963
0x8d0930676d559cc8fb7d8af0c555791c1820143f,787,0.926208651399491,2.7987700000000006,1.0100289201565356
0x8d0930676d559cc8fb7d8af0c555791c1820143f,787,0.9351145038167938,2.4087700000000005,1.0095374070602539
0x8d0930676d559cc8fb7d8af0c555791c1820143f,787,0.9440203562340967,2.054,1.0065391771729368
0x8d0930676d559cc8fb7d8af0c555791c1820143f,787,0.9529262086513995,1.6493999999999998,1.0048188813359518
0x8d0930676d559cc8fb7d8af0c555791c1820143f,787,0.9618320610687023,1.295,1.0010885868211044
0x8d0930676d559cc8fb7d8af0c555791c1820143f,787,0.9707379134860051,0.7896200000000004,1.0007753543476432
0x8d0930676d559cc8fb7d8af0c555791c1820143f,787,0.9796437659033079,0.45581992499999996,1.0002689597471546
0x8d0930676d559cc8fb7d8af0c555791c1820143f,787,0.9885496183206107,0.360029925,1.0002465265853242
0x8d0930676d559cc8fb7d8af0c555791c1820143f,787,0.9974554707379135,2.6716406864579765e-14,0.9999999999999994
0x8d0930676d559cc8fb7d8af0c555791c1820143f,787,1.0,1.3926637620897963e-14,0.9999999999999994
0x8eea2d8458fcad16bf50dec2b7de76e989d6e285,103,0.0,110.88350000000003,0.0019109372196054
0x8eea2d8458fcad16bf50dec2b7de76e989d6e285,103,0.00980392156862745,106.47207604521802,0.010142632968043854
0x8eea2d8458fcad16bf50dec2b7de76e989d6e285,103,0.0196078431372549,54.982886199999996,0.02379674265225369
0x8eea2d8458fcad16bf50dec2b7de76e989d6e285,103,0.029411764705882353,34.59289999999999,0.07271333258093947
0x8eea2d8458fcad16bf50dec2b7de76e989d6e285,103,0.0392156862745098,32.45449636,0.07271333258093947
0x8eea2d8458fcad16bf50dec2b7de76e989d6e285,103,0.049019607843137254,32.2,0.16593133997931575
0x8eea2d8458fcad16bf50dec2b7de76e989d6e285,103,0.058823529411764705,31.6844,0.115983543147181
0x8eea2d8458fcad16bf50dec2b7de76e989d6e285,103,0.06862745098039216,31.157330560000002,0.115983543147181
0x8eea2d8458fcad16bf50dec2b7de76e989d6e285,103,0.0784313725490196,30.73200044499256,0.115983543147181
0x8eea2d8458fcad16bf50dec2b7de76e989d6e285,103,0.08823529411764706,29.308799999999998,0.14555893877971596
0x8eea2d8458fcad16bf50dec2b7de76e989d6e285,103,0.09803921568627451,28.661333655424347,0.14555893877971596
0x8eea2d8458fcad16bf50dec2b7de76e989d6e285,103,0.10784313725490197,28.02366744499256,0.14555893877971596
0x8eea2d8458fcad16bf50dec2b7de76e989d6e285,103,0.11764705882352941,27.200000000000003,0.15264759063592653
0x8eea2d8458fcad16bf50dec2b7de76e989d6e285,103,0.12745098039215685,25.382399999999997,0.24739973426387682
0x8eea2d8458fcad16bf50dec2b7de76e989d6e285,103,0.13725490196078433,24.216887040000003,0.24739973426387682
0x8eea2d8458fcad16bf50dec2b7de76e989d6e285,103,0.14705882352941177,22.977200000000003,0.28295996788755146
0x8eea2d8458fcad16bf50dec2b7de76e989d6e285,103,0.1568627450980392,22.39128752,0.3239988600294611
0x8eea2d8458fcad16bf50dec2b7de76e989d6e285,103,0.16666666666666666,20.85688929254427,0.3289755905188047
0x8eea2d8458fcad16bf50dec2b7de76e989d6e285,103,0.17647058823529413,17.88888972800061,0.3378372880481616
0x8eea2d8458fcad16bf50dec2b7de76e989d6e285,103,0.18627450980392157,16.916667728000608,0.34669898557751844
0x8eea2d8458fcad16bf50dec2b7de76e989d6e285,103,0.19607843137254902,16.41244529254427,0.35167571606686204
0x8eea2d8458fcad16bf50dec2b7de76e989d6e285,103,0.20588235294117646,15.944445728000609,0.36053741359621894
0x8eea2d8458fcad16bf50dec2b7de76e989d6e285,103,0.21568627450980393,15.749999999999998,0.44117889336995814
0x8eea2d8458fcad16bf50dec2b7de76e989d6e285,103,0.22549019607843138,14.97222372800061,0.45004059089931503
0x8eea2d8458fcad16bf50dec2b7de76e989d6e285,103,0.23529411764705882,14.000000000000002,0.4654046537047591
0x8eea2d8458fcad16bf50dec2b7de76e989d6e285,103,0.24509803921568626,12.8032,0.5256642210082126
0x8eea2d8458fcad16bf50dec2b7de76e989d6e285,103,0.2549019607843137,12.6408,0.6621344175483866
0x8eea2d8458fcad16bf50dec2b7de76e989d6e285,103,0.2647058823529412,12.272599999999999,0.6621344175483866
0x8eea2d8458fcad16bf50dec2b7de76e989d6e285,103,0.27450980392156865,11.622000000000002,0.679656410982576
0x8eea2d8458fcad16bf50dec2b7de76e989d6e285,103,0.28431372549019607,10.199587308,0.66157854079154
0x8eea2d8458fcad16bf50dec2b7de76e989d6e285,103,0.29411764705882354,9.6,1.020300200268569
0x8eea2d8458fcad16bf50dec2b7de76e989d6e285,103,0.30392156862745096,9.0,0.9909502463113578
0x8eea2d8458fcad16bf50dec2b7de76e989d6e285,103,0.3137254901960784,8.0,0.9625928028744384
0x8eea2d8458fcad16bf50dec2b7de76e989d6e285,103,0.3235294117647059,7.800000000000001,0.9602887605951888
0x8eea2d8458fcad16bf50dec2b7de76e989d6e285,103,0.3333333333333333,7.65,0.9776576947003017
0x8eea2d8458fcad16bf50dec2b7de76e989d6e285,103,0.3431372549019608,7.65,0.9776576947003017
0x8eea2d8458fcad16bf50dec2b7de76e989d6e285,103,0.35294117647058826,7.649100000000001,0.9728851369698682
0x8eea2d8458fcad16bf50dec2b7de76e989d6e285,103,0.3627450980392157,6.6,0.9686506617286503
0x8eea2d8458fcad16bf50dec2b7de76e989d6e285,103,0.37254901960784315,6.5555699999999995,0.9612068328264589
0x8eea2d8458fcad16bf50dec2b7de76e989d6e285,103,0.38235294117647056,6.3027000000000015,0.9595989657835856
0x8eea2d8458fcad16bf50dec2b7de76e989d6e285,103,0.39215686274509803,6.0,0.9383308832058961
0x8eea2d8458fcad16bf50dec2b7de76e989d6e285,103,0.4019607843137255,5.849100000000001,0.9383308832058961
0x8eea2d8458fcad16bf50dec2b7de76e989d6e285,103,0.4117647058823529,5.52885,0.9383308832058961
0x8eea2d8458fcad16bf50dec2b7de76e989d6e285,103,0.4215686274509804,5.49955494,0.9273742758492158
0x8eea2d8458fcad16bf50dec2b7de76e989d6e285,103,0.43137254901960786,5.405399999999999,0.9199113056727046
0x8eea2d8458fcad16bf50dec2b7de76e989d6e285,103,0.4411764705882353,5.250000000000001,0.9161893912216089
0x8eea2d8458fcad16bf50dec2b7de76e989d6e285,103,0.45098039215686275,5.21885,0.9161893912216089
0x8eea2d8458fcad16bf50dec2b7de76e989d6e285,103,0.46078431372549017,4.8654,0.9161893912216089
0x8eea2d8458fcad16bf50dec2b7de76e989d6e285,103,0.47058823529411764,4.8024,0.9161893912216089
0x8eea2d8458fcad16bf50dec2b7de76e989d6e285,103,0.4803921568627451,4.352900000000001,0.953965405028058
0x8eea2d8458fcad16bf50dec2b7de76e989d6e285,103,0.49019607843137253,4.1988828,0.953965405028058
0x8eea2d8458fcad16bf50dec2b7de76e989d6e285,103,0.5,4.0040000000000004,0.9548299525970109
0x8eea2d8458fcad16bf50dec2b7de76e989d6e285,103,0.5098039215686274,4.0,0.9439311669068288
0x8eea2d8458fcad16bf50dec2b7de76e989d6e285,103,0.5196078431372549,3.7800000000000034,0.9412320956420057
0x8eea2d8458fcad16bf50dec2b7de76e989d6e285,103,0.5294117647058824,3.6933890908821727,0.9412320956420057
0x8eea2d8458fcad16bf50dec2b7de76e989d6e285,103,0.5392156862745098,3.1999999999999993,0.9412320956420057
0x8eea2d8458fcad16bf50dec2b7de76e989d6e285,103,0.5490196078431373,3.1446830000000006,0.9314806788759911
0x8eea2d8458fcad16bf50dec2b7de76e989d6e285,103,0.5588235294117647,2.790389936485535,0.9505987336300623
0x8eea2d8458fcad16bf50dec2b7de76e989d6e285,103,0.5686274509803921,2.7066000000000003,0.9410047015792666
0x8eea2d8458fcad16bf50dec2b7de76e989d6e285,103,0.5784313725490197,2.699751978,0.9400275395252348
0x8eea2d8458fcad16bf50dec2b7de76e989d6e285,103,0.5882352941176471,2.55,0.9487120065777912
0x8eea2d8458fcad16bf50dec2b7de76e989d6e285,103,0.5980392156862745,2.4240819780000002,0.9482334747197932
0x8eea2d8458fcad16bf50dec2b7de76e989d6e285,103,0.6078431372549019,2.3338699999999997,0.9482334747197932
0x8eea2d8458fcad16bf50dec2b7de76e989d6e285,103,0.6176470588235294,2.2890820711154327,0.9463163981136836
0x8eea2d8458fcad16bf50dec2b7de76e989d6e285,103,0.6274509803921569,2.2100000000000017,0.9384826543642348
0x8eea2d8458fcad16bf50dec2b7de76e989d6e285,103,0.6372549019607843,1.9500000000000002,0.9361786120849852
0x8eea2d8458fcad16bf50dec2b7de76e989d6e285,103,0.6470588235294118,1.875055031025403,0.9317975465846006
0x8eea2d8458fcad16bf50dec2b7de76e989d6e285,103,0.6568627450980392,1.7482500000000003,0.9313190147266025
0x8eea2d8458fcad16bf50dec2b7de76e989d6e285,103,0.6666666666666666,1.7432100000000001,0.9313190147266025
0x8eea2d8458fcad16bf50dec2b7de76e989d6e285,103,0.6764705882352942,1.6382100000000002,0.9313190147266025
0x8eea2d8458fcad16bf50dec2b7de76e989d6e285,103,0.6862745098039216,1.6132500000000003,0.9308404828686045
0x8eea2d8458fcad16bf50dec2b7de76e989d6e285,103,0.696078431372549,1.54,0.9278703951366303
0x8eea2d8458fcad16bf50dec2b7de76e989d6e285,103,0.7058823529411765,1.5332100000000002,0.9278703951366303
0x8eea2d8458fcad16bf50dec2b7de76e989d6e285,103,0.7156862745098039,1.5,0.9246801827499769
0x8eea2d8458fcad16bf50dec2b7de76e989d6e285,103,0.7254901960784313,1.47825,0.9242016508919789
0x8eea2d8458fcad16bf50dec2b7de76e989d6e285,103,0.7352941176470589,1.4700000000000002,0.9242016508919789
0x8eea2d8458fcad16bf50dec2b7de76e989d6e285,103,0.7450980392156863,1.3499999999999999,0.9242016508919789
0x8eea2d8458fcad16bf50dec2b7de76e989d6e285,103,0.7549019607843137,1.34325,0.923723119033981
0x8eea2d8458fcad16bf50dec2b7de76e989d6e285,103,0.7647058823529411,1.3,0.9214190767547313
0x8eea2d8458fcad16bf50dec2b7de76e989d6e285,103,0.7745098039215687,1.2896,0.9344294718035898
0x8eea2d8458fcad16bf50dec2b7de76e989d6e285,103,0.7843137254901961,1.2169999999999996,0.930884791373975
0x8eea2d8458fcad16bf50dec2b7de76e989d6e285,103,0.7941176470588235,1.20825,0.9304062595159769
0x8eea2d8458fcad16bf50dec2b7de76e989d6e285,103,0.803921568627451,1.073340000000001,0.9303693593924004
0x8eea2d8458fcad16bf50dec2b7de76e989d6e285,103,0.8137254901960784,1.07325,0.9298908275344024
0x8eea2d8458fcad16bf50dec2b7de76e989d6e285,103,0.8235294117647058,0.98,0.9298908275344024
0x8eea2d8458fcad16bf50dec2b7de76e989d6e285,103,0.8333333333333334,0.9382500000000001,0.9294122956764045
0x8eea2d8458fcad16bf50dec2b7de76e989d6e285,103,0.8431372549019608,0.8315999999999999,0.9281714819443918
0x8eea2d8458fcad16bf50dec2b7de76e989d6e285,103,0.8529411764705882,0.8224000000000004,1.0145822835853722
0x8eea2d8458fcad16bf50dec2b7de76e989d6e285,103,0.8627450980392157,0.8032500000000001,1.014103751727374
0x8eea2d8458fcad16bf50dec2b7de76e989d6e285,103,0.8725490196078431,0.783,1.014103751727374
0x8eea2d8458fcad16bf50dec2b7de76e989d6e285,103,0.8823529411764706,0.72,1.0115515818180514
0x8eea2d8458fcad16bf50dec2b7de76e989d6e285,103,0.8921568627450981,0.7021000000000001,1.0090628616884187
0x8eea2d8458fcad16bf50dec2b7de76e989d6e285,103,0.9019607843137255,0.6682500000000001,1.008584329830421
0x8eea2d8458fcad16bf50dec2b7de76e989d6e285,103,0.9117647058823529,0.65,1.0062802875511712
0x8eea2d8458fcad16bf50dec2b7de76e989d6e285,103,0.9215686274509803,0.6391000000000001,1.0043307133148829
0x8eea2d8458fcad16bf50dec2b7de76e989d6e285,103,0.9313725490196079,0.5994,1.0022060318653718
0x8eea2d8458fcad16bf50dec2b7de76e989d6e285,103,0.9411764705882353,0.5642,1.0022060318653718
0x8eea2d8458fcad16bf50dec2b7de76e989d6e285,103,0.9509803921568627,0.5332500000000001,1.0017275000073738
0x8eea2d8458fcad16bf50dec2b7de76e989d6e285,103,0.9607843137254902,0.39825000000000005,1.001248968149376
0x8eea2d8458fcad16bf50dec2b7de76e989d6e285,103,0.9705882352941176,0.35000000000000003,1.001248968149376
0x8eea2d8458fcad16bf50dec2b7de76e989d6e285,103,0.9803921568627451,0.26325,1.0007943628842777
0x8eea2d8458fcad16bf50dec2b7de76e989d6e285,103,0.9901960784313726,0.135,1.0003158310262799
0x8eea2d8458fcad16bf50dec2b7de76e989d6e285,103,1.0,0.08910000000000001,1.000000000000001
0x919698b19427cbe6945b0dc823f2d9e126a4d934,384,0.0,2510.8317590642114,0.0
0x919698b19427cbe6945b0dc823f2d9e126a4d934,384,0.007832898172323759,1895.896492232,0.10510960565723929
0x919698b19427cbe6945b0dc823f2d9e126a4d934,384,0.015665796344647518,1362.746541624,0.10554812774039025
0x919698b19427cbe6945b0dc823f2d9e126a4d934,384,0.02349869451697128,1105.0157710739768,0.1301331456709632
0x919698b19427cbe6945b0dc823f2d9e126a4d934,384,0.031331592689295036,923.1919399999999,0.13032191984823413
0x919698b19427cbe6945b0dc823f2d9e126a4d934,384,0.0391644908616188,729.4685638031135,0.13032191984823413
0x919698b19427cbe6945b0dc823f2d9e126a4d934,384,0.04699738903394256,528.5016,0.13078379605698529
0x919698b19427cbe6945b0dc823f2d9e126a4d934,384,0.05483028720626632,493.07480111520005,0.15742223865175925
0x919698b19427cbe6945b0dc823f2d9e126a4d934,384,0.06266318537859007,412.14900748,0.24870098554441836
0x919698b19427cbe6945b0dc823f2d9e126a4d934,384,0.07049608355091384,397.93086,0.24870098554441836
0x919698b19427cbe6945b0dc823f2d9e126a4d934,384,0.0783289817232376,384.2169999999999,0.24870098554441836
0x919698b19427cbe6945b0dc823f2d9e126a4d934,384,0.08616187989556136,362.8607496998625,0.3031989519431043
0x919698b19427cbe6945b0dc823f2d9e126a4d934,384,0.09399477806788512,317.873,0.37135254801723355
0x919698b19427cbe6945b0dc823f2d9e126a4d934,384,0.10182767624020887,302.83097666564214,0.3938988912515024
0x919698b19427cbe6945b0dc823f2d9e126a4d934,384,0.10966057441253264,297.106809716,0.41076274402319396
0x919698b19427cbe6945b0dc823f2d9e126a4d934,384,0.1174934725848564,263.5512,0.2376008358438098
0x919698b19427cbe6945b0dc823f2d9e126a4d934,384,0.12532637075718014,242.25005,0.2380891352709444
0x919698b19427cbe6945b0dc823f2d9e126a4d934,384,0.13315926892950392,235.1341853101973,0.08903513557498842
0x919698b19427cbe6945b0dc823f2d9e126a4d934,384,0.1409921671018277,210.87833999999998,0.01216317824840287
0x919698b19427cbe6945b0dc823f2d9e126a4d934,384,0.14882506527415143,205.51387999999997,-0.10000688463234812
0x919698b19427cbe6945b0dc823f2d9e126a4d934,384,0.1566579634464752,204.42708,-0.10168625225528531
0x919698b19427cbe6945b0dc823f2d9e126a4d934,384,0.16449086161879894,203.87223999999995,-0.10455346527005616
0x919698b19427cbe6945b0dc823f2d9e126a4d934,384,0.17232375979112272,203.62627999999995,-0.10680627549594753
0x919698b19427cbe6945b0dc823f2d9e126a4d934,384,0.1801566579634465,203.2608,-0.10198879908314264
0x919698b19427cbe6945b0dc823f2d9e126a4d934,384,0.18798955613577023,203.03711999999996,-0.10551137507271822
0x919698b19427cbe6945b0dc823f2d9e126a4d934,384,0.195822454308094,196.62511908000002,-0.07198546289286217
0x919698b19427cbe6945b0dc823f2d9e126a4d934,384,0.20365535248041775,192.0,-0.07198546289286217
0x919698b19427cbe6945b0dc823f2d9e126a4d934,384,0.21148825065274152,177.81390000000002,-0.07191385417620955
0x919698b19427cbe6945b0dc823f2d9e126a4d934,384,0.2193211488250653,165.14249999999998,-0.07191385417620867
0x919698b19427cbe6945b0dc823f2d9e126a4d934,384,0.22715404699738903,124.94661000000002,-0.07191385417620856
0x919698b19427cbe6945b0dc823f2d9e126a4d934,384,0.2349869451697128,88.2043,-0.027245052815471866
0x919698b19427cbe6945b0dc823f2d9e126a4d934,384,0.24281984334203655,79.70988000000001,-0.04920028534116458
0x919698b19427cbe6945b0dc823f2d9e126a4d934,384,0.2506527415143603,70.990425,-0.04920028534116458
0x919698b19427cbe6945b0dc823f2d9e126a4d934,384,0.2584856396866841,65.68244999999997,-0.04966660679813937
0x919698b19427cbe6945b0dc823f2d9e126a4d934,384,0.26631853785900783,63.827400000000004,-0.1577477918491775
0x919698b19427cbe6945b0dc823f2d9e126a4d934,384,0.2741514360313316,58.71340000000001,-0.1470920604485023
0x919698b19427cbe6945b0dc823f2d9e126a4d934,384,0.2819843342036554,54.05680000000002,-0.1499793240186654
0x919698b19427cbe6945b0dc823f2d9e126a4d934,384,0.2898172323759791,53.061299999999996,-0.21773255575798997
0x919698b19427cbe6945b0dc823f2d9e126a4d934,384,0.29765013054830286,44.20159999999999,-0.2033136375152232
0x919698b19427cbe6945b0dc823f2d9e126a4d934,384,0.30548302872062666,39.864000000000004,-0.1303543804665367
0x919698b19427cbe6945b0dc823f2d9e126a4d934,384,0.3133159268929504,38.5637,-0.11531654996948665
0x919698b19427cbe6945b0dc823f2d9e126a4d934,384,0.32114882506527415,36.30188999999999,-0.3752697254659378
0x919698b19427cbe6945b0dc823f2d9e126a4d934,384,0.3289817232375979,32.123,-0.3752697254659378
0x919698b19427cbe6945b0dc823f2d9e126a4d934,384,0.3368146214099217,30.883200000000002,-0.3848953693670129
0x919698b19427cbe6945b0dc823f2d9e126a4d934,384,0.34464751958224543,29.203533884000002,-0.5374935445537417
0x919698b19427cbe6945b0dc823f2d9e126a4d934,384,0.3524804177545692,28.4868,-0.4201203363154474
0x919698b19427cbe6945b0dc823f2d9e126a4d934,384,0.360313315926893,27.44690000000001,-0.3651155327930718
0x919698b19427cbe6945b0dc823f2d9e126a4d934,384,0.3681462140992167,26.243,-0.36511553279306747
0x919698b19427cbe6945b0dc823f2d9e126a4d934,384,0.37597911227154046,24.657400000000003,-0.34478665146807685
0x919698b19427cbe6945b0dc823f2d9e126a4d934,384,0.3838120104438642,23.18,-0.4225966829828117
0x919698b19427cbe6945b0dc823f2d9e126a4d934,384,0.391644908616188,21.98,-0.4030475033366471
0x919698b19427cbe6945b0dc823f2d9e126a4d934,384,0.39947780678851175,19.999999000000003,-0.41271468008475043
0x919698b19427cbe6945b0dc823f2d9e126a4d934,384,0.4073107049608355,18.497999999999998,-0.5091919902973766
0x919698b19427cbe6945b0dc823f2d9e126a4d934,384,0.4151436031331593,16.192,-0.5091919902973766
0x919698b19427cbe6945b0dc823f2d9e126a4d934,384,0.42297650130548303,15.621644,-0.4483489702787538
0x919698b19427cbe6945b0dc823f2d9e126a4d934,384,0.4308093994778068,14.4572,-0.4828192309509736
0x919698b19427cbe6945b0dc823f2d9e126a4d934,384,0.4386422976501306,13.24735299999999,-0.4828192309509736
0x919698b19427cbe6945b0dc823f2d9e126a4d934,384,0.4464751958224543,12.829999999999998,-0.40974788719376853
0x919698b19427cbe6945b0dc823f2d9e126a4d934,384,0.45430809399477806,12.6,-0.33238660809842774
0x919698b19427cbe6945b0dc823f2d9e126a4d934,384,0.4621409921671018,12.12286666666667,-0.35430317191712807
0x919698b19427cbe6945b0dc823f2d9e126a4d934,384,0.4699738903394256,11.96,-0.2960593199006119
0x919698b19427cbe6945b0dc823f2d9e126a4d934,384,0.47780678851174935,10.4918,-0.180448479039293
0x919698b19427cbe6945b0dc823f2d9e126a4d934,384,0.4856396866840731,9.7786,0.2711934219420746
0x919698b19427cbe6945b0dc823f2d9e126a4d934,384,0.4934725848563969,9.417600000000002,0.4259942812530383
0x919698b19427cbe6945b0dc823f2d9e126a4d934,384,0.5013054830287206,9.134613565961539,0.4333821524837308
0x919698b19427cbe6945b0dc823f2d9e126a4d934,384,0.5091383812010444,8.929164359999994,0.4279773817446236
0x919698b19427cbe6945b0dc823f2d9e126a4d934,384,0.5169712793733682,8.770579329226559,0.3642941192944677
0x919698b19427cbe6945b0dc823f2d9e126a4d934,384,0.5248041775456919,8.31350147724271,0.37221118380830226
0x919698b19427cbe6945b0dc823f2d9e126a4d934,384,0.5326370757180157,8.05048812392427,0.43495474133932627
0x919698b19427cbe6945b0dc823f2d9e126a4d934,384,0.5404699738903395,7.840000000000001,0.3782499468836175
0x919698b19427cbe6945b0dc823f2d9e126a4d934,384,0.5483028720626631,7.250262326302982,0.37629593529885064
0x919698b19427cbe6945b0dc823f2d9e126a4d934,384,0.556135770234987,6.818400000000001,0.37629593529885064
0x919698b19427cbe6945b0dc823f2d9e126a4d934,384,0.5639686684073107,6.0,0.542129762067692
0x919698b19427cbe6945b0dc823f2d9e126a4d934,384,0.5718015665796344,5.739981264,0.5411286727552196
0x919698b19427cbe6945b0dc823f2d9e126a4d934,384,0.5796344647519582,5.6535,0.4889914402133459
0x919698b19427cbe6945b0dc823f2d9e126a4d934,384,0.587467362924282,5.5063,0.4805119001885749
0x919698b19427cbe6945b0dc823f2d9e126a4d934,384,0.5953002610966057,5.36398056,0.5241932173466719
0x919698b19427cbe6945b0dc823f2d9e126a4d934,384,0.6031331592689295,5.0,0.557401043607157
0x919698b19427cbe6945b0dc823f2d9e126a4d934,384,0.6109660574412533,4.8999999999999995,0.6137240490291607
0x919698b19427cbe6945b0dc823f2d9e126a4d934,384,0.618798955613577,4.756399999999999,0.6137240490291607
0x919698b19427cbe6945b0dc823f2d9e126a4d934,384,0.6266318537859008,4.666113956000004,0.6399685327926303
0x919698b19427cbe6945b0dc823f2d9e126a4d934,384,0.6344647519582245,4.32,0.7819922673641334
0x919698b19427cbe6945b0dc823f2d9e126a4d934,384,0.6422976501305483,3.9992,0.7333246920480813
0x919698b19427cbe6945b0dc823f2d9e126a4d934,384,0.6501305483028721,3.671061350000001,0.7338751625523883
0x919698b19427cbe6945b0dc823f2d9e126a4d934,384,0.6579634464751958,3.33,0.8065580099547955
0x919698b19427cbe6945b0dc823f2d9e126a4d934,384,0.6657963446475196,3.2,0.8132589239897267
0x919698b19427cbe6945b0dc823f2d9e126a4d934,384,0.6736292428198434,2.9206665800000002,0.7846154516504227
0x919698b19427cbe6945b0dc823f2d9e126a4d934,384,0.6814621409921671,2.71966,0.762645181383961
0x919698b19427cbe6945b0dc823f2d9e126a4d934,384,0.6892950391644909,2.5545,0.762645181383961
0x919698b19427cbe6945b0dc823f2d9e126a4d934,384,0.6971279373368147,2.4158901304022264,0.88069511840007
0x919698b19427cbe6945b0dc823f2d9e126a4d934,384,0.7049608355091384,2.210199999999999,0.9721577799644461
0x919698b19427cbe6945b0dc823f2d9e126a4d934,384,0.7127937336814621,2.1,1.0389655470018295
0x919698b19427cbe6945b0dc823f2d9e126a4d934,384,0.720626631853786,2.0328,1.0244089270806853
0x919698b19427cbe6945b0dc823f2d9e126a4d934,384,0.7284595300261096,1.9866599999999999,0.9957654547413813
0x919698b19427cbe6945b0dc823f2d9e126a4d934,384,0.7362924281984334,1.749608,0.9806602189184261
0x919698b19427cbe6945b0dc823f2d9e126a4d934,384,0.7441253263707572,1.6047856500000002,0.9663384899096458
0x919698b19427cbe6945b0dc823f2d9e126a4d934,384,0.7519582245430809,1.39868092,0.9851615643298246
0x919698b19427cbe6945b0dc823f2d9e126a4d934,384,0.7597911227154047,1.2,0.9744368700541953
0x919698b19427cbe6945b0dc823f2d9e126a4d934,384,0.7676240208877284,1.1273200000000005,0.9556229687106197
0x919698b19427cbe6945b0dc823f2d9e126a4d934,384,0.7754569190600522,1.0400000000000005,1.041266993827151
0x919698b19427cbe6945b0dc823f2d9e126a4d934,384,0.783289817232376,1.0000000000000009,1.0320161838658608
0x919698b19427cbe6945b0dc823f2d9e126a4d934,384,0.7911227154046997,0.9999990000000007,1.0176944476962089
0x919698b19427cbe6945b0dc823f2d9e126a4d934,384,0.7989556135770235,0.9999990000000003,1.0176944476962089
0x919698b19427cbe6945b0dc823f2d9e126a4d934,384,0.8067885117493473,0.9999990000000002,1.0341448229710228
0x919698b19427cbe6945b0dc823f2d9e126a4d934,384,0.814621409921671,0.999999,1.026983958466633
0x919698b19427cbe6945b0dc823f2d9e126a4d934,384,0.8224543080939948,0.9999989999999996,1.0126622294578527
0x919698b19427cbe6945b0dc823f2d9e126a4d934,384,0.8302872062663186,0.9999989999999993,1.0033531053873195
0x919698b19427cbe6945b0dc823f2d9e126a4d934,384,0.8381201044386423,0.9900520199999999,1.0030287838071714
0x919698b19427cbe6945b0dc823f2d9e126a4d934,384,0.8459530026109661,0.9269,0.9963713930286943
0x919698b19427cbe6945b0dc823f2d9e126a4d934,384,0.8537859007832899,0.8689500000000009,0.9833298416909996
0x919698b19427cbe6945b0dc823f2d9e126a4d934,384,0.8616187989556136,0.6738,0.9818276125095257
0x919698b19427cbe6945b0dc823f2d9e126a4d934,384,0.8694516971279374,0.599988996,0.9932428940868616
0x919698b19427cbe6945b0dc823f2d9e126a4d934,384,0.8772845953002611,0.47988000000000003,0.996209929652646
0x919698b19427cbe6945b0dc823f2d9e126a4d934,384,0.8851174934725848,0.429,0.9923917528807285
0x919698b19427cbe6945b0dc823f2d9e126a4d934,384,0.8929503916449086,0.4,0.9901443706010228
0x919698b19427cbe6945b0dc823f2d9e126a4d934,384,0.9007832898172323,0.371988996,1.0068836098839955
0x919698b19427cbe6945b0dc823f2d9e126a4d934,384,0.9086161879895561,0.34242,1.0067372416671574
0x919698b19427cbe6945b0dc823f2d9e126a4d934,384,0.9164490861618799,0.30798000000000003,1.0059148871651187
0x919698b19427cbe6945b0dc823f2d9e126a4d934,384,0.9242819843342036,0.23198,1.0050555825652872
0x919698b19427cbe6945b0dc823f2d9e126a4d934,384,0.9321148825065274,0.19407999999999997,1.0043543900118246
0x919698b19427cbe6945b0dc823f2d9e126a4d934,384,0.9399477806788512,0.16207999999999997,1.0014759200980545
0x919698b19427cbe6945b0dc823f2d9e126a4d934,384,0.9477806788511749,0.12,1.0009234660099513
0x919698b19427cbe6945b0dc823f2d9e126a4d934,384,0.9556135770234987,0.075,1.000637031143341
0x919698b19427cbe6945b0dc823f2d9e126a4d934,384,0.9634464751958225,0.03500000000000003,1.0001432174333045
0x919698b19427cbe6945b0dc823f2d9e126a4d934,384,0.9712793733681462,0.012760000000000002,0.9999999999999992
0x919698b19427cbe6945b0dc823f2d9e126a4d934,384,0.97911227154047,3.3395508580724707e-15,0.9999999999999992
0x919698b19427cbe6945b0dc823f2d9e126a4d934,384,0.9869451697127938,7.105427357601002e-16,0.9999999999999992
0x919698b19427cbe6945b0dc823f2d9e126a4d934,384,0.9947780678851175,2.531308496145356e-16,0.9999999999999992
0x919698b19427cbe6945b0dc823f2d9e126a4d934,384,1.0,3.552713678800504e-18,0.9999999999999992
0x923cab91dbbba0cefa969e9312bfdff2a199fa1d,174,0.0,1.8338,-0.06026401639428412
0x923cab91dbbba0cefa969e9312bfdff2a199fa1d,174,0.005780346820809248,1.4413448610498454,-0.08861156822202405
0x923cab91dbbba0cefa969e9312bfdff2a199fa1d,174,0.011560693641618497,1.4174637839999988,-0.13519356228750554
0x923cab91dbbba0cefa969e9312bfdff2a199fa1d,174,0.017341040462427744,1.315711608995472,-0.17767995674880838
0x923cab91dbbba0cefa969e9312bfdff2a199fa1d,174,0.023121387283236993,1.2695977600000006,-0.1855670567240664
0x923cab91dbbba0cefa969e9312bfdff2a199fa1d,174,0.028901734104046242,1.234228387495751,-0.19769938826100708
0x923cab91dbbba0cefa969e9312bfdff2a199fa1d,174,0.03468208092485549,1.2287279040000003,-0.19769938826100708
0x923cab91dbbba0cefa969e9312bfdff2a199fa1d,174,0.04046242774566474,1.1844000000000001,-0.2366222266389055
0x923cab91dbbba0cefa969e9312bfdff2a199fa1d,174,0.046242774566473986,1.178960794,-0.24170842023545003
0x923cab91dbbba0cefa969e9312bfdff2a199fa1d,174,0.05202312138728324,1.1717780801685118,-0.24450176856331401
0x923cab91dbbba0cefa969e9312bfdff2a199fa1d,174,0.057803468208092484,1.141585,-0.24450176856331401
0x923cab91dbbba0cefa969e9312bfdff2a199fa1d,174,0.06358381502890173,1.024190794,-0.25614542853095434
0x923cab91dbbba0cefa969e9312bfdff2a199fa1d,174,0.06936416184971098,0.9972000000000001,-0.25614542853095434
0x923cab91dbbba0cefa969e9312bfdff2a199fa1d,174,0.07514450867052024,0.9807977600000004,-0.2596026073534424
0x923cab91dbbba0cefa969e9312bfdff2a199fa1d,174,0.08092485549132948,0.9397266189323712,-0.26456655090037046
0x923cab91dbbba0cefa969e9312bfdff2a199fa1d,174,0.08670520231213873,0.9394938800000001,-0.27357099003879
0x923cab91dbbba0cefa969e9312bfdff2a199fa1d,174,0.09248554913294797,0.9359999999999999,-0.27357099003879
0x923cab91dbbba0cefa969e9312bfdff2a199fa1d,174,0.09826589595375723,0.9126,-0.288793092991038
0x923cab91dbbba0cefa969e9312bfdff2a199fa1d,174,0.10404624277456648,0.8755977600000006,-0.3045672929415541
0x923cab91dbbba0cefa969e9312bfdff2a199fa1d,174,0.10982658959537572,0.8683815680000002,-0.3045672929415547
0x923cab91dbbba0cefa969e9312bfdff2a199fa1d,174,0.11560693641618497,0.8616615680000003,-0.30456729294155527
0x923cab91dbbba0cefa969e9312bfdff2a199fa1d,174,0.12138728323699421,0.8544253727230484,-0.3147137184305591
0x923cab91dbbba0cefa969e9312bfdff2a199fa1d,174,0.12716763005780346,0.8504488181824267,-0.32822432068817614
0x923cab91dbbba0cefa969e9312bfdff2a199fa1d,174,0.1329479768786127,0.8104265021297845,-0.34241518210949845
0x923cab91dbbba0cefa969e9312bfdff2a199fa1d,174,0.13872832369942195,0.7792299245350167,-0.36801933766251116
0x923cab91dbbba0cefa969e9312bfdff2a199fa1d,174,0.14450867052023122,0.7761846729999999,-0.3688688440556796
0x923cab91dbbba0cefa969e9312bfdff2a199fa1d,174,0.15028901734104047,0.750334673,-0.37067811192708716
0x923cab91dbbba0cefa969e9312bfdff2a199fa1d,174,0.15606936416184972,0.7307790480000003,-0.37283523377032024
0x923cab91dbbba0cefa969e9312bfdff2a199fa1d,174,0.16184971098265896,0.729919,-0.37283523377032024
0x923cab91dbbba0cefa969e9312bfdff2a199fa1d,174,0.1676300578034682,0.7230000000000001,-0.37283523377032024
0x923cab91dbbba0cefa969e9312bfdff2a199fa1d,174,0.17341040462427745,0.695279673,-0.37283523377032024
0x923cab91dbbba0cefa969e9312bfdff2a199fa1d,174,0.1791907514450867,0.681502908,-0.37283523377032024
0x923cab91dbbba0cefa969e9312bfdff2a199fa1d,174,0.18497109826589594,0.6741,-0.37283523377032024
0x923cab91dbbba0cefa969e9312bfdff2a199fa1d,174,0.1907514450867052,0.6651390480000002,-0.3870320137257847
0x923cab91dbbba0cefa969e9312bfdff2a199fa1d,174,0.19653179190751446,0.620119944,-0.3870320137257847
0x923cab91dbbba0cefa969e9312bfdff2a199fa1d,174,0.2023121387283237,0.56779678813862,-0.4056905918630858
0x923cab91dbbba0cefa969e9312bfdff2a199fa1d,174,0.20809248554913296,0.5425998880000001,-0.41333253448077956
0x923cab91dbbba0cefa969e9312bfdff2a199fa1d,174,0.2138728323699422,0.5386746040000003,-0.4173199003324041
0x923cab91dbbba0cefa969e9312bfdff2a199fa1d,174,0.21965317919075145,0.456,-0.42081651465476855
0x923cab91dbbba0cefa969e9312bfdff2a199fa1d,174,0.2254335260115607,0.4214861442251491,-0.42081651465476916
0x923cab91dbbba0cefa969e9312bfdff2a199fa1d,174,0.23121387283236994,0.4007993279999999,-0.42423951604403115
0x923cab91dbbba0cefa969e9312bfdff2a199fa1d,174,0.23699421965317918,0.4,-0.42423951604403115
0x923cab91dbbba0cefa969e9312bfdff2a199fa1d,174,0.24277456647398843,0.390280616,-0.17267849055818224
0x923cab91dbbba0cefa969e9312bfdff2a199fa1d,174,0.24855491329479767,0.3864,-0.17267849055818224
0x923cab91dbbba0cefa969e9312bfdff2a199fa1d,174,0.2543352601156069,0.3816,-0.17267849055818224
0x923cab91dbbba0cefa969e9312bfdff2a199fa1d,174,0.26011560693641617,0.377594625,-0.17267849055818224
0x923cab91dbbba0cefa969e9312bfdff2a199fa1d,174,0.2658959537572254,0.37041270000000087,-0.1726784905581828
0x923cab91dbbba0cefa969e9312bfdff2a199fa1d,174,0.27167630057803466,0.35647099999999987,-0.18439316728851698
0x923cab91dbbba0cefa969e9312bfdff2a199fa1d,174,0.2774566473988439,0.33311446000000006,0.13766341503451954
0x923cab91dbbba0cefa969e9312bfdff2a199fa1d,174,0.2832369942196532,0.31594617600000036,0.137663415034519
0x923cab91dbbba0cefa969e9312bfdff2a199fa1d,174,0.28901734104046245,0.3033461760000003,0.13766341503451848
0x923cab91dbbba0cefa969e9312bfdff2a199fa1d,174,0.2947976878612717,0.28007,0.13766341503451848
0x923cab91dbbba0cefa969e9312bfdff2a199fa1d,174,0.30057803468208094,0.27350691600000004,0.13766341503451848
0x923cab91dbbba0cefa969e9312bfdff2a199fa1d,174,0.3063583815028902,0.2627714320000004,0.13766341503451796
0x923cab91dbbba0cefa969e9312bfdff2a199fa1d,174,0.31213872832369943,0.25090999999999997,0.13766341503451796
0x923cab91dbbba0cefa969e9312bfdff2a199fa1d,174,0.3179190751445087,0.23907111200000045,0.1309370332722854
0x923cab91dbbba0cefa969e9312bfdff2a199fa1d,174,0.3236994219653179,0.23579999999999998,0.1309370332722854
0x923cab91dbbba0cefa969e9312bfdff2a199fa1d,174,0.32947976878612717,0.22879971999999996,0.12890610502865646
0x923cab91dbbba0cefa969e9312bfdff2a199fa1d,174,0.3352601156069364,0.22166160388136302,0.12565786862967956
0x923cab91dbbba0cefa969e9312bfdff2a199fa1d,174,0.34104046242774566,0.2,0.12565786862967956
0x923cab91dbbba0cefa969e9312bfdff2a199fa1d,174,0.3468208092485549,0.2,0.12565786862967956
0x923cab91dbbba0cefa969e9312bfdff2a199fa1d,174,0.35260115606936415,0.2,0.12565786862967956
0x923cab91dbbba0cefa969e9312bfdff2a199fa1d,174,0.3583815028901734,0.19990400000000003,0.12444851330013999
0x923cab91dbbba0cefa969e9312bfdff2a199fa1d,174,0.36416184971098264,0.1998,0.12444851330013999
0x923cab91dbbba0cefa969e9312bfdff2a199fa1d,174,0.3699421965317919,0.19967168999999999,0.3366131888308301
0x923cab91dbbba0cefa969e9312bfdff2a199fa1d,174,0.37572254335260113,0.198,0.3366131888308301
0x923cab91dbbba0cefa969e9312bfdff2a199fa1d,174,0.3815028901734104,0.18180000000000002,0.3366131888308301
0x923cab91dbbba0cefa969e9312bfdff2a199fa1d,174,0.3872832369942196,0.18180000000000002,0.33063871059957206
0x923cab91dbbba0cefa969e9312bfdff2a199fa1d,174,0.3930635838150289,0.18180000000000002,0.33063871059957206
0x923cab91dbbba0cefa969e9312bfdff2a199fa1d,174,0.3988439306358382,0.18180000000000002,0.3246642323683141
0x923cab91dbbba0cefa969e9312bfdff2a199fa1d,174,0.4046242774566474,0.1818,0.3186897541370561
0x923cab91dbbba0cefa969e9312bfdff2a199fa1d,174,0.41040462427745666,0.1818,0.3186897541370561
0x923cab91dbbba0cefa969e9312bfdff2a199fa1d,174,0.4161849710982659,0.1818,0.3127152759057981
0x923cab91dbbba0cefa969e9312bfdff2a199fa1d,174,0.42196531791907516,0.1818,0.3093957927588707
0x923cab91dbbba0cefa969e9312bfdff2a199fa1d,174,0.4277456647398844,0.1818,0.3093957927588707
0x923cab91dbbba0cefa969e9312bfdff2a199fa1d,174,0.43352601156069365,0.17273000000000002,0.3093957927588707
0x923cab91dbbba0cefa969e9312bfdff2a199fa1d,174,0.4393063583815029,0.17270500000000003,0.3093957927588707
0x923cab91dbbba0cefa969e9312bfdff2a199fa1d,174,0.44508670520231214,0.17270500000000003,0.3093957927588707
0x923cab91dbbba0cefa969e9312bfdff2a199fa1d,174,0.4508670520231214,0.170670168,0.3093957927588707
0x923cab91dbbba0cefa969e9312bfdff2a199fa1d,174,0.45664739884393063,0.16926000000000002,0.3093957927588707
0x923cab91dbbba0cefa969e9312bfdff2a199fa1d,174,0.4624277456647399,0.1673391590000003,0.30939579275887036
0x923cab91dbbba0cefa969e9312bfdff2a199fa1d,174,0.4682080924855491,0.16602,0.3084099052619631
0x923cab91dbbba0cefa969e9312bfdff2a199fa1d,174,0.47398843930635837,0.16310400000000003,0.30304983211877773
0x923cab91dbbba0cefa969e9312bfdff2a199fa1d,174,0.4797687861271676,0.161385816,0.30200610588871857
0x923cab91dbbba0cefa969e9312bfdff2a199fa1d,174,0.48554913294797686,0.16128875429131928,0.3020061058887185
0x923cab91dbbba0cefa969e9312bfdff2a199fa1d,174,0.4913294797687861,0.1582806720000001,0.3020061058887185
0x923cab91dbbba0cefa969e9312bfdff2a199fa1d,174,0.49710982658959535,0.155029944,0.3020061058887185
0x923cab91dbbba0cefa969e9312bfdff2a199fa1d,174,0.5028901734104047,0.15479467300000002,0.3020061058887185
0x923cab91dbbba0cefa969e9312bfdff2a199fa1d,174,0.5086705202312138,0.15,0.3020061058887185
0x923cab91dbbba0cefa969e9312bfdff2a199fa1d,174,0.5144508670520231,0.1493055,0.2976221928191376
0x923cab91dbbba0cefa969e9312bfdff2a199fa1d,174,0.5202312138728323,0.14633818181818184,0.2976221928191376
0x923cab91dbbba0cefa969e9312bfdff2a199fa1d,174,0.5260115606936416,0.14082,0.2976221928191376
0x923cab91dbbba0cefa969e9312bfdff2a199fa1d,174,0.5317919075144508,0.13938,0.2976221928191376
0x923cab91dbbba0cefa969e9312bfdff2a199fa1d,174,0.5375722543352601,0.13809016800000004,0.509279750496831
0x923cab91dbbba0cefa969e9312bfdff2a199fa1d,174,0.5433526011560693,0.136412908,0.509279750496831
0x923cab91dbbba0cefa969e9312bfdff2a199fa1d,174,0.5491329479768786,0.13602,0.5048097365858535
0x923cab91dbbba0cefa969e9312bfdff2a199fa1d,174,0.5549132947976878,0.13488,0.5034623570067469
0x923cab91dbbba0cefa969e9312bfdff2a199fa1d,174,0.5606936416184971,0.13243999999999997,0.4998474361847537
0x923cab91dbbba0cefa969e9312bfdff2a199fa1d,174,0.5664739884393064,0.13130999999999998,0.4998474361847537
0x923cab91dbbba0cefa969e9312bfdff2a199fa1d,174,0.5722543352601156,0.12725000000000003,0.4998474361847537
0x923cab91dbbba0cefa969e9312bfdff2a199fa1d,174,0.5780346820809249,0.12345000000000002,0.4998474361847537
0x923cab91dbbba0cefa969e9312bfdff2a199fa1d,174,0.5838150289017341,0.11871016800000003,0.633853536943541
0x923cab91dbbba0cefa969e9312bfdff2a199fa1d,174,0.5895953757225434,0.11231999999999996,0.633853536943541
0x923cab91dbbba0cefa969e9312bfdff2a199fa1d,174,0.5953757225433526,0.11116,0.6324207137813691
0x923cab91dbbba0cefa969e9312bfdff2a199fa1d,174,0.6011560693641619,0.1099,0.6324207137813691
0x923cab91dbbba0cefa969e9312bfdff2a199fa1d,174,0.6069364161849711,0.10472000000000001,0.6289793091588315
0x923cab91dbbba0cefa969e9312bfdff2a199fa1d,174,0.6127167630057804,0.10099999999999999,0.6256601545859104
0x923cab91dbbba0cefa969e9312bfdff2a199fa1d,174,0.6184971098265896,0.1,0.6223738629295529
0x923cab91dbbba0cefa969e9312bfdff2a199fa1d,174,0.6242774566473989,0.09935298507462687,0.6223738629295529
0x923cab91dbbba0cefa969e9312bfdff2a199fa1d,174,0.630057803468208,0.09888999999999999,0.6191240491105809
0x923cab91dbbba0cefa969e9312bfdff2a199fa1d,174,0.6358381502890174,0.09703428399999998,0.6186113876121891
0x923cab91dbbba0cefa969e9312bfdff2a199fa1d,174,0.6416184971098265,0.09138945899999999,0.6181184438637355
0x923cab91dbbba0cefa969e9312bfdff2a199fa1d,174,0.6473988439306358,0.09112,0.6181184438637355
0x923cab91dbbba0cefa969e9312bfdff2a199fa1d,174,0.653179190751445,0.09045808303783782,0.6175489739151101
0x923cab91dbbba0cefa969e9312bfdff2a199fa1d,174,0.6589595375722543,0.086431423,0.6175489739151101
0x923cab91dbbba0cefa969e9312bfdff2a199fa1d,174,0.6647398843930635,0.08444999999999998,0.6154276726509313
0x923cab91dbbba0cefa969e9312bfdff2a199fa1d,174,0.6705202312138728,0.08305275000000001,0.6154276726509313
0x923cab91dbbba0cefa969e9312bfdff2a199fa1d,174,0.6763005780346821,0.08144,0.6154276726509313
0x923cab91dbbba0cefa969e9312bfdff2a199fa1d,174,0.6820809248554913,0.0803,0.6154276726509313
0x923cab91dbbba0cefa969e9312bfdff2a199fa1d,174,0.6878612716763006,0.07638945899999999,0.6149347289024777
0x923cab91dbbba0cefa969e9312bfdff2a199fa1d,174,0.6936416184971098,0.07573999999999999,0.6149347289024777
0x923cab91dbbba0cefa969e9312bfdff2a199fa1d,174,0.6994219653179191,0.07536,0.6124581795102466
0x923cab91dbbba0cefa969e9312bfdff2a199fa1d,174,0.7052023121387283,0.07,0.6124581795102466
0x923cab91dbbba0cefa969e9312bfdff2a199fa1d,174,0.7109826589595376,0.06744,0.6124581795102466
0x923cab91dbbba0cefa969e9312bfdff2a199fa1d,174,0.7167630057803468,0.06684000000000001,0.6124581795102466
0x923cab91dbbba0cefa969e9312bfdff2a199fa1d,174,0.7225433526011561,0.06300000000000001,0.6123463798736446
0x923cab91dbbba0cefa969e9312bfdff2a199fa1d,174,0.7283236994219653,0.061409792000000095,0.6123463798736446
0x923cab91dbbba0cefa969e9312bfdff2a199fa1d,174,0.7341040462427746,0.061389458999999987,0.6121856802116487
0x923cab91dbbba0cefa969e9312bfdff2a199fa1d,174,0.7398843930635838,0.06,0.6121856802116487
0x923cab91dbbba0cefa969e9312bfdff2a199fa1d,174,0.7456647398843931,0.06,0.6121856802116487
0x923cab91dbbba0cefa969e9312bfdff2a199fa1d,174,0.7514450867052023,0.057240000000000006,0.6121856802116487
0x923cab91dbbba0cefa969e9312bfdff2a199fa1d,174,0.7572254335260116,0.056499459,0.6116927364631951
0x923cab91dbbba0cefa969e9312bfdff2a199fa1d,174,0.7630057803468208,0.055575,0.7011842092762088
0x923cab91dbbba0cefa969e9312bfdff2a199fa1d,174,0.7687861271676301,0.0533365,0.7011842092762088
0x923cab91dbbba0cefa969e9312bfdff2a199fa1d,174,0.7745664739884393,0.051739999999999994,0.6994838819732095
0x923cab91dbbba0cefa969e9312bfdff2a199fa1d,174,0.7803468208092486,0.051229997,0.6994838819732095
0x923cab91dbbba0cefa969e9312bfdff2a199fa1d,174,0.7861271676300579,0.05101,0.6994838819732095
0x923cab91dbbba0cefa969e9312bfdff2a199fa1d,174,0.791907514450867,0.05005,0.6994838819732095
0x923cab91dbbba0cefa969e9312bfdff2a199fa1d,174,0.7976878612716763,0.05,0.6994838819732095
0x923cab91dbbba0cefa969e9312bfdff2a199fa1d,174,0.8034682080924855,0.047029997,0.6994838819732095
0x923cab91dbbba0cefa969e9312bfdff2a199fa1d,174,0.8092485549132948,0.04452,0.6980208249277992
0x923cab91dbbba0cefa969e9312bfdff2a199fa1d,174,0.815028901734104,0.041499459,0.6975278811793456
0x923cab91dbbba0cefa969e9312bfdff2a199fa1d,174,0.8208092485549133,0.0400055,0.6962133645168026
0x923cab91dbbba0cefa969e9312bfdff2a199fa1d,174,0.8265895953757225,0.04,0.6962133645168026
0x923cab91dbbba0cefa969e9312bfdff2a199fa1d,174,0.8323699421965318,0.037246000360236675,0.6962133645168026
0x923cab91dbbba0cefa969e9312bfdff2a199fa1d,174,0.838150289017341,0.036855000000000006,0.6962133645168026
0x923cab91dbbba0cefa969e9312bfdff2a199fa1d,174,0.8439306358381503,0.03439111200000044,0.6950868565999198
0x923cab91dbbba0cefa969e9312bfdff2a199fa1d,174,0.8497109826589595,0.03,0.6950868565999198
0x923cab91dbbba0cefa969e9312bfdff2a199fa1d,174,0.8554913294797688,0.028230168999545693,1.0034010160980817
0x923cab91dbbba0cefa969e9312bfdff2a199fa1d,174,0.861271676300578,0.02700000000000008,1.0025137173508654
0x923cab91dbbba0cefa969e9312bfdff2a199fa1d,174,0.8670520231213873,0.026499459,1.0020207736024116
0x923cab91dbbba0cefa969e9312bfdff2a199fa1d,174,0.8728323699421965,0.025249999999999998,1.0020207736024116
0x923cab91dbbba0cefa969e9312bfdff2a199fa1d,174,0.8786127167630058,0.025230000000000002,1.0020207736024116
0x923cab91dbbba0cefa969e9312bfdff2a199fa1d,174,0.884393063583815,0.023085500000000002,1.0020207736024116
0x923cab91dbbba0cefa969e9312bfdff2a199fa1d,174,0.8901734104046243,0.02118,1.0016402210286055
0x923cab91dbbba0cefa969e9312bfdff2a199fa1d,174,0.8959537572254336,0.02,1.0016402210286055
0x923cab91dbbba0cefa969e9312bfdff2a199fa1d,174,0.9017341040462428,0.018680000000000002,1.0010263417471978
0x923cab91dbbba0cefa969e9312bfdff2a199fa1d,174,0.9075144508670521,0.01862,1.0010263417471978
0x923cab91dbbba0cefa969e9312bfdff2a199fa1d,174,0.9132947976878613,0.013171,1.000593504273139
0x923cab91dbbba0cefa969e9312bfdff2a199fa1d,174,0.9190751445086706,0.011499459000000002,1.0003154839990112
0x923cab91dbbba0cefa969e9312bfdff2a199fa1d,174,0.9248554913294798,0.01,1.0003154839990112
0x923cab91dbbba0cefa969e9312bfdff2a199fa1d,174,0.930635838150289,0.01,1.0003154839990112
0x923cab91dbbba0cefa969e9312bfdff2a199fa1d,174,0.9364161849710982,0.01,1.0003154839990112
0x923cab91dbbba0cefa969e9312bfdff2a199fa1d,174,0.9421965317919075,0.00986400000000001,1.0003154839990112
0x923cab91dbbba0cefa969e9312bfdff2a199fa1d,174,0.9479768786127167,0.009600000000000001,1.0000000000000009
0x923cab91dbbba0cefa969e9312bfdff2a199fa1d,174,0.953757225433526,0.005,1.0000000000000009
0x923cab91dbbba0cefa969e9312bfdff2a199fa1d,174,0.9595375722543352,0.004063149999998394,0.9999999999999999
0x923cab91dbbba0cefa969e9312bfdff2a199fa1d,174,0.9653179190751445,0.00204,0.9999999999999999
0x923cab91dbbba0cefa969e9312bfdff2a199fa1d,174,0.9710982658959537,0.0018596799999939862,0.9999999999999999
0x923cab91dbbba0cefa969e9312bfdff2a199fa1d,174,0.976878612716763,0.0016639379999837303,0.9999999999999999
0x923cab91dbbba0cefa969e9312bfdff2a199fa1d,174,0.9826589595375722,0.00011899999999999999,0.9999999999999999
0x923cab91dbbba0cefa969e9312bfdff2a199fa1d,174,0.9884393063583815,5.3536000012577745e-05,0.9999999999999999
0x923cab91dbbba0cefa969e9312bfdff2a199fa1d,174,0.9942196531791907,3.5456082514429e-15,0.9999999999999999
0x923cab91dbbba0cefa969e9312bfdff2a199fa1d,174,1.0,1.616484723854228e-15,0.9999999999999999
0x9a2626d1b61d20792e4db19fd492b8cf369fc335,396,0.0,58.93,0.0
0x9a2626d1b61d20792e4db19fd492b8cf369fc335,396,0.007594936708860759,44.07999999999999,-0.08152329308447097
0x9a2626d1b61d20792e4db19fd492b8cf369fc335,396,0.015189873417721518,41.6325,-0.06110148960135238
0x9a2626d1b61d20792e4db19fd492b8cf369fc335,396,0.02278481012658228,36.68116205,-0.0853860571026454
0x9a2626d1b61d20792e4db19fd492b8cf369fc335,396,0.030379746835443037,35.034104,-0.08538605710264538
0x9a2626d1b61d20792e4db19fd492b8cf369fc335,396,0.0379746835443038,34.615100000000005,-0.07172598788316809
0x9a2626d1b61d20792e4db19fd492b8cf369fc335,396,0.04556962025316456,33.063887779999995,-0.07840424394602366
0x9a2626d1b61d20792e4db19fd492b8cf369fc335,396,0.053164556962025315,32.492799999999995,-0.08849406147191467
0x9a2626d1b61d20792e4db19fd492b8cf369fc335,396,0.060759493670886074,32.00765213200001,-0.059406970817864585
0x9a2626d1b61d20792e4db19fd492b8cf369fc335,396,0.06835443037974684,31.34948835000002,-0.01225317113406888
0x9a2626d1b61d20792e4db19fd492b8cf369fc335,396,0.0759493670886076,31.079399999999996,-0.05289187706201395
0x9a2626d1b61d20792e4db19fd492b8cf369fc335,396,0.08354430379746836,30.85575636,-0.05289187706201395
0x9a2626d1b61d20792e4db19fd492b8cf369fc335,396,0.09113924050632911,30.560000000000006,0.21006445541292446
0x9a2626d1b61d20792e4db19fd492b8cf369fc335,396,0.09873417721518987,30.225800000000003,0.1789270871567484
0x9a2626d1b61d20792e4db19fd492b8cf369fc335,396,0.10632911392405063,30.076799999999995,0.1789270871567484
0x9a2626d1b61d20792e4db19fd492b8cf369fc335,396,0.11392405063291139,29.7018,0.1789270871567484
0x9a2626d1b61d20792e4db19fd492b8cf369fc335,396,0.12151898734177215,29.311576765119412,0.17892708715674835
0x9a2626d1b61d20792e4db19fd492b8cf369fc335,396,0.1291139240506329,29.07088565587103,0.20862995725213743
0x9a2626d1b61d20792e4db19fd492b8cf369fc335,396,0.13670886075949368,28.85944,0.20862995725213737
0x9a2626d1b61d20792e4db19fd492b8cf369fc335,396,0.14430379746835442,28.38337056000001,0.20071394746947413
0x9a2626d1b61d20792e4db19fd492b8cf369fc335,396,0.1518987341772152,28.092599999999997,0.20071394746947413
0x9a2626d1b61d20792e4db19fd492b8cf369fc335,396,0.15949367088607594,27.831230840000003,0.27174630741075617
0x9a2626d1b61d20792e4db19fd492b8cf369fc335,396,0.1670886075949367,27.356699999999993,0.2717463074107561
0x9a2626d1b61d20792e4db19fd492b8cf369fc335,396,0.17468354430379746,26.925799999999995,0.24772128122463316
0x9a2626d1b61d20792e4db19fd492b8cf369fc335,396,0.18227848101265823,26.766000000000002,0.2001387067767871
0x9a2626d1b61d20792e4db19fd492b8cf369fc335,396,0.189873417721519,26.400000000000002,0.21379877599626443
0x9a2626d1b61d20792e4db19fd492b8cf369fc335,396,0.19746835443037974,26.080000000000002,0.25786331851090993
0x9a2626d1b61d20792e4db19fd492b8cf369fc335,396,0.20506329113924052,25.9521,0.23282744734005556
0x9a2626d1b61d20792e4db19fd492b8cf369fc335,396,0.21265822784810126,25.614000000000008,0.23153732969154936
0x9a2626d1b61d20792e4db19fd492b8cf369fc335,396,0.22025316455696203,25.135199999999998,0.2185602639330459
0x9a2626d1b61d20792e4db19fd492b8cf369fc335,396,0.22784810126582278,24.48,0.22637684391966986
0x9a2626d1b61d20792e4db19fd492b8cf369fc335,396,0.23544303797468355,24.355500000000003,0.2735306436034658
0x9a2626d1b61d20792e4db19fd492b8cf369fc335,396,0.2430379746835443,24.139999999999997,0.27353064360346663
0x9a2626d1b61d20792e4db19fd492b8cf369fc335,396,0.25063291139240507,23.793700000000005,0.5922655920579375
0x9a2626d1b61d20792e4db19fd492b8cf369fc335,396,0.2582278481012658,23.5375,0.5505264916650899
0x9a2626d1b61d20792e4db19fd492b8cf369fc335,396,0.26582278481012656,23.3266,0.5433170106881434
0x9a2626d1b61d20792e4db19fd492b8cf369fc335,396,0.27341772151898736,23.099999999999998,0.5510607097181704
0x9a2626d1b61d20792e4db19fd492b8cf369fc335,396,0.2810126582278481,22.950000000000003,0.5510607097181704
0x9a2626d1b61d20792e4db19fd492b8cf369fc335,396,0.28860759493670884,22.62361796800001,0.5510607097181704
0x9a2626d1b61d20792e4db19fd492b8cf369fc335,396,0.29620253164556964,22.119756359999997,0.5498586236152767
0x9a2626d1b61d20792e4db19fd492b8cf369fc335,396,0.3037974683544304,21.930000000000003,0.5498586236152767
0x9a2626d1b61d20792e4db19fd492b8cf369fc335,396,0.31139240506329113,21.465,0.5574475130147941
0x9a2626d1b61d20792e4db19fd492b8cf369fc335,396,0.3189873417721519,21.383399672493177,0.5650364024143114
0x9a2626d1b61d20792e4db19fd492b8cf369fc335,396,0.3265822784810127,21.016738080000007,0.5650364024143114
0x9a2626d1b61d20792e4db19fd492b8cf369fc335,396,0.3341772151898734,20.616799999999998,0.5980482363613816
0x9a2626d1b61d20792e4db19fd492b8cf369fc335,396,0.34177215189873417,20.400778172700008,0.6133824336582773
0x9a2626d1b61d20792e4db19fd492b8cf369fc335,396,0.3493670886075949,20.224310452492084,0.628560212457312
0x9a2626d1b61d20792e4db19fd492b8cf369fc335,396,0.3569620253164557,20.11674502265003,0.6385775889626679
0x9a2626d1b61d20792e4db19fd492b8cf369fc335,396,0.36455696202531646,20.0,0.6461664783621852
0x9a2626d1b61d20792e4db19fd492b8cf369fc335,396,0.3721518987341772,19.8168,0.6636968246379077
0x9a2626d1b61d20792e4db19fd492b8cf369fc335,396,0.379746835443038,19.54385268,0.697771055290668
0x9a2626d1b61d20792e4db19fd492b8cf369fc335,396,0.38734177215189874,19.462304158,0.697771055290668
0x9a2626d1b61d20792e4db19fd492b8cf369fc335,396,0.3949367088607595,19.206,0.6327339175955583
0x9a2626d1b61d20792e4db19fd492b8cf369fc335,396,0.40253164556962023,19.178004299999998,0.81549906828753
0x9a2626d1b61d20792e4db19fd492b8cf369fc335,396,0.41012658227848103,18.671130798568644,0.8236192129568475
0x9a2626d1b61d20792e4db19fd492b8cf369fc335,396,0.4177215189873418,18.347944799999997,0.8334847729706837
0x9a2626d1b61d20792e4db19fd492b8cf369fc335,396,0.4253164556962025,17.977500000000003,0.8353914909659025
0x9a2626d1b61d20792e4db19fd492b8cf369fc335,396,0.43291139240506327,17.235,0.8353914909659025
0x9a2626d1b61d20792e4db19fd492b8cf369fc335,396,0.44050632911392407,16.781805546,0.8360460359493357
0x9a2626d1b61d20792e4db19fd492b8cf369fc335,396,0.4481012658227848,16.65000000000001,0.8357007397452253
0x9a2626d1b61d20792e4db19fd492b8cf369fc335,396,0.45569620253164556,16.5768,0.866815341856257
0x9a2626d1b61d20792e4db19fd492b8cf369fc335,396,0.46329113924050636,15.84,0.8816896394507989
0x9a2626d1b61d20792e4db19fd492b8cf369fc335,396,0.4708860759493671,15.54,0.8816896394507989
0x9a2626d1b61d20792e4db19fd492b8cf369fc335,396,0.47848101265822784,15.178,0.9755779654160978
0x9a2626d1b61d20792e4db19fd492b8cf369fc335,396,0.4860759493670886,14.679809480000003,0.9755779654160978
0x9a2626d1b61d20792e4db19fd492b8cf369fc335,396,0.4936708860759494,14.300400000000003,0.9755779654160978
0x9a2626d1b61d20792e4db19fd492b8cf369fc335,396,0.5012658227848101,14.196,0.9755779654160978
0x9a2626d1b61d20792e4db19fd492b8cf369fc335,396,0.5088607594936709,14.064599594661361,0.9755779654160978
0x9a2626d1b61d20792e4db19fd492b8cf369fc335,396,0.5164556962025316,13.382773199999999,0.9559985328681804
0x9a2626d1b61d20792e4db19fd492b8cf369fc335,396,0.5240506329113924,13.076086859999998,1.044881273385008
0x9a2626d1b61d20792e4db19fd492b8cf369fc335,396,0.5316455696202531,12.90868778,1.0391895778768923
0x9a2626d1b61d20792e4db19fd492b8cf369fc335,396,0.5392405063291139,12.719999999999999,1.039189577876892
0x9a2626d1b61d20792e4db19fd492b8cf369fc335,396,0.5468354430379747,12.18,1.0357745605720228
0x9a2626d1b61d20792e4db19fd492b8cf369fc335,396,0.5544303797468354,12.013999999999998,1.0357745605720228
0x9a2626d1b61d20792e4db19fd492b8cf369fc335,396,0.5620253164556962,11.936498267333128,1.0195494345471094
0x9a2626d1b61d20792e4db19fd492b8cf369fc335,396,0.569620253164557,11.794199999999998,1.013857739038994
0x9a2626d1b61d20792e4db19fd492b8cf369fc335,396,0.5772151898734177,11.282399999999999,1.0138577390389942
0x9a2626d1b61d20792e4db19fd492b8cf369fc335,396,0.5848101265822785,11.133235400000002,1.0125340953460928
0x9a2626d1b61d20792e4db19fd492b8cf369fc335,396,0.5924050632911393,10.80434773600001,1.0068423998379774
0x9a2626d1b61d20792e4db19fd492b8cf369fc335,396,0.6,10.662796450031605,1.0068423998379774
0x9a2626d1b61d20792e4db19fd492b8cf369fc335,396,0.6075949367088608,10.206,1.0011507043298618
0x9a2626d1b61d20792e4db19fd492b8cf369fc335,396,0.6151898734177215,9.911035400000001,1.0011507043298618
0x9a2626d1b61d20792e4db19fd492b8cf369fc335,396,0.6227848101265823,9.714284,1.090396489897114
0x9a2626d1b61d20792e4db19fd492b8cf369fc335,396,0.6303797468354431,9.404347736000007,1.0847047943889985
0x9a2626d1b61d20792e4db19fd492b8cf369fc335,396,0.6379746835443038,9.1161,1.1096556697111082
0x9a2626d1b61d20792e4db19fd492b8cf369fc335,396,0.6455696202531646,8.840000000000002,1.098272278694877
0x9a2626d1b61d20792e4db19fd492b8cf369fc335,396,0.6531645569620254,8.688840001238106,1.107075419236241
0x9a2626d1b61d20792e4db19fd492b8cf369fc335,396,0.660759493670886,8.316799999999999,1.107075419236241
0x9a2626d1b61d20792e4db19fd492b8cf369fc335,396,0.6683544303797468,8.2,1.1032847500278362
0x9a2626d1b61d20792e4db19fd492b8cf369fc335,396,0.6759493670886076,7.853999999999997,1.1181590476223782
0x9a2626d1b61d20792e4db19fd492b8cf369fc335,396,0.6835443037974683,7.7368,1.0968382673949981
0x9a2626d1b61d20792e4db19fd492b8cf369fc335,396,0.6911392405063291,7.474283999999999,1.0968382673949981
0x9a2626d1b61d20792e4db19fd492b8cf369fc335,396,0.6987341772151898,7.36,1.0720558588562779
0x9a2626d1b61d20792e4db19fd492b8cf369fc335,396,0.7063291139240506,7.283808,1.0686408415514086
0x9a2626d1b61d20792e4db19fd492b8cf369fc335,396,0.7139240506329114,7.093331999999999,1.0686408415514086
0x9a2626d1b61d20792e4db19fd492b8cf369fc335,396,0.7215189873417721,7.000000000000001,1.0838186886507895
0x9a2626d1b61d20792e4db19fd492b8cf369fc335,396,0.7291139240506329,6.88725675,1.0804036713459202
0x9a2626d1b61d20792e4db19fd492b8cf369fc335,396,0.7367088607594937,6.582693839999999,1.038968128046839
0x9a2626d1b61d20792e4db19fd492b8cf369fc335,396,0.7443037974683544,6.3,1.0355531107419698
0x9a2626d1b61d20792e4db19fd492b8cf369fc335,396,0.7518987341772152,6.1409519999999995,1.0659088125296587
0x9a2626d1b61d20792e4db19fd492b8cf369fc335,396,0.759493670886076,5.920000000000001,1.0624937952247895
0x9a2626d1b61d20792e4db19fd492b8cf369fc335,396,0.7670886075949367,5.610729211200228,1.0537178154543902
0x9a2626d1b61d20792e4db19fd492b8cf369fc335,396,0.7746835443037975,5.53725675,1.0772764792169855
0x9a2626d1b61d20792e4db19fd492b8cf369fc335,396,0.7822784810126582,5.4,1.0368654411093652
0x9a2626d1b61d20792e4db19fd492b8cf369fc335,396,0.789873417721519,5.2669,1.0368654411093652
0x9a2626d1b61d20792e4db19fd492b8cf369fc335,396,0.7974683544303798,5.08725675,0.9986434060272361
0x9a2626d1b61d20792e4db19fd492b8cf369fc335,396,0.8050632911392405,4.808218270999966,1.0485026578307208
0x9a2626d1b61d20792e4db19fd492b8cf369fc335,396,0.8126582278481013,4.590000000000001,1.0450876405258516
0x9a2626d1b61d20792e4db19fd492b8cf369fc335,396,0.8202531645569621,4.4,1.0450876405258516
0x9a2626d1b61d20792e4db19fd492b8cf369fc335,396,0.8278481012658228,4.18725675,1.0416726232209823
0x9a2626d1b61d20792e4db19fd492b8cf369fc335,396,0.8354430379746836,3.859200000000001,1.0416726232209823
0x9a2626d1b61d20792e4db19fd492b8cf369fc335,396,0.8430379746835444,3.78,1.0416726232209823
0x9a2626d1b61d20792e4db19fd492b8cf369fc335,396,0.850632911392405,3.5294109999999996,1.038257605916113
0x9a2626d1b61d20792e4db19fd492b8cf369fc335,396,0.8582278481012658,3.3600000000000003,1.0231325457218277
0x9a2626d1b61d20792e4db19fd492b8cf369fc335,396,0.8658227848101265,2.9538119999999997,1.0197175284169584
0x9a2626d1b61d20792e4db19fd492b8cf369fc335,396,0.8734177215189873,2.7300000000000004,1.0146366504929192
0x9a2626d1b61d20792e4db19fd492b8cf369fc335,396,0.8810126582278481,2.47,1.0063073473970696
0x9a2626d1b61d20792e4db19fd492b8cf369fc335,396,0.8886075949367088,2.313600000000002,0.9980338075809333
0x9a2626d1b61d20792e4db19fd492b8cf369fc335,396,0.8962025316455696,2.0999999999999996,0.9980338075809333
0x9a2626d1b61d20792e4db19fd492b8cf369fc335,396,0.9037974683544304,2.0,0.9980338075809333
0x9a2626d1b61d20792e4db19fd492b8cf369fc335,396,0.9113924050632911,1.7999999999999998,0.9809966656933073
0x9a2626d1b61d20792e4db19fd492b8cf369fc335,396,0.9189873417721519,1.5199999999999996,0.9806551639628205
0x9a2626d1b61d20792e4db19fd492b8cf369fc335,396,0.9265822784810127,1.2800000000000002,0.9772401466579512
0x9a2626d1b61d20792e4db19fd492b8cf369fc335,396,0.9341772151898734,1.1900000000000004,0.9772401466579512
0x9a2626d1b61d20792e4db19fd492b8cf369fc335,396,0.9417721518987342,1.1,0.984829066413178
0x9a2626d1b61d20792e4db19fd492b8cf369fc335,396,0.9493670886075949,1.0,0.984829066413178
0x9a2626d1b61d20792e4db19fd492b8cf369fc335,396,0.9569620253164557,0.9000000000000002,0.984829066413178
0x9a2626d1b61d20792e4db19fd492b8cf369fc335,396,0.9645569620253165,0.841362,0.984829066413178
0x9a2626d1b61d20792e4db19fd492b8cf369fc335,396,0.9721518987341772,0.7000000000000002,0.992411080244775
0x9a2626d1b61d20792e4db19fd492b8cf369fc335,396,0.979746835443038,0.6007800000000001,0.992411080244775
0x9a2626d1b61d20792e4db19fd492b8cf369fc335,396,0.9873417721518988,0.36986300000000005,1.0000000000000018
0x9a2626d1b61d20792e4db19fd492b8cf369fc335,396,0.9949367088607595,0.08,1.0000000000000018
0x9a2626d1b61d20792e4db19fd492b8cf369fc335,396,1.0,0.04,1.0000000000000018
0x9be9889b723b32bfc8398039d875549746217017,303,0.0,188.32586509999996,0.0
0x9be9889b723b32bfc8398039d875549746217017,303,0.009933774834437087,169.01826509999998,0.0
0x9be9889b723b32bfc8398039d875549746217017,303,0.019867549668874173,140.8043546,2.0502973438772653e-18
0x9be9889b723b32bfc8398039d875549746217017,303,0.029801324503311258,87.40435460000002,2.733729791836353e-18
0x9be9889b723b32bfc8398039d875549746217017,303,0.039735099337748346,64.2616,-0.027598122987611638
0x9be9889b723b32bfc8398039d875549746217017,303,0.04966887417218543,48.01739376,0.036093547930658935
0x9be9889b723b32bfc8398039d875549746217017,303,0.059602649006622516,43.0,-0.08247548053049222
0x9be9889b723b32bfc8398039d875549746217017,303,0.0695364238410596,40.751699275,-0.08175724413336848
0x9be9889b723b32bfc8398039d875549746217017,303,0.07947019867549669,35.02190727065855,-0.11837873074416808
0x9be9889b723b32bfc8398039d875549746217017,303,0.08940397350993377,33.482617410064506,-0.12842354726451455
0x9be9889b723b32bfc8398039d875549746217017,303,0.09933774834437085,32.237156442142556,-0.009954521069707484
0x9be9889b723b32bfc8398039d875549746217017,303,0.10927152317880795,31.611156767999997,-0.0016475357645971888
0x9be9889b723b32bfc8398039d875549746217017,303,0.11920529801324503,31.108060000000005,-0.005369284565770563
0x9be9889b723b32bfc8398039d875549746217017,303,0.1291390728476821,30.6890548881151,-0.008097198407962304
0x9be9889b723b32bfc8398039d875549746217017,303,0.1390728476821192,28.791,-0.014190752949375761
0x9be9889b723b32bfc8398039d875549746217017,303,0.1490066225165563,27.793599999999998,-0.021579513746304207
0x9be9889b723b32bfc8398039d875549746217017,303,0.15894039735099338,26.17567869,0.13739241157923732
0x9be9889b723b32bfc8398039d875549746217017,303,0.16887417218543047,25.604901087000005,0.2958433300013681
0x9be9889b723b32bfc8398039d875549746217017,303,0.17880794701986755,24.681423950000003,0.27397868939210523
0x9be9889b723b32bfc8398039d875549746217017,303,0.18874172185430463,23.8035702,0.20300247545986083
0x9be9889b723b32bfc8398039d875549746217017,303,0.1986754966887417,22.36,0.2030024754598626
0x9be9889b723b32bfc8398039d875549746217017,303,0.20860927152317882,20.508573342000005,0.2826432962621153
0x9be9889b723b32bfc8398039d875549746217017,303,0.2185430463576159,18.4927,0.27819080050942346
0x9be9889b723b32bfc8398039d875549746217017,303,0.22847682119205298,17.150029441999997,0.3955709474625899
0x9be9889b723b32bfc8398039d875549746217017,303,0.23841059602649006,16.013572110000002,0.4210046545562085
0x9be9889b723b32bfc8398039d875549746217017,303,0.24834437086092714,15.5247,0.4254365692826517
0x9be9889b723b32bfc8398039d875549746217017,303,0.2582781456953642,15.0,0.4203387872747781
0x9be9889b723b32bfc8398039d875549746217017,303,0.2682119205298013,14.1,0.4022631537071281
0x9be9889b723b32bfc8398039d875549746217017,303,0.2781456953642384,13.3098,0.34976386867235376
0x9be9889b723b32bfc8398039d875549746217017,303,0.28807947019867547,12.53739000000001,0.3779707796711173
0x9be9889b723b32bfc8398039d875549746217017,303,0.2980132450331126,11.441770584,0.4122232782645265
0x9be9889b723b32bfc8398039d875549746217017,303,0.3079470198675497,11.0934,0.3610989779316047
0x9be9889b723b32bfc8398039d875549746217017,303,0.31788079470198677,10.858974602376378,0.3610989779316047
0x9be9889b723b32bfc8398039d875549746217017,303,0.32781456953642385,10.26868,0.3378126944579025
0x9be9889b723b32bfc8398039d875549746217017,303,0.33774834437086093,10.049276954375163,0.3635046346007676
0x9be9889b723b32bfc8398039d875549746217017,303,0.347682119205298,9.8921,0.5138474072670068
0x9be9889b723b32bfc8398039d875549746217017,303,0.3576158940397351,9.201,0.4762605773737557
0x9be9889b723b32bfc8398039d875549746217017,303,0.3675496688741722,9.07945,0.5718720749383422
0x9be9889b723b32bfc8398039d875549746217017,303,0.37748344370860926,8.5439824762252,0.5788673126179068
0x9be9889b723b32bfc8398039d875549746217017,303,0.38741721854304634,8.201,0.5754431420616746
0x9be9889b723b32bfc8398039d875549746217017,303,0.3973509933774834,7.972000000000001,0.5733445697085188
0x9be9889b723b32bfc8398039d875549746217017,303,0.40728476821192056,7.467,0.5600885876777529
0x9be9889b723b32bfc8398039d875549746217017,303,0.41721854304635764,7.154152002655001,0.5673254652993279
0x9be9889b723b32bfc8398039d875549746217017,303,0.4271523178807947,6.800000000000001,0.5611094939878636
0x9be9889b723b32bfc8398039d875549746217017,303,0.4370860927152318,6.325000000000001,0.5366892469431338
0x9be9889b723b32bfc8398039d875549746217017,303,0.4470198675496689,6.168666000000002,0.5316115657607828
0x9be9889b723b32bfc8398039d875549746217017,303,0.45695364238410596,6.009119999999999,0.5076099139480958
0x9be9889b723b32bfc8398039d875549746217017,303,0.46688741721854304,5.800000000000001,0.4939691936525848
0x9be9889b723b32bfc8398039d875549746217017,303,0.4768211920529801,5.683538399999999,0.48903125290560984
0x9be9889b723b32bfc8398039d875549746217017,303,0.4867549668874172,5.5154,0.4691026851969565
0x9be9889b723b32bfc8398039d875549746217017,303,0.4966887417218543,5.2479000000000005,0.4670740652555729
0x9be9889b723b32bfc8398039d875549746217017,303,0.5066225165562914,5.0379,0.4756193119727987
0x9be9889b723b32bfc8398039d875549746217017,303,0.5165562913907285,4.941,0.5273050778692184
0x9be9889b723b32bfc8398039d875549746217017,303,0.5264900662251656,4.7977599999999985,0.6031474827122594
0x9be9889b723b32bfc8398039d875549746217017,303,0.5364238410596026,4.4,0.5637642751515544
0x9be9889b723b32bfc8398039d875549746217017,303,0.5463576158940397,4.191,0.5534666335144238
0x9be9889b723b32bfc8398039d875549746217017,303,0.5562913907284768,4.015600000000004,0.5527671093967053
0x9be9889b723b32bfc8398039d875549746217017,303,0.5662251655629139,3.85,0.5558070628336599
0x9be9889b723b32bfc8398039d875549746217017,303,0.5761589403973509,3.7033182010243273,0.5553373323886119
0x9be9889b723b32bfc8398039d875549746217017,303,0.5860927152317881,3.575,0.5526742441605172
0x9be9889b723b32bfc8398039d875549746217017,303,0.5960264900662252,3.3063000000000002,0.5513901627075897
0x9be9889b723b32bfc8398039d875549746217017,303,0.6059602649006622,3.25,0.5524039450625146
0x9be9889b723b32bfc8398039d875549746217017,303,0.6158940397350994,3.12,0.5601686627691901
0x9be9889b723b32bfc8398039d875549746217017,303,0.6258278145695364,3.0000000000000004,0.5581068154322147
0x9be9889b723b32bfc8398039d875549746217017,303,0.6357615894039735,2.9995000000000025,0.5476139536664371
0x9be9889b723b32bfc8398039d875549746217017,303,0.6456953642384106,2.8772415976456487,0.6279748576002281
0x9be9889b723b32bfc8398039d875549746217017,303,0.6556291390728477,2.75,0.6183564009815986
0x9be9889b723b32bfc8398039d875549746217017,303,0.6655629139072847,2.6819450000000025,0.677688252682618
0x9be9889b723b32bfc8398039d875549746217017,303,0.6754966887417219,2.60492975,0.7231592008520911
0x9be9889b723b32bfc8398039d875549746217017,303,0.6854304635761589,2.55969984,0.7294414870484974
0x9be9889b723b32bfc8398039d875549746217017,303,0.695364238410596,2.4845919051304066,0.735703623452693
0x9be9889b723b32bfc8398039d875549746217017,303,0.7052980132450332,2.456758564,0.7415943160480006
0x9be9889b723b32bfc8398039d875549746217017,303,0.7152317880794702,2.352758564,0.7359981231062526
0x9be9889b723b32bfc8398039d875549746217017,303,0.7251655629139073,2.313202848,0.7359981231062526
0x9be9889b723b32bfc8398039d875549746217017,303,0.7350993377483444,2.2374,0.7481886599533213
0x9be9889b723b32bfc8398039d875549746217017,303,0.7450331125827815,2.1,0.7479088503062338
0x9be9889b723b32bfc8398039d875549746217017,303,0.7549668874172185,2.09,0.7664693237216591
0x9be9889b723b32bfc8398039d875549746217017,303,0.7649006622516556,2.0128,0.7629136426312958
0x9be9889b723b32bfc8398039d875549746217017,303,0.7748344370860927,1.7999999999999998,0.828668909696836
0x9be9889b723b32bfc8398039d875549746217017,303,0.7847682119205298,1.6597170042165006,0.828668909696836
0x9be9889b723b32bfc8398039d875549746217017,303,0.7947019867549668,1.5000000000000013,0.8217086447255368
0x9be9889b723b32bfc8398039d875549746217017,303,0.804635761589404,1.3099,0.8368456471088477
0x9be9889b723b32bfc8398039d875549746217017,303,0.8145695364238411,1.1993999999999998,0.8345828341986006
0x9be9889b723b32bfc8398039d875549746217017,303,0.8245033112582781,1.1177,0.8339854406020689
0x9be9889b723b32bfc8398039d875549746217017,303,0.8344370860927153,1.09978,0.8651142638405428
0x9be9889b723b32bfc8398039d875549746217017,303,0.8443708609271523,1.003605,0.8651142638405428
0x9be9889b723b32bfc8398039d875549746217017,303,0.8543046357615894,0.9540000000000002,0.8547822926218402
0x9be9889b723b32bfc8398039d875549746217017,303,0.8642384105960265,0.87138,0.8499269656958499
0x9be9889b723b32bfc8398039d875549746217017,303,0.8741721854304636,0.825,0.848845851171916
0x9be9889b723b32bfc8398039d875549746217017,303,0.8841059602649006,0.8037766666666672,0.9556023253492913
0x9be9889b723b32bfc8398039d875549746217017,303,0.8940397350993378,0.7755,0.9574210845577388
0x9be9889b723b32bfc8398039d875549746217017,303,0.9039735099337748,0.75,0.9567008545525536
0x9be9889b723b32bfc8398039d875549746217017,303,0.9139072847682119,0.66011,0.9702362544969009
0x9be9889b723b32bfc8398039d875549746217017,303,0.9238410596026491,0.6,0.9857656899102517
0x9be9889b723b32bfc8398039d875549746217017,303,0.9337748344370861,0.5159,0.9836671175570962
0x9be9889b723b32bfc8398039d875549746217017,303,0.9437086092715232,0.4343999999999998,0.9833491838455933
0x9be9889b723b32bfc8398039d875549746217017,303,0.9536423841059603,0.315,0.9811248475489337
0x9be9889b723b32bfc8398039d875549746217017,303,0.9635761589403974,0.07658052000000026,1.0002172722609155
0x9be9889b723b32bfc8398039d875549746217017,303,0.9735099337748344,0.0014399999999999999,0.9999948952227505
0x9be9889b723b32bfc8398039d875549746217017,303,0.9834437086092715,3.197442310920451e-15,0.9999999999999996
0x9be9889b723b32bfc8398039d875549746217017,303,0.9933774834437086,9.237055564881311e-17,0.9999999999999996
0x9be9889b723b32bfc8398039d875549746217017,303,1.0,7.105427357601008e-18,0.9999999999999996
0x9cb35555b913c805a62a2e34bce4ef14f0e81367,8851,0.0,68.600382428,0.009536566698493662
0x9cb35555b913c805a62a2e34bce4ef14f0e81367,8851,0.009943502824858758,40.441190920000004,0.11796451931478268
0x9cb35555b913c805a62a2e34bce4ef14f0e81367,8851,0.019887005649717515,29.587853950000003,0.07940026465299538
0x9cb35555b913c805a62a2e34bce4ef14f0e81367,8851,0.029830508474576273,27.785583878000025,0.17260764592832165
0x9cb35555b913c805a62a2e34bce4ef14f0e81367,8851,0.03977401129943503,25.89,0.11263874477916112
0x9cb35555b913c805a62a2e34bce4ef14f0e81367,8851,0.04971751412429379,24.0664032,-0.16059402377834112
0x9cb35555b913c805a62a2e34bce4ef14f0e81367,8851,0.059661016949152545,21.864675599999995,-0.039152328680074726
0x9cb35555b913c805a62a2e34bce4ef14f0e81367,8851,0.0696045197740113,20.05395205,0.030560839203885894
0x9cb35555b913c805a62a2e34bce4ef14f0e81367,8851,0.07954802259887006,18.571630660000004,0.027000198321222364
0x9cb35555b913c805a62a2e34bce4ef14f0e81367,8851,0.08949152542372882,17.169600000000006,-0.009125975963618083
0x9cb35555b913c805a62a2e34bce4ef14f0e81367,8851,0.09943502824858758,15.9,-0.06643351299931169
0x9cb35555b913c805a62a2e34bce4ef14f0e81367,8851,0.10937853107344633,14.609945520000002,0.019209141785712838
0x9cb35555b913c805a62a2e34bce4ef14f0e81367,8851,0.11932203389830509,13.63,-0.028990626538461302
0x9cb35555b913c805a62a2e34bce4ef14f0e81367,8851,0.12926553672316385,12.55998029627365,0.0031449418376054286
0x9cb35555b913c805a62a2e34bce4ef14f0e81367,8851,0.1392090395480226,11.295533749999999,0.06674525920845478
0x9cb35555b913c805a62a2e34bce4ef14f0e81367,8851,0.14915254237288136,10.3182,0.1930977232852161
0x9cb35555b913c805a62a2e34bce4ef14f0e81367,8851,0.15909604519774012,9.470405999999999,0.40516693518830016
0x9cb35555b913c805a62a2e34bce4ef14f0e81367,8851,0.16903954802259888,8.521033618,0.4564495885526566
0x9cb35555b913c805a62a2e34bce4ef14f0e81367,8851,0.17898305084745764,7.955299999999999,0.4912764204998905
0x9cb35555b913c805a62a2e34bce4ef14f0e81367,8851,0.1889265536723164,7.256793400000002,0.5393869474738742
0x9cb35555b913c805a62a2e34bce4ef14f0e81367,8851,0.19887005649717515,6.661365000000005,0.5813345617017495
0x9cb35555b913c805a62a2e34bce4ef14f0e81367,8851,0.2088135593220339,6.111111,0.5087667946530383
0x9cb35555b913c805a62a2e34bce4ef14f0e81367,8851,0.21875706214689267,5.618866859999999,0.5184721542550577
0x9cb35555b913c805a62a2e34bce4ef14f0e81367,8851,0.22870056497175142,5.216399999999998,0.5896710242946644
0x9cb35555b913c805a62a2e34bce4ef14f0e81367,8851,0.23864406779661018,4.831145443000002,0.6100993987625398
0x9cb35555b913c805a62a2e34bce4ef14f0e81367,8851,0.24858757062146894,4.5,0.6608006729396255
0x9cb35555b913c805a62a2e34bce4ef14f0e81367,8851,0.2585310734463277,4.2,0.5923364243852938
0x9cb35555b913c805a62a2e34bce4ef14f0e81367,8851,0.2684745762711864,3.9159343200000007,0.6783785542674701
0x9cb35555b913c805a62a2e34bce4ef14f0e81367,8851,0.2784180790960452,3.643018641229958,0.7190825355047616
0x9cb35555b913c805a62a2e34bce4ef14f0e81367,8851,0.28836158192090394,3.45,0.7739234628699683
0x9cb35555b913c805a62a2e34bce4ef14f0e81367,8851,0.2983050847457627,3.2370307669433074,0.7775934387917931
0x9cb35555b913c805a62a2e34bce4ef14f0e81367,8851,0.30824858757062146,3.0010268500000006,0.7122594730488565
0x9cb35555b913c805a62a2e34bce4ef14f0e81367,8851,0.31819209039548024,2.826,0.6685421131476593
0x9cb35555b913c805a62a2e34bce4ef14f0e81367,8851,0.328135593220339,2.6954815500000007,0.7252085699009934
0x9cb35555b913c805a62a2e34bce4ef14f0e81367,8851,0.33807909604519776,2.5509200079999994,0.7169079038787758
0x9cb35555b913c805a62a2e34bce4ef14f0e81367,8851,0.3480225988700565,2.4013088,0.6938252298688917
0x9cb35555b913c805a62a2e34bce4ef14f0e81367,8851,0.3579661016949153,2.2888983599999997,0.651354810364836
0x9cb35555b913c805a62a2e34bce4ef14f0e81367,8851,0.367909604519774,2.168776999999999,0.6306106448534731
0x9cb35555b913c805a62a2e34bce4ef14f0e81367,8851,0.3778531073446328,2.0932680299999995,0.6948943513961205
0x9cb35555b913c805a62a2e34bce4ef14f0e81367,8851,0.3877966101694915,1.9416696000000002,0.6777702606340308
0x9cb35555b913c805a62a2e34bce4ef14f0e81367,8851,0.3977401129943503,1.83,0.6942600299795696
0x9cb35555b913c805a62a2e34bce4ef14f0e81367,8851,0.40768361581920903,1.7947120200000015,0.7666956519262997
0x9cb35555b913c805a62a2e34bce4ef14f0e81367,8851,0.4176271186440678,1.702806011211204,0.7707221900480874
0x9cb35555b913c805a62a2e34bce4ef14f0e81367,8851,0.42757062146892655,1.5934731999999998,0.7103606012235943
0x9cb35555b913c805a62a2e34bce4ef14f0e81367,8851,0.43751412429378533,1.5050416500000001,0.7015315890542659
0x9cb35555b913c805a62a2e34bce4ef14f0e81367,8851,0.44745762711864406,1.4708173900000014,0.817467070439577
0x9cb35555b913c805a62a2e34bce4ef14f0e81367,8851,0.45740112994350285,1.3944879300000002,0.8047290539203958
0x9cb35555b913c805a62a2e34bce4ef14f0e81367,8851,0.4673446327683616,1.3206854399999994,0.9625190107073059
0x9cb35555b913c805a62a2e34bce4ef14f0e81367,8851,0.47728813559322036,1.259931393,0.9333898651200623
0x9cb35555b913c805a62a2e34bce4ef14f0e81367,8851,0.4872316384180791,1.2026776,0.9251248420290686
0x9cb35555b913c805a62a2e34bce4ef14f0e81367,8851,0.4971751412429379,1.1569955100000018,0.8950332417383814
0x9cb35555b913c805a62a2e34bce4ef14f0e81367,8851,0.5071186440677966,1.0841460500000004,0.8946853850567451
0x9cb35555b913c805a62a2e34bce4ef14f0e81367,8851,0.5170621468926554,1.04339712,0.8864629855931997
0x9cb35555b913c805a62a2e34bce4ef14f0e81367,8851,0.5270056497175142,0.9982669620000002,0.9054666510132818
0x9cb35555b913c805a62a2e34bce4ef14f0e81367,8851,0.5369491525423729,0.9518362840000001,0.9499045548206291
0x9cb35555b913c805a62a2e34bce4ef14f0e81367,8851,0.5468926553672316,0.9257232400000001,0.9754807168781073
0x9cb35555b913c805a62a2e34bce4ef14f0e81367,8851,0.5568361581920904,0.8753180100000003,0.9565858719902772
0x9cb35555b913c805a62a2e34bce4ef14f0e81367,8851,0.5667796610169491,0.8247274600000001,0.9506045754316923
0x9cb35555b913c805a62a2e34bce4ef14f0e81367,8851,0.5767231638418079,0.7799999999999999,0.9400661740025892
0x9cb35555b913c805a62a2e34bce4ef14f0e81367,8851,0.5866666666666667,0.7435210000000001,0.9183600579865489
0x9cb35555b913c805a62a2e34bce4ef14f0e81367,8851,0.5966101694915255,0.7025307000000003,0.8841574490010415
0x9cb35555b913c805a62a2e34bce4ef14f0e81367,8851,0.6065536723163841,0.6676358000000001,0.8628353783212724
0x9cb35555b913c805a62a2e34bce4ef14f0e81367,8851,0.6164971751412429,0.6407999999999999,0.8582612349514093
0x9cb35555b913c805a62a2e34bce4ef14f0e81367,8851,0.6264406779661017,0.6239003679999997,0.8928060831533599
0x9cb35555b913c805a62a2e34bce4ef14f0e81367,8851,0.6363841807909605,0.5979449600000004,0.8750395167964914
0x9cb35555b913c805a62a2e34bce4ef14f0e81367,8851,0.6463276836158192,0.55996664,0.8716178647757608
0x9cb35555b913c805a62a2e34bce4ef14f0e81367,8851,0.656271186440678,0.5253240210000001,0.866679702073762
0x9cb35555b913c805a62a2e34bce4ef14f0e81367,8851,0.6662146892655367,0.5007205000000001,0.8508520101836321
0x9cb35555b913c805a62a2e34bce4ef14f0e81367,8851,0.6761581920903955,0.47850661595988925,0.8578206522884495
0x9cb35555b913c805a62a2e34bce4ef14f0e81367,8851,0.6861016949152542,0.44972523,0.8546198138234986
0x9cb35555b913c805a62a2e34bce4ef14f0e81367,8851,0.696045197740113,0.42409634400000024,0.8558228075610667
0x9cb35555b913c805a62a2e34bce4ef14f0e81367,8851,0.7059887005649718,0.40054903200000086,0.8523881716145663
0x9cb35555b913c805a62a2e34bce4ef14f0e81367,8851,0.7159322033898305,0.38,0.8463296599466577
0x9cb35555b913c805a62a2e34bce4ef14f0e81367,8851,0.7258757062146892,0.359148684,0.9007350074802363
0x9cb35555b913c805a62a2e34bce4ef14f0e81367,8851,0.735819209039548,0.3391464309999999,0.9013331131370985
0x9cb35555b913c805a62a2e34bce4ef14f0e81367,8851,0.7457627118644068,0.328509137,0.8915596152275362
0x9cb35555b913c805a62a2e34bce4ef14f0e81367,8851,0.7557062146892656,0.3094099799999999,0.8805220498501017
0x9cb35555b913c805a62a2e34bce4ef14f0e81367,8851,0.7656497175141243,0.29347999999999996,0.9212804338224846
0x9cb35555b913c805a62a2e34bce4ef14f0e81367,8851,0.775593220338983,0.26964,0.9232914524041783
0x9cb35555b913c805a62a2e34bce4ef14f0e81367,8851,0.7855367231638418,0.24950000000000003,0.9243228176560772
0x9cb35555b913c805a62a2e34bce4ef14f0e81367,8851,0.7954802259887006,0.2277318299999991,0.9757304734906056
0x9cb35555b913c805a62a2e34bce4ef14f0e81367,8851,0.8054237288135593,0.21000000000000002,0.9730505819786001
0x9cb35555b913c805a62a2e34bce4ef14f0e81367,8851,0.8153672316384181,0.19538529999999998,0.9677993382043351
0x9cb35555b913c805a62a2e34bce4ef14f0e81367,8851,0.8253107344632769,0.179946,0.9731784163597867
0x9cb35555b913c805a62a2e34bce4ef14f0e81367,8851,0.8352542372881356,0.1600534630000001,0.9732111473401523
0x9cb35555b913c805a62a2e34bce4ef14f0e81367,8851,0.8451977401129943,0.14758000000000002,0.9710546783019834
0x9cb35555b913c805a62a2e34bce4ef14f0e81367,8851,0.8551412429378531,0.130053366,0.9775698206717334
0x9cb35555b913c805a62a2e34bce4ef14f0e81367,8851,0.8650847457627119,0.11503700003942637,0.977241326303608
0x9cb35555b913c805a62a2e34bce4ef14f0e81367,8851,0.8750282485875707,0.10353000000000007,0.9731293116365346
0x9cb35555b913c805a62a2e34bce4ef14f0e81367,8851,0.8849717514124293,0.08617699999999999,0.9701285200949167
0x9cb35555b913c805a62a2e34bce4ef14f0e81367,8851,0.8949152542372881,0.07367240799999998,0.985607014075321
0x9cb35555b913c805a62a2e34bce4ef14f0e81367,8851,0.9048587570621469,0.06455200500000058,0.9890905473476025
0x9cb35555b913c805a62a2e34bce4ef14f0e81367,8851,0.9148022598870057,0.05540463600000006,0.9870364687254234
0x9cb35555b913c805a62a2e34bce4ef14f0e81367,8851,0.9247457627118644,0.04472247999999297,0.9854851948304881
0x9cb35555b913c805a62a2e34bce4ef14f0e81367,8851,0.9346892655367232,0.03590541500000111,1.001391010600522
0x9cb35555b913c805a62a2e34bce4ef14f0e81367,8851,0.9446327683615819,0.027348185085060487,1.0010051675402152
0x9cb35555b913c805a62a2e34bce4ef14f0e81367,8851,0.9545762711864407,0.021152560000000625,1.000454689022869
0x9cb35555b913c805a62a2e34bce4ef14f0e81367,8851,0.9645197740112994,0.013580445999999982,1.0001256590240197
0x9cb35555b913c805a62a2e34bce4ef14f0e81367,8851,0.9744632768361582,0.007554199999999687,1.000065456107318
0x9cb35555b913c805a62a2e34bce4ef14f0e81367,8851,0.984406779661017,0.003867121999999229,1.0000495886411065
0x9cb35555b913c805a62a2e34bce4ef14f0e81367,8851,0.9943502824858758,0.0007205000000000348,1.0000113155081078
0x9cb35555b913c805a62a2e34bce4ef14f0e81367,8851,1.0,8.88178419700126e-19,0.999999999999999
0x9cefe51ca5380e8d66d25f9463900581a4ff8fa3,290,0.0,43.7331,1.6447813231739308e-16
0x9cefe51ca5380e8d66d25f9463900581a4ff8fa3,290,0.006920415224913495,25.899476141005213,0.043792089522787625
0x9cefe51ca5380e8d66d25f9463900581a4ff8fa3,290,0.01384083044982699,23.54153498103363,0.11230669311472743
0x9cefe51ca5380e8d66d25f9463900581a4ff8fa3,290,0.020761245674740483,21.8975714270555,0.12335998507973583
0x9cefe51ca5380e8d66d25f9463900581a4ff8fa3,290,0.02768166089965398,19.999998999999995,0.1493794234838066
0x9cefe51ca5380e8d66d25f9463900581a4ff8fa3,290,0.03460207612456748,18.24380739,0.12719620803650486
0x9cefe51ca5380e8d66d25f9463900581a4ff8fa3,290,0.04152249134948097,16.15328319693424,0.17697183940941288
0x9cefe51ca5380e8d66d25f9463900581a4ff8fa3,290,0.04844290657439446,15.018150146208583,0.16421663924373509
0x9cefe51ca5380e8d66d25f9463900581a4ff8fa3,290,0.05536332179930796,14.725386276683079,0.17166529020767826
0x9cefe51ca5380e8d66d25f9463900581a4ff8fa3,290,0.06228373702422145,14.239998919439994,0.14550583709146617
0x9cefe51ca5380e8d66d25f9463900581a4ff8fa3,290,0.06920415224913495,13.799996591999873,0.18151171640003796
0x9cefe51ca5380e8d66d25f9463900581a4ff8fa3,290,0.07612456747404844,13.14620739,0.19771802403585623
0x9cefe51ca5380e8d66d25f9463900581a4ff8fa3,290,0.08304498269896193,12.168266681102399,0.22227129687327968
0x9cefe51ca5380e8d66d25f9463900581a4ff8fa3,290,0.08996539792387544,11.240614800000001,0.22470841141893086
0x9cefe51ca5380e8d66d25f9463900581a4ff8fa3,290,0.09688581314878893,10.81999837260394,0.2282242491657952
0x9cefe51ca5380e8d66d25f9463900581a4ff8fa3,290,0.10380622837370242,10.384614800000001,0.28904021310804595
0x9cefe51ca5380e8d66d25f9463900581a4ff8fa3,290,0.11072664359861592,10.277359792920475,0.27334454856296597
0x9cefe51ca5380e8d66d25f9463900581a4ff8fa3,290,0.11764705882352941,10.05432588507461,0.2690639142048237
0x9cefe51ca5380e8d66d25f9463900581a4ff8fa3,290,0.1245674740484429,9.999999599999999,0.24646214279080306
0x9cefe51ca5380e8d66d25f9463900581a4ff8fa3,290,0.1314878892733564,9.999999,0.32829429119263825
0x9cefe51ca5380e8d66d25f9463900581a4ff8fa3,290,0.1384083044982699,9.999999,0.27597537972831904
0x9cefe51ca5380e8d66d25f9463900581a4ff8fa3,290,0.1453287197231834,9.999998999999999,0.28917302730132294
0x9cefe51ca5380e8d66d25f9463900581a4ff8fa3,290,0.1522491349480969,9.999998,0.39632204420646305
0x9cefe51ca5380e8d66d25f9463900581a4ff8fa3,290,0.15916955017301038,9.39782646,0.43903079731257216
0x9cefe51ca5380e8d66d25f9463900581a4ff8fa3,290,0.16608996539792387,9.19999654399968,0.42333513276749224
0x9cefe51ca5380e8d66d25f9463900581a4ff8fa3,290,0.17301038062283736,8.99999588999989,0.4344696707782381
0x9cefe51ca5380e8d66d25f9463900581a4ff8fa3,290,0.17993079584775087,8.25,0.4172044282684886
0x9cefe51ca5380e8d66d25f9463900581a4ff8fa3,290,0.18685121107266436,8.08281958,0.41996842094187437
0x9cefe51ca5380e8d66d25f9463900581a4ff8fa3,290,0.19377162629757785,7.999998879999982,0.37811329281679734
0x9cefe51ca5380e8d66d25f9463900581a4ff8fa3,290,0.20069204152249134,7.9973328000000015,0.3537117500696846
0x9cefe51ca5380e8d66d25f9463900581a4ff8fa3,290,0.20761245674740483,7.56191157494535,0.3337354459345707
0x9cefe51ca5380e8d66d25f9463900581a4ff8fa3,290,0.21453287197231835,7.2748528,0.3285035542649494
0x9cefe51ca5380e8d66d25f9463900581a4ff8fa3,290,0.22145328719723184,6.999996889999891,0.33488646324453253
0x9cefe51ca5380e8d66d25f9463900581a4ff8fa3,290,0.22837370242214533,6.999996629999946,0.33488646324453253
0x9cefe51ca5380e8d66d25f9463900581a4ff8fa3,290,0.23529411764705882,6.7625355549844235,0.3716666512181853
0x9cefe51ca5380e8d66d25f9463900581a4ff8fa3,290,0.2422145328719723,6.31855457969977,0.36219393159685487
0x9cefe51ca5380e8d66d25f9463900581a4ff8fa3,290,0.2491349480968858,6.0,0.3569620399272338
0x9cefe51ca5380e8d66d25f9463900581a4ff8fa3,290,0.2560553633217993,5.999999000000001,0.3327956843907727
0x9cefe51ca5380e8d66d25f9463900581a4ff8fa3,290,0.2629757785467128,5.999994689999483,0.327563797953043
0x9cefe51ca5380e8d66d25f9463900581a4ff8fa3,290,0.2698961937716263,5.8,0.32233190628342195
0x9cefe51ca5380e8d66d25f9463900581a4ff8fa3,290,0.2768166089965398,5.31855557969977,0.29774202066809446
0x9cefe51ca5380e8d66d25f9463900581a4ff8fa3,290,0.2837370242214533,5.255888000000001,0.29774202066809446
0x9cefe51ca5380e8d66d25f9463900581a4ff8fa3,290,0.2906574394463668,5.000123749988497,0.2978468730090454
0x9cefe51ca5380e8d66d25f9463900581a4ff8fa3,290,0.2975778546712803,5.000000000000001,0.27168741466093993
0x9cefe51ca5380e8d66d25f9463900581a4ff8fa3,290,0.3044982698961938,5.0,0.2455279563128345
0x9cefe51ca5380e8d66d25f9463900581a4ff8fa3,290,0.31141868512110726,5.0,0.24448419395904805
0x9cefe51ca5380e8d66d25f9463900581a4ff8fa3,290,0.31833910034602075,5.0,0.27331518699095375
0x9cefe51ca5380e8d66d25f9463900581a4ff8fa3,290,0.32525951557093424,4.999999000000001,0.26965286337889227
0x9cefe51ca5380e8d66d25f9463900581a4ff8fa3,290,0.33217993079584773,4.999999000000001,0.2838537122634096
0x9cefe51ca5380e8d66d25f9463900581a4ff8fa3,290,0.3391003460207612,4.999999,0.3019641093215781
0x9cefe51ca5380e8d66d25f9463900581a4ff8fa3,290,0.3460207612456747,4.999999,0.3673734832968787
0x9cefe51ca5380e8d66d25f9463900581a4ff8fa3,290,0.35294117647058826,4.999999,0.36737348329687847
0x9cefe51ca5380e8d66d25f9463900581a4ff8fa3,290,0.35986159169550175,4.999999,0.475279247568165
0x9cefe51ca5380e8d66d25f9463900581a4ff8fa3,290,0.36678200692041524,4.999998999999999,0.5074160876659839
0x9cefe51ca5380e8d66d25f9463900581a4ff8fa3,290,0.3737024221453287,4.999997614999958,0.4917204211567298
0x9cefe51ca5380e8d66d25f9463900581a4ff8fa3,290,0.3806228373702422,4.99912045,0.4927653348223686
0x9cefe51ca5380e8d66d25f9463900581a4ff8fa3,290,0.3875432525951557,4.809523520000001,0.4668779348410835
0x9cefe51ca5380e8d66d25f9463900581a4ff8fa3,290,0.3944636678200692,4.721322644945771,0.5124156659470068
0x9cefe51ca5380e8d66d25f9463900581a4ff8fa3,290,0.4013840830449827,4.64075,0.5124156659470068
0x9cefe51ca5380e8d66d25f9463900581a4ff8fa3,290,0.4083044982698962,4.34245889647133,0.4967199961700351
0x9cefe51ca5380e8d66d25f9463900581a4ff8fa3,290,0.41522491349480967,4.24441368,0.49671999617003504
0x9cefe51ca5380e8d66d25f9463900581a4ff8fa3,290,0.42214532871972316,4.15444695,0.6349465740814241
0x9cefe51ca5380e8d66d25f9463900581a4ff8fa3,290,0.4290657439446367,4.096664475481965,0.7231962759068332
0x9cefe51ca5380e8d66d25f9463900581a4ff8fa3,290,0.4359861591695502,4.0,0.7441238425853175
0x9cefe51ca5380e8d66d25f9463900581a4ff8fa3,290,0.4429065743944637,3.999999,0.7768567019460515
0x9cefe51ca5380e8d66d25f9463900581a4ff8fa3,290,0.44982698961937717,3.9711709920779046,0.8640963452295068
0x9cefe51ca5380e8d66d25f9463900581a4ff8fa3,290,0.45674740484429066,3.5000000000000004,0.849542268368246
0x9cefe51ca5380e8d66d25f9463900581a4ff8fa3,290,0.46366782006920415,3.384169783076923,0.8443103819305166
0x9cefe51ca5380e8d66d25f9463900581a4ff8fa3,290,0.47058823529411764,3.20114256,0.8226852314400465
0x9cefe51ca5380e8d66d25f9463900581a4ff8fa3,290,0.47750865051903113,3.181816449090949,0.8183333441033053
0x9cefe51ca5380e8d66d25f9463900581a4ff8fa3,290,0.4844290657439446,3.1,0.8170907706270201
0x9cefe51ca5380e8d66d25f9463900581a4ff8fa3,290,0.4913494809688581,3.0125972628387907,0.8108125058553665
0x9cefe51ca5380e8d66d25f9463900581a4ff8fa3,290,0.4982698961937716,2.9999999999999996,0.8107758826135232
0x9cefe51ca5380e8d66d25f9463900581a4ff8fa3,290,0.5051903114186851,2.999999,0.7793845447220846
0x9cefe51ca5380e8d66d25f9463900581a4ff8fa3,290,0.5121107266435986,2.9999989999999985,0.8596409532247187
0x9cefe51ca5380e8d66d25f9463900581a4ff8fa3,290,0.5190311418685121,2.999445680095909,0.8540186279934927
0x9cefe51ca5380e8d66d25f9463900581a4ff8fa3,290,0.5259515570934256,2.8499999999999996,0.8979665180183098
0x9cefe51ca5380e8d66d25f9463900581a4ff8fa3,290,0.532871972318339,2.79040512,0.8815781405523886
0x9cefe51ca5380e8d66d25f9463900581a4ff8fa3,290,0.5397923875432526,2.480988,0.8654890325218616
0x9cefe51ca5380e8d66d25f9463900581a4ff8fa3,290,0.5467128027681661,2.4011425600000003,0.8567660460340689
0x9cefe51ca5380e8d66d25f9463900581a4ff8fa3,290,0.5536332179930796,2.3998500000000003,0.8520581283151605
0x9cefe51ca5380e8d66d25f9463900581a4ff8fa3,290,0.5605536332179931,2.2882606606377025,0.8520581283151605
0x9cefe51ca5380e8d66d25f9463900581a4ff8fa3,290,0.5674740484429066,2.1940298507462686,0.8468262366455394
0x9cefe51ca5380e8d66d25f9463900581a4ff8fa3,290,0.5743944636678201,2.1,0.888158180835546
0x9cefe51ca5380e8d66d25f9463900581a4ff8fa3,290,0.5813148788927336,2.0549999999999997,0.8829262943978166
0x9cefe51ca5380e8d66d25f9463900581a4ff8fa3,290,0.5882352941176471,2.0007918892854994,0.8776944079600879
0x9cefe51ca5380e8d66d25f9463900581a4ff8fa3,290,0.5951557093425606,1.9999999999999998,0.8940440694276538
0x9cefe51ca5380e8d66d25f9463900581a4ff8fa3,290,0.6020761245674741,1.9999999999999987,0.9358992027846225
0x9cefe51ca5380e8d66d25f9463900581a4ff8fa3,290,0.6089965397923875,1.9999990000000003,0.9313604109280925
0x9cefe51ca5380e8d66d25f9463900581a4ff8fa3,290,0.615916955017301,1.9999989999999999,0.9625579821421596
0x9cefe51ca5380e8d66d25f9463900581a4ff8fa3,290,0.6228373702422145,1.9999989999999992,0.9964146256740699
0x9cefe51ca5380e8d66d25f9463900581a4ff8fa3,290,0.629757785467128,1.9999980000000004,1.0187190012686569
0x9cefe51ca5380e8d66d25f9463900581a4ff8fa3,290,0.6366782006920415,1.9411759999999996,1.0123099348209377
0x9cefe51ca5380e8d66d25f9463900581a4ff8fa3,290,0.643598615916955,1.7000000000000002,0.9984454218964418
0x9cefe51ca5380e8d66d25f9463900581a4ff8fa3,290,0.6505190311418685,1.6615383599999998,0.9966142598120744
0x9cefe51ca5380e8d66d25f9463900581a4ff8fa3,290,0.657439446366782,1.603228209,0.9831176011908697
0x9cefe51ca5380e8d66d25f9463900581a4ff8fa3,290,0.6643598615916955,1.6,0.970561061183779
0x9cefe51ca5380e8d66d25f9463900581a4ff8fa3,290,0.671280276816609,1.5721378252765237,0.9611436614103527
0x9cefe51ca5380e8d66d25f9463900581a4ff8fa3,290,0.6782006920415224,1.31173903,0.9540806076563643
0x9cefe51ca5380e8d66d25f9463900581a4ff8fa3,290,0.6851211072664359,1.232005016,0.9475198155026594
0x9cefe51ca5380e8d66d25f9463900581a4ff8fa3,290,0.6920415224913494,1.1843,0.9475198155026594
0x9cefe51ca5380e8d66d25f9463900581a4ff8fa3,290,0.698961937716263,1.0999999999999999,0.9475198155026594
0x9cefe51ca5380e8d66d25f9463900581a4ff8fa3,290,0.7058823529411765,1.01,0.9382436715724213
0x9cefe51ca5380e8d66d25f9463900581a4ff8fa3,290,0.71280276816609,1.0000000000000009,0.9911439089839353
0x9cefe51ca5380e8d66d25f9463900581a4ff8fa3,290,0.7197231833910035,0.9999999999999998,0.9859120173143142
0x9cefe51ca5380e8d66d25f9463900581a4ff8fa3,290,0.726643598615917,0.9999990000000012,0.9802322764779775
0x9cefe51ca5380e8d66d25f9463900581a4ff8fa3,290,0.7335640138408305,0.9999990000000005,0.97372625642165
0x9cefe51ca5380e8d66d25f9463900581a4ff8fa3,290,0.740484429065744,0.9999990000000004,0.97372625642165
0x9cefe51ca5380e8d66d25f9463900581a4ff8fa3,290,0.7474048442906575,0.9999990000000003,0.9632624835461912
0x9cefe51ca5380e8d66d25f9463900581a4ff8fa3,290,0.754325259515571,0.9999990000000003,0.9527987106707323
0x9cefe51ca5380e8d66d25f9463900581a4ff8fa3,290,0.7612456747404844,0.9999990000000002,0.9911659145039898
0x9cefe51ca5380e8d66d25f9463900581a4ff8fa3,290,0.7681660899653979,0.9999990000000002,0.9859340280662604
0x9cefe51ca5380e8d66d25f9463900581a4ff8fa3,290,0.7750865051903114,0.9999990000000002,1.0082384036608472
0x9cefe51ca5380e8d66d25f9463900581a4ff8fa3,290,0.7820069204152249,0.9999989999999999,0.9977746307853884
0x9cefe51ca5380e8d66d25f9463900581a4ff8fa3,290,0.7889273356401384,0.9999989999999999,0.9977746307853884
0x9cefe51ca5380e8d66d25f9463900581a4ff8fa3,290,0.7958477508650519,0.9999989999999996,0.9925427443476589
0x9cefe51ca5380e8d66d25f9463900581a4ff8fa3,290,0.8027681660899654,0.9999989999999924,0.9820789714722
0x9cefe51ca5380e8d66d25f9463900581a4ff8fa3,290,0.8096885813148789,0.9929999999999994,0.9803213828644367
0x9cefe51ca5380e8d66d25f9463900581a4ff8fa3,290,0.8166089965397924,0.8500000000000001,0.9712702102759924
0x9cefe51ca5380e8d66d25f9463900581a4ff8fa3,290,0.8235294117647058,0.80000456,0.9628991836045985
0x9cefe51ca5380e8d66d25f9463900581a4ff8fa3,290,0.8304498269896193,0.7238294136053601,0.9621395129341703
0x9cefe51ca5380e8d66d25f9463900581a4ff8fa3,290,0.8373702422145328,0.7000000000000001,0.9621395129341703
0x9cefe51ca5380e8d66d25f9463900581a4ff8fa3,290,0.8442906574394463,0.665,0.9621395129341703
0x9cefe51ca5380e8d66d25f9463900581a4ff8fa3,290,0.8512110726643599,0.6349912500000001,0.9605699454332847
0x9cefe51ca5380e8d66d25f9463900581a4ff8fa3,290,0.8581314878892734,0.5561520952326723,0.9602890784563967
0x9cefe51ca5380e8d66d25f9463900581a4ff8fa3,290,0.8650519031141869,0.45500000000000007,0.9701613441234714
0x9cefe51ca5380e8d66d25f9463900581a4ff8fa3,290,0.8719723183391004,0.44002105400000013,0.9675784448119502
0x9cefe51ca5380e8d66d25f9463900581a4ff8fa3,290,0.8788927335640139,0.39982,0.9654605750640877
0x9cefe51ca5380e8d66d25f9463900581a4ff8fa3,290,0.8858131487889274,0.376493,1.0054008151424083
0x9cefe51ca5380e8d66d25f9463900581a4ff8fa3,290,0.8927335640138409,0.37262,1.0054008151424083
0x9cefe51ca5380e8d66d25f9463900581a4ff8fa3,290,0.8996539792387543,0.34119,1.0051339886672583
0x9cefe51ca5380e8d66d25f9463900581a4ff8fa3,290,0.9065743944636678,0.33198,1.0022313351689527
0x9cefe51ca5380e8d66d25f9463900581a4ff8fa3,290,0.9134948096885813,0.27262000000000003,1.0022313351689527
0x9cefe51ca5380e8d66d25f9463900581a4ff8fa3,290,0.9204152249134948,0.247,1.0009390579265562
0x9cefe51ca5380e8d66d25f9463900581a4ff8fa3,290,0.9273356401384083,0.22262,1.0000017122150269
0x9cefe51ca5380e8d66d25f9463900581a4ff8fa3,290,0.9342560553633218,0.17500000000000002,1.0000017122150269
0x9cefe51ca5380e8d66d25f9463900581a4ff8fa3,290,0.9411764705882353,0.16100000000000003,1.0000017122150269
0x9cefe51ca5380e8d66d25f9463900581a4ff8fa3,290,0.9480968858131488,0.12232000000000001,1.0000017122150269
0x9cefe51ca5380e8d66d25f9463900581a4ff8fa3,290,0.9550173010380623,0.10500000000000001,1.0000017122150269
0x9cefe51ca5380e8d66d25f9463900581a4ff8fa3,290,0.9619377162629758,0.09899999999999999,1.0000017122150269
0x9cefe51ca5380e8d66d25f9463900581a4ff8fa3,290,0.9688581314878892,0.07635,1.0000017122150269
0x9cefe51ca5380e8d66d25f9463900581a4ff8fa3,290,0.9757785467128027,0.015228,1.0000017122150269
0x9cefe51ca5380e8d66d25f9463900581a4ff8fa3,290,0.9826989619377162,0.006471714999998198,1.000002723461208
0x9cefe51ca5380e8d66d25f9463900581a4ff8fa3,290,0.9896193771626297,0.0005205500000001263,0.9999999999999996
0x9cefe51ca5380e8d66d25f9463900581a4ff8fa3,290,0.9965397923875432,1.616484723854228e-15,0.9999999999999996
0x9cefe51ca5380e8d66d25f9463900581a4ff8fa3,290,1.0,3.4416913763379854e-16,0.9999999999999996
0x9e83dcf11f1457887cfec68efaec6ad6aeaa9394,293,0.0,24.96492264,0.24972909935989554
0x9e83dcf11f1457887cfec68efaec6ad6aeaa9394,293,0.00684931506849315,18.459999999999997,0.23795569585498832
0x9e83dcf11f1457887cfec68efaec6ad6aeaa9394,293,0.0136986301369863,14.26059272,0.37611398697796594
0x9e83dcf11f1457887cfec68efaec6ad6aeaa9394,293,0.02054794520547945,13.92,0.36714509059223055
0x9e83dcf11f1457887cfec68efaec6ad6aeaa9394,293,0.0273972602739726,12.84085684,0.3921580649144164
0x9e83dcf11f1457887cfec68efaec6ad6aeaa9394,293,0.03424657534246575,12.03942264,0.448904650740913
0x9e83dcf11f1457887cfec68efaec6ad6aeaa9394,293,0.0410958904109589,11.817128960000003,0.447000465358502
0x9e83dcf11f1457887cfec68efaec6ad6aeaa9394,293,0.04794520547945205,11.61,0.5097074102871446
0x9e83dcf11f1457887cfec68efaec6ad6aeaa9394,293,0.0547945205479452,11.440857716080933,0.5193731128762737
0x9e83dcf11f1457887cfec68efaec6ad6aeaa9394,293,0.06164383561643835,11.1962628,0.5193731128762737
0x9e83dcf11f1457887cfec68efaec6ad6aeaa9394,293,0.0684931506849315,10.799999999999995,0.5154321151778364
0x9e83dcf11f1457887cfec68efaec6ad6aeaa9394,293,0.07534246575342465,10.34,0.5459566649443339
0x9e83dcf11f1457887cfec68efaec6ad6aeaa9394,293,0.0821917808219178,9.57,0.5429172977156497
0x9e83dcf11f1457887cfec68efaec6ad6aeaa9394,293,0.08904109589041095,9.279897,0.5291601618384475
0x9e83dcf11f1457887cfec68efaec6ad6aeaa9394,293,0.0958904109589041,8.79440706841248,0.6563772966385696
0x9e83dcf11f1457887cfec68efaec6ad6aeaa9394,293,0.10273972602739725,8.40376194,0.6747007327586235
0x9e83dcf11f1457887cfec68efaec6ad6aeaa9394,293,0.1095890410958904,7.7700000000000005,0.6807258014842825
0x9e83dcf11f1457887cfec68efaec6ad6aeaa9394,293,0.11643835616438356,7.4,0.6807258014842825
0x9e83dcf11f1457887cfec68efaec6ad6aeaa9394,293,0.1232876712328767,7.15,0.6877061664114041
0x9e83dcf11f1457887cfec68efaec6ad6aeaa9394,293,0.13013698630136986,6.93,0.690760065887321
0x9e83dcf11f1457887cfec68efaec6ad6aeaa9394,293,0.136986301369863,6.84,0.7473301066508693
0x9e83dcf11f1457887cfec68efaec6ad6aeaa9394,293,0.14383561643835616,6.7025999999999994,0.7420142751675612
0x9e83dcf11f1457887cfec68efaec6ad6aeaa9394,293,0.1506849315068493,6.450524999999999,0.7366664896235363
0x9e83dcf11f1457887cfec68efaec6ad6aeaa9394,293,0.15753424657534246,6.262630999999998,0.7361238287828885
0x9e83dcf11f1457887cfec68efaec6ad6aeaa9394,293,0.1643835616438356,5.865390542389623,0.735123760625236
0x9e83dcf11f1457887cfec68efaec6ad6aeaa9394,293,0.17123287671232876,5.819299583025933,0.7351082583973111
0x9e83dcf11f1457887cfec68efaec6ad6aeaa9394,293,0.1780821917808219,5.759999999999999,0.7343532155910274
0x9e83dcf11f1457887cfec68efaec6ad6aeaa9394,293,0.18493150684931506,5.688904234000001,0.7320264272819869
0x9e83dcf11f1457887cfec68efaec6ad6aeaa9394,293,0.1917808219178082,5.558904234,0.7320264272819869
0x9e83dcf11f1457887cfec68efaec6ad6aeaa9394,293,0.19863013698630136,5.306314234,0.7443002283409623
0x9e83dcf11f1457887cfec68efaec6ad6aeaa9394,293,0.2054794520547945,5.293021646000001,0.7438752663416102
0x9e83dcf11f1457887cfec68efaec6ad6aeaa9394,293,0.21232876712328766,4.684748481000001,0.7433168066083439
0x9e83dcf11f1457887cfec68efaec6ad6aeaa9394,293,0.2191780821917808,4.540731507,0.7422130422212134
0x9e83dcf11f1457887cfec68efaec6ad6aeaa9394,293,0.22602739726027396,4.5,0.978134834330993
0x9e83dcf11f1457887cfec68efaec6ad6aeaa9394,293,0.2328767123287671,4.398328593454908,0.978134834330993
0x9e83dcf11f1457887cfec68efaec6ad6aeaa9394,293,0.23972602739726026,4.324993365,0.9731758667473505
0x9e83dcf11f1457887cfec68efaec6ad6aeaa9394,293,0.2465753424657534,4.287717203,0.9731758667473505
0x9e83dcf11f1457887cfec68efaec6ad6aeaa9394,293,0.2534246575342466,4.1208,0.9727675153991139
0x9e83dcf11f1457887cfec68efaec6ad6aeaa9394,293,0.2602739726027397,4.0200000000000005,0.9710224241673333
0x9e83dcf11f1457887cfec68efaec6ad6aeaa9394,293,0.2671232876712329,3.892731507,0.9707083077456129
0x9e83dcf11f1457887cfec68efaec6ad6aeaa9394,293,0.273972602739726,3.829852334050395,0.9779795124859084
0x9e83dcf11f1457887cfec68efaec6ad6aeaa9394,293,0.2808219178082192,3.7947,0.9779795124859084
0x9e83dcf11f1457887cfec68efaec6ad6aeaa9394,293,0.2876712328767123,3.7,1.0011259663114358
0x9e83dcf11f1457887cfec68efaec6ad6aeaa9394,293,0.2945205479452055,3.6547000000000005,1.0006547916788553
0x9e83dcf11f1457887cfec68efaec6ad6aeaa9394,293,0.3013698630136986,3.4547000000000003,1.0006547916788553
0x9e83dcf11f1457887cfec68efaec6ad6aeaa9394,293,0.3082191780821918,3.3347,1.0002621461517047
0x9e83dcf11f1457887cfec68efaec6ad6aeaa9394,293,0.3150684931506849,3.254895,0.999427934373206
0x9e83dcf11f1457887cfec68efaec6ad6aeaa9394,293,0.3219178082191781,3.187717489608538,0.9993470624827971
0x9e83dcf11f1457887cfec68efaec6ad6aeaa9394,293,0.3287671232876712,3.0771064846634726,0.9992661905923884
0x9e83dcf11f1457887cfec68efaec6ad6aeaa9394,293,0.3356164383561644,3.0214954846634727,0.9991853187019796
0x9e83dcf11f1457887cfec68efaec6ad6aeaa9394,293,0.3424657534246575,2.98186587,1.0020938040882803
0x9e83dcf11f1457887cfec68efaec6ad6aeaa9394,293,0.3493150684931507,2.9658842180000002,1.0020938040882803
0x9e83dcf11f1457887cfec68efaec6ad6aeaa9394,293,0.3561643835616438,2.899762488718426,1.0020938040882803
0x9e83dcf11f1457887cfec68efaec6ad6aeaa9394,293,0.363013698630137,2.8500000000000005,0.9979492124128018
0x9e83dcf11f1457887cfec68efaec6ad6aeaa9394,293,0.3698630136986301,2.837197,0.9979492124128018
0x9e83dcf11f1457887cfec68efaec6ad6aeaa9394,293,0.3767123287671233,2.731081989,0.9974853089936869
0x9e83dcf11f1457887cfec68efaec6ad6aeaa9394,293,0.3835616438356164,2.694771233,0.995522081357934
0x9e83dcf11f1457887cfec68efaec6ad6aeaa9394,293,0.3904109589041096,2.55,0.995522081357934
0x9e83dcf11f1457887cfec68efaec6ad6aeaa9394,293,0.3972602739726027,2.4872193810000005,0.9953820814138643
0x9e83dcf11f1457887cfec68efaec6ad6aeaa9394,293,0.4041095890410959,2.4120819890000003,0.9950446971090535
0x9e83dcf11f1457887cfec68efaec6ad6aeaa9394,293,0.410958904109589,2.4,0.9915327010050955
0x9e83dcf11f1457887cfec68efaec6ad6aeaa9394,293,0.4178082191780822,2.3444000000000003,0.9914672600839037
0x9e83dcf11f1457887cfec68efaec6ad6aeaa9394,293,0.4246575342465753,2.3309493810000004,0.9913193636020103
0x9e83dcf11f1457887cfec68efaec6ad6aeaa9394,293,0.4315068493150685,2.240949381,0.9912321090404214
0x9e83dcf11f1457887cfec68efaec6ad6aeaa9394,293,0.4383561643835616,2.180081989,0.9909290652225665
0x9e83dcf11f1457887cfec68efaec6ad6aeaa9394,293,0.4452054794520548,2.1605633820000003,0.9909290652225665
0x9e83dcf11f1457887cfec68efaec6ad6aeaa9394,293,0.4520547945205479,2.145045,0.9909290652225665
0x9e83dcf11f1457887cfec68efaec6ad6aeaa9394,293,0.4589041095890411,2.116793389034815,0.9909290652225665
0x9e83dcf11f1457887cfec68efaec6ad6aeaa9394,293,0.4657534246575342,1.91735,0.9908422003980192
0x9e83dcf11f1457887cfec68efaec6ad6aeaa9394,293,0.4726027397260274,1.809791,0.9908422003980193
0x9e83dcf11f1457887cfec68efaec6ad6aeaa9394,293,0.4794520547945205,1.743404,0.9908422003980193
0x9e83dcf11f1457887cfec68efaec6ad6aeaa9394,293,0.4863013698630137,1.665,0.9903013529980098
0x9e83dcf11f1457887cfec68efaec6ad6aeaa9394,293,0.4931506849315068,1.6584059999999998,0.9903013529980098
0x9e83dcf11f1457887cfec68efaec6ad6aeaa9394,293,0.5,1.6373879999999998,0.9903013529980098
0x9e83dcf11f1457887cfec68efaec6ad6aeaa9394,293,0.5068493150684932,1.607388,0.9903013529980098
0x9e83dcf11f1457887cfec68efaec6ad6aeaa9394,293,0.5136986301369864,1.574388,0.9903013529980098
0x9e83dcf11f1457887cfec68efaec6ad6aeaa9394,293,0.5205479452054794,1.554,0.989171406425432
0x9e83dcf11f1457887cfec68efaec6ad6aeaa9394,293,0.5273972602739726,1.5293879999999997,0.989171406425432
0x9e83dcf11f1457887cfec68efaec6ad6aeaa9394,293,0.5342465753424658,1.514988384,0.989171406425432
0x9e83dcf11f1457887cfec68efaec6ad6aeaa9394,293,0.541095890410959,1.499388,0.989171406425432
0x9e83dcf11f1457887cfec68efaec6ad6aeaa9394,293,0.547945205479452,1.481988384,0.989171406425432
0x9e83dcf11f1457887cfec68efaec6ad6aeaa9394,293,0.5547945205479452,1.4543879999999998,0.989171406425432
0x9e83dcf11f1457887cfec68efaec6ad6aeaa9394,293,0.5616438356164384,1.4000000000000001,0.9871354666550215
0x9e83dcf11f1457887cfec68efaec6ad6aeaa9394,293,0.5684931506849316,1.332,1.0079427711086166
0x9e83dcf11f1457887cfec68efaec6ad6aeaa9394,293,0.5753424657534246,1.2930899999999999,1.007724634704644
0x9e83dcf11f1457887cfec68efaec6ad6aeaa9394,293,0.5821917808219178,1.2209999999999999,1.007724634704644
0x9e83dcf11f1457887cfec68efaec6ad6aeaa9394,293,0.589041095890411,1.17,1.007724634704644
0x9e83dcf11f1457887cfec68efaec6ad6aeaa9394,293,0.5958904109589042,1.151958384,1.007724634704644
0x9e83dcf11f1457887cfec68efaec6ad6aeaa9394,293,0.6027397260273972,1.1277,1.007724634704644
0x9e83dcf11f1457887cfec68efaec6ad6aeaa9394,293,0.6095890410958904,1.1217899999999998,1.007724634704644
0x9e83dcf11f1457887cfec68efaec6ad6aeaa9394,293,0.6164383561643836,1.1,1.0076997671540364
0x9e83dcf11f1457887cfec68efaec6ad6aeaa9394,293,0.6232876712328768,1.0750540566223474,1.0076997671540364
0x9e83dcf11f1457887cfec68efaec6ad6aeaa9394,293,0.6301369863013698,1.0616999999999999,1.0076997671540364
0x9e83dcf11f1457887cfec68efaec6ad6aeaa9394,293,0.636986301369863,1.0467,1.0076997671540364
0x9e83dcf11f1457887cfec68efaec6ad6aeaa9394,293,0.6438356164383562,1.0312439999999998,1.0076997671540364
0x9e83dcf11f1457887cfec68efaec6ad6aeaa9394,293,0.6506849315068494,1.019208,1.0076997671540364
0x9e83dcf11f1457887cfec68efaec6ad6aeaa9394,293,0.6575342465753424,0.9836999999999999,1.0076997671540364
0x9e83dcf11f1457887cfec68efaec6ad6aeaa9394,293,0.6643835616438356,0.9031869999999999,1.0063863140587381
0x9e83dcf11f1457887cfec68efaec6ad6aeaa9394,293,0.6712328767123288,0.8936100000000001,1.0062007236062382
0x9e83dcf11f1457887cfec68efaec6ad6aeaa9394,293,0.678082191780822,0.8631900000000001,1.0049093560947207
0x9e83dcf11f1457887cfec68efaec6ad6aeaa9394,293,0.684931506849315,0.81,1.0036537629528999
0x9e83dcf11f1457887cfec68efaec6ad6aeaa9394,293,0.6917808219178082,0.7881900000000001,1.0036537629528999
0x9e83dcf11f1457887cfec68efaec6ad6aeaa9394,293,0.6986301369863014,0.772095022038113,1.0035218151506224
0x9e83dcf11f1457887cfec68efaec6ad6aeaa9394,293,0.7054794520547946,0.7434039999999998,1.0035218151506224
0x9e83dcf11f1457887cfec68efaec6ad6aeaa9394,293,0.7123287671232876,0.72819,1.0035218151506224
0x9e83dcf11f1457887cfec68efaec6ad6aeaa9394,293,0.7191780821917808,0.69819,1.0035218151506224
0x9e83dcf11f1457887cfec68efaec6ad6aeaa9394,293,0.726027397260274,0.683303,1.0035218151506224
0x9e83dcf11f1457887cfec68efaec6ad6aeaa9394,293,0.7328767123287672,0.6813619919999999,1.0034521860104744
0x9e83dcf11f1457887cfec68efaec6ad6aeaa9394,293,0.7397260273972602,0.664,1.0034521860104744
0x9e83dcf11f1457887cfec68efaec6ad6aeaa9394,293,0.7465753424657534,0.63,1.003033364114847
0x9e83dcf11f1457887cfec68efaec6ad6aeaa9394,293,0.7534246575342466,0.605,1.002153547285491
0x9e83dcf11f1457887cfec68efaec6ad6aeaa9394,293,0.7602739726027398,0.57819,1.002153547285491
0x9e83dcf11f1457887cfec68efaec6ad6aeaa9394,293,0.7671232876712328,0.56319,1.002153547285491
0x9e83dcf11f1457887cfec68efaec6ad6aeaa9394,293,0.773972602739726,0.48864,1.002153547285491
0x9e83dcf11f1457887cfec68efaec6ad6aeaa9394,293,0.7808219178082192,0.47316,1.002153547285491
0x9e83dcf11f1457887cfec68efaec6ad6aeaa9394,293,0.7876712328767124,0.45816,1.0017376338752502
0x9e83dcf11f1457887cfec68efaec6ad6aeaa9394,293,0.7945205479452054,0.44999999999999996,1.0017376338752502
0x9e83dcf11f1457887cfec68efaec6ad6aeaa9394,293,0.8013698630136986,0.44316,1.0017201829629325
0x9e83dcf11f1457887cfec68efaec6ad6aeaa9394,293,0.8082191780821918,0.43,1.0017201829629325
0x9e83dcf11f1457887cfec68efaec6ad6aeaa9394,293,0.815068493150685,0.41600000000000004,1.0017201829629325
0x9e83dcf11f1457887cfec68efaec6ad6aeaa9394,293,0.821917808219178,0.40759999999999996,1.0017201829629325
0x9e83dcf11f1457887cfec68efaec6ad6aeaa9394,293,0.8287671232876712,0.384,1.0017201829629325
0x9e83dcf11f1457887cfec68efaec6ad6aeaa9394,293,0.8356164383561644,0.38099,1.001166131039269
0x9e83dcf11f1457887cfec68efaec6ad6aeaa9394,293,0.8424657534246576,0.35316000000000003,1.001166131039269
0x9e83dcf11f1457887cfec68efaec6ad6aeaa9394,293,0.8493150684931506,0.32724000000000003,1.0007996618805952
0x9e83dcf11f1457887cfec68efaec6ad6aeaa9394,293,0.8561643835616438,0.20316,1.0007996618805952
0x9e83dcf11f1457887cfec68efaec6ad6aeaa9394,293,0.863013698630137,0.2,1.0007996618805952
0x9e83dcf11f1457887cfec68efaec6ad6aeaa9394,293,0.8698630136986302,0.1932,1.0007996618805952
0x9e83dcf11f1457887cfec68efaec6ad6aeaa9394,293,0.8767123287671232,0.18816,1.0007996618805952
0x9e83dcf11f1457887cfec68efaec6ad6aeaa9394,293,0.8835616438356164,0.16499999999999998,1.0006396951843488
0x9e83dcf11f1457887cfec68efaec6ad6aeaa9394,293,0.8904109589041096,0.15,1.0006396951843488
0x9e83dcf11f1457887cfec68efaec6ad6aeaa9394,293,0.8972602739726028,0.1216,1.0006396951843488
0x9e83dcf11f1457887cfec68efaec6ad6aeaa9394,293,0.9041095890410958,0.1015,1.0004651860611706
0x9e83dcf11f1457887cfec68efaec6ad6aeaa9394,293,0.910958904109589,0.1,1.0002159288635646
0x9e83dcf11f1457887cfec68efaec6ad6aeaa9394,293,0.9178082191780822,0.09986,1.0002159288635646
0x9e83dcf11f1457887cfec68efaec6ad6aeaa9394,293,0.9246575342465754,0.09179999999999999,1.0000799833481235
0x9e83dcf11f1457887cfec68efaec6ad6aeaa9394,293,0.9315068493150684,0.0718,1.0000799833481235
0x9e83dcf11f1457887cfec68efaec6ad6aeaa9394,293,0.9383561643835616,0.06816,1.0000799833481235
0x9e83dcf11f1457887cfec68efaec6ad6aeaa9394,293,0.9452054794520548,0.0618,1.0000799833481235
0x9e83dcf11f1457887cfec68efaec6ad6aeaa9394,293,0.952054794520548,0.054,1.0000000000000002
0x9e83dcf11f1457887cfec68efaec6ad6aeaa9394,293,0.958904109589041,0.051100000000000007,1.0000000000000002
0x9e83dcf11f1457887cfec68efaec6ad6aeaa9394,293,0.9657534246575342,0.049100000000000005,1.0000000000000002
0x9e83dcf11f1457887cfec68efaec6ad6aeaa9394,293,0.9726027397260274,0.03986,1.0000000000000002
0x9e83dcf11f1457887cfec68efaec6ad6aeaa9394,293,0.9794520547945206,0.032,1.0000000000000002
0x9e83dcf11f1457887cfec68efaec6ad6aeaa9394,293,0.9863013698630136,0.023160000000000004,1.0000000000000002
0x9e83dcf11f1457887cfec68efaec6ad6aeaa9394,293,0.9931506849315068,0.01,1.0000000000000002
0x9e83dcf11f1457887cfec68efaec6ad6aeaa9394,293,1.0,1.4196643860486802e-14,1.0000000000000002
0xaa2873c371b71d36d31ea67be7e8be97c072090b,1617,0.0,639.53935551,0.0025603932441221567
0xaa2873c371b71d36d31ea67be7e8be97c072090b,1617,0.009900990099009901,42.200537096282964,0.014914289031982369
0xaa2873c371b71d36d31ea67be7e8be97c072090b,1617,0.019801980198019802,8.04252824,0.0040174906867617875
0xaa2873c371b71d36d31ea67be7e8be97c072090b,1617,0.0297029702970297,6.1446000000000005,-0.03750868605110788
0xaa2873c371b71d36d31ea67be7e8be97c072090b,1617,0.039603960396039604,5.72404829327222,0.042862894423545496
0xaa2873c371b71d36d31ea67be7e8be97c072090b,1617,0.04950495049504951,5.44095275,0.031072978498243406
0xaa2873c371b71d36d31ea67be7e8be97c072090b,1617,0.0594059405940594,5.265105999999999,0.021830397819454266
0xaa2873c371b71d36d31ea67be7e8be97c072090b,1617,0.06930693069306931,4.862000000000001,0.021164322490109844
0xaa2873c371b71d36d31ea67be7e8be97c072090b,1617,0.07920792079207921,4.596706,-0.017573878883811567
0xaa2873c371b71d36d31ea67be7e8be97c072090b,1617,0.0891089108910891,4.4024044259999995,0.01705887793506635
0xaa2873c371b71d36d31ea67be7e8be97c072090b,1617,0.09900990099009901,4.1838,0.10331472246741549
0xaa2873c371b71d36d31ea67be7e8be97c072090b,1617,0.10891089108910891,4.026666779999999,0.194026773807574
0xaa2873c371b71d36d31ea67be7e8be97c072090b,1617,0.1188118811881188,4.0000305,0.21665026299182186
0xaa2873c371b71d36d31ea67be7e8be97c072090b,1617,0.12871287128712872,3.9995999999999996,0.20500866797596193
0xaa2873c371b71d36d31ea67be7e8be97c072090b,1617,0.13861386138613863,3.9986877599999993,0.26366408272578384
0xaa2873c371b71d36d31ea67be7e8be97c072090b,1617,0.1485148514851485,3.9951449200000004,0.2898996749037057
0xaa2873c371b71d36d31ea67be7e8be97c072090b,1617,0.15841584158415842,3.8560999999999996,0.285353879267581
0xaa2873c371b71d36d31ea67be7e8be97c072090b,1617,0.16831683168316833,3.677446152,0.2748897241628728
0xaa2873c371b71d36d31ea67be7e8be97c072090b,1617,0.1782178217821782,3.4686,0.26934074849664713
0xaa2873c371b71d36d31ea67be7e8be97c072090b,1617,0.18811881188118812,3.2509252400000004,0.24597803946558053
0xaa2873c371b71d36d31ea67be7e8be97c072090b,1617,0.19801980198019803,3.129,0.24469167229580105
0xaa2873c371b71d36d31ea67be7e8be97c072090b,1617,0.2079207920792079,3.0432519,0.21049549078407376
0xaa2873c371b71d36d31ea67be7e8be97c072090b,1617,0.21782178217821782,3.0003195660000004,0.40195401276292414
0xaa2873c371b71d36d31ea67be7e8be97c072090b,1617,0.22772277227722773,3.0000352799999996,0.37355065622092276
0xaa2873c371b71d36d31ea67be7e8be97c072090b,1617,0.2376237623762376,3.0,0.35131528921305655
0xaa2873c371b71d36d31ea67be7e8be97c072090b,1617,0.24752475247524752,3.0,0.3935656759011647
0xaa2873c371b71d36d31ea67be7e8be97c072090b,1617,0.25742574257425743,2.9999109959999997,0.47377045121010125
0xaa2873c371b71d36d31ea67be7e8be97c072090b,1617,0.26732673267326734,2.9997,0.5059402258151596
0xaa2873c371b71d36d31ea67be7e8be97c072090b,1617,0.27722772277227725,2.9991000000000003,0.6875444786009773
0xaa2873c371b71d36d31ea67be7e8be97c072090b,1617,0.2871287128712871,2.9724336399999998,0.759763441076439
0xaa2873c371b71d36d31ea67be7e8be97c072090b,1617,0.297029702970297,2.83714809,0.7575647665100311
0xaa2873c371b71d36d31ea67be7e8be97c072090b,1617,0.3069306930693069,2.7629500036223344,0.7426744569431977
0xaa2873c371b71d36d31ea67be7e8be97c072090b,1617,0.31683168316831684,2.698634,0.768084531038793
0xaa2873c371b71d36d31ea67be7e8be97c072090b,1617,0.32673267326732675,2.6006091408847443,0.7683493415389187
0xaa2873c371b71d36d31ea67be7e8be97c072090b,1617,0.33663366336633666,2.5121362200000004,0.7542235898301177
0xaa2873c371b71d36d31ea67be7e8be97c072090b,1617,0.3465346534653465,2.4253408000000003,0.7296065060992731
0xaa2873c371b71d36d31ea67be7e8be97c072090b,1617,0.3564356435643564,2.333683614,0.7387021070460488
0xaa2873c371b71d36d31ea67be7e8be97c072090b,1617,0.36633663366336633,2.25,0.8705881788553556
0xaa2873c371b71d36d31ea67be7e8be97c072090b,1617,0.37623762376237624,2.20455,0.9149076109775215
0xaa2873c371b71d36d31ea67be7e8be97c072090b,1617,0.38613861386138615,2.16546,0.9034988351737959
0xaa2873c371b71d36d31ea67be7e8be97c072090b,1617,0.39603960396039606,2.09952,0.977269700965067
0xaa2873c371b71d36d31ea67be7e8be97c072090b,1617,0.40594059405940597,2.04752975,0.9728959932716085
0xaa2873c371b71d36d31ea67be7e8be97c072090b,1617,0.4158415841584158,2.000002664,0.9539326564553094
0xaa2873c371b71d36d31ea67be7e8be97c072090b,1617,0.42574257425742573,1.9993615999999999,0.9309352042912565
0xaa2873c371b71d36d31ea67be7e8be97c072090b,1617,0.43564356435643564,1.9477082803239072,0.9449348237135123
0xaa2873c371b71d36d31ea67be7e8be97c072090b,1617,0.44554455445544555,1.87575,0.9474831331078966
0xaa2873c371b71d36d31ea67be7e8be97c072090b,1617,0.45544554455445546,1.8326,0.9531582594725178
0xaa2873c371b71d36d31ea67be7e8be97c072090b,1617,0.46534653465346537,1.7896371450000006,0.9506329801928863
0xaa2873c371b71d36d31ea67be7e8be97c072090b,1617,0.4752475247524752,1.721463,0.9419511439151472
0xaa2873c371b71d36d31ea67be7e8be97c072090b,1617,0.48514851485148514,1.6626130399999999,0.9357013702842916
0xaa2873c371b71d36d31ea67be7e8be97c072090b,1617,0.49504950495049505,1.5648399999999998,0.9576475980910532
0xaa2873c371b71d36d31ea67be7e8be97c072090b,1617,0.504950495049505,1.4717752000000002,0.9681146466120982
0xaa2873c371b71d36d31ea67be7e8be97c072090b,1617,0.5148514851485149,1.397226,0.9667971414027657
0xaa2873c371b71d36d31ea67be7e8be97c072090b,1617,0.5247524752475248,1.325639923782136,0.9601050842246114
0xaa2873c371b71d36d31ea67be7e8be97c072090b,1617,0.5346534653465347,1.2589747199999997,0.966637303684463
0xaa2873c371b71d36d31ea67be7e8be97c072090b,1617,0.5445544554455446,1.1796399999999998,0.9629925564844372
0xaa2873c371b71d36d31ea67be7e8be97c072090b,1617,0.5544554455445545,1.109878268,0.9846504958824478
0xaa2873c371b71d36d31ea67be7e8be97c072090b,1617,0.5643564356435643,1.0504,1.0120939026292017
0xaa2873c371b71d36d31ea67be7e8be97c072090b,1617,0.5742574257425742,1.002,1.008864694434964
0xaa2873c371b71d36d31ea67be7e8be97c072090b,1617,0.5841584158415841,0.9500212400000001,1.0085075159026484
0xaa2873c371b71d36d31ea67be7e8be97c072090b,1617,0.594059405940594,0.8838140849999999,1.0085075159026484
0xaa2873c371b71d36d31ea67be7e8be97c072090b,1617,0.6039603960396039,0.849838268,1.0085075159026484
0xaa2873c371b71d36d31ea67be7e8be97c072090b,1617,0.6138613861386139,0.8028,0.9962605295485197
0xaa2873c371b71d36d31ea67be7e8be97c072090b,1617,0.6237623762376238,0.7619,1.0112943137482344
0xaa2873c371b71d36d31ea67be7e8be97c072090b,1617,0.6336633663366337,0.7245212499999999,1.0083570415916918
0xaa2873c371b71d36d31ea67be7e8be97c072090b,1617,0.6435643564356436,0.677940669,1.0004483892081082
0xaa2873c371b71d36d31ea67be7e8be97c072090b,1617,0.6534653465346535,0.6430259999999999,0.9968899784675764
0xaa2873c371b71d36d31ea67be7e8be97c072090b,1617,0.6633663366336634,0.6205260000000001,0.9936804084895209
0xaa2873c371b71d36d31ea67be7e8be97c072090b,1617,0.6732673267326733,0.587301,0.9908561442267082
0xaa2873c371b71d36d31ea67be7e8be97c072090b,1617,0.6831683168316832,0.5459,0.9907281245645021
0xaa2873c371b71d36d31ea67be7e8be97c072090b,1617,0.693069306930693,0.52,0.9901391463334429
0xaa2873c371b71d36d31ea67be7e8be97c072090b,1617,0.7029702970297029,0.48594000000000004,0.9880321950751499
0xaa2873c371b71d36d31ea67be7e8be97c072090b,1617,0.7128712871287128,0.46206,0.9854495959061922
0xaa2873c371b71d36d31ea67be7e8be97c072090b,1617,0.7227722772277227,0.432857,1.0026940711830423
0xaa2873c371b71d36d31ea67be7e8be97c072090b,1617,0.7326732673267327,0.41000000000000003,1.00027819383647
0xaa2873c371b71d36d31ea67be7e8be97c072090b,1617,0.7425742574257426,0.37948000000000004,0.997087098924523
0xaa2873c371b71d36d31ea67be7e8be97c072090b,1617,0.7524752475247525,0.3493,1.0002053516728318
0xaa2873c371b71d36d31ea67be7e8be97c072090b,1617,0.7623762376237624,0.32935058199999995,0.9971356084275422
0xaa2873c371b71d36d31ea67be7e8be97c072090b,1617,0.7722772277227723,0.303726393,0.9955199966327962
0xaa2873c371b71d36d31ea67be7e8be97c072090b,1617,0.7821782178217822,0.28772699999999996,1.0039194251934134
0xaa2873c371b71d36d31ea67be7e8be97c072090b,1617,0.7920792079207921,0.26330384599999995,1.0026788780842177
0xaa2873c371b71d36d31ea67be7e8be97c072090b,1617,0.801980198019802,0.24651,1.0025692932479973
0xaa2873c371b71d36d31ea67be7e8be97c072090b,1617,0.8118811881188119,0.23199999999999998,1.002183262758581
0xaa2873c371b71d36d31ea67be7e8be97c072090b,1617,0.8217821782178217,0.21654000000000004,0.9989358282221495
0xaa2873c371b71d36d31ea67be7e8be97c072090b,1617,0.8316831683168316,0.20045999999999997,0.9975517966809254
0xaa2873c371b71d36d31ea67be7e8be97c072090b,1617,0.8415841584158416,0.18,0.9965302948768412
0xaa2873c371b71d36d31ea67be7e8be97c072090b,1617,0.8514851485148515,0.165,0.9964022752146351
0xaa2873c371b71d36d31ea67be7e8be97c072090b,1617,0.8613861386138614,0.15053599999999998,0.9958170424731215
0xaa2873c371b71d36d31ea67be7e8be97c072090b,1617,0.8712871287128713,0.13782,0.9953635492794272
0xaa2873c371b71d36d31ea67be7e8be97c072090b,1617,0.8811881188118812,0.12002124,1.002667919593092
0xaa2873c371b71d36d31ea67be7e8be97c072090b,1617,0.8910891089108911,0.105263,1.002667919593092
0xaa2873c371b71d36d31ea67be7e8be97c072090b,1617,0.900990099009901,0.09018000000000001,1.0021741294674398
0xaa2873c371b71d36d31ea67be7e8be97c072090b,1617,0.9108910891089109,0.07828625099999999,1.0015888967259263
0xaa2873c371b71d36d31ea67be7e8be97c072090b,1617,0.9207920792079208,0.06868400000000001,1.0009103925162337
0xaa2873c371b71d36d31ea67be7e8be97c072090b,1617,0.9306930693069307,0.06001714500000006,1.0007478280272422
0xaa2873c371b71d36d31ea67be7e8be97c072090b,1617,0.9405940594059405,0.04809000000000001,1.0002846821510176
0xaa2873c371b71d36d31ea67be7e8be97c072090b,1617,0.9504950495049505,0.03564,1.0002846821510176
0xaa2873c371b71d36d31ea67be7e8be97c072090b,1617,0.9603960396039604,0.0259,1.0001566624888114
0xaa2873c371b71d36d31ea67be7e8be97c072090b,1617,0.9702970297029703,0.015016250999999982,1.0001566624888114
0xaa2873c371b71d36d31ea67be7e8be97c072090b,1617,0.9801980198019802,0.005508910000000142,1.000063892674823
0xaa2873c371b71d36d31ea67be7e8be97c072090b,1617,0.9900990099009901,1.4082957022765186e-14,0.9999999999999996
0xaa2873c371b71d36d31ea67be7e8be97c072090b,1617,1.0,1.4876988529977096e-16,0.9999999999999996
0xaa7a74b8c754e8aacc1ac2dedb699af0a3224d23,156,0.0,231.5896,0.1948463549794273
0xaa7a74b8c754e8aacc1ac2dedb699af0a3224d23,156,0.0064516129032258064,146.22943713748793,0.19484635497942732
0xaa7a74b8c754e8aacc1ac2dedb699af0a3224d23,156,0.012903225806451613,128.99725511000003,0.19484635497942734
0xaa7a74b8c754e8aacc1ac2dedb699af0a3224d23,156,0.01935483870967742,107.45300909999999,0.21554404266177318
0xaa7a74b8c754e8aacc1ac2dedb699af0a3224d23,156,0.025806451612903226,99.1,0.21554404266177318
0xaa7a74b8c754e8aacc1ac2dedb699af0a3224d23,156,0.03225806451612903,89.3,0.2155440426617732
0xaa7a74b8c754e8aacc1ac2dedb699af0a3224d23,156,0.03870967741935484,87.01392,0.2155440426617732
0xaa7a74b8c754e8aacc1ac2dedb699af0a3224d23,156,0.04516129032258064,82.98681462,0.2155440426617732
0xaa7a74b8c754e8aacc1ac2dedb699af0a3224d23,156,0.05161290322580645,79.64110000000002,0.2155440426617732
0xaa7a74b8c754e8aacc1ac2dedb699af0a3224d23,156,0.05806451612903226,63.024119950000006,0.2155440426617732
0xaa7a74b8c754e8aacc1ac2dedb699af0a3224d23,156,0.06451612903225806,59.02472271990026,0.2155440426617732
0xaa7a74b8c754e8aacc1ac2dedb699af0a3224d23,156,0.07096774193548387,55.884305113697145,0.2155440426617727
0xaa7a74b8c754e8aacc1ac2dedb699af0a3224d23,156,0.07741935483870968,55.5,0.11923335399419659
0xaa7a74b8c754e8aacc1ac2dedb699af0a3224d23,156,0.08387096774193549,54.142370513372384,0.11923335399419659
0xaa7a74b8c754e8aacc1ac2dedb699af0a3224d23,156,0.09032258064516129,53.13036141,0.11923335399419659
0xaa7a74b8c754e8aacc1ac2dedb699af0a3224d23,156,0.0967741935483871,50.8842,0.11923335399419659
0xaa7a74b8c754e8aacc1ac2dedb699af0a3224d23,156,0.1032258064516129,48.995156286,0.014983540990509456
0xaa7a74b8c754e8aacc1ac2dedb699af0a3224d23,156,0.10967741935483871,48.8206,0.014983540990509456
0xaa7a74b8c754e8aacc1ac2dedb699af0a3224d23,156,0.11612903225806452,47.85,0.014983540990509407
0xaa7a74b8c754e8aacc1ac2dedb699af0a3224d23,156,0.12258064516129032,46.827399286009886,0.023117883188062224
0xaa7a74b8c754e8aacc1ac2dedb699af0a3224d23,156,0.12903225806451613,44.341932496000005,0.0034629540242784264
0xaa7a74b8c754e8aacc1ac2dedb699af0a3224d23,156,0.13548387096774195,41.49121694,0.0034629540242784264
0xaa7a74b8c754e8aacc1ac2dedb699af0a3224d23,156,0.14193548387096774,41.321572496,-0.022697111411103733
0xaa7a74b8c754e8aacc1ac2dedb699af0a3224d23,156,0.14838709677419354,39.04271694,-0.022697111411103733
0xaa7a74b8c754e8aacc1ac2dedb699af0a3224d23,156,0.15483870967741936,38.60297778608963,-0.022697111411103733
0xaa7a74b8c754e8aacc1ac2dedb699af0a3224d23,156,0.16129032258064516,37.57994244,-0.04905240121540666
0xaa7a74b8c754e8aacc1ac2dedb699af0a3224d23,156,0.16774193548387098,37.42804377,-0.049052401215406834
0xaa7a74b8c754e8aacc1ac2dedb699af0a3224d23,156,0.17419354838709677,37.046274251999996,-0.18339448889327814
0xaa7a74b8c754e8aacc1ac2dedb699af0a3224d23,156,0.18064516129032257,33.52994244,-0.18664497463580884
0xaa7a74b8c754e8aacc1ac2dedb699af0a3224d23,156,0.1870967741935484,32.49720000000001,-0.18664497463580884
0xaa7a74b8c754e8aacc1ac2dedb699af0a3224d23,156,0.1935483870967742,31.499999999999993,-0.18664497463580884
0xaa7a74b8c754e8aacc1ac2dedb699af0a3224d23,156,0.2,31.292139067999997,-0.18664497463580926
0xaa7a74b8c754e8aacc1ac2dedb699af0a3224d23,156,0.2064516129032258,31.27774377,-0.18664497463580942
0xaa7a74b8c754e8aacc1ac2dedb699af0a3224d23,156,0.2129032258064516,30.387353599999997,-0.18664497463580945
0xaa7a74b8c754e8aacc1ac2dedb699af0a3224d23,156,0.21935483870967742,29.003833219999997,-0.18664497463580945
0xaa7a74b8c754e8aacc1ac2dedb699af0a3224d23,156,0.22580645161290322,28.157743769999996,-0.1866449746358096
0xaa7a74b8c754e8aacc1ac2dedb699af0a3224d23,156,0.23225806451612904,27.29212148,-0.18664497463580934
0xaa7a74b8c754e8aacc1ac2dedb699af0a3224d23,156,0.23870967741935484,27.126553599999998,-0.18664497463580934
0xaa7a74b8c754e8aacc1ac2dedb699af0a3224d23,156,0.24516129032258063,26.576162635899813,-0.18970731614653213
0xaa7a74b8c754e8aacc1ac2dedb699af0a3224d23,156,0.25161290322580643,26.10556576,-0.18970731614653213
0xaa7a74b8c754e8aacc1ac2dedb699af0a3224d23,156,0.25806451612903225,26.025414688654624,-0.1908012235609479
0xaa7a74b8c754e8aacc1ac2dedb699af0a3224d23,156,0.2645161290322581,25.817743769999996,-0.190801223560948
0xaa7a74b8c754e8aacc1ac2dedb699af0a3224d23,156,0.2709677419354839,25.458630539999998,-0.19080122356094764
0xaa7a74b8c754e8aacc1ac2dedb699af0a3224d23,156,0.27741935483870966,24.22321376,-0.19080122356094764
0xaa7a74b8c754e8aacc1ac2dedb699af0a3224d23,156,0.2838709677419355,23.477743769999993,-0.19080122356094767
0xaa7a74b8c754e8aacc1ac2dedb699af0a3224d23,156,0.2903225806451613,23.282038007371707,-0.19080122356094767
0xaa7a74b8c754e8aacc1ac2dedb699af0a3224d23,156,0.2967741935483871,22.72229198999999,-0.19080122356094767
0xaa7a74b8c754e8aacc1ac2dedb699af0a3224d23,156,0.3032258064516129,22.613,-0.19080122356094767
0xaa7a74b8c754e8aacc1ac2dedb699af0a3224d23,156,0.3096774193548387,21.41618544,-0.19080122356094797
0xaa7a74b8c754e8aacc1ac2dedb699af0a3224d23,156,0.3161290322580645,21.34708275,-0.19080122356094797
0xaa7a74b8c754e8aacc1ac2dedb699af0a3224d23,156,0.3225806451612903,21.34614,-0.19080122356094797
0xaa7a74b8c754e8aacc1ac2dedb699af0a3224d23,156,0.32903225806451614,21.137743769999997,-0.19080122356094809
0xaa7a74b8c754e8aacc1ac2dedb699af0a3224d23,156,0.33548387096774196,20.090560000000004,-0.19080122356094809
0xaa7a74b8c754e8aacc1ac2dedb699af0a3224d23,156,0.3419354838709677,20.0,-0.19080122356094809
0xaa7a74b8c754e8aacc1ac2dedb699af0a3224d23,156,0.34838709677419355,19.996666,-0.20352985241458177
0xaa7a74b8c754e8aacc1ac2dedb699af0a3224d23,156,0.3548387096774194,19.487039599999996,-0.07911570082592885
0xaa7a74b8c754e8aacc1ac2dedb699af0a3224d23,156,0.36129032258064514,18.6,-0.07911570082592885
0xaa7a74b8c754e8aacc1ac2dedb699af0a3224d23,156,0.36774193548387096,18.190969999999997,-0.07911570082592759
0xaa7a74b8c754e8aacc1ac2dedb699af0a3224d23,156,0.3741935483870968,18.040665999999998,-0.07911570082592759
0xaa7a74b8c754e8aacc1ac2dedb699af0a3224d23,156,0.38064516129032255,18.01774377,-0.07911570082592768
0xaa7a74b8c754e8aacc1ac2dedb699af0a3224d23,156,0.3870967741935484,17.92804377,-0.07911570082592778
0xaa7a74b8c754e8aacc1ac2dedb699af0a3224d23,156,0.3935483870967742,17.5,-0.07911570082592749
0xaa7a74b8c754e8aacc1ac2dedb699af0a3224d23,156,0.4,17.415999999999997,-0.07911570082592721
0xaa7a74b8c754e8aacc1ac2dedb699af0a3224d23,156,0.4064516129032258,17.172694879999998,-0.07911570082592721
0xaa7a74b8c754e8aacc1ac2dedb699af0a3224d23,156,0.4129032258064516,17.16714472,-0.09083436894434417
0xaa7a74b8c754e8aacc1ac2dedb699af0a3224d23,156,0.41935483870967744,16.599999999999998,-0.0823271416313724
0xaa7a74b8c754e8aacc1ac2dedb699af0a3224d23,156,0.4258064516129032,16.2972,-0.0823271416313724
0xaa7a74b8c754e8aacc1ac2dedb699af0a3224d23,156,0.432258064516129,16.25,-0.1246257548975376
0xaa7a74b8c754e8aacc1ac2dedb699af0a3224d23,156,0.43870967741935485,15.665999999999999,-0.12462575489753733
0xaa7a74b8c754e8aacc1ac2dedb699af0a3224d23,156,0.44516129032258067,15.521,-0.12462575489753733
0xaa7a74b8c754e8aacc1ac2dedb699af0a3224d23,156,0.45161290322580644,15.501,0.15194210107354275
0xaa7a74b8c754e8aacc1ac2dedb699af0a3224d23,156,0.45806451612903226,15.36634472,0.11160093747975641
0xaa7a74b8c754e8aacc1ac2dedb699af0a3224d23,156,0.4645161290322581,15.067994601939446,0.11160093747975604
0xaa7a74b8c754e8aacc1ac2dedb699af0a3224d23,156,0.47096774193548385,15.0,0.11160093747975604
0xaa7a74b8c754e8aacc1ac2dedb699af0a3224d23,156,0.4774193548387097,14.769398800367837,0.10958832390819914
0xaa7a74b8c754e8aacc1ac2dedb699af0a3224d23,156,0.4838709677419355,14.640717629701314,0.10958832390819914
0xaa7a74b8c754e8aacc1ac2dedb699af0a3224d23,156,0.49032258064516127,13.996848805278697,0.10542780627742326
0xaa7a74b8c754e8aacc1ac2dedb699af0a3224d23,156,0.4967741935483871,13.958630540000001,0.10542780627742354
0xaa7a74b8c754e8aacc1ac2dedb699af0a3224d23,156,0.5032258064516129,13.940534310000002,0.10333695328628217
0xaa7a74b8c754e8aacc1ac2dedb699af0a3224d23,156,0.5096774193548387,13.699799999999998,0.11667728516253428
0xaa7a74b8c754e8aacc1ac2dedb699af0a3224d23,156,0.5161290322580645,13.619234310000003,0.11454218131443754
0xaa7a74b8c754e8aacc1ac2dedb699af0a3224d23,156,0.5225806451612903,13.609523000000001,0.11454218131443754
0xaa7a74b8c754e8aacc1ac2dedb699af0a3224d23,156,0.5290322580645161,12.929800000000002,0.11454218131443754
0xaa7a74b8c754e8aacc1ac2dedb699af0a3224d23,156,0.535483870967742,12.6725,0.11454218131443732
0xaa7a74b8c754e8aacc1ac2dedb699af0a3224d23,156,0.5419354838709678,11.773579999999997,0.11454218131443732
0xaa7a74b8c754e8aacc1ac2dedb699af0a3224d23,156,0.5483870967741935,11.719691989999994,0.11454218131443732
0xaa7a74b8c754e8aacc1ac2dedb699af0a3224d23,156,0.5548387096774193,11.541612970000003,0.11272789617926703
0xaa7a74b8c754e8aacc1ac2dedb699af0a3224d23,156,0.5612903225806452,11.262812970000002,0.11091361104409674
0xaa7a74b8c754e8aacc1ac2dedb699af0a3224d23,156,0.567741935483871,11.0,0.16167194696349496
0xaa7a74b8c754e8aacc1ac2dedb699af0a3224d23,156,0.5741935483870968,10.7498,0.21028411632055757
0xaa7a74b8c754e8aacc1ac2dedb699af0a3224d23,156,0.5806451612903226,10.296,0.21028411632055757
0xaa7a74b8c754e8aacc1ac2dedb699af0a3224d23,156,0.5870967741935483,10.266793045709813,0.21028411632055757
0xaa7a74b8c754e8aacc1ac2dedb699af0a3224d23,156,0.5935483870967742,10.062300000000002,0.32937098136222265
0xaa7a74b8c754e8aacc1ac2dedb699af0a3224d23,156,0.6,10.0,0.32937098136222265
0xaa7a74b8c754e8aacc1ac2dedb699af0a3224d23,156,0.6064516129032258,9.716,0.3293709813622229
0xaa7a74b8c754e8aacc1ac2dedb699af0a3224d23,156,0.6129032258064516,9.52,0.3293709813622229
0xaa7a74b8c754e8aacc1ac2dedb699af0a3224d23,156,0.6193548387096774,9.499999999999998,0.30679393356143886
0xaa7a74b8c754e8aacc1ac2dedb699af0a3224d23,156,0.6258064516129033,9.0,0.30679393356143886
0xaa7a74b8c754e8aacc1ac2dedb699af0a3224d23,156,0.632258064516129,7.3500000000000005,0.2999610806492122
0xaa7a74b8c754e8aacc1ac2dedb699af0a3224d23,156,0.6387096774193548,7.19957125,0.856350532073385
0xaa7a74b8c754e8aacc1ac2dedb699af0a3224d23,156,0.6451612903225806,6.915999999999999,0.8563505320733854
0xaa7a74b8c754e8aacc1ac2dedb699af0a3224d23,156,0.6516129032258065,6.801200000000001,0.8563505320733854
0xaa7a74b8c754e8aacc1ac2dedb699af0a3224d23,156,0.6580645161290323,6.349967615,0.8563505320733852
0xaa7a74b8c754e8aacc1ac2dedb699af0a3224d23,156,0.6645161290322581,6.300000000000001,0.8495176791611584
0xaa7a74b8c754e8aacc1ac2dedb699af0a3224d23,156,0.6709677419354839,6.11949,1.0576353161533445
0xaa7a74b8c754e8aacc1ac2dedb699af0a3224d23,156,0.6774193548387096,5.53304296,1.0576353161533447
0xaa7a74b8c754e8aacc1ac2dedb699af0a3224d23,156,0.6838709677419355,5.440600000000001,1.0576353161533447
0xaa7a74b8c754e8aacc1ac2dedb699af0a3224d23,156,0.6903225806451613,5.1659999999999995,1.057635316153345
0xaa7a74b8c754e8aacc1ac2dedb699af0a3224d23,156,0.6967741935483871,5.13304296,1.0576353161533452
0xaa7a74b8c754e8aacc1ac2dedb699af0a3224d23,156,0.7032258064516129,4.40079,1.0576353161533467
0xaa7a74b8c754e8aacc1ac2dedb699af0a3224d23,156,0.7096774193548387,4.0,1.0576353161533467
0xaa7a74b8c754e8aacc1ac2dedb699af0a3224d23,156,0.7161290322580646,3.2,1.0576353161533467
0xaa7a74b8c754e8aacc1ac2dedb699af0a3224d23,156,0.7225806451612903,3.1862399999999997,1.049513982406243
0xaa7a74b8c754e8aacc1ac2dedb699af0a3224d23,156,0.7290322580645161,3.0398729899999997,1.049513982406243
0xaa7a74b8c754e8aacc1ac2dedb699af0a3224d23,156,0.7354838709677419,2.983691,1.049513982406243
0xaa7a74b8c754e8aacc1ac2dedb699af0a3224d23,156,0.7419354838709677,2.9280999999999997,1.049513982406243
0xaa7a74b8c754e8aacc1ac2dedb699af0a3224d23,156,0.7483870967741936,2.9276458499999998,1.049513982406243
0xaa7a74b8c754e8aacc1ac2dedb699af0a3224d23,156,0.7548387096774194,2.8198729899999995,1.049513982406243
0xaa7a74b8c754e8aacc1ac2dedb699af0a3224d23,156,0.7612903225806451,2.8000000000000003,1.049513982406243
0xaa7a74b8c754e8aacc1ac2dedb699af0a3224d23,156,0.7677419354838709,2.7800000000000002,1.0314231908862523
0xaa7a74b8c754e8aacc1ac2dedb699af0a3224d23,156,0.7741935483870968,2.6047056886369364,1.0314231908862523
0xaa7a74b8c754e8aacc1ac2dedb699af0a3224d23,156,0.7806451612903226,2.5999999999999996,1.0314231908862523
0xaa7a74b8c754e8aacc1ac2dedb699af0a3224d23,156,0.7870967741935484,2.4,1.0314231908862523
0xaa7a74b8c754e8aacc1ac2dedb699af0a3224d23,156,0.7935483870967742,2.3816,1.0314231908862523
0xaa7a74b8c754e8aacc1ac2dedb699af0a3224d23,156,0.8,2.3659999999999997,1.0314231908862528
0xaa7a74b8c754e8aacc1ac2dedb699af0a3224d23,156,0.8064516129032258,2.2941170000000004,1.029321659042295
0xaa7a74b8c754e8aacc1ac2dedb699af0a3224d23,156,0.8129032258064516,2.2,1.0150052053214391
0xaa7a74b8c754e8aacc1ac2dedb699af0a3224d23,156,0.8193548387096774,1.9845799999999998,1.0150052053214391
0xaa7a74b8c754e8aacc1ac2dedb699af0a3224d23,156,0.8258064516129032,1.93824,1.012804115636647
0xaa7a74b8c754e8aacc1ac2dedb699af0a3224d23,156,0.832258064516129,1.848,1.012804115636647
0xaa7a74b8c754e8aacc1ac2dedb699af0a3224d23,156,0.8387096774193549,1.71987299,1.012804115636647
0xaa7a74b8c754e8aacc1ac2dedb699af0a3224d23,156,0.8451612903225807,1.7150000000000003,1.012804115636647
0xaa7a74b8c754e8aacc1ac2dedb699af0a3224d23,156,0.8516129032258064,1.6800000000000002,1.012804115636647
0xaa7a74b8c754e8aacc1ac2dedb699af0a3224d23,156,0.8580645161290322,1.60987299,1.012804115636647
0xaa7a74b8c754e8aacc1ac2dedb699af0a3224d23,156,0.864516129032258,1.5742329899999998,1.012804115636647
0xaa7a74b8c754e8aacc1ac2dedb699af0a3224d23,156,0.8709677419354839,1.5400000000000003,1.012804115636647
0xaa7a74b8c754e8aacc1ac2dedb699af0a3224d23,156,0.8774193548387097,1.5,1.012804115636647
0xaa7a74b8c754e8aacc1ac2dedb699af0a3224d23,156,0.8838709677419355,1.3356,1.0041127267322947
0xaa7a74b8c754e8aacc1ac2dedb699af0a3224d23,156,0.8903225806451613,1.3085799999999999,1.0041127267322947
0xaa7a74b8c754e8aacc1ac2dedb699af0a3224d23,156,0.896774193548387,1.24423299,1.0041127267322947
0xaa7a74b8c754e8aacc1ac2dedb699af0a3224d23,156,0.9032258064516129,1.1122330250000956,1.0032537394820125
0xaa7a74b8c754e8aacc1ac2dedb699af0a3224d23,156,0.9096774193548387,1.0,1.0022750146458232
0xaa7a74b8c754e8aacc1ac2dedb699af0a3224d23,156,0.9161290322580645,0.9965799999999999,1.0022750146458232
0xaa7a74b8c754e8aacc1ac2dedb699af0a3224d23,156,0.9225806451612903,0.8897870000000001,1.0022750146458232
0xaa7a74b8c754e8aacc1ac2dedb699af0a3224d23,156,0.9290322580645162,0.8496000000000001,1.0008088796352281
0xaa7a74b8c754e8aacc1ac2dedb699af0a3224d23,156,0.9354838709677419,0.7011,1.0008088796352281
0xaa7a74b8c754e8aacc1ac2dedb699af0a3224d23,156,0.9419354838709677,0.6799999999999999,1.0008088796352281
0xaa7a74b8c754e8aacc1ac2dedb699af0a3224d23,156,0.9483870967741935,0.6243,0.9999999999999998
0xaa7a74b8c754e8aacc1ac2dedb699af0a3224d23,156,0.9548387096774194,0.38331,0.9999999999999998
0xaa7a74b8c754e8aacc1ac2dedb699af0a3224d23,156,0.9612903225806452,0.34622517799999997,0.9999999999999998
0xaa7a74b8c754e8aacc1ac2dedb699af0a3224d23,156,0.967741935483871,0.253043,1.0
0xaa7a74b8c754e8aacc1ac2dedb699af0a3224d23,156,0.9741935483870968,0.246225178,1.0
0xaa7a74b8c754e8aacc1ac2dedb699af0a3224d23,156,0.9806451612903225,0.21658,1.0
0xaa7a74b8c754e8aacc1ac2dedb699af0a3224d23,156,0.9870967741935484,2.9100000000112394e-05,1.0
0xaa7a74b8c754e8aacc1ac2dedb699af0a3224d23,156,0.9935483870967742,2.2737367544323195e-15,1.0
0xaa7a74b8c754e8aacc1ac2dedb699af0a3224d23,156,1.0,1.3877787807814457e-16,1.0
0xae8f39981cdf14c2087dd14f7b47c2d3a831c820,106,0.0,66.02391594,1.0089083579029144e-16
0xae8f39981cdf14c2087dd14f7b47c2d3a831c820,106,0.009523809523809525,61.8896,1.0089083579029144e-16
0xae8f39981cdf14c2087dd14f7b47c2d3a831c820,106,0.01904761904761905,55.889181,0.017776928118521777
0xae8f39981cdf14c2087dd14f7b47c2d3a831c820,106,0.02857142857142857,54.02160000000001,0.0009621774021061077
0xae8f39981cdf14c2087dd14f7b47c2d3a831c820,106,0.0380952380952381,53.553681,0.0009621774021062112
0xae8f39981cdf14c2087dd14f7b47c2d3a831c820,106,0.047619047619047616,52.7355,0.0009621774021063145
0xae8f39981cdf14c2087dd14f7b47c2d3a831c820,106,0.05714285714285714,52.735,-0.025879146533302488
0xae8f39981cdf14c2087dd14f7b47c2d3a831c820,106,0.06666666666666667,52.078,0.026313836953675906
0xae8f39981cdf14c2087dd14f7b47c2d3a831c820,106,0.0761904761904762,51.321600000000004,0.009499086237260236
0xae8f39981cdf14c2087dd14f7b47c2d3a831c820,106,0.08571428571428572,50.4855,0.00949908623726034
0xae8f39981cdf14c2087dd14f7b47c2d3a831c820,106,0.09523809523809523,49.4173,0.00949908623726034
0xae8f39981cdf14c2087dd14f7b47c2d3a831c820,106,0.10476190476190476,48.62160000000001,-0.007315664479155328
0xae8f39981cdf14c2087dd14f7b47c2d3a831c820,106,0.11428571428571428,47.931999999999995,0.016224986523826607
0xae8f39981cdf14c2087dd14f7b47c2d3a831c820,106,0.12380952380952381,47.78481963,0.016224986523826607
0xae8f39981cdf14c2087dd14f7b47c2d3a831c820,106,0.13333333333333333,47.77730000000001,0.016224986523826607
0xae8f39981cdf14c2087dd14f7b47c2d3a831c820,106,0.14285714285714285,47.7666,0.0162249865238267
0xae8f39981cdf14c2087dd14f7b47c2d3a831c820,106,0.1523809523809524,45.35039164025415,0.016224986523826805
0xae8f39981cdf14c2087dd14f7b47c2d3a831c820,106,0.1619047619047619,44.3303,0.012410529185380659
0xae8f39981cdf14c2087dd14f7b47c2d3a831c820,106,0.17142857142857143,44.220800000000004,0.012410529185380647
0xae8f39981cdf14c2087dd14f7b47c2d3a831c820,106,0.18095238095238095,43.512,0.07740514562123268
0xae8f39981cdf14c2087dd14f7b47c2d3a831c820,106,0.19047619047619047,42.6666,0.07740514562123277
0xae8f39981cdf14c2087dd14f7b47c2d3a831c820,106,0.2,42.549099999999996,0.07740514562123277
0xae8f39981cdf14c2087dd14f7b47c2d3a831c820,106,0.20952380952380953,42.238200000000006,0.2666701113795723
0xae8f39981cdf14c2087dd14f7b47c2d3a831c820,106,0.21904761904761905,39.497754946,0.2666701113795723
0xae8f39981cdf14c2087dd14f7b47c2d3a831c820,106,0.22857142857142856,38.9256,0.2666701113795724
0xae8f39981cdf14c2087dd14f7b47c2d3a831c820,106,0.23809523809523808,38.2416,0.2666701113795725
0xae8f39981cdf14c2087dd14f7b47c2d3a831c820,106,0.24761904761904763,36.910000000000004,0.24985536036619765
0xae8f39981cdf14c2087dd14f7b47c2d3a831c820,106,0.2571428571428571,35.613200000000006,0.27205643550181574
0xae8f39981cdf14c2087dd14f7b47c2d3a831c820,106,0.26666666666666666,35.172,0.27205643550181574
0xae8f39981cdf14c2087dd14f7b47c2d3a831c820,106,0.2761904761904762,34.55970000000001,0.27205643550181574
0xae8f39981cdf14c2087dd14f7b47c2d3a831c820,106,0.2857142857142857,34.504599999999996,0.26303251901080354
0xae8f39981cdf14c2087dd14f7b47c2d3a831c820,106,0.29523809523809524,33.8784,0.3113817777744941
0xae8f39981cdf14c2087dd14f7b47c2d3a831c820,106,0.3047619047619048,33.739200000000004,0.31138177777449416
0xae8f39981cdf14c2087dd14f7b47c2d3a831c820,106,0.3142857142857143,32.0528,0.33492242877747613
0xae8f39981cdf14c2087dd14f7b47c2d3a831c820,106,0.3238095238095238,31.858362510000006,0.33492242877747613
0xae8f39981cdf14c2087dd14f7b47c2d3a831c820,106,0.3333333333333333,31.7088,0.33492242877747613
0xae8f39981cdf14c2087dd14f7b47c2d3a831c820,106,0.34285714285714286,30.315332289348515,0.33492242877747613
0xae8f39981cdf14c2087dd14f7b47c2d3a831c820,106,0.3523809523809524,29.9046,0.2972511605800643
0xae8f39981cdf14c2087dd14f7b47c2d3a831c820,106,0.3619047619047619,29.492,0.29725116058006407
0xae8f39981cdf14c2087dd14f7b47c2d3a831c820,106,0.37142857142857144,28.925499999999996,0.29725116058006407
0xae8f39981cdf14c2087dd14f7b47c2d3a831c820,106,0.38095238095238093,28.6464,0.3134431427514273
0xae8f39981cdf14c2087dd14f7b47c2d3a831c820,106,0.3904761904761905,28.3815,0.32870097210521193
0xae8f39981cdf14c2087dd14f7b47c2d3a831c820,106,0.4,26.86726616,0.32870097210521193
0xae8f39981cdf14c2087dd14f7b47c2d3a831c820,106,0.4095238095238095,26.735562861984768,0.32870097210521193
0xae8f39981cdf14c2087dd14f7b47c2d3a831c820,106,0.41904761904761906,26.246399999999998,0.3416221738779598
0xae8f39981cdf14c2087dd14f7b47c2d3a831c820,106,0.42857142857142855,26.0279,0.3416221738779598
0xae8f39981cdf14c2087dd14f7b47c2d3a831c820,106,0.4380952380952381,24.867449999999998,0.3416221738779598
0xae8f39981cdf14c2087dd14f7b47c2d3a831c820,106,0.44761904761904764,24.3079,0.3416221738779598
0xae8f39981cdf14c2087dd14f7b47c2d3a831c820,106,0.45714285714285713,24.2813328,0.41635439928425166
0xae8f39981cdf14c2087dd14f7b47c2d3a831c820,106,0.4666666666666667,24.0045,0.41635439928425166
0xae8f39981cdf14c2087dd14f7b47c2d3a831c820,106,0.47619047619047616,23.954949999999997,0.41635439928425166
0xae8f39981cdf14c2087dd14f7b47c2d3a831c820,106,0.4857142857142857,23.485500000000002,0.41635439928425166
0xae8f39981cdf14c2087dd14f7b47c2d3a831c820,106,0.49523809523809526,23.432000000000002,0.4163543992842514
0xae8f39981cdf14c2087dd14f7b47c2d3a831c820,106,0.5047619047619047,23.3174,0.4163543992842515
0xae8f39981cdf14c2087dd14f7b47c2d3a831c820,106,0.5142857142857142,22.0,0.4163543992842515
0xae8f39981cdf14c2087dd14f7b47c2d3a831c820,106,0.5238095238095238,21.7872,0.4163543992842515
0xae8f39981cdf14c2087dd14f7b47c2d3a831c820,106,0.5333333333333333,21.1191,0.4163543992842515
0xae8f39981cdf14c2087dd14f7b47c2d3a831c820,106,0.5428571428571428,20.450999999999997,0.41635439928425166
0xae8f39981cdf14c2087dd14f7b47c2d3a831c820,106,0.5523809523809524,20.266399999999997,0.41635439928425166
0xae8f39981cdf14c2087dd14f7b47c2d3a831c820,106,0.5619047619047619,19.387199999999996,0.41635439928425166
0xae8f39981cdf14c2087dd14f7b47c2d3a831c820,106,0.5714285714285714,18.7008,0.41635439928425166
0xae8f39981cdf14c2087dd14f7b47c2d3a831c820,106,0.580952380952381,18.2,0.41635439928425166
0xae8f39981cdf14c2087dd14f7b47c2d3a831c820,106,0.5904761904761905,17.776,0.4163543992842514
0xae8f39981cdf14c2087dd14f7b47c2d3a831c820,106,0.6,17.0,0.43690576127098163
0xae8f39981cdf14c2087dd14f7b47c2d3a831c820,106,0.6095238095238096,16.684199999999997,0.43690576127098163
0xae8f39981cdf14c2087dd14f7b47c2d3a831c820,106,0.6190476190476191,16.3008,0.43690576127098163
0xae8f39981cdf14c2087dd14f7b47c2d3a831c820,106,0.6285714285714286,16.2813328,0.47427187397412757
0xae8f39981cdf14c2087dd14f7b47c2d3a831c820,106,0.638095238095238,16.0732,0.54402195102
0xae8f39981cdf14c2087dd14f7b47c2d3a831c820,106,0.6476190476190476,15.430800000000001,0.5318156875369724
0xae8f39981cdf14c2087dd14f7b47c2d3a831c820,106,0.6571428571428571,15.3,0.5735349508020903
0xae8f39981cdf14c2087dd14f7b47c2d3a831c820,106,0.6666666666666666,14.8911,0.5906542353370366
0xae8f39981cdf14c2087dd14f7b47c2d3a831c820,106,0.6761904761904762,14.0715,0.5906542353370366
0xae8f39981cdf14c2087dd14f7b47c2d3a831c820,106,0.6857142857142857,13.202432760000002,0.5906542353370366
0xae8f39981cdf14c2087dd14f7b47c2d3a831c820,106,0.6952380952380952,12.98,0.607655816616968
0xae8f39981cdf14c2087dd14f7b47c2d3a831c820,106,0.7047619047619048,12.74,0.727476484685056
0xae8f39981cdf14c2087dd14f7b47c2d3a831c820,106,0.7142857142857143,12.5685,0.727476484685056
0xae8f39981cdf14c2087dd14f7b47c2d3a831c820,106,0.7238095238095238,12.4,0.727476484685056
0xae8f39981cdf14c2087dd14f7b47c2d3a831c820,106,0.7333333333333333,12.250000000000002,0.75923768048273
0xae8f39981cdf14c2087dd14f7b47c2d3a831c820,106,0.7428571428571429,12.21,0.75923768048273
0xae8f39981cdf14c2087dd14f7b47c2d3a831c820,106,0.7523809523809524,12.0,0.75923768048273
0xae8f39981cdf14c2087dd14f7b47c2d3a831c820,106,0.7619047619047619,11.716000000000001,0.7592376804827298
0xae8f39981cdf14c2087dd14f7b47c2d3a831c820,106,0.7714285714285715,11.11,0.7592376804827298
0xae8f39981cdf14c2087dd14f7b47c2d3a831c820,106,0.780952380952381,10.4286,0.7592376804827298
0xae8f39981cdf14c2087dd14f7b47c2d3a831c820,106,0.7904761904761904,8.534400000000002,0.7592376804827298
0xae8f39981cdf14c2087dd14f7b47c2d3a831c820,106,0.8,8.5,0.77978904246946
0xae8f39981cdf14c2087dd14f7b47c2d3a831c820,106,0.8095238095238095,7.35,0.827430836165971
0xae8f39981cdf14c2087dd14f7b47c2d3a831c820,106,0.819047619047619,7.05,0.827430836165971
0xae8f39981cdf14c2087dd14f7b47c2d3a831c820,106,0.8285714285714286,6.800000000000001,0.8479821981527014
0xae8f39981cdf14c2087dd14f7b47c2d3a831c820,106,0.8380952380952381,5.720000000000001,0.8479821981527014
0xae8f39981cdf14c2087dd14f7b47c2d3a831c820,106,0.8476190476190476,5.1000000000000005,0.8685335601394317
0xae8f39981cdf14c2087dd14f7b47c2d3a831c820,106,0.8571428571428571,5.082,0.8685335601394317
0xae8f39981cdf14c2087dd14f7b47c2d3a831c820,106,0.8666666666666667,4.75,0.9245827291941505
0xae8f39981cdf14c2087dd14f7b47c2d3a831c820,106,0.8761904761904762,4.4247,0.9245827291941505
0xae8f39981cdf14c2087dd14f7b47c2d3a831c820,106,0.8857142857142857,3.6134999999999997,0.9485593181786691
0xae8f39981cdf14c2087dd14f7b47c2d3a831c820,106,0.8952380952380953,3.4000000000000004,0.9691106801653995
0xae8f39981cdf14c2087dd14f7b47c2d3a831c820,106,0.9047619047619048,3.3333329999999997,0.9691106801653995
0xae8f39981cdf14c2087dd14f7b47c2d3a831c820,106,0.9142857142857143,3.2,0.969153028426463
0xae8f39981cdf14c2087dd14f7b47c2d3a831c820,106,0.9238095238095239,3.1968,0.9902848106971822
0xae8f39981cdf14c2087dd14f7b47c2d3a831c820,106,0.9333333333333333,2.6048,0.9902848106971822
0xae8f39981cdf14c2087dd14f7b47c2d3a831c820,106,0.9428571428571428,1.9500000000000002,0.9902848106971822
0xae8f39981cdf14c2087dd14f7b47c2d3a831c820,106,0.9523809523809523,1.7399999999999998,0.9794486380132699
0xae8f39981cdf14c2087dd14f7b47c2d3a831c820,106,0.9619047619047619,1.7000000000000002,1.0000000000000002
0xae8f39981cdf14c2087dd14f7b47c2d3a831c820,106,0.9714285714285714,1.65,1.0000000000000002
0xae8f39981cdf14c2087dd14f7b47c2d3a831c820,106,0.9809523809523809,1.5399999999999998,1.0000000000000002
0xae8f39981cdf14c2087dd14f7b47c2d3a831c820,106,0.9904761904761905,0.7000000000000001,1.0000000000000002
0xae8f39981cdf14c2087dd14f7b47c2d3a831c820,106,1.0,0.09656000000000009,1.0000000000000002
0xaf17116ae2b1476032785a67bd5b7c8c05905c20,775,0.0,294.9631007142857,0.01974363259558273
0xaf17116ae2b1476032785a67bd5b7c8c05905c20,775,0.00904392764857881,122.6709,0.1544110830237029
0xaf17116ae2b1476032785a67bd5b7c8c05905c20,775,0.01808785529715762,71.5276076,0.09293934863694003
0xaf17116ae2b1476032785a67bd5b7c8c05905c20,775,0.027131782945736434,56.17500000000001,0.11384096074074933
0xaf17116ae2b1476032785a67bd5b7c8c05905c20,775,0.03617571059431524,52.21165672800001,0.27889673074264787
0xaf17116ae2b1476032785a67bd5b7c8c05905c20,775,0.04521963824289406,48.49253416,0.22382924644614444
0xaf17116ae2b1476032785a67bd5b7c8c05905c20,775,0.05426356589147287,43.292416728000006,0.21991854439018244
0xaf17116ae2b1476032785a67bd5b7c8c05905c20,775,0.06330749354005168,41.25,0.3709228101062544
0xaf17116ae2b1476032785a67bd5b7c8c05905c20,775,0.07235142118863049,38.0,0.5330360264959978
0xaf17116ae2b1476032785a67bd5b7c8c05905c20,775,0.08139534883720931,35.556115420000005,0.5353734000339886
0xaf17116ae2b1476032785a67bd5b7c8c05905c20,775,0.09043927648578812,33.50926365,0.5165134942376262
0xaf17116ae2b1476032785a67bd5b7c8c05905c20,775,0.09948320413436693,32.33200894,0.5531446038998353
0xaf17116ae2b1476032785a67bd5b7c8c05905c20,775,0.10852713178294573,31.232008939999996,0.6305161762016721
0xaf17116ae2b1476032785a67bd5b7c8c05905c20,775,0.11757105943152454,29.492534159999998,0.5714025670728723
0xaf17116ae2b1476032785a67bd5b7c8c05905c20,775,0.12661498708010335,27.89871406388204,0.6451246035061251
0xaf17116ae2b1476032785a67bd5b7c8c05905c20,775,0.13565891472868216,26.41465094850948,0.6361886438195117
0xaf17116ae2b1476032785a67bd5b7c8c05905c20,775,0.14470284237726097,25.485264174817605,0.8203228737302845
0xaf17116ae2b1476032785a67bd5b7c8c05905c20,775,0.15374677002583978,23.799999999999997,0.7509661822141567
0xaf17116ae2b1476032785a67bd5b7c8c05905c20,775,0.16279069767441862,22.86206076,0.7052753165998554
0xaf17116ae2b1476032785a67bd5b7c8c05905c20,775,0.17183462532299743,21.3216,0.6959693249579338
0xaf17116ae2b1476032785a67bd5b7c8c05905c20,775,0.18087855297157623,20.6,0.7005931732705182
0xaf17116ae2b1476032785a67bd5b7c8c05905c20,775,0.18992248062015504,19.1976,0.9824962006324036
0xaf17116ae2b1476032785a67bd5b7c8c05905c20,775,0.19896640826873385,18.904900000000016,1.0447575277786105
0xaf17116ae2b1476032785a67bd5b7c8c05905c20,775,0.20801033591731266,18.580000000000002,1.0668155166656663
0xaf17116ae2b1476032785a67bd5b7c8c05905c20,775,0.21705426356589147,17.6157,1.1206201718022224
0xaf17116ae2b1476032785a67bd5b7c8c05905c20,775,0.22609819121447028,17.096599999999995,1.0861572645119015
0xaf17116ae2b1476032785a67bd5b7c8c05905c20,775,0.2351421188630491,16.745362359999998,1.0329583015419648
0xaf17116ae2b1476032785a67bd5b7c8c05905c20,775,0.2441860465116279,16.2773,1.012027287435854
0xaf17116ae2b1476032785a67bd5b7c8c05905c20,775,0.2532299741602067,15.808,1.0205327252653829
0xaf17116ae2b1476032785a67bd5b7c8c05905c20,775,0.2622739018087855,15.497749620000008,1.0125985934359334
0xaf17116ae2b1476032785a67bd5b7c8c05905c20,775,0.2713178294573643,15.141975,1.0118567763185657
0xaf17116ae2b1476032785a67bd5b7c8c05905c20,775,0.28036175710594313,14.89176,0.9629979828647317
0xaf17116ae2b1476032785a67bd5b7c8c05905c20,775,0.28940568475452194,14.10108228,0.9381514174369618
0xaf17116ae2b1476032785a67bd5b7c8c05905c20,775,0.29844961240310075,13.54323000000001,0.9136137148040087
0xaf17116ae2b1476032785a67bd5b7c8c05905c20,775,0.30749354005167956,12.764399999999998,0.9095638535546858
0xaf17116ae2b1476032785a67bd5b7c8c05905c20,775,0.3165374677002584,12.213600000000001,0.9691654897805164
0xaf17116ae2b1476032785a67bd5b7c8c05905c20,775,0.32558139534883723,11.779999999999998,0.9464019921135098
0xaf17116ae2b1476032785a67bd5b7c8c05905c20,775,0.33462532299741604,10.864999999999998,0.934588279321131
0xaf17116ae2b1476032785a67bd5b7c8c05905c20,775,0.34366925064599485,10.487670000000008,0.8886596642036771
0xaf17116ae2b1476032785a67bd5b7c8c05905c20,775,0.35271317829457366,9.937695880000001,0.9078442641595842
0xaf17116ae2b1476032785a67bd5b7c8c05905c20,775,0.36175710594315247,9.349355963299017,0.9769376145124095
0xaf17116ae2b1476032785a67bd5b7c8c05905c20,775,0.3708010335917313,9.01414794,0.9690382209913249
0xaf17116ae2b1476032785a67bd5b7c8c05905c20,775,0.3798449612403101,8.599161065385813,0.9488252534218078
0xaf17116ae2b1476032785a67bd5b7c8c05905c20,775,0.3888888888888889,8.269700000000006,0.9309542086095285
0xaf17116ae2b1476032785a67bd5b7c8c05905c20,775,0.3979328165374677,7.8806,0.9208649745533537
0xaf17116ae2b1476032785a67bd5b7c8c05905c20,775,0.4069767441860465,7.328750000000002,0.9193486245896063
0xaf17116ae2b1476032785a67bd5b7c8c05905c20,775,0.4160206718346253,7.134700111581743,0.9128320484476655
0xaf17116ae2b1476032785a67bd5b7c8c05905c20,775,0.42506459948320413,6.8859000000000075,0.8907143461021023
0xaf17116ae2b1476032785a67bd5b7c8c05905c20,775,0.43410852713178294,6.5642,0.8772078584714156
0xaf17116ae2b1476032785a67bd5b7c8c05905c20,775,0.44315245478036175,6.173015039501172,1.0803163378985348
0xaf17116ae2b1476032785a67bd5b7c8c05905c20,775,0.45219638242894056,6.0,1.077470910813423
0xaf17116ae2b1476032785a67bd5b7c8c05905c20,775,0.46124031007751937,5.908643999999999,1.065861490602453
0xaf17116ae2b1476032785a67bd5b7c8c05905c20,775,0.4702842377260982,5.690810000000001,1.064189145414368
0xaf17116ae2b1476032785a67bd5b7c8c05905c20,775,0.479328165374677,5.58,1.0685448031210587
0xaf17116ae2b1476032785a67bd5b7c8c05905c20,775,0.4883720930232558,5.467257996000006,1.066204721535773
0xaf17116ae2b1476032785a67bd5b7c8c05905c20,775,0.4974160206718346,5.3831999999999995,1.0561202038648578
0xaf17116ae2b1476032785a67bd5b7c8c05905c20,775,0.5064599483204134,5.219698999999999,1.056120203864858
0xaf17116ae2b1476032785a67bd5b7c8c05905c20,775,0.5155038759689923,5.084440988000001,1.0552768729309832
0xaf17116ae2b1476032785a67bd5b7c8c05905c20,775,0.524547803617571,4.936005971050565,1.0474501466451849
0xaf17116ae2b1476032785a67bd5b7c8c05905c20,775,0.5335917312661499,4.814911971,1.0474501466451849
0xaf17116ae2b1476032785a67bd5b7c8c05905c20,775,0.5426356589147286,4.7144,1.0306089902910558
0xaf17116ae2b1476032785a67bd5b7c8c05905c20,775,0.5516795865633075,4.65,1.0306089902910558
0xaf17116ae2b1476032785a67bd5b7c8c05905c20,775,0.5607235142118863,4.5561109879999995,1.0162060920454041
0xaf17116ae2b1476032785a67bd5b7c8c05905c20,775,0.5697674418604651,4.255190065990361,1.008589607281095
0xaf17116ae2b1476032785a67bd5b7c8c05905c20,775,0.5788113695090439,4.105809999999999,1.007459784899463
0xaf17116ae2b1476032785a67bd5b7c8c05905c20,775,0.5878552971576227,3.896320000000003,1.0028913070539895
0xaf17116ae2b1476032785a67bd5b7c8c05905c20,775,0.5968992248062015,3.537826,1.002886601607234
0xaf17116ae2b1476032785a67bd5b7c8c05905c20,775,0.6059431524547804,3.3482499999999997,0.9927085400979739
0xaf17116ae2b1476032785a67bd5b7c8c05905c20,775,0.6149870801033591,3.18187,0.9878923296404122
0xaf17116ae2b1476032785a67bd5b7c8c05905c20,775,0.624031007751938,3.0764067246565516,0.9841065534067677
0xaf17116ae2b1476032785a67bd5b7c8c05905c20,775,0.6330749354005168,2.9654999999999996,1.0374517951107407
0xaf17116ae2b1476032785a67bd5b7c8c05905c20,775,0.6421188630490956,2.8251600000000003,1.0282062398838525
0xaf17116ae2b1476032785a67bd5b7c8c05905c20,775,0.6511627906976745,2.6572000000000022,1.0282062398838525
0xaf17116ae2b1476032785a67bd5b7c8c05905c20,775,0.6602067183462532,2.6001300000000005,1.0240248751910523
0xaf17116ae2b1476032785a67bd5b7c8c05905c20,775,0.6692506459948321,2.4000000000000004,1.0224595299338928
0xaf17116ae2b1476032785a67bd5b7c8c05905c20,775,0.6782945736434108,2.2580000000000005,1.016295522772321
0xaf17116ae2b1476032785a67bd5b7c8c05905c20,775,0.6873385012919897,1.94336,1.012847067165196
0xaf17116ae2b1476032785a67bd5b7c8c05905c20,775,0.6963824289405685,1.8628800000000005,1.011618396365946
0xaf17116ae2b1476032785a67bd5b7c8c05905c20,775,0.7054263565891473,1.78084,1.0106460352105684
0xaf17116ae2b1476032785a67bd5b7c8c05905c20,775,0.7144702842377261,1.70084,1.0103763731831175
0xaf17116ae2b1476032785a67bd5b7c8c05905c20,775,0.7235142118863049,1.5949400000000011,1.0100319972265424
0xaf17116ae2b1476032785a67bd5b7c8c05905c20,775,0.7325581395348837,1.408413993,1.008461752417231
0xaf17116ae2b1476032785a67bd5b7c8c05905c20,775,0.7416020671834626,1.265,1.0040833739190371
0xaf17116ae2b1476032785a67bd5b7c8c05905c20,775,0.7506459948320413,1.2,1.0056487176108515
0xaf17116ae2b1476032785a67bd5b7c8c05905c20,775,0.7596899224806202,1.1308925369454959,1.0047251344567945
0xaf17116ae2b1476032785a67bd5b7c8c05905c20,775,0.7687338501291989,1.08434,1.0041303345487815
0xaf17116ae2b1476032785a67bd5b7c8c05905c20,775,0.7777777777777778,1.045,1.0035542874941468
0xaf17116ae2b1476032785a67bd5b7c8c05905c20,775,0.7868217054263565,1.00688,1.0035542874941468
0xaf17116ae2b1476032785a67bd5b7c8c05905c20,775,0.7958656330749354,0.9439202480000007,1.0019438308412478
0xaf17116ae2b1476032785a67bd5b7c8c05905c20,775,0.8049095607235142,0.88443,1.005715372102104
0xaf17116ae2b1476032785a67bd5b7c8c05905c20,775,0.813953488372093,0.8547,1.005715372102104
0xaf17116ae2b1476032785a67bd5b7c8c05905c20,775,0.8229974160206718,0.81675,1.005715372102104
0xaf17116ae2b1476032785a67bd5b7c8c05905c20,775,0.8320413436692506,0.7629789960000001,1.0056859141589363
0xaf17116ae2b1476032785a67bd5b7c8c05905c20,775,0.8410852713178295,0.684,1.0051458700452163
0xaf17116ae2b1476032785a67bd5b7c8c05905c20,775,0.8501291989664083,0.6438900000000015,1.0037132347442244
0xaf17116ae2b1476032785a67bd5b7c8c05905c20,775,0.8591731266149871,0.6018984000000001,1.0027640015535566
0xaf17116ae2b1476032785a67bd5b7c8c05905c20,775,0.8682170542635659,0.5709790647947306,1.0026825757131965
0xaf17116ae2b1476032785a67bd5b7c8c05905c20,775,0.8772609819121447,0.529462828,1.0025729389299518
0xaf17116ae2b1476032785a67bd5b7c8c05905c20,775,0.8863049095607235,0.4878984,1.0020965679414802
0xaf17116ae2b1476032785a67bd5b7c8c05905c20,775,0.8953488372093024,0.43670000000000003,1.0020965679414806
0xaf17116ae2b1476032785a67bd5b7c8c05905c20,775,0.9043927648578811,0.40000000000000036,1.0010196103978368
0xaf17116ae2b1476032785a67bd5b7c8c05905c20,775,0.91343669250646,0.345,1.0006216482663004
0xaf17116ae2b1476032785a67bd5b7c8c05905c20,775,0.9224806201550387,0.27626799999999996,1.0005746879085857
0xaf17116ae2b1476032785a67bd5b7c8c05905c20,775,0.9315245478036176,0.23579999999999998,1.000527727550871
0xaf17116ae2b1476032785a67bd5b7c8c05905c20,775,0.9405684754521964,0.18789840000000005,1.0004982696077034
0xaf17116ae2b1476032785a67bd5b7c8c05905c20,775,0.9496124031007752,0.11499999999999999,1.0002415529855293
0xaf17116ae2b1476032785a67bd5b7c8c05905c20,775,0.958656330749354,0.09658200000000002,1.0002368099894001
0xaf17116ae2b1476032785a67bd5b7c8c05905c20,775,0.9677002583979328,0.06,1.000113492090041
0xaf17116ae2b1476032785a67bd5b7c8c05905c20,775,0.9767441860465116,0.0352,0.999999863678779
0xaf17116ae2b1476032785a67bd5b7c8c05905c20,775,0.9857881136950905,0.00030000000000000003,1.0000000000000013
0xaf17116ae2b1476032785a67bd5b7c8c05905c20,775,0.9948320413436692,4.174438572590588e-15,1.0000000000000013
0xaf17116ae2b1476032785a67bd5b7c8c05905c20,775,1.0,7.815970093361102e-16,1.0000000000000013
0xb07e2acde1de238ba676b9042d6759c59fdee682,102,0.0,35.769999999999996,1.4052961221243726e-16
0xb07e2acde1de238ba676b9042d6759c59fdee682,102,0.009900990099009901,31.92,0.04280409434165393
0xb07e2acde1de238ba676b9042d6759c59fdee682,102,0.019801980198019802,27.347999999999995,0.04280409434165393
0xb07e2acde1de238ba676b9042d6759c59fdee682,102,0.0297029702970297,26.950000000000003,0.07210451606361931
0xb07e2acde1de238ba676b9042d6759c59fdee682,102,0.039603960396039604,25.650000000000002,0.07210451606361934
0xb07e2acde1de238ba676b9042d6759c59fdee682,102,0.04950495049504951,23.94,0.0721045160636196
0xb07e2acde1de238ba676b9042d6759c59fdee682,102,0.0594059405940594,22.32,0.1205139084738233
0xb07e2acde1de238ba676b9042d6759c59fdee682,102,0.06930693069306931,20.72,0.1205139084738233
0xb07e2acde1de238ba676b9042d6759c59fdee682,102,0.07920792079207921,20.580000000000005,0.1205139084738233
0xb07e2acde1de238ba676b9042d6759c59fdee682,102,0.0891089108910891,20.54,0.1205139084738233
0xb07e2acde1de238ba676b9042d6759c59fdee682,102,0.09900990099009901,20.099999999999998,0.18777748529642213
0xb07e2acde1de238ba676b9042d6759c59fdee682,102,0.10891089108910891,19.78,0.29249464466796804
0xb07e2acde1de238ba676b9042d6759c59fdee682,102,0.1188118811881188,19.599999999999998,0.29249464466796804
0xb07e2acde1de238ba676b9042d6759c59fdee682,102,0.12871287128712872,19.439999999999998,0.3567007861804487
0xb07e2acde1de238ba676b9042d6759c59fdee682,102,0.13861386138613863,18.72,0.3797137300868845
0xb07e2acde1de238ba676b9042d6759c59fdee682,102,0.1485148514851485,18.48,0.3797137300868846
0xb07e2acde1de238ba676b9042d6759c59fdee682,102,0.15841584158415842,18.258100000000002,0.3797137300868846
0xb07e2acde1de238ba676b9042d6759c59fdee682,102,0.16831683168316833,15.839999999999998,0.3797137300868846
0xb07e2acde1de238ba676b9042d6759c59fdee682,102,0.1782178217821782,15.75,0.37971373008688464
0xb07e2acde1de238ba676b9042d6759c59fdee682,102,0.18811881188118812,15.62,0.37971373008688464
0xb07e2acde1de238ba676b9042d6759c59fdee682,102,0.19801980198019803,15.54,0.37971373008688464
0xb07e2acde1de238ba676b9042d6759c59fdee682,102,0.2079207920792079,15.12,0.3797137300868871
0xb07e2acde1de238ba676b9042d6759c59fdee682,102,0.21782178217821782,14.62,0.37971373008688714
0xb07e2acde1de238ba676b9042d6759c59fdee682,102,0.22772277227722773,14.000000000000002,0.48060909532078533
0xb07e2acde1de238ba676b9042d6759c59fdee682,102,0.2376237623762376,13.78857142857143,0.48060909532078533
0xb07e2acde1de238ba676b9042d6759c59fdee682,102,0.24752475247524752,13.5,0.48060909532078533
0xb07e2acde1de238ba676b9042d6759c59fdee682,102,0.25742574257425743,13.0,0.48060909532078533
0xb07e2acde1de238ba676b9042d6759c59fdee682,102,0.26732673267326734,12.959999999999999,0.5162791739388302
0xb07e2acde1de238ba676b9042d6759c59fdee682,102,0.27722772277227725,11.620466666666664,0.5162791739388302
0xb07e2acde1de238ba676b9042d6759c59fdee682,102,0.2871287128712871,11.1,0.5162791739388302
0xb07e2acde1de238ba676b9042d6759c59fdee682,102,0.297029702970297,11.04,0.5162791739388302
0xb07e2acde1de238ba676b9042d6759c59fdee682,102,0.3069306930693069,10.8,0.5315663504894208
0xb07e2acde1de238ba676b9042d6759c59fdee682,102,0.31683168316831684,10.8,0.5468535270400114
0xb07e2acde1de238ba676b9042d6759c59fdee682,102,0.32673267326732675,10.780000000000001,0.5468535270400114
0xb07e2acde1de238ba676b9042d6759c59fdee682,102,0.33663366336633666,10.719999999999999,0.5468535270400114
0xb07e2acde1de238ba676b9042d6759c59fdee682,102,0.3465346534653465,10.719999999999999,0.5468535270400114
0xb07e2acde1de238ba676b9042d6759c59fdee682,102,0.3564356435643564,10.64,0.5896576213816652
0xb07e2acde1de238ba676b9042d6759c59fdee682,102,0.36633663366336633,10.559999999999999,0.5896576213816652
0xb07e2acde1de238ba676b9042d6759c59fdee682,102,0.37623762376237624,10.44,0.5896576213816652
0xb07e2acde1de238ba676b9042d6759c59fdee682,102,0.38613861386138615,10.4,0.5896576213816652
0xb07e2acde1de238ba676b9042d6759c59fdee682,102,0.39603960396039606,10.35,0.5896576213816652
0xb07e2acde1de238ba676b9042d6759c59fdee682,102,0.40594059405940597,10.219999999999999,0.5896576213816652
0xb07e2acde1de238ba676b9042d6759c59fdee682,102,0.4158415841584158,10.219999999999999,0.5896576213816652
0xb07e2acde1de238ba676b9042d6759c59fdee682,102,0.42574257425742573,10.219999999999999,0.5896576213816652
0xb07e2acde1de238ba676b9042d6759c59fdee682,102,0.43564356435643564,10.14,0.5896576213816652
0xb07e2acde1de238ba676b9042d6759c59fdee682,102,0.44554455445544555,10.08,0.5896576213816652
0xb07e2acde1de238ba676b9042d6759c59fdee682,102,0.45544554455445546,9.94,0.5896576213816652
0xb07e2acde1de238ba676b9042d6759c59fdee682,102,0.46534653465346537,9.92,0.5896576213816652
0xb07e2acde1de238ba676b9042d6759c59fdee682,102,0.4752475247524752,9.76,0.46532191877019474
0xb07e2acde1de238ba676b9042d6759c59fdee682,102,0.48514851485148514,9.76,0.46532191877019474
0xb07e2acde1de238ba676b9042d6759c59fdee682,102,0.49504950495049505,9.76,0.46532191877019463
0xb07e2acde1de238ba676b9042d6759c59fdee682,102,0.504950495049505,9.75,0.5357233720466423
0xb07e2acde1de238ba676b9042d6759c59fdee682,102,0.5148514851485149,9.719999999999999,0.5357233720466423
0xb07e2acde1de238ba676b9042d6759c59fdee682,102,0.5247524752475248,9.526825,0.5357233720466423
0xb07e2acde1de238ba676b9042d6759c59fdee682,102,0.5346534653465347,9.239999999999998,0.5357233720466428
0xb07e2acde1de238ba676b9042d6759c59fdee682,102,0.5445544554455446,8.887542857142856,0.5357233720466428
0xb07e2acde1de238ba676b9042d6759c59fdee682,102,0.5544554455445545,8.8,0.5357233720466428
0xb07e2acde1de238ba676b9042d6759c59fdee682,102,0.5643564356435643,8.139999999999999,0.6272527728256808
0xb07e2acde1de238ba676b9042d6759c59fdee682,102,0.5742574257425742,5.53,0.6272527728256808
0xb07e2acde1de238ba676b9042d6759c59fdee682,102,0.5841584158415841,5.52,0.6272527728256808
0xb07e2acde1de238ba676b9042d6759c59fdee682,102,0.594059405940594,5.52,0.48661074856024694
0xb07e2acde1de238ba676b9042d6759c59fdee682,102,0.6039603960396039,5.46,0.5258478350400962
0xb07e2acde1de238ba676b9042d6759c59fdee682,102,0.6138613861386139,5.4399999999999995,0.5910731216559496
0xb07e2acde1de238ba676b9042d6759c59fdee682,102,0.6237623762376238,5.4,0.5910731216559496
0xb07e2acde1de238ba676b9042d6759c59fdee682,102,0.6336633663366337,5.390000000000001,0.5910731216559496
0xb07e2acde1de238ba676b9042d6759c59fdee682,102,0.6435643564356436,5.39,0.5910731216559496
0xb07e2acde1de238ba676b9042d6759c59fdee682,102,0.6534653465346535,5.359999999999999,0.5910731216559496
0xb07e2acde1de238ba676b9042d6759c59fdee682,102,0.6633663366336634,5.34,0.5910731216559497
0xb07e2acde1de238ba676b9042d6759c59fdee682,102,0.6732673267326733,5.28,0.5910731216559497
0xb07e2acde1de238ba676b9042d6759c59fdee682,102,0.6831683168316832,5.279999999999999,0.5910731216559498
0xb07e2acde1de238ba676b9042d6759c59fdee682,102,0.693069306930693,5.25,0.5910731216559498
0xb07e2acde1de238ba676b9042d6759c59fdee682,102,0.7029702970297029,5.2308,0.5910731216559498
0xb07e2acde1de238ba676b9042d6759c59fdee682,102,0.7128712871287128,5.2208000000000006,0.6109260682696501
0xb07e2acde1de238ba676b9042d6759c59fdee682,102,0.7227722772277227,5.2,0.6109260682696501
0xb07e2acde1de238ba676b9042d6759c59fdee682,102,0.7326732673267327,5.2,0.6822662255057398
0xb07e2acde1de238ba676b9042d6759c59fdee682,102,0.7425742574257426,5.2,0.6822662255057398
0xb07e2acde1de238ba676b9042d6759c59fdee682,102,0.7524752475247525,5.18,0.6822662255057398
0xb07e2acde1de238ba676b9042d6759c59fdee682,102,0.7623762376237624,5.125299999999999,0.7045523810537425
0xb07e2acde1de238ba676b9042d6759c59fdee682,102,0.7722772277227723,5.12,0.7045523810537425
0xb07e2acde1de238ba676b9042d6759c59fdee682,102,0.7821782178217822,5.12,0.7779308284965776
0xb07e2acde1de238ba676b9042d6759c59fdee682,102,0.7920792079207921,5.109999999999999,0.8260854346309382
0xb07e2acde1de238ba676b9042d6759c59fdee682,102,0.801980198019802,5.109999999999999,0.8260854346309382
0xb07e2acde1de238ba676b9042d6759c59fdee682,102,0.8118811881188119,5.1,0.8260854346309382
0xb07e2acde1de238ba676b9042d6759c59fdee682,102,0.8217821782178217,5.1,0.849016199456824
0xb07e2acde1de238ba676b9042d6759c59fdee682,102,0.8316831683168316,5.04,0.849016199456824
0xb07e2acde1de238ba676b9042d6759c59fdee682,102,0.8415841584158416,5.04,0.849016199456824
0xb07e2acde1de238ba676b9042d6759c59fdee682,102,0.8514851485148515,5.04,0.849016199456824
0xb07e2acde1de238ba676b9042d6759c59fdee682,102,0.8613861386138614,5.04,0.849016199456824
0xb07e2acde1de238ba676b9042d6759c59fdee682,102,0.8712871287128713,5.04,0.8490161994568243
0xb07e2acde1de238ba676b9042d6759c59fdee682,102,0.8811881188118812,5.04,0.8490161994568243
0xb07e2acde1de238ba676b9042d6759c59fdee682,102,0.8910891089108911,5.04,0.8490161994568243
0xb07e2acde1de238ba676b9042d6759c59fdee682,102,0.900990099009901,4.9799999999999995,0.8741381270811042
0xb07e2acde1de238ba676b9042d6759c59fdee682,102,0.9108910891089109,4.97,0.8741381270811042
0xb07e2acde1de238ba676b9042d6759c59fdee682,102,0.9207920792079208,4.86,0.8741381270811042
0xb07e2acde1de238ba676b9042d6759c59fdee682,102,0.9306930693069307,4.83,0.8741381270811042
0xb07e2acde1de238ba676b9042d6759c59fdee682,102,0.9405940594059405,4.800000000000001,0.8741381270811042
0xb07e2acde1de238ba676b9042d6759c59fdee682,102,0.9504950495049505,4.78,0.8741381270811044
0xb07e2acde1de238ba676b9042d6759c59fdee682,102,0.9603960396039604,4.699999999999999,0.9512440982546493
0xb07e2acde1de238ba676b9042d6759c59fdee682,102,0.9702970297029703,4.3617,0.9512440982546493
0xb07e2acde1de238ba676b9042d6759c59fdee682,102,0.9801980198019802,4.0664,0.9999999999999998
0xb07e2acde1de238ba676b9042d6759c59fdee682,102,0.9900990099009901,3.9295999999999998,0.9999999999999998
0xb07e2acde1de238ba676b9042d6759c59fdee682,102,1.0,3.7,0.9999999999999998
0xb3476e21d2505bd523c3193f6feac01fda0aa115,145,0.0,628.0121533750145,0.034444464066004946
0xb3476e21d2505bd523c3193f6feac01fda0aa115,145,0.006944444444444444,285.2712,0.03444446406600511
0xb3476e21d2505bd523c3193f6feac01fda0aa115,145,0.013888888888888888,194.6722295596034,0.07044158035087149
0xb3476e21d2505bd523c3193f6feac01fda0aa115,145,0.020833333333333332,156.62275499999998,0.08717033908649502
0xb3476e21d2505bd523c3193f6feac01fda0aa115,145,0.027777777777777776,129.6,0.08882359397187792
0xb3476e21d2505bd523c3193f6feac01fda0aa115,145,0.034722222222222224,99.0,0.09713976577859319
0xb3476e21d2505bd523c3193f6feac01fda0aa115,145,0.041666666666666664,97.8453,0.11505862117052261
0xb3476e21d2505bd523c3193f6feac01fda0aa115,145,0.04861111111111111,89.9955,-0.03216256832375768
0xb3476e21d2505bd523c3193f6feac01fda0aa115,145,0.05555555555555555,72.2925,-0.03216256832375779
0xb3476e21d2505bd523c3193f6feac01fda0aa115,145,0.0625,69.36479999999999,-0.03216256832375779
0xb3476e21d2505bd523c3193f6feac01fda0aa115,145,0.06944444444444445,62.536799999999985,-0.03216256832375779
0xb3476e21d2505bd523c3193f6feac01fda0aa115,145,0.0763888888888889,59.536799999999985,-0.03216256832375779
0xb3476e21d2505bd523c3193f6feac01fda0aa115,145,0.08333333333333333,56.536799999999985,-0.03216256832375779
0xb3476e21d2505bd523c3193f6feac01fda0aa115,145,0.09027777777777778,54.67679999999999,-0.03216256832375779
0xb3476e21d2505bd523c3193f6feac01fda0aa115,145,0.09722222222222222,51.67679999999999,-0.03216256832375779
0xb3476e21d2505bd523c3193f6feac01fda0aa115,145,0.10416666666666667,48.67679999999999,-0.03216256832375779
0xb3476e21d2505bd523c3193f6feac01fda0aa115,145,0.1111111111111111,46.94879999999999,-0.03216256832375779
0xb3476e21d2505bd523c3193f6feac01fda0aa115,145,0.11805555555555555,43.94879999999999,-0.03216256832375779
0xb3476e21d2505bd523c3193f6feac01fda0aa115,145,0.125,40.94879999999999,-0.03216256832375779
0xb3476e21d2505bd523c3193f6feac01fda0aa115,145,0.13194444444444445,37.9488,-0.03216256832375779
0xb3476e21d2505bd523c3193f6feac01fda0aa115,145,0.1388888888888889,36.748799999999996,-0.03216256832375779
0xb3476e21d2505bd523c3193f6feac01fda0aa115,145,0.14583333333333334,30.000000000000004,-0.034058655495688865
0xb3476e21d2505bd523c3193f6feac01fda0aa115,145,0.1527777777777778,29.772000000000002,-0.046532913205761764
0xb3476e21d2505bd523c3193f6feac01fda0aa115,145,0.1597222222222222,29.548799999999996,-0.046532913205761764
0xb3476e21d2505bd523c3193f6feac01fda0aa115,145,0.16666666666666666,28.799999999999997,-0.03655350703770345
0xb3476e21d2505bd523c3193f6feac01fda0aa115,145,0.1736111111111111,28.272000000000002,-0.04902776474777635
0xb3476e21d2505bd523c3193f6feac01fda0aa115,145,0.18055555555555555,27.148799999999998,-0.04902776474777635
0xb3476e21d2505bd523c3193f6feac01fda0aa115,145,0.1875,26.772000000000002,-0.06150202245784924
0xb3476e21d2505bd523c3193f6feac01fda0aa115,145,0.19444444444444445,24.148799999999998,-0.06150202245784924
0xb3476e21d2505bd523c3193f6feac01fda0aa115,145,0.2013888888888889,20.772000000000002,-0.07397628016792214
0xb3476e21d2505bd523c3193f6feac01fda0aa115,145,0.20833333333333334,20.3136,0.021047625364329123
0xb3476e21d2505bd523c3193f6feac01fda0aa115,145,0.2152777777777778,17.253,0.000490049229155193
0xb3476e21d2505bd523c3193f6feac01fda0aa115,145,0.2222222222222222,15.0,0.000490049229155193
0xb3476e21d2505bd523c3193f6feac01fda0aa115,145,0.22916666666666666,11.805,-0.020067526906018734
0xb3476e21d2505bd523c3193f6feac01fda0aa115,145,0.2361111111111111,9.999631,0.22318465652630606
0xb3476e21d2505bd523c3193f6feac01fda0aa115,145,0.24305555555555555,9.999555,0.21515123456101912
0xb3476e21d2505bd523c3193f6feac01fda0aa115,145,0.25,9.033555,0.20683506275430386
0xb3476e21d2505bd523c3193f6feac01fda0aa115,145,0.2569444444444444,8.9997786,0.5047378008316387
0xb3476e21d2505bd523c3193f6feac01fda0aa115,145,0.2638888888888889,8.805,0.4922635431215658
0xb3476e21d2505bd523c3193f6feac01fda0aa115,145,0.2708333333333333,8.460131,0.5005796234503912
0xb3476e21d2505bd523c3193f6feac01fda0aa115,145,0.2777777777777778,8.407499999999999,0.5412664940147456
0xb3476e21d2505bd523c3193f6feac01fda0aa115,145,0.2847222222222222,8.15,0.659297917152331
0xb3476e21d2505bd523c3193f6feac01fda0aa115,145,0.2916666666666667,7.8918786,0.6692199417349229
0xb3476e21d2505bd523c3193f6feac01fda0aa115,145,0.2986111111111111,7.859852400000001,0.6692199417349229
0xb3476e21d2505bd523c3193f6feac01fda0aa115,145,0.3055555555555556,7.8549786,1.0725542743606131
0xb3476e21d2505bd523c3193f6feac01fda0aa115,145,0.3125,7.659852400000001,1.0725542743606131
0xb3476e21d2505bd523c3193f6feac01fda0aa115,145,0.3194444444444444,7.459852400000001,1.0725542743606131
0xb3476e21d2505bd523c3193f6feac01fda0aa115,145,0.3263888888888889,7.305,1.0600800166505402
0xb3476e21d2505bd523c3193f6feac01fda0aa115,145,0.3333333333333333,7.239852400000001,1.0600800166505402
0xb3476e21d2505bd523c3193f6feac01fda0aa115,145,0.3402777777777778,7.019852400000001,1.0600800166505402
0xb3476e21d2505bd523c3193f6feac01fda0aa115,145,0.3472222222222222,6.739852400000001,1.0600800166505402
0xb3476e21d2505bd523c3193f6feac01fda0aa115,145,0.3541666666666667,6.479852400000001,1.0600800166505402
0xb3476e21d2505bd523c3193f6feac01fda0aa115,145,0.3611111111111111,6.354978599999999,1.1555895866163037
0xb3476e21d2505bd523c3193f6feac01fda0aa115,145,0.3680555555555556,6.1798524000000015,1.1555895866163037
0xb3476e21d2505bd523c3193f6feac01fda0aa115,145,0.375,6.0,1.1555895866163037
0xb3476e21d2505bd523c3193f6feac01fda0aa115,145,0.3819444444444444,5.999955984,1.1220587818916277
0xb3476e21d2505bd523c3193f6feac01fda0aa115,145,0.3888888888888889,5.805000000000001,1.1095845241815547
0xb3476e21d2505bd523c3193f6feac01fda0aa115,145,0.3958333333333333,4.305,1.097110266471482
0xb3476e21d2505bd523c3193f6feac01fda0aa115,145,0.4027777777777778,3.6999999999999997,1.097110266471482
0xb3476e21d2505bd523c3193f6feac01fda0aa115,145,0.4097222222222222,3.478,1.0887940946647667
0xb3476e21d2505bd523c3193f6feac01fda0aa115,145,0.4166666666666667,2.8049999999999997,1.0763198369546938
0xb3476e21d2505bd523c3193f6feac01fda0aa115,145,0.4236111111111111,2.6000000000000023,1.0763198369546938
0xb3476e21d2505bd523c3193f6feac01fda0aa115,145,0.4305555555555556,2.599806975999999,1.056931348076993
0xb3476e21d2505bd523c3193f6feac01fda0aa115,145,0.4375,2.4,1.056931348076993
0xb3476e21d2505bd523c3193f6feac01fda0aa115,145,0.4444444444444444,2.1812633326413926,1.056931348076993
0xb3476e21d2505bd523c3193f6feac01fda0aa115,145,0.4513888888888889,2.128,1.056931348076993
0xb3476e21d2505bd523c3193f6feac01fda0aa115,145,0.4583333333333333,2.119408332641392,1.056931348076993
0xb3476e21d2505bd523c3193f6feac01fda0aa115,145,0.4652777777777778,2.057553,1.056931348076993
0xb3476e21d2505bd523c3193f6feac01fda0aa115,145,0.4722222222222222,2.0,1.0515611385113415
0xb3476e21d2505bd523c3193f6feac01fda0aa115,145,0.4791666666666667,1.97988,1.0515611385113415
0xb3476e21d2505bd523c3193f6feac01fda0aa115,145,0.4861111111111111,1.9679559960021111,1.0406524833056008
0xb3476e21d2505bd523c3193f6feac01fda0aa115,145,0.4930555555555556,1.8,1.0406524833056008
0xb3476e21d2505bd523c3193f6feac01fda0aa115,145,0.5,1.5999830000000002,1.0360107288499645
0xb3476e21d2505bd523c3193f6feac01fda0aa115,145,0.5069444444444444,1.5647386351395862,1.0360107288499645
0xb3476e21d2505bd523c3193f6feac01fda0aa115,145,0.5138888888888888,1.5118800000000001,1.0360107288499645
0xb3476e21d2505bd523c3193f6feac01fda0aa115,145,0.5208333333333334,1.3218,1.032941687113888
0xb3476e21d2505bd523c3193f6feac01fda0aa115,145,0.5277777777777778,1.305,1.0220890829061244
0xb3476e21d2505bd523c3193f6feac01fda0aa115,145,0.5347222222222222,1.2,1.0154361454607523
0xb3476e21d2505bd523c3193f6feac01fda0aa115,145,0.5416666666666666,1.0418230000000002,1.0154361454607523
0xb3476e21d2505bd523c3193f6feac01fda0aa115,145,0.5486111111111112,0.99999,1.0154361454607523
0xb3476e21d2505bd523c3193f6feac01fda0aa115,145,0.5555555555555556,0.9999800000000001,1.0154361454607523
0xb3476e21d2505bd523c3193f6feac01fda0aa115,145,0.5625,0.9986630000000001,1.0154361454607523
0xb3476e21d2505bd523c3193f6feac01fda0aa115,145,0.5694444444444444,0.9980600000000001,1.0154361454607523
0xb3476e21d2505bd523c3193f6feac01fda0aa115,145,0.5763888888888888,0.98806,1.0154361454607523
0xb3476e21d2505bd523c3193f6feac01fda0aa115,145,0.5833333333333334,0.97262,1.0154361454607523
0xb3476e21d2505bd523c3193f6feac01fda0aa115,145,0.5902777777777778,0.92241,1.0154361454607523
0xb3476e21d2505bd523c3193f6feac01fda0aa115,145,0.5972222222222222,0.9140400000000001,1.0154361454607523
0xb3476e21d2505bd523c3193f6feac01fda0aa115,145,0.6041666666666666,0.88555,1.0154361454607523
0xb3476e21d2505bd523c3193f6feac01fda0aa115,145,0.6111111111111112,0.8418230000000001,1.0154361454607523
0xb3476e21d2505bd523c3193f6feac01fda0aa115,145,0.6180555555555556,0.8218230000000001,1.0154361454607523
0xb3476e21d2505bd523c3193f6feac01fda0aa115,145,0.625,0.8018230000000001,1.0154361454607523
0xb3476e21d2505bd523c3193f6feac01fda0aa115,145,0.6319444444444444,0.7818230000000002,1.0154361454607523
0xb3476e21d2505bd523c3193f6feac01fda0aa115,145,0.6388888888888888,0.7600030000000001,1.0154361454607523
0xb3476e21d2505bd523c3193f6feac01fda0aa115,145,0.6458333333333334,0.7595399999999999,1.0154361454607523
0xb3476e21d2505bd523c3193f6feac01fda0aa115,145,0.6527777777777778,0.7561200000000002,1.0154361454607523
0xb3476e21d2505bd523c3193f6feac01fda0aa115,145,0.6597222222222222,0.750264,1.0154361454607523
0xb3476e21d2505bd523c3193f6feac01fda0aa115,145,0.6666666666666666,0.75,1.0154361454607523
0xb3476e21d2505bd523c3193f6feac01fda0aa115,145,0.6736111111111112,0.74802,1.0154361454607523
0xb3476e21d2505bd523c3193f6feac01fda0aa115,145,0.6805555555555556,0.72,1.0154361454607523
0xb3476e21d2505bd523c3193f6feac01fda0aa115,145,0.6875,0.70002,1.0154361454607523
0xb3476e21d2505bd523c3193f6feac01fda0aa115,145,0.6944444444444444,0.6900000000000001,1.0154361454607523
0xb3476e21d2505bd523c3193f6feac01fda0aa115,145,0.7013888888888888,0.68002,1.0154361454607523
0xb3476e21d2505bd523c3193f6feac01fda0aa115,145,0.7083333333333334,0.66,1.0154361454607523
0xb3476e21d2505bd523c3193f6feac01fda0aa115,145,0.7152777777777778,0.656215992,1.009979406168058
0xb3476e21d2505bd523c3193f6feac01fda0aa115,145,0.7222222222222222,0.6494099999999999,1.009979406168058
0xb3476e21d2505bd523c3193f6feac01fda0aa115,145,0.7291666666666666,0.63,1.009979406168058
0xb3476e21d2505bd523c3193f6feac01fda0aa115,145,0.7361111111111112,0.6,1.009979406168058
0xb3476e21d2505bd523c3193f6feac01fda0aa115,145,0.7430555555555556,0.6,1.0099759133758992
0xb3476e21d2505bd523c3193f6feac01fda0aa115,145,0.75,0.59997,1.0099759133758992
0xb3476e21d2505bd523c3193f6feac01fda0aa115,145,0.7569444444444444,0.59958,1.0074845546260434
0xb3476e21d2505bd523c3193f6feac01fda0aa115,145,0.7638888888888888,0.5700000000000001,1.0074845546260434
0xb3476e21d2505bd523c3193f6feac01fda0aa115,145,0.7708333333333334,0.56,1.0074845546260434
0xb3476e21d2505bd523c3193f6feac01fda0aa115,145,0.7777777777777778,0.5575530000000001,1.0074845546260434
0xb3476e21d2505bd523c3193f6feac01fda0aa115,145,0.7847222222222222,0.54,1.0074845546260434
0xb3476e21d2505bd523c3193f6feac01fda0aa115,145,0.7916666666666666,0.51,1.0074845546260434
0xb3476e21d2505bd523c3193f6feac01fda0aa115,145,0.7986111111111112,0.5,1.0033264687226857
0xb3476e21d2505bd523c3193f6feac01fda0aa115,145,0.8055555555555556,0.48,1.0033264687226857
0xb3476e21d2505bd523c3193f6feac01fda0aa115,145,0.8125,0.46,1.0033264687226857
0xb3476e21d2505bd523c3193f6feac01fda0aa115,145,0.8194444444444444,0.4534800000000001,1.0033264687226857
0xb3476e21d2505bd523c3193f6feac01fda0aa115,145,0.8263888888888888,0.4519800000000001,1.0033264687226857
0xb3476e21d2505bd523c3193f6feac01fda0aa115,145,0.8333333333333334,0.45,1.0033264687226857
0xb3476e21d2505bd523c3193f6feac01fda0aa115,145,0.8402777777777778,0.42,1.0033264687226857
0xb3476e21d2505bd523c3193f6feac01fda0aa115,145,0.8472222222222222,0.42,1.0033264687226857
0xb3476e21d2505bd523c3193f6feac01fda0aa115,145,0.8541666666666666,0.4,0.9999999999999996
0xb3476e21d2505bd523c3193f6feac01fda0aa115,145,0.8611111111111112,0.39,0.9999999999999996
0xb3476e21d2505bd523c3193f6feac01fda0aa115,145,0.8680555555555556,0.36,0.9999999999999996
0xb3476e21d2505bd523c3193f6feac01fda0aa115,145,0.875,0.3,0.9999999999999996
0xb3476e21d2505bd523c3193f6feac01fda0aa115,145,0.8819444444444444,0.21800902685899914,0.9999999999999996
0xb3476e21d2505bd523c3193f6feac01fda0aa115,145,0.8888888888888888,0.18752400000000002,0.9999999999999996
0xb3476e21d2505bd523c3193f6feac01fda0aa115,145,0.8958333333333334,0.18332699999999996,0.9999999999999996
0xb3476e21d2505bd523c3193f6feac01fda0aa115,145,0.9027777777777778,0.14331,0.9999999999999996
0xb3476e21d2505bd523c3193f6feac01fda0aa115,145,0.9097222222222222,0.14162,0.9999999999999996
0xb3476e21d2505bd523c3193f6feac01fda0aa115,145,0.9166666666666666,0.118227,0.9999999999999996
0xb3476e21d2505bd523c3193f6feac01fda0aa115,145,0.9236111111111112,0.10523701195524666,0.9999999999999996
0xb3476e21d2505bd523c3193f6feac01fda0aa115,145,0.9305555555555556,0.101941,0.9999999999999996
0xb3476e21d2505bd523c3193f6feac01fda0aa115,145,0.9375,0.0955,0.9999999999999996
0xb3476e21d2505bd523c3193f6feac01fda0aa115,145,0.9444444444444444,0.0873,0.9999999999999996
0xb3476e21d2505bd523c3193f6feac01fda0aa115,145,0.9513888888888888,0.07889505089063548,0.9999999999999996
0xb3476e21d2505bd523c3193f6feac01fda0aa115,145,0.9583333333333334,0.07,0.9999999999999996
0xb3476e21d2505bd523c3193f6feac01fda0aa115,145,0.9652777777777778,0.065724,0.9999999999999996
0xb3476e21d2505bd523c3193f6feac01fda0aa115,145,0.9722222222222222,0.063264,0.9999999999999996
0xb3476e21d2505bd523c3193f6feac01fda0aa115,145,0.9791666666666666,0.056159999999999995,0.9999999999999996
0xb3476e21d2505bd523c3193f6feac01fda0aa115,145,0.9861111111111112,5.67297320230864e-14,0.9999999999999996
0xb3476e21d2505bd523c3193f6feac01fda0aa115,145,0.9930555555555556,2.7853275241795927e-14,0.9999999999999996
0xb3476e21d2505bd523c3193f6feac01fda0aa115,145,1.0,4.263256414560601e-17,0.9999999999999996
0xb79fadaa593335ee1a1ccb4506c9c89ac3b2d749,171,0.0,2.331,0.0
0xb79fadaa593335ee1a1ccb4506c9c89ac3b2d749,171,0.0058823529411764705,1.996289430426506,-0.09843601497187426
0xb79fadaa593335ee1a1ccb4506c9c89ac3b2d749,171,0.011764705882352941,1.673793827629854,-0.09843601497187426
0xb79fadaa593335ee1a1ccb4506c9c89ac3b2d749,171,0.01764705882352941,1.6606,-0.17671167778808747
0xb79fadaa593335ee1a1ccb4506c9c89ac3b2d749,171,0.023529411764705882,1.6476886659999999,-0.17671167778808747
0xb79fadaa593335ee1a1ccb4506c9c89ac3b2d749,171,0.029411764705882353,1.5808000000000002,-0.27084249411349964
0xb79fadaa593335ee1a1ccb4506c9c89ac3b2d749,171,0.03529411764705882,1.510928666,-0.27084249411349964
0xb79fadaa593335ee1a1ccb4506c9c89ac3b2d749,171,0.041176470588235294,1.505102913580247,-0.3410118728823924
0xb79fadaa593335ee1a1ccb4506c9c89ac3b2d749,171,0.047058823529411764,1.4926400000000002,-0.3410118728823924
0xb79fadaa593335ee1a1ccb4506c9c89ac3b2d749,171,0.052941176470588235,1.4150909220000005,-0.3410118728823918
0xb79fadaa593335ee1a1ccb4506c9c89ac3b2d749,171,0.058823529411764705,1.40103728,-0.4131343708159313
0xb79fadaa593335ee1a1ccb4506c9c89ac3b2d749,171,0.06470588235294118,1.3422842279086105,-0.45862348100645034
0xb79fadaa593335ee1a1ccb4506c9c89ac3b2d749,171,0.07058823529411765,1.2919800000000001,-0.46163056996421437
0xb79fadaa593335ee1a1ccb4506c9c89ac3b2d749,171,0.07647058823529412,1.276652088652991,-0.46163056996421453
0xb79fadaa593335ee1a1ccb4506c9c89ac3b2d749,171,0.08235294117647059,1.16764899,-0.46163056996421453
0xb79fadaa593335ee1a1ccb4506c9c89ac3b2d749,171,0.08823529411764706,1.095,-0.5082553353885552
0xb79fadaa593335ee1a1ccb4506c9c89ac3b2d749,171,0.09411764705882353,1.0808682810000003,-0.5082553353885545
0xb79fadaa593335ee1a1ccb4506c9c89ac3b2d749,171,0.1,1.064,-0.5527721612266606
0xb79fadaa593335ee1a1ccb4506c9c89ac3b2d749,171,0.10588235294117647,1.0632,-0.5527721612266606
0xb79fadaa593335ee1a1ccb4506c9c89ac3b2d749,171,0.11176470588235295,1.0227718710000002,-0.5527721612266605
0xb79fadaa593335ee1a1ccb4506c9c89ac3b2d749,171,0.11764705882352941,0.9376528200000003,0.16635298999987733
0xb79fadaa593335ee1a1ccb4506c9c89ac3b2d749,171,0.12352941176470589,0.8972218710000004,0.16635298999987744
0xb79fadaa593335ee1a1ccb4506c9c89ac3b2d749,171,0.12941176470588237,0.8809999999999999,0.11999618299751573
0xb79fadaa593335ee1a1ccb4506c9c89ac3b2d749,171,0.13529411764705881,0.8493645120000002,0.11999618299751584
0xb79fadaa593335ee1a1ccb4506c9c89ac3b2d749,171,0.1411764705882353,0.8260000000000002,0.11999618299751563
0xb79fadaa593335ee1a1ccb4506c9c89ac3b2d749,171,0.14705882352941177,0.8186400976809073,0.11999618299751563
0xb79fadaa593335ee1a1ccb4506c9c89ac3b2d749,171,0.15294117647058825,0.8088326600000001,0.11292208065727084
0xb79fadaa593335ee1a1ccb4506c9c89ac3b2d749,171,0.1588235294117647,0.8070699999999998,0.09980879064894049
0xb79fadaa593335ee1a1ccb4506c9c89ac3b2d749,171,0.16470588235294117,0.7684000000000001,0.054053401438131594
0xb79fadaa593335ee1a1ccb4506c9c89ac3b2d749,171,0.17058823529411765,0.7520000000000001,0.00927457180964605
0xb79fadaa593335ee1a1ccb4506c9c89ac3b2d749,171,0.17647058823529413,0.7505099999999998,0.00927457180964605
0xb79fadaa593335ee1a1ccb4506c9c89ac3b2d749,171,0.18235294117647058,0.749,-0.009232423440210162
0xb79fadaa593335ee1a1ccb4506c9c89ac3b2d749,171,0.18823529411764706,0.7270719600000001,0.19115283914726264
0xb79fadaa593335ee1a1ccb4506c9c89ac3b2d749,171,0.19411764705882353,0.6873518710000002,0.19115283914726275
0xb79fadaa593335ee1a1ccb4506c9c89ac3b2d749,171,0.2,0.672900085,0.1852774041480039
0xb79fadaa593335ee1a1ccb4506c9c89ac3b2d749,171,0.20588235294117646,0.663326128,0.1843091810499199
0xb79fadaa593335ee1a1ccb4506c9c89ac3b2d749,171,0.21176470588235294,0.6614800000000001,0.17007761152703688
0xb79fadaa593335ee1a1ccb4506c9c89ac3b2d749,171,0.21764705882352942,0.6448546903208646,0.16850904247108797
0xb79fadaa593335ee1a1ccb4506c9c89ac3b2d749,171,0.2235294117647059,0.6315206230000001,0.15516292666705542
0xb79fadaa593335ee1a1ccb4506c9c89ac3b2d749,171,0.22941176470588234,0.61697796,0.12690224509567344
0xb79fadaa593335ee1a1ccb4506c9c89ac3b2d749,171,0.23529411764705882,0.5945056400000001,0.28380583500230294
0xb79fadaa593335ee1a1ccb4506c9c89ac3b2d749,171,0.2411764705882353,0.5745942930000001,0.28380583500230294
0xb79fadaa593335ee1a1ccb4506c9c89ac3b2d749,171,0.24705882352941178,0.5742301854460863,0.2821037631058925
0xb79fadaa593335ee1a1ccb4506c9c89ac3b2d749,171,0.2529411764705882,0.570934596,0.28210376310589247
0xb79fadaa593335ee1a1ccb4506c9c89ac3b2d749,171,0.25882352941176473,0.5519485860000002,0.2679984317729195
0xb79fadaa593335ee1a1ccb4506c9c89ac3b2d749,171,0.2647058823529412,0.5508,0.24904483939160707
0xb79fadaa593335ee1a1ccb4506c9c89ac3b2d749,171,0.27058823529411763,0.5251780148520296,0.2262399103843489
0xb79fadaa593335ee1a1ccb4506c9c89ac3b2d749,171,0.27647058823529413,0.519229051,0.2262399103843489
0xb79fadaa593335ee1a1ccb4506c9c89ac3b2d749,171,0.2823529411764706,0.5122720499227724,0.4388199012097686
0xb79fadaa593335ee1a1ccb4506c9c89ac3b2d749,171,0.28823529411764703,0.47400000000000003,0.6928444852458315
0xb79fadaa593335ee1a1ccb4506c9c89ac3b2d749,171,0.29411764705882354,0.45044464000000006,0.6928444852458315
0xb79fadaa593335ee1a1ccb4506c9c89ac3b2d749,171,0.3,0.40988547000000003,0.6916511770732853
0xb79fadaa593335ee1a1ccb4506c9c89ac3b2d749,171,0.3058823529411765,0.38984546999999997,0.690267320703183
0xb79fadaa593335ee1a1ccb4506c9c89ac3b2d749,171,0.31176470588235294,0.380918205,0.690267320703183
0xb79fadaa593335ee1a1ccb4506c9c89ac3b2d749,171,0.3176470588235294,0.38046698460355954,0.6718509551847803
0xb79fadaa593335ee1a1ccb4506c9c89ac3b2d749,171,0.3235294117647059,0.37727199999999994,0.6718509551847803
0xb79fadaa593335ee1a1ccb4506c9c89ac3b2d749,171,0.32941176470588235,0.33649,0.6718509551847803
0xb79fadaa593335ee1a1ccb4506c9c89ac3b2d749,171,0.3352941176470588,0.31,0.6692547358073841
0xb79fadaa593335ee1a1ccb4506c9c89ac3b2d749,171,0.3411764705882353,0.30927799999999994,0.6508383702889815
0xb79fadaa593335ee1a1ccb4506c9c89ac3b2d749,171,0.34705882352941175,0.30764464,0.6508383702889815
0xb79fadaa593335ee1a1ccb4506c9c89ac3b2d749,171,0.35294117647058826,0.2664,0.6349752317078264
0xb79fadaa593335ee1a1ccb4506c9c89ac3b2d749,171,0.3588235294117647,0.25902,0.6343095038949987
0xb79fadaa593335ee1a1ccb4506c9c89ac3b2d749,171,0.36470588235294116,0.21999999999999995,0.6277594091355129
0xb79fadaa593335ee1a1ccb4506c9c89ac3b2d749,171,0.37058823529411766,0.21441000000000004,0.6213194750606182
0xb79fadaa593335ee1a1ccb4506c9c89ac3b2d749,171,0.3764705882352941,0.18180000000000002,0.6213194750606182
0xb79fadaa593335ee1a1ccb4506c9c89ac3b2d749,171,0.38235294117647056,0.1818,0.6104939548126679
0xb79fadaa593335ee1a1ccb4506c9c89ac3b2d749,171,0.38823529411764707,0.1818,1.1409444469622356
0xb79fadaa593335ee1a1ccb4506c9c89ac3b2d749,171,0.3941176470588235,0.1818,1.1301189267142853
0xb79fadaa593335ee1a1ccb4506c9c89ac3b2d749,171,0.4,0.1818,1.1301189267142853
0xb79fadaa593335ee1a1ccb4506c9c89ac3b2d749,171,0.40588235294117647,0.1818,1.1301189267142853
0xb79fadaa593335ee1a1ccb4506c9c89ac3b2d749,171,0.4117647058823529,0.1818,1.119293406466335
0xb79fadaa593335ee1a1ccb4506c9c89ac3b2d749,171,0.4176470588235294,0.18178,1.119293406466335
0xb79fadaa593335ee1a1ccb4506c9c89ac3b2d749,171,0.4235294117647059,0.18171700000000002,1.119293406466335
0xb79fadaa593335ee1a1ccb4506c9c89ac3b2d749,171,0.4294117647058823,0.18171099999999998,1.119293406466335
0xb79fadaa593335ee1a1ccb4506c9c89ac3b2d749,171,0.43529411764705883,0.18,1.119293406466335
0xb79fadaa593335ee1a1ccb4506c9c89ac3b2d749,171,0.4411764705882353,0.15938,1.113861953398616
0xb79fadaa593335ee1a1ccb4506c9c89ac3b2d749,171,0.4470588235294118,0.1472,1.1089642689080006
0xb79fadaa593335ee1a1ccb4506c9c89ac3b2d749,171,0.45294117647058824,0.14409999999999998,1.1089642689080006
0xb79fadaa593335ee1a1ccb4506c9c89ac3b2d749,171,0.4588235294117647,0.14196,1.1089642689080006
0xb79fadaa593335ee1a1ccb4506c9c89ac3b2d749,171,0.4647058823529412,0.1360423923444976,1.1089642689080006
0xb79fadaa593335ee1a1ccb4506c9c89ac3b2d749,171,0.47058823529411764,0.13334055286017535,1.1061343840047297
0xb79fadaa593335ee1a1ccb4506c9c89ac3b2d749,171,0.4764705882352941,0.12869999999999998,1.0984707731361314
0xb79fadaa593335ee1a1ccb4506c9c89ac3b2d749,171,0.4823529411764706,0.12786000000000003,1.0984707731361314
0xb79fadaa593335ee1a1ccb4506c9c89ac3b2d749,171,0.48823529411764705,0.12672239999999999,1.0912894874270949
0xb79fadaa593335ee1a1ccb4506c9c89ac3b2d749,171,0.49411764705882355,0.125726136,1.0901319070441458
0xb79fadaa593335ee1a1ccb4506c9c89ac3b2d749,171,0.5,0.12092415691515351,1.0837056686219302
0xb79fadaa593335ee1a1ccb4506c9c89ac3b2d749,171,0.5058823529411764,0.12056,1.0818001865100797
0xb79fadaa593335ee1a1ccb4506c9c89ac3b2d749,171,0.5117647058823529,0.12033999999999997,1.0746343828432021
0xb79fadaa593335ee1a1ccb4506c9c89ac3b2d749,171,0.5176470588235295,0.12012,1.0674816793658437
0xb79fadaa593335ee1a1ccb4506c9c89ac3b2d749,171,0.5235294117647059,0.11823,1.062264707614724
0xb79fadaa593335ee1a1ccb4506c9c89ac3b2d749,171,0.5294117647058824,0.1178,1.062264707614724
0xb79fadaa593335ee1a1ccb4506c9c89ac3b2d749,171,0.5352941176470588,0.11643099900000001,1.062264707614724
0xb79fadaa593335ee1a1ccb4506c9c89ac3b2d749,171,0.5411764705882353,0.11450708795835399,1.058432306717265
0xb79fadaa593335ee1a1ccb4506c9c89ac3b2d749,171,0.5470588235294118,0.11133,1.0574676563811043
0xb79fadaa593335ee1a1ccb4506c9c89ac3b2d749,171,0.5529411764705883,0.10640000000000001,1.0574676563811043
0xb79fadaa593335ee1a1ccb4506c9c89ac3b2d749,171,0.5588235294117647,0.106286136,1.0574676563811043
0xb79fadaa593335ee1a1ccb4506c9c89ac3b2d749,171,0.5647058823529412,0.105600999,1.0574676563811043
0xb79fadaa593335ee1a1ccb4506c9c89ac3b2d749,171,0.5705882352941176,0.10428,1.0512581665491116
0xb79fadaa593335ee1a1ccb4506c9c89ac3b2d749,171,0.5764705882352941,0.102439428,1.0512581665491116
0xb79fadaa593335ee1a1ccb4506c9c89ac3b2d749,171,0.5823529411764706,0.09767999999999999,1.0479831191693687
0xb79fadaa593335ee1a1ccb4506c9c89ac3b2d749,171,0.5882352941176471,0.09731999999999999,1.046492555811906
0xb79fadaa593335ee1a1ccb4506c9c89ac3b2d749,171,0.5941176470588235,0.09580999999999999,1.0407874232763938
0xb79fadaa593335ee1a1ccb4506c9c89ac3b2d749,171,0.6,0.094225,1.0407874232763938
0xb79fadaa593335ee1a1ccb4506c9c89ac3b2d749,171,0.6058823529411764,0.09276000000000001,1.0407874232763938
0xb79fadaa593335ee1a1ccb4506c9c89ac3b2d749,171,0.611764705882353,0.09240099900000001,1.0407874232763938
0xb79fadaa593335ee1a1ccb4506c9c89ac3b2d749,171,0.6176470588235294,0.0906651,1.0407874232763938
0xb79fadaa593335ee1a1ccb4506c9c89ac3b2d749,171,0.6235294117647059,0.09066,1.0353889542682575
0xb79fadaa593335ee1a1ccb4506c9c89ac3b2d749,171,0.6294117647058823,0.0882,1.0353889542682575
0xb79fadaa593335ee1a1ccb4506c9c89ac3b2d749,171,0.6352941176470588,0.08653734887737478,1.0353889542682575
0xb79fadaa593335ee1a1ccb4506c9c89ac3b2d749,171,0.6411764705882353,0.08528000000000001,1.033483472156407
0xb79fadaa593335ee1a1ccb4506c9c89ac3b2d749,171,0.6470588235294118,0.082439428,1.033483472156407
0xb79fadaa593335ee1a1ccb4506c9c89ac3b2d749,171,0.6529411764705882,0.07900166500000001,1.031988859630603
0xb79fadaa593335ee1a1ccb4506c9c89ac3b2d749,171,0.6588235294117647,0.07740099900000001,1.031988859630603
0xb79fadaa593335ee1a1ccb4506c9c89ac3b2d749,171,0.6647058823529411,0.07718,1.031988859630603
0xb79fadaa593335ee1a1ccb4506c9c89ac3b2d749,171,0.6705882352941176,0.07215,1.031988859630603
0xb79fadaa593335ee1a1ccb4506c9c89ac3b2d749,171,0.6764705882352942,0.07215,1.031988859630603
0xb79fadaa593335ee1a1ccb4506c9c89ac3b2d749,171,0.6823529411764706,0.07056,1.0277872715739729
0xb79fadaa593335ee1a1ccb4506c9c89ac3b2d749,171,0.6882352941176471,0.0682,1.0237262128230915
0xb79fadaa593335ee1a1ccb4506c9c89ac3b2d749,171,0.6941176470588235,0.06644,1.0237262128230915
0xb79fadaa593335ee1a1ccb4506c9c89ac3b2d749,171,0.7,0.06512499999999999,1.0237262128230915
0xb79fadaa593335ee1a1ccb4506c9c89ac3b2d749,171,0.7058823529411765,0.06495000000000001,1.019858679599195
0xb79fadaa593335ee1a1ccb4506c9c89ac3b2d749,171,0.711764705882353,0.06346999999999998,1.016079274922972
0xb79fadaa593335ee1a1ccb4506c9c89ac3b2d749,171,0.7176470588235294,0.062400999000000006,1.016079274922972
0xb79fadaa593335ee1a1ccb4506c9c89ac3b2d749,171,0.7235294117647059,0.061224,1.016079274922972
0xb79fadaa593335ee1a1ccb4506c9c89ac3b2d749,171,0.7294117647058823,0.06028,1.016079274922972
0xb79fadaa593335ee1a1ccb4506c9c89ac3b2d749,171,0.7352941176470589,0.06028,1.016079274922972
0xb79fadaa593335ee1a1ccb4506c9c89ac3b2d749,171,0.7411764705882353,0.060200800000000006,1.016079274922972
0xb79fadaa593335ee1a1ccb4506c9c89ac3b2d749,171,0.7470588235294118,0.060100999999999995,1.016079274922972
0xb79fadaa593335ee1a1ccb4506c9c89ac3b2d749,171,0.7529411764705882,0.05736599399999999,1.016079274922972
0xb79fadaa593335ee1a1ccb4506c9c89ac3b2d749,171,0.7588235294117647,0.055519427999999996,1.016079274922972
0xb79fadaa593335ee1a1ccb4506c9c89ac3b2d749,171,0.7647058823529411,0.05490560000002186,1.016079274922972
0xb79fadaa593335ee1a1ccb4506c9c89ac3b2d749,171,0.7705882352941177,0.052778999,1.0158000027009537
0xb79fadaa593335ee1a1ccb4506c9c89ac3b2d749,171,0.7764705882352941,0.05208,1.0158000027009537
0xb79fadaa593335ee1a1ccb4506c9c89ac3b2d749,171,0.7823529411764706,0.05124,1.0158000027009537
0xb79fadaa593335ee1a1ccb4506c9c89ac3b2d749,171,0.788235294117647,0.050251000000000004,1.0158000027009537
0xb79fadaa593335ee1a1ccb4506c9c89ac3b2d749,171,0.7941176470588235,0.05,1.014013613221094
0xb79fadaa593335ee1a1ccb4506c9c89ac3b2d749,171,0.8,0.05,1.014013613221094
0xb79fadaa593335ee1a1ccb4506c9c89ac3b2d749,171,0.8058823529411765,0.048088999,1.0123463163732247
0xb79fadaa593335ee1a1ccb4506c9c89ac3b2d749,171,0.8117647058823529,0.04575518,1.0119425923382832
0xb79fadaa593335ee1a1ccb4506c9c89ac3b2d749,171,0.8176470588235294,0.04544,1.0119425923382832
0xb79fadaa593335ee1a1ccb4506c9c89ac3b2d749,171,0.8235294117647058,0.04510166500000001,1.0104479798124792
0xb79fadaa593335ee1a1ccb4506c9c89ac3b2d749,171,0.8294117647058824,0.042679999999999996,1.0087515052697722
0xb79fadaa593335ee1a1ccb4506c9c89ac3b2d749,171,0.8352941176470589,0.040816,1.0087515052697722
0xb79fadaa593335ee1a1ccb4506c9c89ac3b2d749,171,0.8411764705882353,0.03887,1.0087515052697722
0xb79fadaa593335ee1a1ccb4506c9c89ac3b2d749,171,0.8470588235294118,0.035246,1.006652735816201
0xb79fadaa593335ee1a1ccb4506c9c89ac3b2d749,171,0.8529411764705882,0.034644,1.006652735816201
0xb79fadaa593335ee1a1ccb4506c9c89ac3b2d749,171,0.8588235294117647,0.032999999999999995,1.006652735816201
0xb79fadaa593335ee1a1ccb4506c9c89ac3b2d749,171,0.8647058823529412,0.027263855027263372,1.006652735816201
0xb79fadaa593335ee1a1ccb4506c9c89ac3b2d749,171,0.8705882352941177,0.025124999999999998,1.006652735816201
0xb79fadaa593335ee1a1ccb4506c9c89ac3b2d749,171,0.8764705882352941,0.025,1.005164077916318
0xb79fadaa593335ee1a1ccb4506c9c89ac3b2d749,171,0.8823529411764706,0.02397,1.004270883176388
0xb79fadaa593335ee1a1ccb4506c9c89ac3b2d749,171,0.888235294117647,0.023755179999999994,1.004270883176388
0xb79fadaa593335ee1a1ccb4506c9c89ac3b2d749,171,0.8941176470588236,0.020408,1.004270883176388
0xb79fadaa593335ee1a1ccb4506c9c89ac3b2d749,171,0.9,0.020214717999999972,1.0030671711906036
0xb79fadaa593335ee1a1ccb4506c9c89ac3b2d749,171,0.9058823529411765,0.020089000000000003,1.0018709452485737
0xb79fadaa593335ee1a1ccb4506c9c89ac3b2d749,171,0.9117647058823529,0.018009,1.0018709452485737
0xb79fadaa593335ee1a1ccb4506c9c89ac3b2d749,171,0.9176470588235294,0.0150290040364433,1.0012761370980963
0xb79fadaa593335ee1a1ccb4506c9c89ac3b2d749,171,0.9235294117647059,0.015,1.0012761370980963
0xb79fadaa593335ee1a1ccb4506c9c89ac3b2d749,171,0.9294117647058824,0.01419,1.0004311748741226
0xb79fadaa593335ee1a1ccb4506c9c89ac3b2d749,171,0.9352941176470588,0.010949663999999994,1.0004311748741226
0xb79fadaa593335ee1a1ccb4506c9c89ac3b2d749,171,0.9411764705882353,0.01,1.0004311748741226
0xb79fadaa593335ee1a1ccb4506c9c89ac3b2d749,171,0.9470588235294117,0.006159999999999981,1.0000643695675913
0xb79fadaa593335ee1a1ccb4506c9c89ac3b2d749,171,0.9529411764705882,0.005,1.0000643695675913
0xb79fadaa593335ee1a1ccb4506c9c89ac3b2d749,171,0.9588235294117647,0.0037151799999999937,1.0000643695675913
0xb79fadaa593335ee1a1ccb4506c9c89ac3b2d749,171,0.9647058823529412,0.0007210009972326794,1.0000428733475168
0xb79fadaa593335ee1a1ccb4506c9c89ac3b2d749,171,0.9705882352941176,0.0007199999999999999,1.0000000000000002
0xb79fadaa593335ee1a1ccb4506c9c89ac3b2d749,171,0.9764705882352941,1.7550405573274474e-15,1.0000000000000002
0xb79fadaa593335ee1a1ccb4506c9c89ac3b2d749,171,0.9823529411764705,1.6910917111090384e-15,1.0000000000000002
0xb79fadaa593335ee1a1ccb4506c9c89ac3b2d749,171,0.9882352941176471,8.810729923425242e-16,1.0000000000000002
0xb79fadaa593335ee1a1ccb4506c9c89ac3b2d749,171,0.9941176470588236,8.775202786637237e-16,1.0000000000000002
0xb79fadaa593335ee1a1ccb4506c9c89ac3b2d749,171,1.0,5.384581669432009e-16,1.0000000000000002
0xb8fca82fafe3735faa7df168582c1e7d709088e1,274,0.0,338.8672,0.0006409606602215699
0xb8fca82fafe3735faa7df168582c1e7d709088e1,274,0.007326007326007326,192.60119736000001,0.5539193630625975
0xb8fca82fafe3735faa7df168582c1e7d709088e1,274,0.014652014652014652,168.42406080000003,0.49998205676989355
0xb8fca82fafe3735faa7df168582c1e7d709088e1,274,0.02197802197802198,151.26802965286913,0.5095945835148318
0xb8fca82fafe3735faa7df168582c1e7d709088e1,274,0.029304029304029304,135.9158,0.5095945835148318
0xb8fca82fafe3735faa7df168582c1e7d709088e1,274,0.03663003663003663,126.2159977499999,0.48246169091708435
0xb8fca82fafe3735faa7df168582c1e7d709088e1,274,0.04395604395604396,121.27890000000001,0.45948659221040566
0xb8fca82fafe3735faa7df168582c1e7d709088e1,274,0.05128205128205128,119.07715624000004,0.4836549622361843
0xb8fca82fafe3735faa7df168582c1e7d709088e1,274,0.05860805860805861,114.91497321181728,0.4731231172816877
0xb8fca82fafe3735faa7df168582c1e7d709088e1,274,0.06593406593406594,112.24048572000001,0.4455775735589733
0xb8fca82fafe3735faa7df168582c1e7d709088e1,274,0.07326007326007326,111.77890000000001,0.4694136917421818
0xb8fca82fafe3735faa7df168582c1e7d709088e1,274,0.08058608058608059,110.82890000000002,0.47958568703040355
0xb8fca82fafe3735faa7df168582c1e7d709088e1,274,0.08791208791208792,109.36519859999999,0.47958568703040355
0xb8fca82fafe3735faa7df168582c1e7d709088e1,274,0.09523809523809523,107.3855986,0.45081273623745816
0xb8fca82fafe3735faa7df168582c1e7d709088e1,274,0.10256410256410256,106.79685956455921,0.5259252754078945
0xb8fca82fafe3735faa7df168582c1e7d709088e1,274,0.10989010989010989,102.64115484,0.5259252754078945
0xb8fca82fafe3735faa7df168582c1e7d709088e1,274,0.11721611721611722,102.00000000000003,0.5463692141291978
0xb8fca82fafe3735faa7df168582c1e7d709088e1,274,0.12454212454212454,100.96115483999999,0.5463692141291978
0xb8fca82fafe3735faa7df168582c1e7d709088e1,274,0.13186813186813187,97.93740000000001,0.5434919190499032
0xb8fca82fafe3735faa7df168582c1e7d709088e1,274,0.1391941391941392,96.9874,0.5686546222558271
0xb8fca82fafe3735faa7df168582c1e7d709088e1,274,0.14652014652014653,96.5412,0.5632148732387194
0xb8fca82fafe3735faa7df168582c1e7d709088e1,274,0.15384615384615385,96.03739999999999,0.5851428904746063
0xb8fca82fafe3735faa7df168582c1e7d709088e1,274,0.16117216117216118,95.0874,0.5772681881523265
0xb8fca82fafe3735faa7df168582c1e7d709088e1,274,0.1684981684981685,94.09048572,0.5601459337955282
0xb8fca82fafe3735faa7df168582c1e7d709088e1,274,0.17582417582417584,93.1874,0.5569657655499921
0xb8fca82fafe3735faa7df168582c1e7d709088e1,274,0.18315018315018314,91.38606357,0.5863505194108627
0xb8fca82fafe3735faa7df168582c1e7d709088e1,274,0.19047619047619047,89.19739999999996,0.5863505194108627
0xb8fca82fafe3735faa7df168582c1e7d709088e1,274,0.1978021978021978,86.24439999999998,0.5863505194108627
0xb8fca82fafe3735faa7df168582c1e7d709088e1,274,0.20512820512820512,86.17049551732647,0.5863505194108627
0xb8fca82fafe3735faa7df168582c1e7d709088e1,274,0.21245421245421245,83.3756,0.5863505194108627
0xb8fca82fafe3735faa7df168582c1e7d709088e1,274,0.21978021978021978,81.82469999999999,0.6018879128390532
0xb8fca82fafe3735faa7df168582c1e7d709088e1,274,0.2271062271062271,76.8212,0.6436748913398264
0xb8fca82fafe3735faa7df168582c1e7d709088e1,274,0.23443223443223443,75.84606357,0.6570315979710779
0xb8fca82fafe3735faa7df168582c1e7d709088e1,274,0.24175824175824176,73.25606512700392,0.6868646018171369
0xb8fca82fafe3735faa7df168582c1e7d709088e1,274,0.2490842490842491,72.8355,0.6954964870550205
0xb8fca82fafe3735faa7df168582c1e7d709088e1,274,0.2564102564102564,71.98367489828395,0.6892201092586333
0xb8fca82fafe3735faa7df168582c1e7d709088e1,274,0.26373626373626374,69.02161966,0.7024253793067641
0xb8fca82fafe3735faa7df168582c1e7d709088e1,274,0.27106227106227104,67.17161966,0.7401391452392767
0xb8fca82fafe3735faa7df168582c1e7d709088e1,274,0.2783882783882784,65.54241118303266,0.7671406586405378
0xb8fca82fafe3735faa7df168582c1e7d709088e1,274,0.2857142857142857,64.4805,0.7941266590235646
0xb8fca82fafe3735faa7df168582c1e7d709088e1,274,0.29304029304029305,61.87800000000001,0.7425178051268319
0xb8fca82fafe3735faa7df168582c1e7d709088e1,274,0.30036630036630035,56.071619659999996,0.757782612705405
0xb8fca82fafe3735faa7df168582c1e7d709088e1,274,0.3076923076923077,53.111619659999995,0.7730474202839781
0xb8fca82fafe3735faa7df168582c1e7d709088e1,274,0.315018315018315,52.847998,0.7730474202839782
0xb8fca82fafe3735faa7df168582c1e7d709088e1,274,0.32234432234432236,50.453332,0.7687708511766478
0xb8fca82fafe3735faa7df168582c1e7d709088e1,274,0.32967032967032966,49.785332000000004,0.7670848592370577
0xb8fca82fafe3735faa7df168582c1e7d709088e1,274,0.336996336996337,48.30161966,0.7823496668156308
0xb8fca82fafe3735faa7df168582c1e7d709088e1,274,0.3443223443223443,47.902005,0.7823496668156308
0xb8fca82fafe3735faa7df168582c1e7d709088e1,274,0.3516483516483517,47.166,0.7823496668156308
0xb8fca82fafe3735faa7df168582c1e7d709088e1,274,0.358974358974359,46.050599999999996,0.7823496668156308
0xb8fca82fafe3735faa7df168582c1e7d709088e1,274,0.3663003663003663,45.34161965999999,0.7880739696575957
0xb8fca82fafe3735faa7df168582c1e7d709088e1,274,0.37362637362637363,44.23161966,0.7885509945478152
0xb8fca82fafe3735faa7df168582c1e7d709088e1,274,0.38095238095238093,42.41698862,0.7751608138021842
0xb8fca82fafe3735faa7df168582c1e7d709088e1,274,0.3882783882783883,40.96699122776092,0.7938792848960805
0xb8fca82fafe3735faa7df168582c1e7d709088e1,274,0.3956043956043956,40.207499999999996,0.8114459285380893
0xb8fca82fafe3735faa7df168582c1e7d709088e1,274,0.40293040293040294,36.88248820089597,0.8114459285380893
0xb8fca82fafe3735faa7df168582c1e7d709088e1,274,0.41025641025641024,35.657130089999995,0.8114459285380893
0xb8fca82fafe3735faa7df168582c1e7d709088e1,274,0.4175824175824176,34.24162010508534,0.9463389675149464
0xb8fca82fafe3735faa7df168582c1e7d709088e1,274,0.4249084249084249,32.733909156427586,0.9463389675149464
0xb8fca82fafe3735faa7df168582c1e7d709088e1,274,0.43223443223443225,32.48761888000001,0.9463389675149464
0xb8fca82fafe3735faa7df168582c1e7d709088e1,274,0.43956043956043955,31.687618880000006,0.9463389675149464
0xb8fca82fafe3735faa7df168582c1e7d709088e1,274,0.4468864468864469,31.438800000000004,0.9463389675149464
0xb8fca82fafe3735faa7df168582c1e7d709088e1,274,0.4542124542124542,30.878666,0.9463389675149464
0xb8fca82fafe3735faa7df168582c1e7d709088e1,274,0.46153846153846156,30.515997999999996,0.9463389675149464
0xb8fca82fafe3735faa7df168582c1e7d709088e1,274,0.46886446886446886,29.67029999999999,0.9463389675149464
0xb8fca82fafe3735faa7df168582c1e7d709088e1,274,0.47619047619047616,28.522818880000006,0.9463389675149464
0xb8fca82fafe3735faa7df168582c1e7d709088e1,274,0.4835164835164835,26.551997999999998,0.9463389675149464
0xb8fca82fafe3735faa7df168582c1e7d709088e1,274,0.4908424908424908,26.118666000000005,0.9463389675149464
0xb8fca82fafe3735faa7df168582c1e7d709088e1,274,0.4981684981684982,25.8555645,0.9826837414064667
0xb8fca82fafe3735faa7df168582c1e7d709088e1,274,0.5054945054945055,25.338402574139646,0.9978095845207615
0xb8fca82fafe3735faa7df168582c1e7d709088e1,274,0.5128205128205128,24.715200000000006,0.9978095845207615
0xb8fca82fafe3735faa7df168582c1e7d709088e1,274,0.5201465201465202,24.24017944839778,0.9978095845207615
0xb8fca82fafe3735faa7df168582c1e7d709088e1,274,0.5274725274725275,23.988599999999995,0.9978095845207615
0xb8fca82fafe3735faa7df168582c1e7d709088e1,274,0.5347985347985348,23.0814,0.9978095845207615
0xb8fca82fafe3735faa7df168582c1e7d709088e1,274,0.5421245421245421,22.563997999999998,0.9978095845207615
0xb8fca82fafe3735faa7df168582c1e7d709088e1,274,0.5494505494505495,22.45135632247766,0.9978095845207615
0xb8fca82fafe3735faa7df168582c1e7d709088e1,274,0.5567765567765568,22.257600000000004,0.9978095845207615
0xb8fca82fafe3735faa7df168582c1e7d709088e1,274,0.5641025641025641,21.7906,0.9911463748634479
0xb8fca82fafe3735faa7df168582c1e7d709088e1,274,0.5714285714285714,21.392522254623007,0.9911463748634479
0xb8fca82fafe3735faa7df168582c1e7d709088e1,274,0.5787545787545788,20.666666000000006,0.9911463748634479
0xb8fca82fafe3735faa7df168582c1e7d709088e1,274,0.5860805860805861,20.4945,1.0148870887040657
0xb8fca82fafe3735faa7df168582c1e7d709088e1,274,0.5934065934065934,19.264400000000002,1.0148870887040657
0xb8fca82fafe3735faa7df168582c1e7d709088e1,274,0.6007326007326007,19.057600000000004,1.0100411180442013
0xb8fca82fafe3735faa7df168582c1e7d709088e1,274,0.608058608058608,17.899200000000004,1.0072225803175643
0xb8fca82fafe3735faa7df168582c1e7d709088e1,274,0.6153846153846154,17.776550999999998,1.0072225803175643
0xb8fca82fafe3735faa7df168582c1e7d709088e1,274,0.6227106227106227,17.0884,1.0072225803175643
0xb8fca82fafe3735faa7df168582c1e7d709088e1,274,0.63003663003663,16.66695279,1.0072225803175643
0xb8fca82fafe3735faa7df168582c1e7d709088e1,274,0.6373626373626373,16.2378,1.0072225803175643
0xb8fca82fafe3735faa7df168582c1e7d709088e1,274,0.6446886446886447,15.866666000000002,1.0072225803175643
0xb8fca82fafe3735faa7df168582c1e7d709088e1,274,0.652014652014652,15.5,1.0072225803175643
0xb8fca82fafe3735faa7df168582c1e7d709088e1,274,0.6593406593406593,15.1596,1.0072225803175643
0xb8fca82fafe3735faa7df168582c1e7d709088e1,274,0.6666666666666666,15.030599999999998,1.0066881000410979
0xb8fca82fafe3735faa7df168582c1e7d709088e1,274,0.673992673992674,14.521400000000002,1.0066881000410979
0xb8fca82fafe3735faa7df168582c1e7d709088e1,274,0.6813186813186813,13.657800000000002,1.0066881000410979
0xb8fca82fafe3735faa7df168582c1e7d709088e1,274,0.6886446886446886,13.099998,1.0066881000410979
0xb8fca82fafe3735faa7df168582c1e7d709088e1,274,0.6959706959706959,12.8006,1.0066881000410979
0xb8fca82fafe3735faa7df168582c1e7d709088e1,274,0.7032967032967034,12.666666000000001,1.0066881000410979
0xb8fca82fafe3735faa7df168582c1e7d709088e1,274,0.7106227106227107,12.078666000000002,1.0066881000410979
0xb8fca82fafe3735faa7df168582c1e7d709088e1,274,0.717948717948718,11.411999999999999,1.0066881000410979
0xb8fca82fafe3735faa7df168582c1e7d709088e1,274,0.7252747252747253,11.34664482,1.0066881000410979
0xb8fca82fafe3735faa7df168582c1e7d709088e1,274,0.7326007326007326,10.525036063977947,1.0066881000410979
0xb8fca82fafe3735faa7df168582c1e7d709088e1,274,0.73992673992674,10.3221,1.0066881000410979
0xb8fca82fafe3735faa7df168582c1e7d709088e1,274,0.7472527472527473,10.0,1.0066881000410979
0xb8fca82fafe3735faa7df168582c1e7d709088e1,274,0.7545787545787546,9.599999999999998,1.0066881000410979
0xb8fca82fafe3735faa7df168582c1e7d709088e1,274,0.7619047619047619,8.715023570486641,1.0066881000410979
0xb8fca82fafe3735faa7df168582c1e7d709088e1,274,0.7692307692307693,8.510200000000001,1.0066881000410979
0xb8fca82fafe3735faa7df168582c1e7d709088e1,274,0.7765567765567766,8.19,1.0066881000410979
0xb8fca82fafe3735faa7df168582c1e7d709088e1,274,0.7838827838827839,7.4314,1.0066881000410979
0xb8fca82fafe3735faa7df168582c1e7d709088e1,274,0.7912087912087912,7.1372,1.0066881000410979
0xb8fca82fafe3735faa7df168582c1e7d709088e1,274,0.7985347985347986,6.810200000000001,1.0066881000410979
0xb8fca82fafe3735faa7df168582c1e7d709088e1,274,0.8058608058608059,6.614999999999999,1.0066881000410979
0xb8fca82fafe3735faa7df168582c1e7d709088e1,274,0.8131868131868132,6.4838000000000005,1.0066881000410979
0xb8fca82fafe3735faa7df168582c1e7d709088e1,274,0.8205128205128205,6.369299999999999,1.0066881000410979
0xb8fca82fafe3735faa7df168582c1e7d709088e1,274,0.8278388278388278,6.096246754313885,1.0066881000410979
0xb8fca82fafe3735faa7df168582c1e7d709088e1,274,0.8351648351648352,5.746666000000001,1.0066881000410979
0xb8fca82fafe3735faa7df168582c1e7d709088e1,274,0.8424908424908425,5.3999999999999995,1.0066881000410979
0xb8fca82fafe3735faa7df168582c1e7d709088e1,274,0.8498168498168498,4.94,1.0066881000410979
0xb8fca82fafe3735faa7df168582c1e7d709088e1,274,0.8571428571428571,4.5385,1.0066881000410979
0xb8fca82fafe3735faa7df168582c1e7d709088e1,274,0.8644688644688645,4.33762098,1.0066881000410979
0xb8fca82fafe3735faa7df168582c1e7d709088e1,274,0.8717948717948718,4.1267000000000005,1.0066881000410979
0xb8fca82fafe3735faa7df168582c1e7d709088e1,274,0.8791208791208791,4.0424,1.0066881000410979
0xb8fca82fafe3735faa7df168582c1e7d709088e1,274,0.8864468864468864,3.830100000000001,0.9999999999999997
0xb8fca82fafe3735faa7df168582c1e7d709088e1,274,0.8937728937728938,3.3999999999999995,0.9999999999999997
0xb8fca82fafe3735faa7df168582c1e7d709088e1,274,0.9010989010989011,3.2,0.9999999999999997
0xb8fca82fafe3735faa7df168582c1e7d709088e1,274,0.9084249084249084,2.9576209799999997,0.9999999999999997
0xb8fca82fafe3735faa7df168582c1e7d709088e1,274,0.9157509157509157,2.85,0.9999999999999997
0xb8fca82fafe3735faa7df168582c1e7d709088e1,274,0.9230769230769231,2.6928,0.9999999999999997
0xb8fca82fafe3735faa7df168582c1e7d709088e1,274,0.9304029304029304,2.270127,0.9999999999999997
0xb8fca82fafe3735faa7df168582c1e7d709088e1,274,0.9377289377289377,2.010927,0.9999999999999997
0xb8fca82fafe3735faa7df168582c1e7d709088e1,274,0.945054945054945,1.9,0.9999999999999997
0xb8fca82fafe3735faa7df168582c1e7d709088e1,274,0.9523809523809523,1.7999999999999998,0.9999999999999997
0xb8fca82fafe3735faa7df168582c1e7d709088e1,274,0.9597069597069597,1.3499999999999999,0.9999999999999997
0xb8fca82fafe3735faa7df168582c1e7d709088e1,274,0.967032967032967,0.95,0.9999999999999997
0xb8fca82fafe3735faa7df168582c1e7d709088e1,274,0.9743589743589743,0.75,0.9999999999999997
0xb8fca82fafe3735faa7df168582c1e7d709088e1,274,0.9816849816849816,0.4237900000000002,0.9999999999999997
0xb8fca82fafe3735faa7df168582c1e7d709088e1,274,0.989010989010989,0.19140000000000015,0.9999999999999997
0xb8fca82fafe3735faa7df168582c1e7d709088e1,274,0.9963369963369964,0.13,0.9999999999999997
0xb8fca82fafe3735faa7df168582c1e7d709088e1,274,1.0,0.12,0.9999999999999997
0xb95e3c95df098ed35ef27c23daf7b7e59eca8b12,104,0.0,94.87112906699234,0.00943585519369466
0xb95e3c95df098ed35ef27c23daf7b7e59eca8b12,104,0.009708737864077669,82.62764870999999,0.00943585519369468
0xb95e3c95df098ed35ef27c23daf7b7e59eca8b12,104,0.019417475728155338,54.61157662538839,0.07123496801898159
0xb95e3c95df098ed35ef27c23daf7b7e59eca8b12,104,0.02912621359223301,49.9999,0.0717612026507403
0xb95e3c95df098ed35ef27c23daf7b7e59eca8b12,104,0.038834951456310676,49.92794099288946,0.0717612026507403
0xb95e3c95df098ed35ef27c23daf7b7e59eca8b12,104,0.04854368932038835,41.75566114488594,0.07176120265074035
0xb95e3c95df098ed35ef27c23daf7b7e59eca8b12,104,0.05825242718446602,41.34008313465826,0.08597145246820419
0xb95e3c95df098ed35ef27c23daf7b7e59eca8b12,104,0.06796116504854369,37.600328250000004,0.10842936513789868
0xb95e3c95df098ed35ef27c23daf7b7e59eca8b12,104,0.07766990291262135,35.410947218356185,0.10842936513789875
0xb95e3c95df098ed35ef27c23daf7b7e59eca8b12,104,0.08737864077669903,31.297712524044996,0.10842936513789875
0xb95e3c95df098ed35ef27c23daf7b7e59eca8b12,104,0.0970873786407767,30.044525256028315,0.10842936513789926
0xb95e3c95df098ed35ef27c23daf7b7e59eca8b12,104,0.10679611650485436,29.99992,0.1130175951516176
0xb95e3c95df098ed35ef27c23daf7b7e59eca8b12,104,0.11650485436893204,26.488392857557997,0.1130175951516176
0xb95e3c95df098ed35ef27c23daf7b7e59eca8b12,104,0.1262135922330097,24.361695540000003,0.1369562525078414
0xb95e3c95df098ed35ef27c23daf7b7e59eca8b12,104,0.13592233009708737,24.0211341,0.1369562525078414
0xb95e3c95df098ed35ef27c23daf7b7e59eca8b12,104,0.14563106796116504,22.367352,0.13695625250784152
0xb95e3c95df098ed35ef27c23daf7b7e59eca8b12,104,0.1553398058252427,20.603274596727598,-0.10509022028108778
0xb95e3c95df098ed35ef27c23daf7b7e59eca8b12,104,0.1650485436893204,19.999998,-0.04329105904646735
0xb95e3c95df098ed35ef27c23daf7b7e59eca8b12,104,0.17475728155339806,19.93659693354465,-0.04329105904646735
0xb95e3c95df098ed35ef27c23daf7b7e59eca8b12,104,0.18446601941747573,17.541717099833104,-0.04329105904646735
0xb95e3c95df098ed35ef27c23daf7b7e59eca8b12,104,0.1941747572815534,17.36736,-0.043291059046467247
0xb95e3c95df098ed35ef27c23daf7b7e59eca8b12,104,0.20388349514563106,16.531245000000002,-0.0163970118931788
0xb95e3c95df098ed35ef27c23daf7b7e59eca8b12,104,0.21359223300970873,15.779217525324686,-0.0163970118931788
0xb95e3c95df098ed35ef27c23daf7b7e59eca8b12,104,0.22330097087378642,15.410949940958828,-0.01639701189317873
0xb95e3c95df098ed35ef27c23daf7b7e59eca8b12,104,0.23300970873786409,15.107578578042363,0.08298923730544275
0xb95e3c95df098ed35ef27c23daf7b7e59eca8b12,104,0.24271844660194175,14.999996999999999,0.08298923730544328
0xb95e3c95df098ed35ef27c23daf7b7e59eca8b12,104,0.2524271844660194,14.999994999999998,0.10961437104317537
0xb95e3c95df098ed35ef27c23daf7b7e59eca8b12,104,0.2621359223300971,14.61572899690754,0.10961437104317537
0xb95e3c95df098ed35ef27c23daf7b7e59eca8b12,104,0.27184466019417475,13.448349234826198,0.13953022559879583
0xb95e3c95df098ed35ef27c23daf7b7e59eca8b12,104,0.2815533980582524,12.375397200000002,0.21214422552667458
0xb95e3c95df098ed35ef27c23daf7b7e59eca8b12,104,0.2912621359223301,11.27026696951354,0.24304380614398471
0xb95e3c95df098ed35ef27c23daf7b7e59eca8b12,104,0.30097087378640774,11.2360871275278,0.24304380614398471
0xb95e3c95df098ed35ef27c23daf7b7e59eca8b12,104,0.3106796116504854,10.522241484042567,0.6551772943893144
0xb95e3c95df098ed35ef27c23daf7b7e59eca8b12,104,0.32038834951456313,10.41095394095883,0.6551772943893146
0xb95e3c95df098ed35ef27c23daf7b7e59eca8b12,104,0.3300970873786408,10.13550174,0.5498289032939482
0xb95e3c95df098ed35ef27c23daf7b7e59eca8b12,104,0.33980582524271846,10.065413123164461,0.5498289032939483
0xb95e3c95df098ed35ef27c23daf7b7e59eca8b12,104,0.34951456310679613,10.032278769741627,0.5666556486785691
0xb95e3c95df098ed35ef27c23daf7b7e59eca8b12,104,0.3592233009708738,10.004139200000001,0.5666556486785692
0xb95e3c95df098ed35ef27c23daf7b7e59eca8b12,104,0.36893203883495146,8.840625,0.6416901152707105
0xb95e3c95df098ed35ef27c23daf7b7e59eca8b12,104,0.3786407766990291,7.857259284283804,0.389830891414026
0xb95e3c95df098ed35ef27c23daf7b7e59eca8b12,104,0.3883495145631068,7.119398682089771,0.389830891414026
0xb95e3c95df098ed35ef27c23daf7b7e59eca8b12,104,0.39805825242718446,5.978934588252757,0.389830891414026
0xb95e3c95df098ed35ef27c23daf7b7e59eca8b12,104,0.4077669902912621,5.4723006000000005,0.389830891414026
0xb95e3c95df098ed35ef27c23daf7b7e59eca8b12,104,0.4174757281553398,5.166607114526815,0.3898308914140261
0xb95e3c95df098ed35ef27c23daf7b7e59eca8b12,104,0.42718446601941745,5.043919862742857,0.3898308914140261
0xb95e3c95df098ed35ef27c23daf7b7e59eca8b12,104,0.4368932038834951,5.008934849999999,0.38983089141402627
0xb95e3c95df098ed35ef27c23daf7b7e59eca8b12,104,0.44660194174757284,5.005789936098567,0.4454564103747782
0xb95e3c95df098ed35ef27c23daf7b7e59eca8b12,104,0.4563106796116505,5.005350191982793,0.4544954494951338
0xb95e3c95df098ed35ef27c23daf7b7e59eca8b12,104,0.46601941747572817,5.0,0.5906466993599064
0xb95e3c95df098ed35ef27c23daf7b7e59eca8b12,104,0.47572815533980584,4.999999,0.5906466993599064
0xb95e3c95df098ed35ef27c23daf7b7e59eca8b12,104,0.4854368932038835,4.999998000000001,0.6629463290774307
0xb95e3c95df098ed35ef27c23daf7b7e59eca8b12,104,0.49514563106796117,4.999998,0.6629463290774307
0xb95e3c95df098ed35ef27c23daf7b7e59eca8b12,104,0.5048543689320388,4.9999970000000005,0.6991142006175082
0xb95e3c95df098ed35ef27c23daf7b7e59eca8b12,104,0.5145631067961165,4.999995,0.6991142006175082
0xb95e3c95df098ed35ef27c23daf7b7e59eca8b12,104,0.5242718446601942,4.999994,0.7191556667997212
0xb95e3c95df098ed35ef27c23daf7b7e59eca8b12,104,0.5339805825242718,4.999993,0.7191556667997214
0xb95e3c95df098ed35ef27c23daf7b7e59eca8b12,104,0.5436893203883495,4.999991,0.7255118131668542
0xb95e3c95df098ed35ef27c23daf7b7e59eca8b12,104,0.5533980582524272,4.999960000000001,0.7274481864982643
0xb95e3c95df098ed35ef27c23daf7b7e59eca8b12,104,0.5631067961165048,4.99996,0.7274481864982643
0xb95e3c95df098ed35ef27c23daf7b7e59eca8b12,104,0.5728155339805825,4.921406264715477,0.8035199682840419
0xb95e3c95df098ed35ef27c23daf7b7e59eca8b12,104,0.5825242718446602,4.588135884118504,0.8035199682840419
0xb95e3c95df098ed35ef27c23daf7b7e59eca8b12,104,0.5922330097087378,4.223839006131734,0.8035199682840419
0xb95e3c95df098ed35ef27c23daf7b7e59eca8b12,104,0.6019417475728155,4.04560448,0.7551106349987895
0xb95e3c95df098ed35ef27c23daf7b7e59eca8b12,104,0.6116504854368932,3.7243972855119796,0.7657370645669018
0xb95e3c95df098ed35ef27c23daf7b7e59eca8b12,104,0.6213592233009708,3.11945368,0.7657370645669018
0xb95e3c95df098ed35ef27c23daf7b7e59eca8b12,104,0.6310679611650486,2.2592567985185505,0.7730178307499989
0xb95e3c95df098ed35ef27c23daf7b7e59eca8b12,104,0.6407766990291263,2.138886670277812,0.7730178307499989
0xb95e3c95df098ed35ef27c23daf7b7e59eca8b12,104,0.6504854368932039,2.119401,0.789154259041972
0xb95e3c95df098ed35ef27c23daf7b7e59eca8b12,104,0.6601941747572816,2.0917899584376833,0.789154259041972
0xb95e3c95df098ed35ef27c23daf7b7e59eca8b12,104,0.6699029126213593,2.0329529586808244,0.789154259041972
0xb95e3c95df098ed35ef27c23daf7b7e59eca8b12,104,0.6796116504854369,2.0028051199999997,0.7891542590419721
0xb95e3c95df098ed35ef27c23daf7b7e59eca8b12,104,0.6893203883495146,2.002602256333487,0.7407449741660529
0xb95e3c95df098ed35ef27c23daf7b7e59eca8b12,104,0.6990291262135923,1.9999980000000002,0.7407449741660529
0xb95e3c95df098ed35ef27c23daf7b7e59eca8b12,104,0.7087378640776699,1.9999979999999997,0.7407449741660529
0xb95e3c95df098ed35ef27c23daf7b7e59eca8b12,104,0.7184466019417476,1.999997,0.7407449741660529
0xb95e3c95df098ed35ef27c23daf7b7e59eca8b12,104,0.7281553398058253,1.999997,0.7565061333063987
0xb95e3c95df098ed35ef27c23daf7b7e59eca8b12,104,0.7378640776699029,1.9999960000000003,0.7930254081967939
0xb95e3c95df098ed35ef27c23daf7b7e59eca8b12,104,0.7475728155339806,1.6179771049437544,0.7930254081967939
0xb95e3c95df098ed35ef27c23daf7b7e59eca8b12,104,0.7572815533980582,1.1131099999999994,0.8738527776565149
0xb95e3c95df098ed35ef27c23daf7b7e59eca8b12,104,0.7669902912621359,0.9999990000000001,0.8738527776565149
0xb95e3c95df098ed35ef27c23daf7b7e59eca8b12,104,0.7766990291262136,0.9999990000000001,0.8738527776565149
0xb95e3c95df098ed35ef27c23daf7b7e59eca8b12,104,0.7864077669902912,0.9999990000000001,0.8738527776565151
0xb95e3c95df098ed35ef27c23daf7b7e59eca8b12,104,0.7961165048543689,0.9999990000000001,0.8738527776565151
0xb95e3c95df098ed35ef27c23daf7b7e59eca8b12,104,0.8058252427184466,0.999999,0.9167817871392107
0xb95e3c95df098ed35ef27c23daf7b7e59eca8b12,104,0.8155339805825242,0.999999,0.9167817871392111
0xb95e3c95df098ed35ef27c23daf7b7e59eca8b12,104,0.8252427184466019,0.999999,0.9406251749275294
0xb95e3c95df098ed35ef27c23daf7b7e59eca8b12,104,0.8349514563106796,0.999999,0.9406251749275291
0xb95e3c95df098ed35ef27c23daf7b7e59eca8b12,104,0.8446601941747572,0.999999,0.9406251749275292
0xb95e3c95df098ed35ef27c23daf7b7e59eca8b12,104,0.8543689320388349,0.999999,0.9406251749275296
0xb95e3c95df098ed35ef27c23daf7b7e59eca8b12,104,0.8640776699029126,0.999999,0.9406251749275296
0xb95e3c95df098ed35ef27c23daf7b7e59eca8b12,104,0.8737864077669902,0.999999,0.9406251749275296
0xb95e3c95df098ed35ef27c23daf7b7e59eca8b12,104,0.883495145631068,0.9999989999999995,0.9076260319452999
0xb95e3c95df098ed35ef27c23daf7b7e59eca8b12,104,0.8932038834951457,0.9999980000000002,0.944145306835695
0xb95e3c95df098ed35ef27c23daf7b7e59eca8b12,104,0.9029126213592233,0.9999980000000002,0.9513788714618439
0xb95e3c95df098ed35ef27c23daf7b7e59eca8b12,104,0.912621359223301,0.9999980000000002,0.9513788714618439
0xb95e3c95df098ed35ef27c23daf7b7e59eca8b12,104,0.9223300970873787,0.999998,0.9596084625401172
0xb95e3c95df098ed35ef27c23daf7b7e59eca8b12,104,0.9320388349514563,0.9999979999999999,0.9596084625401172
0xb95e3c95df098ed35ef27c23daf7b7e59eca8b12,104,0.941747572815534,0.9999979999999999,0.9655916624968413
0xb95e3c95df098ed35ef27c23daf7b7e59eca8b12,104,0.9514563106796117,0.9999969999999999,0.9797266553134689
0xb95e3c95df098ed35ef27c23daf7b7e59eca8b12,104,0.9611650485436893,0.9999969999999998,0.9895716130143574
0xb95e3c95df098ed35ef27c23daf7b7e59eca8b12,104,0.970873786407767,0.999995,0.9974521683798636
0xb95e3c95df098ed35ef27c23daf7b7e59eca8b12,104,0.9805825242718447,0.9999900599999998,0.9974521683798635
0xb95e3c95df098ed35ef27c23daf7b7e59eca8b12,104,0.9902912621359223,0.9999889999999998,0.9999999999999997
0xb95e3c95df098ed35ef27c23daf7b7e59eca8b12,104,1.0,0.001040000000000001,0.9999999999999997
0xbc4e46aa57fc149c046e847dfe5ae536db697dbb,544,0.0,981.9901800000001,0.02420731769143508
0xbc4e46aa57fc149c046e847dfe5ae536db697dbb,544,0.009208103130755065,474.0,0.034931736494086506
0xbc4e46aa57fc149c046e847dfe5ae536db697dbb,544,0.01841620626151013,294.8219526965684,0.1093198150247715
0xbc4e46aa57fc149c046e847dfe5ae536db697dbb,544,0.027624309392265192,175.07700000000003,0.19880412976488032
0xbc4e46aa57fc149c046e847dfe5ae536db697dbb,544,0.03683241252302026,130.5,0.2374587331275868
0xbc4e46aa57fc149c046e847dfe5ae536db697dbb,544,0.04604051565377532,112.3803,0.2374587331275868
0xbc4e46aa57fc149c046e847dfe5ae536db697dbb,544,0.055248618784530384,96.9199,0.23745873312758736
0xbc4e46aa57fc149c046e847dfe5ae536db697dbb,544,0.06445672191528545,73.37803,0.25090509114534
0xbc4e46aa57fc149c046e847dfe5ae536db697dbb,544,0.07366482504604052,62.612,0.43412676286639806
0xbc4e46aa57fc149c046e847dfe5ae536db697dbb,544,0.08287292817679558,55.793299999999995,0.2794433387034369
0xbc4e46aa57fc149c046e847dfe5ae536db697dbb,544,0.09208103130755065,51.25299999999999,0.2940233164922569
0xbc4e46aa57fc149c046e847dfe5ae536db697dbb,544,0.10128913443830571,45.10644369835738,0.34781735580655726
0xbc4e46aa57fc149c046e847dfe5ae536db697dbb,544,0.11049723756906077,40.33725999999999,0.4086763431549734
0xbc4e46aa57fc149c046e847dfe5ae536db697dbb,544,0.11970534069981584,37.01439758,0.45619441121593896
0xbc4e46aa57fc149c046e847dfe5ae536db697dbb,544,0.1289134438305709,30.06391621614249,0.4706071791992229
0xbc4e46aa57fc149c046e847dfe5ae536db697dbb,544,0.13812154696132597,29.000000000000004,0.5969335148556384
0xbc4e46aa57fc149c046e847dfe5ae536db697dbb,544,0.14732965009208104,28.08213292800999,0.5646731846665609
0xbc4e46aa57fc149c046e847dfe5ae536db697dbb,544,0.15653775322283608,26.128000000000007,0.6324635364431205
0xbc4e46aa57fc149c046e847dfe5ae536db697dbb,544,0.16574585635359115,24.900000000000002,0.5065877258659623
0xbc4e46aa57fc149c046e847dfe5ae536db697dbb,544,0.17495395948434622,21.24899182,0.4940357833592922
0xbc4e46aa57fc149c046e847dfe5ae536db697dbb,544,0.1841620626151013,20.044000000000004,0.6347506796813003
0xbc4e46aa57fc149c046e847dfe5ae536db697dbb,544,0.19337016574585636,19.56,0.599067300269481
0xbc4e46aa57fc149c046e847dfe5ae536db697dbb,544,0.20257826887661143,19.08,0.5956581031529857
0xbc4e46aa57fc149c046e847dfe5ae536db697dbb,544,0.21178637200736647,18.799999999999997,0.5577124920465654
0xbc4e46aa57fc149c046e847dfe5ae536db697dbb,544,0.22099447513812154,17.6988,0.8158436382945491
0xbc4e46aa57fc149c046e847dfe5ae536db697dbb,544,0.2302025782688766,16.4,0.8721859574677211
0xbc4e46aa57fc149c046e847dfe5ae536db697dbb,544,0.23941068139963168,14.684999999999999,0.8721859574677211
0xbc4e46aa57fc149c046e847dfe5ae536db697dbb,544,0.24861878453038674,13.95,1.072997312607702
0xbc4e46aa57fc149c046e847dfe5ae536db697dbb,544,0.2578268876611418,13.131299999999998,1.0048348853925517
0xbc4e46aa57fc149c046e847dfe5ae536db697dbb,544,0.26703499079189685,12.150000000000002,0.9877298299028267
0xbc4e46aa57fc149c046e847dfe5ae536db697dbb,544,0.27624309392265195,11.5,0.9905540124839906
0xbc4e46aa57fc149c046e847dfe5ae536db697dbb,544,0.285451197053407,10.096820000000003,1.037914384542294
0xbc4e46aa57fc149c046e847dfe5ae536db697dbb,544,0.2946593001841621,9.890000000000002,1.0302019793550552
0xbc4e46aa57fc149c046e847dfe5ae536db697dbb,544,0.30386740331491713,9.299999999999999,1.0306950913821031
0xbc4e46aa57fc149c046e847dfe5ae536db697dbb,544,0.31307550644567217,9.0,0.9921426965401877
0xbc4e46aa57fc149c046e847dfe5ae536db697dbb,544,0.32228360957642727,8.188,0.9181842254038562
0xbc4e46aa57fc149c046e847dfe5ae536db697dbb,544,0.3314917127071823,6.8999999999999995,0.8774297823075775
0xbc4e46aa57fc149c046e847dfe5ae536db697dbb,544,0.3406998158379374,5.59,0.8927512212716111
0xbc4e46aa57fc149c046e847dfe5ae536db697dbb,544,0.34990791896869244,4.93,0.9593661732891532
0xbc4e46aa57fc149c046e847dfe5ae536db697dbb,544,0.35911602209944754,4.79443944,0.949503932748198
0xbc4e46aa57fc149c046e847dfe5ae536db697dbb,544,0.3683241252302026,4.6499999999999995,0.9517477581425035
0xbc4e46aa57fc149c046e847dfe5ae536db697dbb,544,0.3775322283609576,4.45,0.9537650346167891
0xbc4e46aa57fc149c046e847dfe5ae536db697dbb,544,0.3867403314917127,4.258,0.9887311601710842
0xbc4e46aa57fc149c046e847dfe5ae536db697dbb,544,0.39594843462246776,3.8444400000000036,0.9679756266689834
0xbc4e46aa57fc149c046e847dfe5ae536db697dbb,544,0.40515653775322286,3.59,0.9663874472038059
0xbc4e46aa57fc149c046e847dfe5ae536db697dbb,544,0.4143646408839779,3.3000000000000003,0.9883533465904786
0xbc4e46aa57fc149c046e847dfe5ae536db697dbb,544,0.42357274401473294,2.8000000000000003,0.9883533465904781
0xbc4e46aa57fc149c046e847dfe5ae536db697dbb,544,0.43278084714548803,2.78845,0.9828351675063567
0xbc4e46aa57fc149c046e847dfe5ae536db697dbb,544,0.4419889502762431,2.3000000000000003,0.9743509509391693
0xbc4e46aa57fc149c046e847dfe5ae536db697dbb,544,0.45119705340699817,2.2,0.9549662688722611
0xbc4e46aa57fc149c046e847dfe5ae536db697dbb,544,0.4604051565377532,2.00175,0.9811047925750793
0xbc4e46aa57fc149c046e847dfe5ae536db697dbb,544,0.4696132596685083,1.8759000000000017,0.991782909378968
0xbc4e46aa57fc149c046e847dfe5ae536db697dbb,544,0.47882136279926335,1.7998539839999996,0.9845179348257038
0xbc4e46aa57fc149c046e847dfe5ae536db697dbb,544,0.4880294659300184,1.6488763813795861,0.9934836080447539
0xbc4e46aa57fc149c046e847dfe5ae536db697dbb,544,0.4972375690607735,1.5919999999999999,0.992587040722849
0xbc4e46aa57fc149c046e847dfe5ae536db697dbb,544,0.5064456721915286,1.4998539899999999,0.9853304489611799
0xbc4e46aa57fc149c046e847dfe5ae536db697dbb,544,0.5156537753222836,1.4000000000000001,0.9768937504620538
0xbc4e46aa57fc149c046e847dfe5ae536db697dbb,544,0.5248618784530387,1.3195600000000012,1.0574054959691235
0xbc4e46aa57fc149c046e847dfe5ae536db697dbb,544,0.5340699815837937,1.245,1.0487464937728534
0xbc4e46aa57fc149c046e847dfe5ae536db697dbb,544,0.5432780847145487,1.2,1.045002745576875
0xbc4e46aa57fc149c046e847dfe5ae536db697dbb,544,0.5524861878453039,1.1,1.0427104470924127
0xbc4e46aa57fc149c046e847dfe5ae536db697dbb,544,0.5616942909760589,1.08,1.037779326821935
0xbc4e46aa57fc149c046e847dfe5ae536db697dbb,544,0.570902394106814,1.04,1.037779326821935
0xbc4e46aa57fc149c046e847dfe5ae536db697dbb,544,0.580110497237569,1.014000000000001,1.0331171767480287
0xbc4e46aa57fc149c046e847dfe5ae536db697dbb,544,0.5893186003683242,1.0061099999999998,1.0323017935971222
0xbc4e46aa57fc149c046e847dfe5ae536db697dbb,544,0.5985267034990792,1.0,1.027818956987597
0xbc4e46aa57fc149c046e847dfe5ae536db697dbb,544,0.6077348066298343,0.9839999999999999,1.0229712174780567
0xbc4e46aa57fc149c046e847dfe5ae536db697dbb,544,0.6169429097605893,0.918366,1.0225137888304208
0xbc4e46aa57fc149c046e847dfe5ae536db697dbb,544,0.6261510128913443,0.8989369799999999,1.0224963057676437
0xbc4e46aa57fc149c046e847dfe5ae536db697dbb,544,0.6353591160220995,0.888,1.0215997384457387
0xbc4e46aa57fc149c046e847dfe5ae536db697dbb,544,0.6445672191528545,0.8400000000000001,1.0215997384457387
0xbc4e46aa57fc149c046e847dfe5ae536db697dbb,544,0.6537753222836096,0.8,1.019847276555868
0xbc4e46aa57fc149c046e847dfe5ae536db697dbb,544,0.6629834254143646,0.7526999999999999,1.0194091241056529
0xbc4e46aa57fc149c046e847dfe5ae536db697dbb,544,0.6721915285451197,0.7425041131268427,1.0181211872249403
0xbc4e46aa57fc149c046e847dfe5ae536db697dbb,544,0.6813996316758748,0.7194034799999988,1.0181211872249403
0xbc4e46aa57fc149c046e847dfe5ae536db697dbb,544,0.6906077348066298,0.7000000000000001,1.0181211872249403
0xbc4e46aa57fc149c046e847dfe5ae536db697dbb,544,0.6998158379373849,0.6821999999999998,1.014310776106844
0xbc4e46aa57fc149c046e847dfe5ae536db697dbb,544,0.7090239410681399,0.6411309826667378,1.0171643258371132
0xbc4e46aa57fc149c046e847dfe5ae536db697dbb,544,0.7182320441988951,0.6,1.0121480316710545
0xbc4e46aa57fc149c046e847dfe5ae536db697dbb,544,0.7274401473296501,0.5903999999999999,1.0079219407373632
0xbc4e46aa57fc149c046e847dfe5ae536db697dbb,544,0.7366482504604052,0.5409,1.0076892815147636
0xbc4e46aa57fc149c046e847dfe5ae536db697dbb,544,0.7458563535911602,0.5,1.002835714317631
0xbc4e46aa57fc149c046e847dfe5ae536db697dbb,544,0.7550644567219152,0.4912232000000007,1.0066544187022657
0xbc4e46aa57fc149c046e847dfe5ae536db697dbb,544,0.7642725598526704,0.47628,1.0064477375203833
0xbc4e46aa57fc149c046e847dfe5ae536db697dbb,544,0.7734806629834254,0.43881999999999993,1.003506638077606
0xbc4e46aa57fc149c046e847dfe5ae536db697dbb,544,0.7826887661141805,0.40040000000000003,1.003506638077606
0xbc4e46aa57fc149c046e847dfe5ae536db697dbb,544,0.7918968692449355,0.37929999999999997,1.003506638077606
0xbc4e46aa57fc149c046e847dfe5ae536db697dbb,544,0.8011049723756906,0.35000000000000003,1.003506638077606
0xbc4e46aa57fc149c046e847dfe5ae536db697dbb,544,0.8103130755064457,0.32372999999999996,1.0020554093820047
0xbc4e46aa57fc149c046e847dfe5ae536db697dbb,544,0.8195211786372008,0.3,1.0014708474881224
0xbc4e46aa57fc149c046e847dfe5ae536db697dbb,544,0.8287292817679558,0.272994,1.0013188344986936
0xbc4e46aa57fc149c046e847dfe5ae536db697dbb,544,0.8379373848987108,0.25058400000000003,1.001282971805283
0xbc4e46aa57fc149c046e847dfe5ae536db697dbb,544,0.8471454880294659,0.2376,1.000325932805561
0xbc4e46aa57fc149c046e847dfe5ae536db697dbb,544,0.856353591160221,0.20800000000000002,1.0002900701121504
0xbc4e46aa57fc149c046e847dfe5ae536db697dbb,544,0.8655616942909761,0.19510898000000013,1.0024962982391847
0xbc4e46aa57fc149c046e847dfe5ae536db697dbb,544,0.8747697974217311,0.18,1.0024962982391847
0xbc4e46aa57fc149c046e847dfe5ae536db697dbb,544,0.8839779005524862,0.165,1.0021497749692685
0xbc4e46aa57fc149c046e847dfe5ae536db697dbb,544,0.8931860036832413,0.15150000000000002,1.0010761356007527
0xbc4e46aa57fc149c046e847dfe5ae536db697dbb,544,0.9023941068139963,0.14,1.0010761356007527
0xbc4e46aa57fc149c046e847dfe5ae536db697dbb,544,0.9116022099447514,0.1224,1.0010761356007527
0xbc4e46aa57fc149c046e847dfe5ae536db697dbb,544,0.9208103130755064,0.10558400000000001,1.0010402729073422
0xbc4e46aa57fc149c046e847dfe5ae536db697dbb,544,0.9300184162062615,0.097994,1.0010402729073422
0xbc4e46aa57fc149c046e847dfe5ae536db697dbb,544,0.9392265193370166,0.08,1.000626507088283
0xbc4e46aa57fc149c046e847dfe5ae536db697dbb,544,0.9484346224677717,0.06304900000000001,1.0003438687228892
0xbc4e46aa57fc149c046e847dfe5ae536db697dbb,544,0.9576427255985267,0.04662,1.0000793813623927
0xbc4e46aa57fc149c046e847dfe5ae536db697dbb,544,0.9668508287292817,0.01662,1.0000793813623927
0xbc4e46aa57fc149c046e847dfe5ae536db697dbb,544,0.9760589318600368,0.008,1.0000484211892895
0xbc4e46aa57fc149c046e847dfe5ae536db697dbb,544,0.9852670349907919,7.852499999998493e-05,0.9999999999999994
0xbc4e46aa57fc149c046e847dfe5ae536db697dbb,544,0.994475138121547,7.098321930243401e-15,0.9999999999999994
0xbc4e46aa57fc149c046e847dfe5ae536db697dbb,544,1.0,8.029132914089132e-16,0.9999999999999994
0xbd71233ab7a25bc420929cd67476219762f31281,105,0.0,120.38710171073096,0.036612190408539615
0xbd71233ab7a25bc420929cd67476219762f31281,105,0.009615384615384616,101.9006311111111,0.04989792913990747
0xbd71233ab7a25bc420929cd67476219762f31281,105,0.019230769230769232,60.100199999999994,0.08544266114763883
0xbd71233ab7a25bc420929cd67476219762f31281,105,0.028846153846153848,57.939316760000004,0.0854426611476389
0xbd71233ab7a25bc420929cd67476219762f31281,105,0.038461538461538464,50.13931676,0.08544266114763896
0xbd71233ab7a25bc420929cd67476219762f31281,105,0.04807692307692308,45.46107775000001,0.1381249766418476
0xbd71233ab7a25bc420929cd67476219762f31281,105,0.057692307692307696,32.49640000000001,0.13819478727393025
0xbd71233ab7a25bc420929cd67476219762f31281,105,0.0673076923076923,32.458040000000004,0.15614609266660442
0xbd71233ab7a25bc420929cd67476219762f31281,105,0.07692307692307693,29.978379999999998,0.20343970693655936
0xbd71233ab7a25bc420929cd67476219762f31281,105,0.08653846153846154,28.502628209999997,0.26888518875014644
0xbd71233ab7a25bc420929cd67476219762f31281,105,0.09615384615384616,28.277800000000003,0.2614959407462052
0xbd71233ab7a25bc420929cd67476219762f31281,105,0.10576923076923077,27.0,0.23413299716732267
0xbd71233ab7a25bc420929cd67476219762f31281,105,0.11538461538461539,25.069000000000003,0.24306893458624235
0xbd71233ab7a25bc420929cd67476219762f31281,105,0.125,24.928800000000006,0.24081840219925515
0xbd71233ab7a25bc420929cd67476219762f31281,105,0.1346153846153846,23.609599999999997,0.3419387938743308
0xbd71233ab7a25bc420929cd67476219762f31281,105,0.14423076923076922,23.398400000000002,0.35212179100415747
0xbd71233ab7a25bc420929cd67476219762f31281,105,0.15384615384615385,22.9957,0.35212179100415747
0xbd71233ab7a25bc420929cd67476219762f31281,105,0.16346153846153846,22.82457092511013,0.3423677188704389
0xbd71233ab7a25bc420929cd67476219762f31281,105,0.17307692307692307,22.594040000000003,0.35234066631081346
0xbd71233ab7a25bc420929cd67476219762f31281,105,0.18269230769230768,22.181600000000003,0.35234066631081346
0xbd71233ab7a25bc420929cd67476219762f31281,105,0.19230769230769232,20.30983706050047,0.38332255422414335
0xbd71233ab7a25bc420929cd67476219762f31281,105,0.20192307692307693,18.9995,0.38332255422414335
0xbd71233ab7a25bc420929cd67476219762f31281,105,0.21153846153846154,18.593200000000003,0.38332255422414335
0xbd71233ab7a25bc420929cd67476219762f31281,105,0.22115384615384615,17.99672,0.3922346624766126
0xbd71233ab7a25bc420929cd67476219762f31281,105,0.23076923076923078,17.9955,0.44076342187424933
0xbd71233ab7a25bc420929cd67476219762f31281,105,0.2403846153846154,17.803300000000004,0.46661409594524855
0xbd71233ab7a25bc420929cd67476219762f31281,105,0.25,17.3212,0.46661409594524855
0xbd71233ab7a25bc420929cd67476219762f31281,105,0.25961538461538464,17.114040000000003,0.48655999082599766
0xbd71233ab7a25bc420929cd67476219762f31281,105,0.2692307692307692,16.7958,0.5377357734635054
0xbd71233ab7a25bc420929cd67476219762f31281,105,0.27884615384615385,16.25,0.5377357734635054
0xbd71233ab7a25bc420929cd67476219762f31281,105,0.28846153846153844,16.097492601085097,0.543390472171071
0xbd71233ab7a25bc420929cd67476219762f31281,105,0.2980769230769231,15.678764744926232,0.5087993481022178
0xbd71233ab7a25bc420929cd67476219762f31281,105,0.3076923076923077,15.083079999999995,0.52414731706018
0xbd71233ab7a25bc420929cd67476219762f31281,105,0.3173076923076923,15.073999999999998,0.5432680167323671
0xbd71233ab7a25bc420929cd67476219762f31281,105,0.3269230769230769,14.861698135103394,0.5432680167323675
0xbd71233ab7a25bc420929cd67476219762f31281,105,0.33653846153846156,14.598400000000002,0.5362075229692705
0xbd71233ab7a25bc420929cd67476219762f31281,105,0.34615384615384615,13.63984,0.5061125213287576
0xbd71233ab7a25bc420929cd67476219762f31281,105,0.3557692307692308,13.577879999999999,0.5397163236010136
0xbd71233ab7a25bc420929cd67476219762f31281,105,0.36538461538461536,12.556199999999999,0.5731221672793868
0xbd71233ab7a25bc420929cd67476219762f31281,105,0.375,12.264000000000001,0.6813595366676641
0xbd71233ab7a25bc420929cd67476219762f31281,105,0.38461538461538464,12.174300000000002,0.7539848787170307
0xbd71233ab7a25bc420929cd67476219762f31281,105,0.3942307692307692,12.135000000000003,0.8148066213271955
0xbd71233ab7a25bc420929cd67476219762f31281,105,0.40384615384615385,11.398400000000002,0.8102173003811824
0xbd71233ab7a25bc420929cd67476219762f31281,105,0.41346153846153844,11.340000000000002,0.8007115227584495
0xbd71233ab7a25bc420929cd67476219762f31281,105,0.4230769230769231,11.271400000000002,0.7807846029546887
0xbd71233ab7a25bc420929cd67476219762f31281,105,0.4326923076923077,11.042300000000001,0.8079675039426122
0xbd71233ab7a25bc420929cd67476219762f31281,105,0.4423076923076923,10.950707409374154,0.8079675039426122
0xbd71233ab7a25bc420929cd67476219762f31281,105,0.4519230769230769,10.249179999999999,0.8405093638248124
0xbd71233ab7a25bc420929cd67476219762f31281,105,0.46153846153846156,9.9,0.818665961245231
0xbd71233ab7a25bc420929cd67476219762f31281,105,0.47115384615384615,9.4391,0.818665961245231
0xbd71233ab7a25bc420929cd67476219762f31281,105,0.4807692307692308,9.3184,0.8116054674821341
0xbd71233ab7a25bc420929cd67476219762f31281,105,0.49038461538461536,8.746469939999999,0.8039355648511097
0xbd71233ab7a25bc420929cd67476219762f31281,105,0.5,7.759999,0.8039355648511097
0xbd71233ab7a25bc420929cd67476219762f31281,105,0.5096153846153846,7.537099999999999,0.8446501227764388
0xbd71233ab7a25bc420929cd67476219762f31281,105,0.5192307692307693,7.362300000000001,0.861639435893891
0xbd71233ab7a25bc420929cd67476219762f31281,105,0.5288461538461539,7.304799869999999,0.8605750664591042
0xbd71233ab7a25bc420929cd67476219762f31281,105,0.5384615384615384,6.978600000000001,0.8597346280347298
0xbd71233ab7a25bc420929cd67476219762f31281,105,0.5480769230769231,6.847199999999998,0.8865927463095509
0xbd71233ab7a25bc420929cd67476219762f31281,105,0.5576923076923077,6.822398060399963,0.8865927463095509
0xbd71233ab7a25bc420929cd67476219762f31281,105,0.5673076923076923,6.47841,0.9304595719956297
0xbd71233ab7a25bc420929cd67476219762f31281,105,0.5769230769230769,6.37824,0.9304595719956297
0xbd71233ab7a25bc420929cd67476219762f31281,105,0.5865384615384616,6.1184,0.9278507195501654
0xbd71233ab7a25bc420929cd67476219762f31281,105,0.5961538461538461,5.9519,0.9394963420911037
0xbd71233ab7a25bc420929cd67476219762f31281,105,0.6057692307692307,5.8032,0.9394963420911037
0xbd71233ab7a25bc420929cd67476219762f31281,105,0.6153846153846154,5.27027,0.927867995695842
0xbd71233ab7a25bc420929cd67476219762f31281,105,0.625,5.25184,0.927867995695842
0xbd71233ab7a25bc420929cd67476219762f31281,105,0.6346153846153846,5.167320000000001,0.927867995695842
0xbd71233ab7a25bc420929cd67476219762f31281,105,0.6442307692307693,5.0623,0.9380615835663133
0xbd71233ab7a25bc420929cd67476219762f31281,105,0.6538461538461539,4.936,0.9345313366847647
0xbd71233ab7a25bc420929cd67476219762f31281,105,0.6634615384615384,4.7589999999999995,0.9248586951262401
0xbd71233ab7a25bc420929cd67476219762f31281,105,0.6730769230769231,4.696900000000001,0.9144954347650243
0xbd71233ab7a25bc420929cd67476219762f31281,105,0.6826923076923077,4.55003766,0.9044562951956207
0xbd71233ab7a25bc420929cd67476219762f31281,105,0.6923076923076923,4.55,0.9044562951956207
0xbd71233ab7a25bc420929cd67476219762f31281,105,0.7019230769230769,4.499600000000001,0.8945283584029858
0xbd71233ab7a25bc420929cd67476219762f31281,105,0.7115384615384616,4.499200000000001,0.8902104251859918
0xbd71233ab7a25bc420929cd67476219762f31281,105,0.7211538461538461,4.062,0.8902104251859918
0xbd71233ab7a25bc420929cd67476219762f31281,105,0.7307692307692307,3.9994999999999994,0.8902104251859918
0xbd71233ab7a25bc420929cd67476219762f31281,105,0.7403846153846154,3.7904000000000004,0.9200180647303466
0xbd71233ab7a25bc420929cd67476219762f31281,105,0.75,3.6986299999999983,0.9200180647303466
0xbd71233ab7a25bc420929cd67476219762f31281,105,0.7596153846153846,3.6822999999999997,0.9336265045374259
0xbd71233ab7a25bc420929cd67476219762f31281,105,0.7692307692307693,3.4000000000000004,0.99231685894317
0xbd71233ab7a25bc420929cd67476219762f31281,105,0.7788461538461539,3.3360000000000003,0.9849562941951413
0xbd71233ab7a25bc420929cd67476219762f31281,105,0.7884615384615384,3.1487999999999996,0.9849562941951413
0xbd71233ab7a25bc420929cd67476219762f31281,105,0.7980769230769231,3.1295999999999995,1.0068226433794527
0xbd71233ab7a25bc420929cd67476219762f31281,105,0.8076923076923077,3.05,1.000093110261501
0xbd71233ab7a25bc420929cd67476219762f31281,105,0.8173076923076923,2.5422000000000002,0.9944839892475805
0xbd71233ab7a25bc420929cd67476219762f31281,105,0.8269230769230769,2.50428,0.9889585350847528
0xbd71233ab7a25bc420929cd67476219762f31281,105,0.8365384615384616,2.24,0.986487362267669
0xbd71233ab7a25bc420929cd67476219762f31281,105,0.8461538461538461,2.2044000000000015,0.9864873622676691
0xbd71233ab7a25bc420929cd67476219762f31281,105,0.8557692307692307,2.1117599999999985,0.9864873622676691
0xbd71233ab7a25bc420929cd67476219762f31281,105,0.8653846153846154,1.84,1.000078812761631
0xbd71233ab7a25bc420929cd67476219762f31281,105,0.875,1.715,0.9962948293854711
0xbd71233ab7a25bc420929cd67476219762f31281,105,0.8846153846153846,1.35,0.9933161835791645
0xbd71233ab7a25bc420929cd67476219762f31281,105,0.8942307692307693,1.1581799999999998,1.0039330039226475
0xbd71233ab7a25bc420929cd67476219762f31281,105,0.9038461538461539,1.12,1.0014618311055636
0xbd71233ab7a25bc420929cd67476219762f31281,105,0.9134615384615384,0.66,1.0000056042669248
0xbd71233ab7a25bc420929cd67476219762f31281,105,0.9230769230769231,0.11879999999999999,1.0000056042669248
0xbd71233ab7a25bc420929cd67476219762f31281,105,0.9326923076923077,0.0013200000000020344,1.0000026918132474
0xbd71233ab7a25bc420929cd67476219762f31281,105,0.9423076923076923,0.0012199999999993238,1.0000000000000002
0xbd71233ab7a25bc420929cd67476219762f31281,105,0.9519230769230769,3.197442310920451e-15,1.0000000000000002
0xbd71233ab7a25bc420929cd67476219762f31281,105,0.9615384615384616,2.3803181647963354e-15,1.0000000000000002
0xbd71233ab7a25bc420929cd67476219762f31281,105,0.9711538461538461,2.0516921495072893e-15,1.0000000000000002
0xbd71233ab7a25bc420929cd67476219762f31281,105,0.9807692307692307,2.4780177909633496e-16,1.0000000000000002
0xbd71233ab7a25bc420929cd67476219762f31281,105,0.9903846153846154,2.842170943040403e-17,1.0000000000000002
0xbd71233ab7a25bc420929cd67476219762f31281,105,1.0,1.776356839400252e-17,1.0000000000000002
0xbe0e2ccaba04e1cff6328df819aba5648578d429,156,0.0,1.0000000000000002,0.0
0xbe0e2ccaba04e1cff6328df819aba5648578d429,156,0.0064516129032258064,1.0000000000000002,-0.005088919251308032
0xbe0e2ccaba04e1cff6328df819aba5648578d429,156,0.012903225806451613,1.0,0.026620830768670715
0xbe0e2ccaba04e1cff6328df819aba5648578d429,156,0.01935483870967742,1.0,0.015797108650058355
0xbe0e2ccaba04e1cff6328df819aba5648578d429,156,0.025806451612903226,1.0,0.015797108650058355
0xbe0e2ccaba04e1cff6328df819aba5648578d429,156,0.03225806451612903,1.0,0.01579710865005833
0xbe0e2ccaba04e1cff6328df819aba5648578d429,156,0.03870967741935484,1.0,-0.0007253564515911225
0xbe0e2ccaba04e1cff6328df819aba5648578d429,156,0.04516129032258064,1.0,-0.0007253564515911283
0xbe0e2ccaba04e1cff6328df819aba5648578d429,156,0.05161290322580645,1.0,-0.000725356451591146
0xbe0e2ccaba04e1cff6328df819aba5648578d429,156,0.05806451612903226,1.0,-0.000725356451591146
0xbe0e2ccaba04e1cff6328df819aba5648578d429,156,0.06451612903225806,1.0,-0.0172478215532406
0xbe0e2ccaba04e1cff6328df819aba5648578d429,156,0.07096774193548387,1.0,-0.03377028665489005
0xbe0e2ccaba04e1cff6328df819aba5648578d429,156,0.07741935483870968,1.0,-0.0502927517565395
0xbe0e2ccaba04e1cff6328df819aba5648578d429,156,0.08387096774193549,1.0,-0.06681521685818895
0xbe0e2ccaba04e1cff6328df819aba5648578d429,156,0.09032258064516129,1.0,-0.0833376819598384
0xbe0e2ccaba04e1cff6328df819aba5648578d429,156,0.0967741935483871,1.0,0.2305891549715012
0xbe0e2ccaba04e1cff6328df819aba5648578d429,156,0.1032258064516129,1.0,0.2305891549715012
0xbe0e2ccaba04e1cff6328df819aba5648578d429,156,0.10967741935483871,1.0,0.2305891549715012
0xbe0e2ccaba04e1cff6328df819aba5648578d429,156,0.11612903225806452,1.0,0.2305891549715012
0xbe0e2ccaba04e1cff6328df819aba5648578d429,156,0.12258064516129032,1.0,0.21406668986985175
0xbe0e2ccaba04e1cff6328df819aba5648578d429,156,0.12903225806451613,1.0,0.1975442247682023
0xbe0e2ccaba04e1cff6328df819aba5648578d429,156,0.13548387096774195,1.0,0.18102175966655285
0xbe0e2ccaba04e1cff6328df819aba5648578d429,156,0.14193548387096774,1.0,0.18102175966655285
0xbe0e2ccaba04e1cff6328df819aba5648578d429,156,0.14838709677419354,1.0,0.18102175966655285
0xbe0e2ccaba04e1cff6328df819aba5648578d429,156,0.15483870967741936,1.0,0.1644992945649034
0xbe0e2ccaba04e1cff6328df819aba5648578d429,156,0.16129032258064516,1.0,0.14797682946325394
0xbe0e2ccaba04e1cff6328df819aba5648578d429,156,0.16774193548387098,1.0,0.1337794983853634
0xbe0e2ccaba04e1cff6328df819aba5648578d429,156,0.17419354838709677,1.0,0.11725703328371397
0xbe0e2ccaba04e1cff6328df819aba5648578d429,156,0.18064516129032257,1.0,0.10073456818206451
0xbe0e2ccaba04e1cff6328df819aba5648578d429,156,0.1870967741935484,1.0,0.08421210308041506
0xbe0e2ccaba04e1cff6328df819aba5648578d429,156,0.1935483870967742,1.0,0.07662829159875796
0xbe0e2ccaba04e1cff6328df819aba5648578d429,156,0.2,1.0,0.0746786408034271
0xbe0e2ccaba04e1cff6328df819aba5648578d429,156,0.2064516129032258,1.0,0.05815617570177765
0xbe0e2ccaba04e1cff6328df819aba5648578d429,156,0.2129032258064516,1.0,0.05815617570177765
0xbe0e2ccaba04e1cff6328df819aba5648578d429,156,0.21935483870967742,1.0,0.05815617570177765
0xbe0e2ccaba04e1cff6328df819aba5648578d429,156,0.22580645161290322,1.0,0.041633710600128195
0xbe0e2ccaba04e1cff6328df819aba5648578d429,156,0.23225806451612904,1.0,0.03991262744473706
0xbe0e2ccaba04e1cff6328df819aba5648578d429,156,0.23870967741935484,1.0,0.03905209610912439
0xbe0e2ccaba04e1cff6328df819aba5648578d429,156,0.24516129032258063,1.0,0.022529631007474942
0xbe0e2ccaba04e1cff6328df819aba5648578d429,156,0.25161290322580643,1.0,0.01592064496681516
0xbe0e2ccaba04e1cff6328df819aba5648578d429,156,0.25806451612903225,1.0,-0.0006018201348342914
0xbe0e2ccaba04e1cff6328df819aba5648578d429,156,0.2645161290322581,1.0,-0.017124285236483742
0xbe0e2ccaba04e1cff6328df819aba5648578d429,156,0.2709677419354839,1.0,-0.017124285236483745
0xbe0e2ccaba04e1cff6328df819aba5648578d429,156,0.27741935483870966,1.0,-0.0336467503381332
0xbe0e2ccaba04e1cff6328df819aba5648578d429,156,0.2838709677419355,1.0,-0.0336467503381332
0xbe0e2ccaba04e1cff6328df819aba5648578d429,156,0.2903225806451613,1.0,-0.05016921543978265
0xbe0e2ccaba04e1cff6328df819aba5648578d429,156,0.2967741935483871,1.0,-0.06669168054143211
0xbe0e2ccaba04e1cff6328df819aba5648578d429,156,0.3032258064516129,1.0,-0.06669168054143211
0xbe0e2ccaba04e1cff6328df819aba5648578d429,156,0.3096774193548387,1.0,-0.06669168054143211
0xbe0e2ccaba04e1cff6328df819aba5648578d429,156,0.3161290322580645,1.0,-0.08321414564308156
0xbe0e2ccaba04e1cff6328df819aba5648578d429,156,0.3225806451612903,1.0,-0.08321414564308156
0xbe0e2ccaba04e1cff6328df819aba5648578d429,156,0.32903225806451614,1.0,-0.09973661074473102
0xbe0e2ccaba04e1cff6328df819aba5648578d429,156,0.33548387096774196,1.0,-0.11625907584638047
0xbe0e2ccaba04e1cff6328df819aba5648578d429,156,0.3419354838709677,1.0,-0.1327815409480299
0xbe0e2ccaba04e1cff6328df819aba5648578d429,156,0.34838709677419355,1.0,-0.14930400604967936
0xbe0e2ccaba04e1cff6328df819aba5648578d429,156,0.3548387096774194,1.0,-0.16499208647461092
0xbe0e2ccaba04e1cff6328df819aba5648578d429,156,0.36129032258064514,1.0,0.14893475045672866
0xbe0e2ccaba04e1cff6328df819aba5648578d429,156,0.36774193548387096,1.0,0.14893475045672866
0xbe0e2ccaba04e1cff6328df819aba5648578d429,156,0.3741935483870968,1.0,0.14369405154146503
0xbe0e2ccaba04e1cff6328df819aba5648578d429,156,0.38064516129032255,1.0,0.12813815064826206
0xbe0e2ccaba04e1cff6328df819aba5648578d429,156,0.3870967741935484,1.0,0.11161568554661262
0xbe0e2ccaba04e1cff6328df819aba5648578d429,156,0.3935483870967742,1.0,0.09509322044496317
0xbe0e2ccaba04e1cff6328df819aba5648578d429,156,0.4,1.0,0.07857075534331372
0xbe0e2ccaba04e1cff6328df819aba5648578d429,156,0.4064516129032258,1.0,0.062048290241664264
0xbe0e2ccaba04e1cff6328df819aba5648578d429,156,0.4129032258064516,1.0,0.04552582514001481
0xbe0e2ccaba04e1cff6328df819aba5648578d429,156,0.41935483870967744,1.0,0.04552582514001481
0xbe0e2ccaba04e1cff6328df819aba5648578d429,156,0.4258064516129032,1.0,0.02900336003836536
0xbe0e2ccaba04e1cff6328df819aba5648578d429,156,0.432258064516129,1.0,0.012480894936715907
0xbe0e2ccaba04e1cff6328df819aba5648578d429,156,0.43870967741935485,1.0,-0.004041570164933545
0xbe0e2ccaba04e1cff6328df819aba5648578d429,156,0.44516129032258067,1.0,-0.004041570164933545
0xbe0e2ccaba04e1cff6328df819aba5648578d429,156,0.45161290322580644,1.0,-0.020564035266582997
0xbe0e2ccaba04e1cff6328df819aba5648578d429,156,0.45806451612903226,1.0,-0.035434253858067505
0xbe0e2ccaba04e1cff6328df819aba5648578d429,156,0.4645161290322581,1.0,-0.035434253858067505
0xbe0e2ccaba04e1cff6328df819aba5648578d429,156,0.47096774193548385,1.0,0.16390928759333312
0xbe0e2ccaba04e1cff6328df819aba5648578d429,156,0.4774193548387097,1.0,0.16390928759333312
0xbe0e2ccaba04e1cff6328df819aba5648578d429,156,0.4838709677419355,1.0,0.14738682249168367
0xbe0e2ccaba04e1cff6328df819aba5648578d429,156,0.49032258064516127,1.0,0.46131365942302327
0xbe0e2ccaba04e1cff6328df819aba5648578d429,156,0.4967741935483871,1.0,0.4447911943213738
0xbe0e2ccaba04e1cff6328df819aba5648578d429,156,0.5032258064516129,1.0,0.4447911943213738
0xbe0e2ccaba04e1cff6328df819aba5648578d429,156,0.5096774193548387,1.0,0.443370262322632
0xbe0e2ccaba04e1cff6328df819aba5648578d429,156,0.5161290322580645,1.0,0.42684779722098254
0xbe0e2ccaba04e1cff6328df819aba5648578d429,156,0.5225806451612903,1.0,0.7407746341523221
0xbe0e2ccaba04e1cff6328df819aba5648578d429,156,0.5290322580645161,1.0,0.7242521690506727
0xbe0e2ccaba04e1cff6328df819aba5648578d429,156,0.535483870967742,0.999973,0.7240125933066989
0xbe0e2ccaba04e1cff6328df819aba5648578d429,156,0.5419354838709678,0.999884,0.7225173102149995
0xbe0e2ccaba04e1cff6328df819aba5648578d429,156,0.5483870967741935,0.9998630000000001,0.7388415051366612
0xbe0e2ccaba04e1cff6328df819aba5648578d429,156,0.5548387096774193,0.9998150000000001,0.7388415051366612
0xbe0e2ccaba04e1cff6328df819aba5648578d429,156,0.5612903225806452,0.9998150000000001,0.7388415051366612
0xbe0e2ccaba04e1cff6328df819aba5648578d429,156,0.567741935483871,0.999812,0.7385110558346283
0xbe0e2ccaba04e1cff6328df819aba5648578d429,156,0.5741935483870968,0.9996840000000001,0.7268792404030671
0xbe0e2ccaba04e1cff6328df819aba5648578d429,156,0.5806451612903226,0.9996050000000001,0.7182462523874552
0xbe0e2ccaba04e1cff6328df819aba5648578d429,156,0.5870967741935483,0.999278,0.7065896532582414
0xbe0e2ccaba04e1cff6328df819aba5648578d429,156,0.5935483870967742,0.9992619999999999,0.7050365415386864
0xbe0e2ccaba04e1cff6328df819aba5648578d429,156,0.6,0.9992619999999999,0.7050365415386864
0xbe0e2ccaba04e1cff6328df819aba5648578d429,156,0.6064516129032258,0.9992200000000001,0.7036156095399446
0xbe0e2ccaba04e1cff6328df819aba5648578d429,156,0.6129032258064516,0.9915000000000002,0.7036156095399446
0xbe0e2ccaba04e1cff6328df819aba5648578d429,156,0.6193548387096774,0.985473,0.7036156095399446
0xbe0e2ccaba04e1cff6328df819aba5648578d429,156,0.6258064516129033,0.9140000000000001,0.688514076437037
0xbe0e2ccaba04e1cff6328df819aba5648578d429,156,0.632258064516129,0.9132200000000001,0.688514076437037
0xbe0e2ccaba04e1cff6328df819aba5648578d429,156,0.6387096774193548,0.9093840000000001,0.688514076437037
0xbe0e2ccaba04e1cff6328df819aba5648578d429,156,0.6451612903225806,0.905262,0.688514076437037
0xbe0e2ccaba04e1cff6328df819aba5648578d429,156,0.6516129032258065,0.860589,0.688514076437037
0xbe0e2ccaba04e1cff6328df819aba5648578d429,156,0.6580645161290323,0.7909630000000001,0.688514076437037
0xbe0e2ccaba04e1cff6328df819aba5648578d429,156,0.6645161290322581,0.7895,0.688514076437037
0xbe0e2ccaba04e1cff6328df819aba5648578d429,156,0.6709677419354839,0.786904,0.688514076437037
0xbe0e2ccaba04e1cff6328df819aba5648578d429,156,0.6774193548387096,0.7763150000000001,0.688514076437037
0xbe0e2ccaba04e1cff6328df819aba5648578d429,156,0.6838709677419355,0.6920000000000001,0.688514076437037
0xbe0e2ccaba04e1cff6328df819aba5648578d429,156,0.6903225806451613,0.687612,0.688514076437037
0xbe0e2ccaba04e1cff6328df819aba5648578d429,156,0.6967741935483871,0.645262,0.688514076437037
0xbe0e2ccaba04e1cff6328df819aba5648578d429,156,0.7032258064516129,0.592631,0.688514076437037
0xbe0e2ccaba04e1cff6328df819aba5648578d429,156,0.7096774193548387,0.589212,0.688514076437037
0xbe0e2ccaba04e1cff6328df819aba5648578d429,156,0.7161290322580646,0.5730000000000001,0.688514076437037
0xbe0e2ccaba04e1cff6328df819aba5648578d429,156,0.7225806451612903,0.541,0.6797984760959168
0xbe0e2ccaba04e1cff6328df819aba5648578d429,156,0.7290322580645161,0.5263150000000001,0.6797984760959168
0xbe0e2ccaba04e1cff6328df819aba5648578d429,156,0.7354838709677419,0.5263150000000001,0.6711024548759422
0xbe0e2ccaba04e1cff6328df819aba5648578d429,156,0.7419354838709677,0.5,0.6628412223251174
0xbe0e2ccaba04e1cff6328df819aba5648578d429,156,0.7483870967741936,0.5,0.8198046407907873
0xbe0e2ccaba04e1cff6328df819aba5648578d429,156,0.7548387096774194,0.5,0.8198046407907871
0xbe0e2ccaba04e1cff6328df819aba5648578d429,156,0.7612903225806451,0.5,0.8115434082399623
0xbe0e2ccaba04e1cff6328df819aba5648578d429,156,0.7677419354838709,0.5,0.8032821756891376
0xbe0e2ccaba04e1cff6328df819aba5648578d429,156,0.7741935483870968,0.5,0.8032821756891376
0xbe0e2ccaba04e1cff6328df819aba5648578d429,156,0.7806451612903226,0.5,0.7950209431383128
0xbe0e2ccaba04e1cff6328df819aba5648578d429,156,0.7870967741935484,0.5,0.7867597105874882
0xbe0e2ccaba04e1cff6328df819aba5648578d429,156,0.7935483870967742,0.5,0.7784984780366634
0xbe0e2ccaba04e1cff6328df819aba5648578d429,156,0.8,0.5,0.7702372454858387
0xbe0e2ccaba04e1cff6328df819aba5648578d429,156,0.8064516129032258,0.5,0.7619760129350139
0xbe0e2ccaba04e1cff6328df819aba5648578d429,156,0.8129032258064516,0.5,0.9189394314006838
0xbe0e2ccaba04e1cff6328df819aba5648578d429,156,0.8193548387096774,0.5,0.9150236071715928
0xbe0e2ccaba04e1cff6328df819aba5648578d429,156,0.8258064516129032,0.5,0.9150236071715928
0xbe0e2ccaba04e1cff6328df819aba5648578d429,156,0.832258064516129,0.5,0.9150236071715928
0xbe0e2ccaba04e1cff6328df819aba5648578d429,156,0.8387096774193549,0.5,0.9067623746207681
0xbe0e2ccaba04e1cff6328df819aba5648578d429,156,0.8451612903225807,0.5,0.9067623746207681
0xbe0e2ccaba04e1cff6328df819aba5648578d429,156,0.8516129032258064,0.5,0.8985011420699434
0xbe0e2ccaba04e1cff6328df819aba5648578d429,156,0.8580645161290322,0.5,0.8902399095191187
0xbe0e2ccaba04e1cff6328df819aba5648578d429,156,0.864516129032258,0.49942000000000003,0.8902399095191187
0xbe0e2ccaba04e1cff6328df819aba5648578d429,156,0.8709677419354839,0.477105,0.8902399095191187
0xbe0e2ccaba04e1cff6328df819aba5648578d429,156,0.8774193548387097,0.41842000000000007,0.8902399095191187
0xbe0e2ccaba04e1cff6328df819aba5648578d429,156,0.8838709677419355,0.37250000000000005,0.8902399095191187
0xbe0e2ccaba04e1cff6328df819aba5648578d429,156,0.8903225806451613,0.365,1.0048232049990575
0xbe0e2ccaba04e1cff6328df819aba5648578d429,156,0.896774193548387,0.295684,0.9999377764279415
0xbe0e2ccaba04e1cff6328df819aba5648578d429,156,0.9032258064516129,0.29377800000000004,0.9990681825671766
0xbe0e2ccaba04e1cff6328df819aba5648578d429,156,0.9096774193548387,0.263,0.9947227742454429
0xbe0e2ccaba04e1cff6328df819aba5648578d429,156,0.9161290322580645,0.241147,0.9918643877513434
0xbe0e2ccaba04e1cff6328df819aba5648578d429,156,0.9225806451612903,0.196,0.9918643877513434
0xbe0e2ccaba04e1cff6328df819aba5648578d429,156,0.9290322580645162,0.15800000000000003,0.9918643877513434
0xbe0e2ccaba04e1cff6328df819aba5648578d429,156,0.9354838709677419,0.155263,0.9918643877513434
0xbe0e2ccaba04e1cff6328df819aba5648578d429,156,0.9419354838709677,0.105262,0.9918643877513434
0xbe0e2ccaba04e1cff6328df819aba5648578d429,156,0.9483870967741935,0.07900000000000001,0.9905591130083131
0xbe0e2ccaba04e1cff6328df819aba5648578d429,156,0.9548387096774194,0.06646300000000001,0.9905591130083131
0xbe0e2ccaba04e1cff6328df819aba5648578d429,156,0.9612903225806452,0.058499999999999996,0.9903525821945425
0xbe0e2ccaba04e1cff6328df819aba5648578d429,156,0.967741935483871,0.052631,0.9903525821945425
0xbe0e2ccaba04e1cff6328df819aba5648578d429,156,0.9741935483870968,0.046000000000000006,0.990137790148221
0xbe0e2ccaba04e1cff6328df819aba5648578d429,156,0.9806451612903225,0.042463,0.990137790148221
0xbe0e2ccaba04e1cff6328df819aba5648578d429,156,0.9870967741935484,0.033863,1.000768294627227
0xbe0e2ccaba04e1cff6328df819aba5648578d429,156,0.9935483870967742,0.033,1.0002230532788725
0xbe0e2ccaba04e1cff6328df819aba5648578d429,156,1.0,0.013500000000000002,1.0000000000000002
0xc327160887453b4e7e2e6c0964c854055c79d803,255,0.0,276.768,2.605871878236762e-17
0xc327160887453b4e7e2e6c0964c854055c79d803,255,0.007874015748031496,144.66882,8.10643848970095e-17
0xc327160887453b4e7e2e6c0964c854055c79d803,255,0.015748031496062992,82.5096,-0.52302467728583
0xc327160887453b4e7e2e6c0964c854055c79d803,255,0.023622047244094488,71.66189999999999,-0.5204274865437778
0xc327160887453b4e7e2e6c0964c854055c79d803,255,0.031496062992125984,64.20100652900001,-0.08506702968014336
0xc327160887453b4e7e2e6c0964c854055c79d803,255,0.03937007874015748,55.950870987,0.1470204993555248
0xc327160887453b4e7e2e6c0964c854055c79d803,255,0.047244094488188976,51.882994931315096,0.6083472589596197
0xc327160887453b4e7e2e6c0964c854055c79d803,255,0.05511811023622047,49.900000000000006,0.6880608121755754
0xc327160887453b4e7e2e6c0964c854055c79d803,255,0.06299212598425197,45.9048,0.2972435057340815
0xc327160887453b4e7e2e6c0964c854055c79d803,255,0.07086614173228346,42.323970036,0.4019702644629005
0xc327160887453b4e7e2e6c0964c854055c79d803,255,0.07874015748031496,41.348305724999996,0.40197026446290185
0xc327160887453b4e7e2e6c0964c854055c79d803,255,0.08661417322834646,40.55375733316666,0.7309294403741107
0xc327160887453b4e7e2e6c0964c854055c79d803,255,0.09448818897637795,36.528927864,0.7309294403741134
0xc327160887453b4e7e2e6c0964c854055c79d803,255,0.10236220472440945,36.061707864,1.006743879644264
0xc327160887453b4e7e2e6c0964c854055c79d803,255,0.11023622047244094,35.515707864,1.029021521751334
0xc327160887453b4e7e2e6c0964c854055c79d803,255,0.11811023622047244,34.125299999999996,1.0290215217513352
0xc327160887453b4e7e2e6c0964c854055c79d803,255,0.12598425196850394,31.269026216,1.0290215217513368
0xc327160887453b4e7e2e6c0964c854055c79d803,255,0.13385826771653545,29.719314261386668,1.0290215217513399
0xc327160887453b4e7e2e6c0964c854055c79d803,255,0.14173228346456693,25.03875,1.1527862001239448
0xc327160887453b4e7e2e6c0964c854055c79d803,255,0.14960629921259844,22.685487863999988,1.1981665821939016
0xc327160887453b4e7e2e6c0964c854055c79d803,255,0.15748031496062992,21.699664280000004,1.159338447802496
0xc327160887453b4e7e2e6c0964c854055c79d803,255,0.16535433070866143,19.855503900000006,1.15547990194735
0xc327160887453b4e7e2e6c0964c854055c79d803,255,0.1732283464566929,19.237503900000004,1.151075335452325
0xc327160887453b4e7e2e6c0964c854055c79d803,255,0.18110236220472442,18.827499999999997,1.1175860695397377
0xc327160887453b4e7e2e6c0964c854055c79d803,255,0.1889763779527559,18.299640300000004,1.0975653127441691
0xc327160887453b4e7e2e6c0964c854055c79d803,255,0.1968503937007874,17.546253250000003,1.0975653127441691
0xc327160887453b4e7e2e6c0964c854055c79d803,255,0.2047244094488189,16.414514186555756,1.0967908249347726
0xc327160887453b4e7e2e6c0964c854055c79d803,255,0.2125984251968504,16.032074940000005,1.0967908249347726
0xc327160887453b4e7e2e6c0964c854055c79d803,255,0.2204724409448819,15.600000000000001,1.0392159819075166
0xc327160887453b4e7e2e6c0964c854055c79d803,255,0.2283464566929134,14.310674940000002,1.0338467789487051
0xc327160887453b4e7e2e6c0964c854055c79d803,255,0.23622047244094488,13.986000000000002,1.0165197239765404
0xc327160887453b4e7e2e6c0964c854055c79d803,255,0.2440944881889764,13.722266666666657,1.866818802909138
0xc327160887453b4e7e2e6c0964c854055c79d803,255,0.25196850393700787,13.6598191518197,1.8292040477174658
0xc327160887453b4e7e2e6c0964c854055c79d803,255,0.25984251968503935,12.801,1.9462177026310212
0xc327160887453b4e7e2e6c0964c854055c79d803,255,0.2677165354330709,12.5,1.9868672041377677
0xc327160887453b4e7e2e6c0964c854055c79d803,255,0.2755905511811024,11.64812,1.9868672041377693
0xc327160887453b4e7e2e6c0964c854055c79d803,255,0.28346456692913385,11.41812,1.9729133433408597
0xc327160887453b4e7e2e6c0964c854055c79d803,255,0.29133858267716534,11.0289699,1.9729133433408597
0xc327160887453b4e7e2e6c0964c854055c79d803,255,0.2992125984251969,10.775,1.9265622583739868
0xc327160887453b4e7e2e6c0964c854055c79d803,255,0.30708661417322836,10.39653264,1.757235191051467
0xc327160887453b4e7e2e6c0964c854055c79d803,255,0.31496062992125984,10.13012,1.7572351910514703
0xc327160887453b4e7e2e6c0964c854055c79d803,255,0.3228346456692913,9.98978418,1.8104321648282742
0xc327160887453b4e7e2e6c0964c854055c79d803,255,0.33070866141732286,9.828969899999999,1.7755098980808044
0xc327160887453b4e7e2e6c0964c854055c79d803,255,0.33858267716535434,9.525,1.7370785386877114
0xc327160887453b4e7e2e6c0964c854055c79d803,255,0.3464566929133858,9.108600000000001,1.7370785386877114
0xc327160887453b4e7e2e6c0964c854055c79d803,255,0.3543307086614173,9.0,1.7231246778908
0xc327160887453b4e7e2e6c0964c854055c79d803,255,0.36220472440944884,8.584999999999999,1.7209834276170342
0xc327160887453b4e7e2e6c0964c854055c79d803,255,0.3700787401574803,8.4284,1.7080730729318918
0xc327160887453b4e7e2e6c0964c854055c79d803,255,0.3779527559055118,7.81873,1.7057676524524021
0xc327160887453b4e7e2e6c0964c854055c79d803,255,0.3858267716535433,7.244999999999999,1.652762395491335
0xc327160887453b4e7e2e6c0964c854055c79d803,255,0.3937007874015748,7.0414,1.6256991858205254
0xc327160887453b4e7e2e6c0964c854055c79d803,255,0.4015748031496063,6.5283999999999995,1.549814450669322
0xc327160887453b4e7e2e6c0964c854055c79d803,255,0.4094488188976378,6.4,1.4800451466847653
0xc327160887453b4e7e2e6c0964c854055c79d803,255,0.41732283464566927,6.149999999999999,1.4761647600040242
0xc327160887453b4e7e2e6c0964c854055c79d803,255,0.4251968503937008,5.9976,1.395256634965933
0xc327160887453b4e7e2e6c0964c854055c79d803,255,0.4330708661417323,5.8302,1.3070196995614638
0xc327160887453b4e7e2e6c0964c854055c79d803,255,0.4409448818897638,5.7687,1.2718317027692525
0xc327160887453b4e7e2e6c0964c854055c79d803,255,0.44881889763779526,5.6042000000000005,1.2256990255954636
0xc327160887453b4e7e2e6c0964c854055c79d803,255,0.4566929133858268,5.5022,1.1963522362707615
0xc327160887453b4e7e2e6c0964c854055c79d803,255,0.4645669291338583,5.432175021128822,1.180103292985142
0xc327160887453b4e7e2e6c0964c854055c79d803,255,0.47244094488188976,5.3975,1.2109231246583203
0xc327160887453b4e7e2e6c0964c854055c79d803,255,0.48031496062992124,5.3676,1.1929044435423088
0xc327160887453b4e7e2e6c0964c854055c79d803,255,0.4881889763779528,4.994999999999999,1.1504968405116973
0xc327160887453b4e7e2e6c0964c854055c79d803,255,0.49606299212598426,4.90299656,1.1353296005150546
0xc327160887453b4e7e2e6c0964c854055c79d803,255,0.5039370078740157,4.6284,1.1159155333193518
0xc327160887453b4e7e2e6c0964c854055c79d803,255,0.5118110236220472,4.58462,1.1633586600288504
0xc327160887453b4e7e2e6c0964c854055c79d803,255,0.5196850393700787,4.452800000000001,1.149404799231939
0xc327160887453b4e7e2e6c0964c854055c79d803,255,0.5275590551181102,4.4012,1.149404799231939
0xc327160887453b4e7e2e6c0964c854055c79d803,255,0.5354330708661418,4.202100000000001,1.1266991982811247
0xc327160887453b4e7e2e6c0964c854055c79d803,255,0.5433070866141733,4.1,1.1200401732329988
0xc327160887453b4e7e2e6c0964c854055c79d803,255,0.5511811023622047,4.074999999999999,1.1192996843087786
0xc327160887453b4e7e2e6c0964c854055c79d803,255,0.5590551181102362,4.0,1.1071658923114645
0xc327160887453b4e7e2e6c0964c854055c79d803,255,0.5669291338582677,3.944014026842278,1.1071658923114645
0xc327160887453b4e7e2e6c0964c854055c79d803,255,0.5748031496062992,3.9000000000000004,1.0756180331184475
0xc327160887453b4e7e2e6c0964c854055c79d803,255,0.5826771653543307,3.855000000000003,1.192208262026268
0xc327160887453b4e7e2e6c0964c854055c79d803,255,0.5905511811023622,3.8517575974206624,1.1919083389556784
0xc327160887453b4e7e2e6c0964c854055c79d803,255,0.5984251968503937,3.8270377626988323,1.2105008634966192
0xc327160887453b4e7e2e6c0964c854055c79d803,255,0.6062992125984252,3.6,1.1826052756947936
0xc327160887453b4e7e2e6c0964c854055c79d803,255,0.6141732283464567,3.5999999999999996,1.1604368377157006
0xc327160887453b4e7e2e6c0964c854055c79d803,255,0.6220472440944882,3.49888588,1.1510969241285198
0xc327160887453b4e7e2e6c0964c854055c79d803,255,0.6299212598425197,3.4466660000000005,1.15109692412852
0xc327160887453b4e7e2e6c0964c854055c79d803,255,0.6377952755905512,3.410330289999999,1.1485294137418884
0xc327160887453b4e7e2e6c0964c854055c79d803,255,0.6456692913385826,3.3499999999999996,1.1370811809924217
0xc327160887453b4e7e2e6c0964c854055c79d803,255,0.6535433070866141,3.3028,1.0965543157213922
0xc327160887453b4e7e2e6c0964c854055c79d803,255,0.6614173228346457,3.1987302899999994,1.0732467573495912
0xc327160887453b4e7e2e6c0964c854055c79d803,255,0.6692913385826772,3.0644,1.0661921706823527
0xc327160887453b4e7e2e6c0964c854055c79d803,255,0.6771653543307087,2.9640880477081875,1.0287953019935745
0xc327160887453b4e7e2e6c0964c854055c79d803,255,0.6850393700787402,2.8820450477081874,0.9926118125045275
0xc327160887453b4e7e2e6c0964c854055c79d803,255,0.6929133858267716,2.7762000000000002,0.9589259791615836
0xc327160887453b4e7e2e6c0964c854055c79d803,255,0.7007874015748031,2.7615999999999996,0.9589259791615836
0xc327160887453b4e7e2e6c0964c854055c79d803,255,0.7086614173228346,2.7024,0.9516457039631951
0xc327160887453b4e7e2e6c0964c854055c79d803,255,0.7165354330708661,2.6087152284263957,0.9147832438753546
0xc327160887453b4e7e2e6c0964c854055c79d803,255,0.7244094488188977,2.55,0.9457244134685059
0xc327160887453b4e7e2e6c0964c854055c79d803,255,0.7322834645669292,2.4565,0.9365451998225376
0xc327160887453b4e7e2e6c0964c854055c79d803,255,0.7401574803149606,2.3998561199999995,0.9319404257595569
0xc327160887453b4e7e2e6c0964c854055c79d803,255,0.7480314960629921,2.324776986,0.9152375983835372
0xc327160887453b4e7e2e6c0964c854055c79d803,255,0.7559055118110236,2.2068,0.9152375983835372
0xc327160887453b4e7e2e6c0964c854055c79d803,255,0.7637795275590551,2.2,0.9225178735819257
0xc327160887453b4e7e2e6c0964c854055c79d803,255,0.7716535433070866,2.1172727272727276,0.9104282044646017
0xc327160887453b4e7e2e6c0964c854055c79d803,255,0.7795275590551181,2.04,0.8855539308701076
0xc327160887453b4e7e2e6c0964c854055c79d803,255,0.7874015748031497,2.008,0.8802635975592786
0xc327160887453b4e7e2e6c0964c854055c79d803,255,0.7952755905511811,2.0,0.8640994452121366
0xc327160887453b4e7e2e6c0964c854055c79d803,255,0.8031496062992126,1.9037999999999995,0.8168346852449984
0xc327160887453b4e7e2e6c0964c854055c79d803,255,0.8110236220472441,1.7993999999999999,0.7737101787875285
0xc327160887453b4e7e2e6c0964c854055c79d803,255,0.8188976377952756,1.7663999999999997,0.7737101787875285
0xc327160887453b4e7e2e6c0964c854055c79d803,255,0.8267716535433071,1.68,0.7526782767034478
0xc327160887453b4e7e2e6c0964c854055c79d803,255,0.8346456692913385,1.6,0.8643091630787386
0xc327160887453b4e7e2e6c0964c854055c79d803,255,0.84251968503937,1.4236070507920844,0.8643091630787386
0xc327160887453b4e7e2e6c0964c854055c79d803,255,0.8503937007874016,1.37074,0.8623895971847636
0xc327160887453b4e7e2e6c0964c854055c79d803,255,0.8582677165354331,1.312,0.8623895971847636
0xc327160887453b4e7e2e6c0964c854055c79d803,255,0.8661417322834646,1.2942000000000005,0.8623895971847636
0xc327160887453b4e7e2e6c0964c854055c79d803,255,0.8740157480314961,1.2,0.9012177315761691
0xc327160887453b4e7e2e6c0964c854055c79d803,255,0.8818897637795275,1.1988000000000014,1.0031561449040054
0xc327160887453b4e7e2e6c0964c854055c79d803,255,0.889763779527559,1.116,0.9892022841070939
0xc327160887453b4e7e2e6c0964c854055c79d803,255,0.8976377952755905,0.8865,0.978281871309511
0xc327160887453b4e7e2e6c0964c854055c79d803,255,0.905511811023622,0.8000000000000007,0.978281871309511
0xc327160887453b4e7e2e6c0964c854055c79d803,255,0.9133858267716536,0.7199999999999998,0.9950265042658046
0xc327160887453b4e7e2e6c0964c854055c79d803,255,0.9212598425196851,0.6685424487841478,0.9947408626683959
0xc327160887453b4e7e2e6c0964c854055c79d803,255,0.9291338582677166,0.645000983,0.9868538978701415
0xc327160887453b4e7e2e6c0964c854055c79d803,255,0.937007874015748,0.46025099999999997,0.9790374304033918
0xc327160887453b4e7e2e6c0964c854055c79d803,255,0.9448818897637795,0.4,1.0045183935977515
0xc327160887453b4e7e2e6c0964c854055c79d803,255,0.952755905511811,0.3290000000000003,1.0016077395734357
0xc327160887453b4e7e2e6c0964c854055c79d803,255,0.9606299212598425,0.24004000000000023,1.0002856415974084
0xc327160887453b4e7e2e6c0964c854055c79d803,255,0.968503937007874,0.209377968,1.0002856415974084
0xc327160887453b4e7e2e6c0964c854055c79d803,255,0.9763779527559056,0.16092000000000017,0.9999999999999997
0xc327160887453b4e7e2e6c0964c854055c79d803,255,0.984251968503937,0.08537800892137881,0.9999999999999997
0xc327160887453b4e7e2e6c0964c854055c79d803,255,0.9921259842519685,0.0105,0.9999999999999997
0xc327160887453b4e7e2e6c0964c854055c79d803,255,1.0,5.329070518200751e-17,0.9999999999999997
0xc8769416b054a6dfbaad14cb38309effc79b8711,193,0.0,1.7037339879999998,-0.01874202861991753
0xc8769416b054a6dfbaad14cb38309effc79b8711,193,0.005208333333333333,1.514796430566158,-0.020517804448650426
0xc8769416b054a6dfbaad14cb38309effc79b8711,193,0.010416666666666666,1.410473988,-0.05289806844840292
0xc8769416b054a6dfbaad14cb38309effc79b8711,193,0.015625,1.3780863731287507,-0.05289806844840293
0xc8769416b054a6dfbaad14cb38309effc79b8711,193,0.020833333333333332,1.376,-0.08923048088249935
0xc8769416b054a6dfbaad14cb38309effc79b8711,193,0.026041666666666668,1.3604745694004527,-0.08923048088249935
0xc8769416b054a6dfbaad14cb38309effc79b8711,193,0.03125,1.2461069940000002,-0.14542844666930382
0xc8769416b054a6dfbaad14cb38309effc79b8711,193,0.036458333333333336,1.2454,-0.22502103496380457
0xc8769416b054a6dfbaad14cb38309effc79b8711,193,0.041666666666666664,1.185618591,-0.23978087779872906
0xc8769416b054a6dfbaad14cb38309effc79b8711,193,0.046875,1.153971522,-0.23978087779872906
0xc8769416b054a6dfbaad14cb38309effc79b8711,193,0.052083333333333336,1.1141,-0.31098218068848604
0xc8769416b054a6dfbaad14cb38309effc79b8711,193,0.057291666666666664,0.996,0.15581103025019513
0xc8769416b054a6dfbaad14cb38309effc79b8711,193,0.0625,0.969,0.1200729739034111
0xc8769416b054a6dfbaad14cb38309effc79b8711,193,0.06770833333333333,0.9654788000000001,0.0741677217266965
0xc8769416b054a6dfbaad14cb38309effc79b8711,193,0.07291666666666667,0.9408,0.0741677217266965
0xc8769416b054a6dfbaad14cb38309effc79b8711,193,0.078125,0.9149900000000001,0.015691390938527845
0xc8769416b054a6dfbaad14cb38309effc79b8711,193,0.08333333333333333,0.9038139879999999,-0.031775292197887446
0xc8769416b054a6dfbaad14cb38309effc79b8711,193,0.08854166666666667,0.8856800000000001,-0.053023841865589075
0xc8769416b054a6dfbaad14cb38309effc79b8711,193,0.09375,0.8763999999999998,-0.07385825954987303
0xc8769416b054a6dfbaad14cb38309effc79b8711,193,0.09895833333333333,0.8722366060000002,-0.12960225270608844
0xc8769416b054a6dfbaad14cb38309effc79b8711,193,0.10416666666666667,0.8399470559999999,-0.13829902435785948
0xc8769416b054a6dfbaad14cb38309effc79b8711,193,0.109375,0.8300000000000001,-0.13829902435785948
0xc8769416b054a6dfbaad14cb38309effc79b8711,193,0.11458333333333333,0.8206,-0.19074296040609084
0xc8769416b054a6dfbaad14cb38309effc79b8711,193,0.11979166666666667,0.8161462460000001,-0.20814161645016896
0xc8769416b054a6dfbaad14cb38309effc79b8711,193,0.125,0.806272192,-0.20814161645016896
0xc8769416b054a6dfbaad14cb38309effc79b8711,193,0.13020833333333334,0.7720937222142856,-0.22464419966101984
0xc8769416b054a6dfbaad14cb38309effc79b8711,193,0.13541666666666666,0.7293000000000001,-0.22464419966101729
0xc8769416b054a6dfbaad14cb38309effc79b8711,193,0.140625,0.7192000000000001,-0.22464419966101143
0xc8769416b054a6dfbaad14cb38309effc79b8711,193,0.14583333333333334,0.7038670559999998,-0.23334097131278247
0xc8769416b054a6dfbaad14cb38309effc79b8711,193,0.15104166666666666,0.6990541767669877,-0.25860468050995616
0xc8769416b054a6dfbaad14cb38309effc79b8711,193,0.15625,0.6898323120000001,-0.28173471869491334
0xc8769416b054a6dfbaad14cb38309effc79b8711,193,0.16145833333333334,0.653,-0.3234674633201815
0xc8769416b054a6dfbaad14cb38309effc79b8711,193,0.16666666666666666,0.6400000000000001,0.20777823300070933
0xc8769416b054a6dfbaad14cb38309effc79b8711,193,0.171875,0.589543512,0.20777823300070933
0xc8769416b054a6dfbaad14cb38309effc79b8711,193,0.17708333333333334,0.58828728,0.20720304969040704
0xc8769416b054a6dfbaad14cb38309effc79b8711,193,0.18229166666666666,0.5801525520000002,0.20720304969040704
0xc8769416b054a6dfbaad14cb38309effc79b8711,193,0.1875,0.5628,0.1976846924884387
0xc8769416b054a6dfbaad14cb38309effc79b8711,193,0.19270833333333334,0.5532,0.1916005312505742
0xc8769416b054a6dfbaad14cb38309effc79b8711,193,0.19791666666666666,0.5464,0.15668051338955347
0xc8769416b054a6dfbaad14cb38309effc79b8711,193,0.203125,0.540783512,0.1526388919958292
0xc8769416b054a6dfbaad14cb38309effc79b8711,193,0.20833333333333334,0.5137646579999999,0.14476527157035743
0xc8769416b054a6dfbaad14cb38309effc79b8711,193,0.21354166666666666,0.512,0.14476527157036329
0xc8769416b054a6dfbaad14cb38309effc79b8711,193,0.21875,0.497,0.1163576069670988
0xc8769416b054a6dfbaad14cb38309effc79b8711,193,0.22395833333333334,0.4964146450851829,0.09863812645438538
0xc8769416b054a6dfbaad14cb38309effc79b8711,193,0.22916666666666666,0.47962896,0.09123743452849557
0xc8769416b054a6dfbaad14cb38309effc79b8711,193,0.234375,0.47049576000000004,0.0899345612430686
0xc8769416b054a6dfbaad14cb38309effc79b8711,193,0.23958333333333334,0.4620033693251534,0.06990765701723292
0xc8769416b054a6dfbaad14cb38309effc79b8711,193,0.24479166666666666,0.458,0.053429294269638515
0xc8769416b054a6dfbaad14cb38309effc79b8711,193,0.25,0.44315999999999994,0.0395788801575587
0xc8769416b054a6dfbaad14cb38309effc79b8711,193,0.2552083333333333,0.43656573399999976,0.0261796653977827
0xc8769416b054a6dfbaad14cb38309effc79b8711,193,0.2604166666666667,0.4361380993297029,0.02281995577305016
0xc8769416b054a6dfbaad14cb38309effc79b8711,193,0.265625,0.4305,0.49395899616734884
0xc8769416b054a6dfbaad14cb38309effc79b8711,193,0.2708333333333333,0.390564658,0.48624706616132873
0xc8769416b054a6dfbaad14cb38309effc79b8711,193,0.2760416666666667,0.366766994,0.47570203880578626
0xc8769416b054a6dfbaad14cb38309effc79b8711,193,0.28125,0.36382918800243647,0.47162277485986553
0xc8769416b054a6dfbaad14cb38309effc79b8711,193,0.2864583333333333,0.34329576000000006,0.47162277485986553
0xc8769416b054a6dfbaad14cb38309effc79b8711,193,0.2916666666666667,0.3,0.4524499978497883
0xc8769416b054a6dfbaad14cb38309effc79b8711,193,0.296875,0.2985240395044807,0.4524499978497883
0xc8769416b054a6dfbaad14cb38309effc79b8711,193,0.3020833333333333,0.2901335279999999,0.4524499978497883
0xc8769416b054a6dfbaad14cb38309effc79b8711,193,0.3072916666666667,0.2860162459999999,0.4524499978497883
0xc8769416b054a6dfbaad14cb38309effc79b8711,193,0.3125,0.27190999999999993,0.4524499978497883
0xc8769416b054a6dfbaad14cb38309effc79b8711,193,0.3177083333333333,0.2698949006675963,0.45173919909676796
0xc8769416b054a6dfbaad14cb38309effc79b8711,193,0.3229166666666667,0.26352939,0.4498219213957602
0xc8769416b054a6dfbaad14cb38309effc79b8711,193,0.328125,0.24824000000000002,0.449079832188044
0xc8769416b054a6dfbaad14cb38309effc79b8711,193,0.3333333333333333,0.24368920310555925,0.449079832188044
0xc8769416b054a6dfbaad14cb38309effc79b8711,193,0.3385416666666667,0.20250000000000007,0.643363972556827
0xc8769416b054a6dfbaad14cb38309effc79b8711,193,0.34375,0.2,0.640782038610516
0xc8769416b054a6dfbaad14cb38309effc79b8711,193,0.3489583333333333,0.2,0.640782038610516
0xc8769416b054a6dfbaad14cb38309effc79b8711,193,0.3541666666666667,0.2,0.6280001872704646
0xc8769416b054a6dfbaad14cb38309effc79b8711,193,0.359375,0.18182,0.6280001872704646
0xc8769416b054a6dfbaad14cb38309effc79b8711,193,0.3645833333333333,0.18180000000000002,0.6175727529472506
0xc8769416b054a6dfbaad14cb38309effc79b8711,193,0.3697916666666667,0.18180000000000002,0.6175727529472506
0xc8769416b054a6dfbaad14cb38309effc79b8711,193,0.375,0.18180000000000002,0.6168306637395342
0xc8769416b054a6dfbaad14cb38309effc79b8711,193,0.3802083333333333,0.18180000000000002,0.6161915711725316
0xc8769416b054a6dfbaad14cb38309effc79b8711,193,0.3854166666666667,0.1818,0.6045728683044248
0xc8769416b054a6dfbaad14cb38309effc79b8711,193,0.390625,0.1818,0.6045728683044248
0xc8769416b054a6dfbaad14cb38309effc79b8711,193,0.3958333333333333,0.1818,0.6045728683044248
0xc8769416b054a6dfbaad14cb38309effc79b8711,193,0.4010416666666667,0.1818,0.6045728683044248
0xc8769416b054a6dfbaad14cb38309effc79b8711,193,0.40625,0.1818,0.592954165436318
0xc8769416b054a6dfbaad14cb38309effc79b8711,193,0.4114583333333333,0.1818,1.1622706059735521
0xc8769416b054a6dfbaad14cb38309effc79b8711,193,0.4166666666666667,0.1818,1.1506519031054454
0xc8769416b054a6dfbaad14cb38309effc79b8711,193,0.421875,0.18179999999999996,1.1390332002373387
0xc8769416b054a6dfbaad14cb38309effc79b8711,193,0.4270833333333333,0.18,1.1390332002373387
0xc8769416b054a6dfbaad14cb38309effc79b8711,193,0.4322916666666667,0.17514,1.1390332002373387
0xc8769416b054a6dfbaad14cb38309effc79b8711,193,0.4375,0.17270500000000003,1.1390332002373387
0xc8769416b054a6dfbaad14cb38309effc79b8711,193,0.4427083333333333,0.17270500000000003,1.1390332002373387
0xc8769416b054a6dfbaad14cb38309effc79b8711,193,0.4479166666666667,0.17,1.1390332002373387
0xc8769416b054a6dfbaad14cb38309effc79b8711,193,0.453125,0.16546,1.1390332002373387
0xc8769416b054a6dfbaad14cb38309effc79b8711,193,0.4583333333333333,0.16482999999999998,1.1284990374554353
0xc8769416b054a6dfbaad14cb38309effc79b8711,193,0.4635416666666667,0.16340399999999994,1.1180560092735865
0xc8769416b054a6dfbaad14cb38309effc79b8711,193,0.46875,0.163211997,1.1157571933539612
0xc8769416b054a6dfbaad14cb38309effc79b8711,193,0.4739583333333333,0.1610940739397567,1.1143196185337456
0xc8769416b054a6dfbaad14cb38309effc79b8711,193,0.4791666666666667,0.15228,1.1143196185337456
0xc8769416b054a6dfbaad14cb38309effc79b8711,193,0.484375,0.14702,1.1143196185337456
0xc8769416b054a6dfbaad14cb38309effc79b8711,193,0.4895833333333333,0.14553,1.1143196185337456
0xc8769416b054a6dfbaad14cb38309effc79b8711,193,0.4947916666666667,0.13740000000000002,1.1143196185337456
0xc8769416b054a6dfbaad14cb38309effc79b8711,193,0.5,0.13666999999999999,1.1055851404205215
0xc8769416b054a6dfbaad14cb38309effc79b8711,193,0.5052083333333334,0.13652,1.1055851404205215
0xc8769416b054a6dfbaad14cb38309effc79b8711,193,0.5104166666666666,0.13595499999999996,1.1055851404205215
0xc8769416b054a6dfbaad14cb38309effc79b8711,193,0.515625,0.128,1.1055851404205215
0xc8769416b054a6dfbaad14cb38309effc79b8711,193,0.5208333333333334,0.12656599999999998,1.1055851404205215
0xc8769416b054a6dfbaad14cb38309effc79b8711,193,0.5260416666666666,0.12332000000000001,1.1055851404205215
0xc8769416b054a6dfbaad14cb38309effc79b8711,193,0.53125,0.12302400000000001,1.097725580031524
0xc8769416b054a6dfbaad14cb38309effc79b8711,193,0.5364583333333334,0.12282599999999999,1.0971903847238975
0xc8769416b054a6dfbaad14cb38309effc79b8711,193,0.5416666666666666,0.12108000000000001,1.093328987434068
0xc8769416b054a6dfbaad14cb38309effc79b8711,193,0.546875,0.11854721153846154,1.093328987434068
0xc8769416b054a6dfbaad14cb38309effc79b8711,193,0.5520833333333334,0.113,1.0861072414269388
0xc8769416b054a6dfbaad14cb38309effc79b8711,193,0.5572916666666666,0.11277000000000001,1.0789001945488508
0xc8769416b054a6dfbaad14cb38309effc79b8711,193,0.5625,0.11,1.0789001945488508
0xc8769416b054a6dfbaad14cb38309effc79b8711,193,0.5677083333333334,0.10739999999999998,1.0758785649700768
0xc8769416b054a6dfbaad14cb38309effc79b8711,193,0.5729166666666666,0.10658999999999999,1.0690664772983964
0xc8769416b054a6dfbaad14cb38309effc79b8711,193,0.578125,0.10563999999999998,1.0672230050124147
0xc8769416b054a6dfbaad14cb38309effc79b8711,193,0.5833333333333334,0.10554000000000002,1.0672230050124147
0xc8769416b054a6dfbaad14cb38309effc79b8711,193,0.5885416666666666,0.10500000000000001,1.0672230050124147
0xc8769416b054a6dfbaad14cb38309effc79b8711,193,0.59375,0.10472000000000004,1.0672230050124147
0xc8769416b054a6dfbaad14cb38309effc79b8711,193,0.5989583333333334,0.103403665,1.0672230050124147
0xc8769416b054a6dfbaad14cb38309effc79b8711,193,0.6041666666666666,0.103211997,1.0664235002110944
0xc8769416b054a6dfbaad14cb38309effc79b8711,193,0.609375,0.1032,1.0664235002110944
0xc8769416b054a6dfbaad14cb38309effc79b8711,193,0.6145833333333334,0.10217,1.0664235002110944
0xc8769416b054a6dfbaad14cb38309effc79b8711,193,0.6197916666666666,0.10204,1.0664235002110944
0xc8769416b054a6dfbaad14cb38309effc79b8711,193,0.625,0.10202,1.0664235002110944
0xc8769416b054a6dfbaad14cb38309effc79b8711,193,0.6302083333333334,0.101203665,1.0664235002110944
0xc8769416b054a6dfbaad14cb38309effc79b8711,193,0.6354166666666666,0.1,1.0664235002110944
0xc8769416b054a6dfbaad14cb38309effc79b8711,193,0.640625,0.1,1.0664235002110944
0xc8769416b054a6dfbaad14cb38309effc79b8711,193,0.6458333333333334,0.09768,1.0601808440166134
0xc8769416b054a6dfbaad14cb38309effc79b8711,193,0.6510416666666666,0.09768,1.0601808440166134
0xc8769416b054a6dfbaad14cb38309effc79b8711,193,0.65625,0.09713,1.0539733379133174
0xc8769416b054a6dfbaad14cb38309effc79b8711,193,0.6614583333333334,0.09705000000000001,1.0533970042283491
0xc8769416b054a6dfbaad14cb38309effc79b8711,193,0.6666666666666666,0.09281999999999999,1.0474649470214312
0xc8769416b054a6dfbaad14cb38309effc79b8711,193,0.671875,0.0912,1.0443819644782109
0xc8769416b054a6dfbaad14cb38309effc79b8711,193,0.6770833333333334,0.090701997,1.042127245857943
0xc8769416b054a6dfbaad14cb38309effc79b8711,193,0.6822916666666666,0.09064,1.042127245857943
0xc8769416b054a6dfbaad14cb38309effc79b8711,193,0.6875,0.08966,1.036397141902198
0xc8769416b054a6dfbaad14cb38309effc79b8711,193,0.6927083333333334,0.08436,1.036397141902198
0xc8769416b054a6dfbaad14cb38309effc79b8711,193,0.6979166666666666,0.0836,1.036397141902198
0xc8769416b054a6dfbaad14cb38309effc79b8711,193,0.703125,0.08267999999999998,1.036397141902198
0xc8769416b054a6dfbaad14cb38309effc79b8711,193,0.7083333333333334,0.08205000000000001,1.036397141902198
0xc8769416b054a6dfbaad14cb38309effc79b8711,193,0.7135416666666666,0.0811092,1.036204838948787
0xc8769416b054a6dfbaad14cb38309effc79b8711,193,0.71875,0.08009999999999999,1.0318078820878092
0xc8769416b054a6dfbaad14cb38309effc79b8711,193,0.7239583333333334,0.07989238199999996,1.0308492432373053
0xc8769416b054a6dfbaad14cb38309effc79b8711,193,0.7291666666666666,0.07919999999999999,1.0308492432373053
0xc8769416b054a6dfbaad14cb38309effc79b8711,193,0.734375,0.07899500000000001,1.0267580921696382
0xc8769416b054a6dfbaad14cb38309effc79b8711,193,0.7395833333333334,0.07875,1.021725238204493
0xc8769416b054a6dfbaad14cb38309effc79b8711,193,0.7447916666666666,0.07215999999999997,1.021725238204493
0xc8769416b054a6dfbaad14cb38309effc79b8711,193,0.75,0.07064000000000001,1.021725238204493
0xc8769416b054a6dfbaad14cb38309effc79b8711,193,0.7552083333333334,0.07026,1.0184121823371517
0xc8769416b054a6dfbaad14cb38309effc79b8711,193,0.7604166666666666,0.069984,1.0146543180431766
0xc8769416b054a6dfbaad14cb38309effc79b8711,193,0.765625,0.0683,1.0146543180431766
0xc8769416b054a6dfbaad14cb38309effc79b8711,193,0.7708333333333334,0.06699,1.0146543180431766
0xc8769416b054a6dfbaad14cb38309effc79b8711,193,0.7760416666666666,0.06644,1.0146543180431766
0xc8769416b054a6dfbaad14cb38309effc79b8711,193,0.78125,0.06489238199999996,1.0146543180431766
0xc8769416b054a6dfbaad14cb38309effc79b8711,193,0.7864583333333334,0.06443499999999999,1.0146543180431766
0xc8769416b054a6dfbaad14cb38309effc79b8711,193,0.7916666666666666,0.06280999999999999,1.0146543180431766
0xc8769416b054a6dfbaad14cb38309effc79b8711,193,0.796875,0.06066,1.0107775825317389
0xc8769416b054a6dfbaad14cb38309effc79b8711,193,0.8020833333333334,0.060379999999999996,1.0107775825317389
0xc8769416b054a6dfbaad14cb38309effc79b8711,193,0.8072916666666666,0.06000000000000001,1.0107775825317389
0xc8769416b054a6dfbaad14cb38309effc79b8711,193,0.8125,0.056281998,1.0107775825317389
0xc8769416b054a6dfbaad14cb38309effc79b8711,193,0.8177083333333334,0.05481,1.0094604127511466
0xc8769416b054a6dfbaad14cb38309effc79b8711,193,0.8229166666666666,0.053009999999999995,1.0060725830534658
0xc8769416b054a6dfbaad14cb38309effc79b8711,193,0.828125,0.051701999663952995,1.0060725830534658
0xc8769416b054a6dfbaad14cb38309effc79b8711,193,0.8333333333333334,0.05124,1.0060725830534658
0xc8769416b054a6dfbaad14cb38309effc79b8711,193,0.8385416666666666,0.050952665,1.0060725830534658
0xc8769416b054a6dfbaad14cb38309effc79b8711,193,0.84375,0.045322932,1.0060725830534658
0xc8769416b054a6dfbaad14cb38309effc79b8711,193,0.8489583333333334,0.04200000000000001,1.0060725830534658
0xc8769416b054a6dfbaad14cb38309effc79b8711,193,0.8541666666666666,0.0412,1.0060725830534658
0xc8769416b054a6dfbaad14cb38309effc79b8711,193,0.859375,0.04038,1.0060725830534658
0xc8769416b054a6dfbaad14cb38309effc79b8711,193,0.8645833333333334,0.04,1.0060725830534658
0xc8769416b054a6dfbaad14cb38309effc79b8711,193,0.8697916666666666,0.03999999999999999,1.0047943979194607
0xc8769416b054a6dfbaad14cb38309effc79b8711,193,0.875,0.033769999999999994,1.002636182320693
0xc8769416b054a6dfbaad14cb38309effc79b8711,193,0.8802083333333334,0.032294,1.002636182320693
0xc8769416b054a6dfbaad14cb38309effc79b8711,193,0.8854166666666666,0.02919,1.002636182320693
0xc8769416b054a6dfbaad14cb38309effc79b8711,193,0.890625,0.02788401562580005,1.0024339734324934
0xc8769416b054a6dfbaad14cb38309effc79b8711,193,0.8958333333333334,0.024720000000000027,1.0024339734324934
0xc8769416b054a6dfbaad14cb38309effc79b8711,193,0.9010416666666666,0.019999999999999987,1.0011557882984883
0xc8769416b054a6dfbaad14cb38309effc79b8711,193,0.90625,0.01864,0.9999645197535956
0xc8769416b054a6dfbaad14cb38309effc79b8711,193,0.9114583333333334,0.01638,0.9999645197535956
0xc8769416b054a6dfbaad14cb38309effc79b8711,193,0.9166666666666666,0.015,0.9999645197535956
0xc8769416b054a6dfbaad14cb38309effc79b8711,193,0.921875,0.014,0.9999645197535956
0xc8769416b054a6dfbaad14cb38309effc79b8711,193,0.9270833333333334,0.01199,0.9999645197535956
0xc8769416b054a6dfbaad14cb38309effc79b8711,193,0.9322916666666666,0.01001,0.9999645197535956
0xc8769416b054a6dfbaad14cb38309effc79b8711,193,0.9375,0.01,0.9999645197535956
0xc8769416b054a6dfbaad14cb38309effc79b8711,193,0.9427083333333334,0.009989999999999787,0.9999645197535956
0xc8769416b054a6dfbaad14cb38309effc79b8711,193,0.9479166666666666,0.007,0.9999645197535956
0xc8769416b054a6dfbaad14cb38309effc79b8711,193,0.953125,0.0041600000000000005,0.9999645197535956
0xc8769416b054a6dfbaad14cb38309effc79b8711,193,0.9583333333333334,0.003438833999998134,1.0000000000000009
0xc8769416b054a6dfbaad14cb38309effc79b8711,193,0.9635416666666666,0.00048200000000000006,1.0000000000000009
0xc8769416b054a6dfbaad14cb38309effc79b8711,193,0.96875,3.5207392556912964e-15,1.0000000000000009
0xc8769416b054a6dfbaad14cb38309effc79b8711,193,0.9739583333333334,3.5207392556912964e-15,1.0000000000000009
0xc8769416b054a6dfbaad14cb38309effc79b8711,193,0.9791666666666666,1.6697754290362353e-15,1.0000000000000009
0xc8769416b054a6dfbaad14cb38309effc79b8711,193,0.984375,8.801848139228241e-16,1.0000000000000009
0xc8769416b054a6dfbaad14cb38309effc79b8711,193,0.9895833333333334,8.08242361927114e-16,1.0000000000000009
0xc8769416b054a6dfbaad14cb38309effc79b8711,193,0.9947916666666666,2.1116441928370476e-16,1.0000000000000009
0xc8769416b054a6dfbaad14cb38309effc79b8711,193,1.0,1.3183898417423734e-16,1.0000000000000009
0xcaf59289145789242a4af6b975997344229841ab,158,0.0,8.573500000000001,0.01867632820487489
0xcaf59289145789242a4af6b975997344229841ab,158,0.006369426751592357,8.314300000000001,-0.0019354313012784423
0xcaf59289145789242a4af6b975997344229841ab,158,0.012738853503184714,8.091000000000001,0.004454214145629084
0xcaf59289145789242a4af6b975997344229841ab,158,0.01910828025477707,8.0512,0.06557021333235709
0xcaf59289145789242a4af6b975997344229841ab,158,0.025477707006369428,7.9192,0.15740484168653154
0xcaf59289145789242a4af6b975997344229841ab,158,0.03184713375796178,7.742399999999999,0.10637297248868283
0xcaf59289145789242a4af6b975997344229841ab,158,0.03821656050955414,7.691999999999999,0.13127766397473845
0xcaf59289145789242a4af6b975997344229841ab,158,0.044585987261146494,7.5405999999999995,0.22253374156208505
0xcaf59289145789242a4af6b975997344229841ab,158,0.050955414012738856,7.5392,0.22253374156208505
0xcaf59289145789242a4af6b975997344229841ab,158,0.05732484076433121,7.4826,0.20782857176230393
0xcaf59289145789242a4af6b975997344229841ab,158,0.06369426751592357,7.4822,0.20782857176230393
0xcaf59289145789242a4af6b975997344229841ab,158,0.07006369426751592,7.4799999999999995,0.20782857176230393
0xcaf59289145789242a4af6b975997344229841ab,158,0.07643312101910828,7.4256,0.2577724464830874
0xcaf59289145789242a4af6b975997344229841ab,158,0.08280254777070063,7.3554,0.264692896968388
0xcaf59289145789242a4af6b975997344229841ab,158,0.08917197452229299,7.335735993756098,0.21256362492634281
0xcaf59289145789242a4af6b975997344229841ab,158,0.09554140127388536,7.319999999999999,0.17603105916202447
0xcaf59289145789242a4af6b975997344229841ab,158,0.10191082802547771,7.182,0.25281578181339165
0xcaf59289145789242a4af6b975997344229841ab,158,0.10828025477707007,7.1775,0.25281578181339176
0xcaf59289145789242a4af6b975997344229841ab,158,0.11464968152866242,7.1575,0.25281578181339176
0xcaf59289145789242a4af6b975997344229841ab,158,0.12101910828025478,7.1525,0.233270147798936
0xcaf59289145789242a4af6b975997344229841ab,158,0.12738853503184713,7.110281509999999,0.2081394377086405
0xcaf59289145789242a4af6b975997344229841ab,158,0.1337579617834395,7.072100000000001,0.2081394377086405
0xcaf59289145789242a4af6b975997344229841ab,158,0.14012738853503184,7.072,0.17912660932791016
0xcaf59289145789242a4af6b975997344229841ab,158,0.1464968152866242,7.071999999999999,0.17894465724399378
0xcaf59289145789242a4af6b975997344229841ab,158,0.15286624203821655,7.0704,0.17894465724399378
0xcaf59289145789242a4af6b975997344229841ab,158,0.1592356687898089,7.07000998,0.1769653553556492
0xcaf59289145789242a4af6b975997344229841ab,158,0.16560509554140126,7.0464,0.16786775115982977
0xcaf59289145789242a4af6b975997344229841ab,158,0.17197452229299362,6.966000000000001,0.16786775115982977
0xcaf59289145789242a4af6b975997344229841ab,158,0.17834394904458598,6.945180000000001,0.16606393791864424
0xcaf59289145789242a4af6b975997344229841ab,158,0.18471337579617833,6.896999999999999,0.16606393791864424
0xcaf59289145789242a4af6b975997344229841ab,158,0.1910828025477707,6.844199999999999,0.1594902081531047
0xcaf59289145789242a4af6b975997344229841ab,158,0.19745222929936307,6.841900000000001,0.1945508110730715
0xcaf59289145789242a4af6b975997344229841ab,158,0.20382165605095542,6.829400000000002,0.1460108281864082
0xcaf59289145789242a4af6b975997344229841ab,158,0.21019108280254778,6.775,0.14601082818640837
0xcaf59289145789242a4af6b975997344229841ab,158,0.21656050955414013,6.769800000000002,0.14601082818640837
0xcaf59289145789242a4af6b975997344229841ab,158,0.2229299363057325,6.7354,0.14601082818640843
0xcaf59289145789242a4af6b975997344229841ab,158,0.22929936305732485,6.7352,0.14601082818640895
0xcaf59289145789242a4af6b975997344229841ab,158,0.2356687898089172,6.7352,0.14223315266980543
0xcaf59289145789242a4af6b975997344229841ab,158,0.24203821656050956,6.734400000000002,0.13562152561024307
0xcaf59289145789242a4af6b975997344229841ab,158,0.2484076433121019,6.665400000000001,0.09322242555575788
0xcaf59289145789242a4af6b975997344229841ab,158,0.25477707006369427,6.619,0.08439490648450186
0xcaf59289145789242a4af6b975997344229841ab,158,0.2611464968152866,6.574400000000001,0.07941965418991313
0xcaf59289145789242a4af6b975997344229841ab,158,0.267515923566879,6.5155,0.03311071658220898
0xcaf59289145789242a4af6b975997344229841ab,158,0.27388535031847133,6.48,0.025434613041986357
0xcaf59289145789242a4af6b975997344229841ab,158,0.2802547770700637,6.4799999999999995,0.10731305080436096
0xcaf59289145789242a4af6b975997344229841ab,158,0.28662420382165604,6.4506000000000006,0.10731305080436096
0xcaf59289145789242a4af6b975997344229841ab,158,0.2929936305732484,6.405130614417439,0.09898859648039732
0xcaf59289145789242a4af6b975997344229841ab,158,0.29936305732484075,6.393459999999999,0.09898859648039732
0xcaf59289145789242a4af6b975997344229841ab,158,0.3057324840764331,6.3796,0.09898859648039732
0xcaf59289145789242a4af6b975997344229841ab,158,0.31210191082802546,6.29,0.1933762400120236
0xcaf59289145789242a4af6b975997344229841ab,158,0.3184713375796178,6.267799999999999,0.1931573289101297
0xcaf59289145789242a4af6b975997344229841ab,158,0.3248407643312102,6.1824,0.19255244288121987
0xcaf59289145789242a4af6b975997344229841ab,158,0.33121019108280253,6.1048,0.22761304580118666
0xcaf59289145789242a4af6b975997344229841ab,158,0.3375796178343949,6.050400000000001,0.22761304580118666
0xcaf59289145789242a4af6b975997344229841ab,158,0.34394904458598724,6.0319,0.27223466213069736
0xcaf59289145789242a4af6b975997344229841ab,158,0.3503184713375796,5.967,0.2797188630824144
0xcaf59289145789242a4af6b975997344229841ab,158,0.35668789808917195,5.9096,0.23771636171084073
0xcaf59289145789242a4af6b975997344229841ab,158,0.3630573248407643,5.9048,0.23771636171084073
0xcaf59289145789242a4af6b975997344229841ab,158,0.36942675159235666,5.877,0.2708202689783786
0xcaf59289145789242a4af6b975997344229841ab,158,0.37579617834394907,5.8744000000000005,0.2708202689783786
0xcaf59289145789242a4af6b975997344229841ab,158,0.3821656050955414,5.834700000000001,0.2293501196023259
0xcaf59289145789242a4af6b975997344229841ab,158,0.3885350318471338,5.774900000000001,0.2581141849819669
0xcaf59289145789242a4af6b975997344229841ab,158,0.39490445859872614,5.7024,0.2581141849819669
0xcaf59289145789242a4af6b975997344229841ab,158,0.4012738853503185,5.625300000000001,0.27389071000810783
0xcaf59289145789242a4af6b975997344229841ab,158,0.40764331210191085,5.5449,0.29908751987888854
0xcaf59289145789242a4af6b975997344229841ab,158,0.4140127388535032,5.4,0.2990875198788885
0xcaf59289145789242a4af6b975997344229841ab,158,0.42038216560509556,5.377000000000001,0.2990875198788885
0xcaf59289145789242a4af6b975997344229841ab,158,0.4267515923566879,5.3677,0.3008807429559238
0xcaf59289145789242a4af6b975997344229841ab,158,0.43312101910828027,5.36,0.3186495011508836
0xcaf59289145789242a4af6b975997344229841ab,158,0.4394904458598726,5.359900000000001,0.3186495011508836
0xcaf59289145789242a4af6b975997344229841ab,158,0.445859872611465,5.356000000000001,0.3458996687186739
0xcaf59289145789242a4af6b975997344229841ab,158,0.45222929936305734,5.35560488,0.3458996687186738
0xcaf59289145789242a4af6b975997344229841ab,158,0.4585987261146497,5.350904879999999,0.32986514132354205
0xcaf59289145789242a4af6b975997344229841ab,158,0.46496815286624205,5.33,0.48445333761969206
0xcaf59289145789242a4af6b975997344229841ab,158,0.4713375796178344,5.1768,0.5498651117876335
0xcaf59289145789242a4af6b975997344229841ab,158,0.47770700636942676,5.105,0.5498651117876335
0xcaf59289145789242a4af6b975997344229841ab,158,0.4840764331210191,5.1048,0.5437242287114387
0xcaf59289145789242a4af6b975997344229841ab,158,0.49044585987261147,5.034400000000001,0.5437242287114387
0xcaf59289145789242a4af6b975997344229841ab,158,0.4968152866242038,5.009900000000001,0.5437242287114387
0xcaf59289145789242a4af6b975997344229841ab,158,0.5031847133757962,4.862000000000001,0.6682569258959781
0xcaf59289145789242a4af6b975997344229841ab,158,0.5095541401273885,4.8546,0.7321917608827545
0xcaf59289145789242a4af6b975997344229841ab,158,0.5159235668789809,4.8378,0.7319728497808605
0xcaf59289145789242a4af6b975997344229841ab,158,0.5222929936305732,4.824400000000001,0.7319728497808605
0xcaf59289145789242a4af6b975997344229841ab,158,0.5286624203821656,4.7424,0.7319728497808605
0xcaf59289145789242a4af6b975997344229841ab,158,0.535031847133758,4.45,0.7358819765837517
0xcaf59289145789242a4af6b975997344229841ab,158,0.5414012738853503,4.409331999999999,0.7326722281034141
0xcaf59289145789242a4af6b975997344229841ab,158,0.5477707006369427,4.36728,0.7115555523712749
0xcaf59289145789242a4af6b975997344229841ab,158,0.554140127388535,4.2861,0.7115555523712749
0xcaf59289145789242a4af6b975997344229841ab,158,0.5605095541401274,4.2432,0.7115555523712749
0xcaf59289145789242a4af6b975997344229841ab,158,0.5668789808917197,4.1777999999999995,0.7113366412693809
0xcaf59289145789242a4af6b975997344229841ab,158,0.5732484076433121,4.1538,0.7113366412693809
0xcaf59289145789242a4af6b975997344229841ab,158,0.5796178343949044,3.999600000000003,0.7092043902859858
0xcaf59289145789242a4af6b975997344229841ab,158,0.5859872611464968,3.99354,0.7092043902859858
0xcaf59289145789242a4af6b975997344229841ab,158,0.5923566878980892,3.9824,0.7092043902859858
0xcaf59289145789242a4af6b975997344229841ab,158,0.5987261146496815,3.957732,0.7018007457764214
0xcaf59289145789242a4af6b975997344229841ab,158,0.6050955414012739,3.817,0.7018007457764214
0xcaf59289145789242a4af6b975997344229841ab,158,0.6114649681528662,3.64,0.7149012955255811
0xcaf59289145789242a4af6b975997344229841ab,158,0.6178343949044586,3.574482,0.6894956529934867
0xcaf59289145789242a4af6b975997344229841ab,158,0.6242038216560509,3.5700000000000003,0.8133794351287462
0xcaf59289145789242a4af6b975997344229841ab,158,0.6305732484076433,3.5200000000000005,0.8133794351287462
0xcaf59289145789242a4af6b975997344229841ab,158,0.6369426751592356,3.3770000000000007,0.8133794351287462
0xcaf59289145789242a4af6b975997344229841ab,158,0.643312101910828,3.315,0.836016833069125
0xcaf59289145789242a4af6b975997344229841ab,158,0.6496815286624203,3.2058,0.836016833069125
0xcaf59289145789242a4af6b975997344229841ab,158,0.6560509554140127,3.094905378571825,0.8307224183398383
0xcaf59289145789242a4af6b975997344229841ab,158,0.6624203821656051,3.032399999999999,0.8307224183398383
0xcaf59289145789242a4af6b975997344229841ab,158,0.6687898089171974,2.99,0.814090860669356
0xcaf59289145789242a4af6b975997344229841ab,158,0.6751592356687898,2.916066,0.8074297085972294
0xcaf59289145789242a4af6b975997344229841ab,158,0.6815286624203821,2.9054100057525,0.7913922671257537
0xcaf59289145789242a4af6b975997344229841ab,158,0.6878980891719745,2.8861000000000003,0.7913922671257537
0xcaf59289145789242a4af6b975997344229841ab,158,0.6942675159235668,2.880000000000001,0.8846427101329026
0xcaf59289145789242a4af6b975997344229841ab,158,0.7006369426751592,2.8600000000000003,0.9020560931639632
0xcaf59289145789242a4af6b975997344229841ab,158,0.7070063694267515,2.8000000000000003,0.9027384134633987
0xcaf59289145789242a4af6b975997344229841ab,158,0.7133757961783439,2.6624000000000003,0.9027384134633987
0xcaf59289145789242a4af6b975997344229841ab,158,0.7197452229299363,2.6145000000000005,0.9027384134633987
0xcaf59289145789242a4af6b975997344229841ab,158,0.7261146496815286,2.5664,0.9027384134633987
0xcaf59289145789242a4af6b975997344229841ab,158,0.732484076433121,2.554999999999999,0.8845787425881498
0xcaf59289145789242a4af6b975997344229841ab,158,0.7388535031847133,2.45,0.8845787425881498
0xcaf59289145789242a4af6b975997344229841ab,158,0.7452229299363057,2.3499999999999996,0.8845787425881497
0xcaf59289145789242a4af6b975997344229841ab,158,0.7515923566878981,2.2682350000000002,0.8845787425881497
0xcaf59289145789242a4af6b975997344229841ab,158,0.7579617834394905,2.1620000000000004,0.8845787425881497
0xcaf59289145789242a4af6b975997344229841ab,158,0.7643312101910829,2.1024000000000003,0.8845787425881497
0xcaf59289145789242a4af6b975997344229841ab,158,0.7707006369426752,2.1,0.8845787425881497
0xcaf59289145789242a4af6b975997344229841ab,158,0.7770700636942676,2.08,0.9525975489584557
0xcaf59289145789242a4af6b975997344229841ab,158,0.7834394904458599,2.0112,0.9525975489584557
0xcaf59289145789242a4af6b975997344229841ab,158,0.7898089171974523,1.978866,0.9451939044488914
0xcaf59289145789242a4af6b975997344229841ab,158,0.7961783439490446,1.7500000000000002,0.9451939044488914
0xcaf59289145789242a4af6b975997344229841ab,158,0.802547770700637,1.6887,0.9451939044488914
0xcaf59289145789242a4af6b975997344229841ab,158,0.8089171974522293,1.6112000000000002,0.9451939044488914
0xcaf59289145789242a4af6b975997344229841ab,158,0.8152866242038217,1.4000000000000001,0.9451939044488914
0xcaf59289145789242a4af6b975997344229841ab,158,0.821656050955414,1.2733000000000003,0.989379120077134
0xcaf59289145789242a4af6b975997344229841ab,158,0.8280254777070064,1.26,0.989379120077134
0xcaf59289145789242a4af6b975997344229841ab,158,0.8343949044585988,1.2505,0.989379120077134
0xcaf59289145789242a4af6b975997344229841ab,158,0.8407643312101911,1.2184000000000001,0.989379120077134
0xcaf59289145789242a4af6b975997344229841ab,158,0.8471337579617835,1.2112,0.989379120077134
0xcaf59289145789242a4af6b975997344229841ab,158,0.8535031847133758,1.0150000000000001,0.989379120077134
0xcaf59289145789242a4af6b975997344229841ab,158,0.8598726114649682,1.0005000000000004,0.987602244257638
0xcaf59289145789242a4af6b975997344229841ab,158,0.8662420382165605,0.9372,0.9809410921855116
0xcaf59289145789242a4af6b975997344229841ab,158,0.8726114649681529,0.7312000000000001,0.9809410921855116
0xcaf59289145789242a4af6b975997344229841ab,158,0.8789808917197452,0.7000000000000001,0.9759658398909229
0xcaf59289145789242a4af6b975997344229841ab,158,0.8853503184713376,0.7000000000000001,0.9759658398909229
0xcaf59289145789242a4af6b975997344229841ab,158,0.89171974522293,0.65517,0.9759658398909229
0xcaf59289145789242a4af6b975997344229841ab,158,0.8980891719745223,0.65,0.9713459627602333
0xcaf59289145789242a4af6b975997344229841ab,158,0.9044585987261147,0.65,1.0022636020194633
0xcaf59289145789242a4af6b975997344229841ab,158,0.910828025477707,0.649,1.0002843001311188
0xcaf59289145789242a4af6b975997344229841ab,158,0.9171974522292994,0.64,1.0002843001311188
0xcaf59289145789242a4af6b975997344229841ab,158,0.9235668789808917,0.51,1.0002843001311188
0xcaf59289145789242a4af6b975997344229841ab,158,0.9299363057324841,0.44999999999999996,1.0002843001311192
0xcaf59289145789242a4af6b975997344229841ab,158,0.9363057324840764,0.44999999999999996,0.9970859236560267
0xcaf59289145789242a4af6b975997344229841ab,158,0.9426751592356688,0.41,1.0
0xcaf59289145789242a4af6b975997344229841ab,158,0.9490445859872612,0.38870000000000005,1.0
0xcaf59289145789242a4af6b975997344229841ab,158,0.9554140127388535,0.04969999999999996,1.0
0xcaf59289145789242a4af6b975997344229841ab,158,0.9617834394904459,0.020408,1.0
0xcaf59289145789242a4af6b975997344229841ab,158,0.9681528662420382,0.0074,1.0
0xcaf59289145789242a4af6b975997344229841ab,158,0.9745222929936306,1.0125233984581429e-15,1.0
0xcaf59289145789242a4af6b975997344229841ab,158,0.9808917197452229,7.144285163462882e-16,1.0
0xcaf59289145789242a4af6b975997344229841ab,158,0.9872611464968153,5.662137425588298e-16,1.0
0xcaf59289145789242a4af6b975997344229841ab,158,0.9936305732484076,2.4980018054066026e-17,1.0
0xcaf59289145789242a4af6b975997344229841ab,158,1.0,4.44089209850063e-19,1.0
0xcb7281ddba4c19c32bcc07489818b1b63c81f5f9,153,0.0,94.0,0.0
0xcb7281ddba4c19c32bcc07489818b1b63c81f5f9,153,0.006578947368421052,89.67459955217198,0.008071973740329587
0xcb7281ddba4c19c32bcc07489818b1b63c81f5f9,153,0.013157894736842105,68.24717211000001,-0.0018633415793015379
0xcb7281ddba4c19c32bcc07489818b1b63c81f5f9,153,0.019736842105263157,66.5194960399721,-0.0018633415793015379
0xcb7281ddba4c19c32bcc07489818b1b63c81f5f9,153,0.02631578947368421,65.88013360178486,-0.0018633415793015379
0xcb7281ddba4c19c32bcc07489818b1b63c81f5f9,153,0.03289473684210526,64.71668448000001,-0.10602599351022153
0xcb7281ddba4c19c32bcc07489818b1b63c81f5f9,153,0.039473684210526314,61.372773778471,-0.10998606715896102
0xcb7281ddba4c19c32bcc07489818b1b63c81f5f9,153,0.046052631578947366,60.733429778471,-0.1139461408077005
0xcb7281ddba4c19c32bcc07489818b1b63c81f5f9,153,0.05263157894736842,59.532197808606206,0.3855864613672999
0xcb7281ddba4c19c32bcc07489818b1b63c81f5f9,153,0.05921052631578947,55.166292320000004,0.3234102130553166
0xcb7281ddba4c19c32bcc07489818b1b63c81f5f9,153,0.06578947368421052,47.899884480000004,0.2974996233142586
0xcb7281ddba4c19c32bcc07489818b1b63c81f5f9,153,0.07236842105263158,45.12809232000001,0.24211877278505275
0xcb7281ddba4c19c32bcc07489818b1b63c81f5f9,153,0.07894736842105263,44.27488,0.26339578201992153
0xcb7281ddba4c19c32bcc07489818b1b63c81f5f9,153,0.08552631578947369,38.016117,0.2532996208806204
0xcb7281ddba4c19c32bcc07489818b1b63c81f5f9,153,0.09210526315789473,36.386117000000006,0.24710565699147857
0xcb7281ddba4c19c32bcc07489818b1b63c81f5f9,153,0.09868421052631579,36.273562729874506,0.32747239211568435
0xcb7281ddba4c19c32bcc07489818b1b63c81f5f9,153,0.10526315789473684,36.18699232,0.28088944789461556
0xcb7281ddba4c19c32bcc07489818b1b63c81f5f9,153,0.1118421052631579,35.386117000000006,0.2808894478946155
0xcb7281ddba4c19c32bcc07489818b1b63c81f5f9,153,0.11842105263157894,35.136117000000006,0.28088944789461545
0xcb7281ddba4c19c32bcc07489818b1b63c81f5f9,153,0.125,32.51047605,0.25673298872696243
0xcb7281ddba4c19c32bcc07489818b1b63c81f5f9,153,0.13157894736842105,32.18111325,0.25673298872696243
0xcb7281ddba4c19c32bcc07489818b1b63c81f5f9,153,0.13815789473684212,31.330117,0.2567329887269624
0xcb7281ddba4c19c32bcc07489818b1b63c81f5f9,153,0.14473684210526316,28.610476050000003,0.24787562036548957
0xcb7281ddba4c19c32bcc07489818b1b63c81f5f9,153,0.1513157894736842,28.28761325,0.25177781761564894
0xcb7281ddba4c19c32bcc07489818b1b63c81f5f9,153,0.15789473684210525,28.20959282969501,0.2850113990009498
0xcb7281ddba4c19c32bcc07489818b1b63c81f5f9,153,0.16447368421052633,27.584545440000003,0.2850113990009498
0xcb7281ddba4c19c32bcc07489818b1b63c81f5f9,153,0.17105263157894737,27.180476050000003,0.27937489186183073
0xcb7281ddba4c19c32bcc07489818b1b63c81f5f9,153,0.17763157894736842,27.117619169648233,0.2862501855848143
0xcb7281ddba4c19c32bcc07489818b1b63c81f5f9,153,0.18421052631578946,26.270476050000003,0.27658760191775306
0xcb7281ddba4c19c32bcc07489818b1b63c81f5f9,153,0.19078947368421054,26.141021720000005,0.27658760191775306
0xcb7281ddba4c19c32bcc07489818b1b63c81f5f9,153,0.19736842105263158,25.0561857,0.29616362478938574
0xcb7281ddba4c19c32bcc07489818b1b63c81f5f9,153,0.20394736842105263,25.00859375,0.29616362478938574
0xcb7281ddba4c19c32bcc07489818b1b63c81f5f9,153,0.21052631578947367,24.011,0.2684146665660304
0xcb7281ddba4c19c32bcc07489818b1b63c81f5f9,153,0.21710526315789475,24.0,0.31688862796245426
0xcb7281ddba4c19c32bcc07489818b1b63c81f5f9,153,0.2236842105263158,22.955,0.3168886279624545
0xcb7281ddba4c19c32bcc07489818b1b63c81f5f9,153,0.23026315789473684,21.8896074,0.31688862796245565
0xcb7281ddba4c19c32bcc07489818b1b63c81f5f9,153,0.23684210526315788,20.5906074,0.34321297449130833
0xcb7281ddba4c19c32bcc07489818b1b63c81f5f9,153,0.24342105263157895,20.228033359089114,0.37165942260029217
0xcb7281ddba4c19c32bcc07489818b1b63c81f5f9,153,0.25,20.00859375,0.3639169677388649
0xcb7281ddba4c19c32bcc07489818b1b63c81f5f9,153,0.2565789473684211,19.999999000000003,0.30414045411649926
0xcb7281ddba4c19c32bcc07489818b1b63c81f5f9,153,0.2631578947368421,19.8406074,0.33046480064535194
0xcb7281ddba4c19c32bcc07489818b1b63c81f5f9,153,0.26973684210526316,19.8061875,0.31931566564489666
0xcb7281ddba4c19c32bcc07489818b1b63c81f5f9,153,0.27631578947368424,19.572446154586192,0.25484787987059476
0xcb7281ddba4c19c32bcc07489818b1b63c81f5f9,153,0.28289473684210525,19.37790700864426,0.6652029198298571
0xcb7281ddba4c19c32bcc07489818b1b63c81f5f9,153,0.2894736842105263,19.0906074,0.6915272663587098
0xcb7281ddba4c19c32bcc07489818b1b63c81f5f9,153,0.29605263157894735,18.830117,0.6915272663587098
0xcb7281ddba4c19c32bcc07489818b1b63c81f5f9,153,0.3026315789473684,18.425217,0.6915272663587098
0xcb7281ddba4c19c32bcc07489818b1b63c81f5f9,153,0.3092105263157895,18.3406074,0.7047947370092515
0xcb7281ddba4c19c32bcc07489818b1b63c81f5f9,153,0.3157894736842105,18.3103125,0.6862128453418261
0xcb7281ddba4c19c32bcc07489818b1b63c81f5f9,153,0.3223684210526316,18.00515625,0.6824964670083411
0xcb7281ddba4c19c32bcc07489818b1b63c81f5f9,153,0.32894736842105265,18.0,0.6267507920060648
0xcb7281ddba4c19c32bcc07489818b1b63c81f5f9,153,0.3355263157894737,17.9626074,0.6530751385349175
0xcb7281ddba4c19c32bcc07489818b1b63c81f5f9,153,0.34210526315789475,17.405156249999997,0.6475005710346898
0xcb7281ddba4c19c32bcc07489818b1b63c81f5f9,153,0.34868421052631576,17.2126074,0.6580303096462309
0xcb7281ddba4c19c32bcc07489818b1b63c81f5f9,153,0.35526315789473684,16.776,0.664568657927609
0xcb7281ddba4c19c32bcc07489818b1b63c81f5f9,153,0.3618421052631579,16.168075546416876,0.6449457123950296
0xcb7281ddba4c19c32bcc07489818b1b63c81f5f9,153,0.3684210526315789,15.801599999999999,0.6614365218534808
0xcb7281ddba4c19c32bcc07489818b1b63c81f5f9,153,0.375,14.303781250000004,0.6546231615754249
0xcb7281ddba4c19c32bcc07489818b1b63c81f5f9,153,0.3815789473684211,14.000000000000002,0.5679076671274396
0xcb7281ddba4c19c32bcc07489818b1b63c81f5f9,153,0.3881578947368421,13.773797672048744,0.5679076671274396
0xcb7281ddba4c19c32bcc07489818b1b63c81f5f9,153,0.39473684210526316,13.344,0.5840119732392082
0xcb7281ddba4c19c32bcc07489818b1b63c81f5f9,153,0.40131578947368424,13.136340000000008,0.5870851703624449
0xcb7281ddba4c19c32bcc07489818b1b63c81f5f9,153,0.40789473684210525,12.48,0.7060414856461911
0xcb7281ddba4c19c32bcc07489818b1b63c81f5f9,153,0.4144736842105263,12.25958111,0.6918244803314438
0xcb7281ddba4c19c32bcc07489818b1b63c81f5f9,153,0.42105263157894735,11.714341040999999,0.6737071359557041
0xcb7281ddba4c19c32bcc07489818b1b63c81f5f9,153,0.4276315789473684,11.262831569999998,0.6653452847053627
0xcb7281ddba4c19c32bcc07489818b1b63c81f5f9,153,0.4342105263157895,10.943999999999999,0.6735906894345882
0xcb7281ddba4c19c32bcc07489818b1b63c81f5f9,153,0.4407894736842105,10.615561125000001,0.6271359602660247
0xcb7281ddba4c19c32bcc07489818b1b63c81f5f9,153,0.4473684210526316,10.1885358,0.9213492450002607
0xcb7281ddba4c19c32bcc07489818b1b63c81f5f9,153,0.45394736842105265,10.0,0.8594096061088426
0xcb7281ddba4c19c32bcc07489818b1b63c81f5f9,153,0.4605263157894737,9.999999,0.8899171886113967
0xcb7281ddba4c19c32bcc07489818b1b63c81f5f9,153,0.46710526315789475,9.96428111,0.8824577917057395
0xcb7281ddba4c19c32bcc07489818b1b63c81f5f9,153,0.47368421052631576,9.912831569999998,0.8824577917057395
0xcb7281ddba4c19c32bcc07489818b1b63c81f5f9,153,0.48026315789473684,9.715200000000001,0.9146664039292768
0xcb7281ddba4c19c32bcc07489818b1b63c81f5f9,153,0.4868421052631579,9.552831569999999,0.9146664039292768
0xcb7281ddba4c19c32bcc07489818b1b63c81f5f9,153,0.4934210526315789,9.164283053043473,0.9146664039292768
0xcb7281ddba4c19c32bcc07489818b1b63c81f5f9,153,0.5,9.0849059235765,1.0117051673965225
0xcb7281ddba4c19c32bcc07489818b1b63c81f5f9,153,0.506578947368421,8.750947100000001,0.9941539513202503
0xcb7281ddba4c19c32bcc07489818b1b63c81f5f9,153,0.5131578947368421,8.263483029999998,0.9839339109031663
0xcb7281ddba4c19c32bcc07489818b1b63c81f5f9,153,0.5197368421052632,8.00336816,0.9839339109031663
0xcb7281ddba4c19c32bcc07489818b1b63c81f5f9,153,0.5263157894736842,7.999999000000001,0.9839339109031663
0xcb7281ddba4c19c32bcc07489818b1b63c81f5f9,153,0.5328947368421053,7.5276000000000005,0.9839339109031663
0xcb7281ddba4c19c32bcc07489818b1b63c81f5f9,153,0.5394736842105263,7.50171875,0.9834972364489818
0xcb7281ddba4c19c32bcc07489818b1b63c81f5f9,153,0.5460526315789473,7.431218750000001,0.9819487454766963
0xcb7281ddba4c19c32bcc07489818b1b63c81f5f9,153,0.5526315789473685,7.181218750000001,0.9804002545044108
0xcb7281ddba4c19c32bcc07489818b1b63c81f5f9,153,0.5592105263157895,7.11,0.9804002545044108
0xcb7281ddba4c19c32bcc07489818b1b63c81f5f9,153,0.5657894736842105,6.931218750000001,0.9788517635321254
0xcb7281ddba4c19c32bcc07489818b1b63c81f5f9,153,0.5723684210526315,6.681218750000001,0.9777399470140244
0xcb7281ddba4c19c32bcc07489818b1b63c81f5f9,153,0.5789473684210527,6.6,0.9777399470140244
0xcb7281ddba4c19c32bcc07489818b1b63c81f5f9,153,0.5855263157894737,6.5,0.9777399470140244
0xcb7281ddba4c19c32bcc07489818b1b63c81f5f9,153,0.5921052631578947,6.4152,0.9939334462057968
0xcb7281ddba4c19c32bcc07489818b1b63c81f5f9,153,0.5986842105263158,6.346682008000009,0.9943706780671796
0xcb7281ddba4c19c32bcc07489818b1b63c81f5f9,153,0.6052631578947368,6.258000000000005,0.9943706780671796
0xcb7281ddba4c19c32bcc07489818b1b63c81f5f9,153,0.6118421052631579,6.042457050000006,1.0604001899394428
0xcb7281ddba4c19c32bcc07489818b1b63c81f5f9,153,0.618421052631579,5.999998999999999,1.0604001899394428
0xcb7281ddba4c19c32bcc07489818b1b63c81f5f9,153,0.625,5.917347100000001,1.0585206315972828
0xcb7281ddba4c19c32bcc07489818b1b63c81f5f9,153,0.631578947368421,5.613897486958255,1.0562741180584743
0xcb7281ddba4c19c32bcc07489818b1b63c81f5f9,153,0.6381578947368421,5.5896,1.1329578685916057
0xcb7281ddba4c19c32bcc07489818b1b63c81f5f9,153,0.6447368421052632,5.5116,1.1329578685916057
0xcb7281ddba4c19c32bcc07489818b1b63c81f5f9,153,0.6513157894736842,5.22,1.1329578685916057
0xcb7281ddba4c19c32bcc07489818b1b63c81f5f9,153,0.6578947368421053,5.208000000000005,1.1329578685916057
0xcb7281ddba4c19c32bcc07489818b1b63c81f5f9,153,0.6644736842105263,5.048000000000001,1.1125177877574375
0xcb7281ddba4c19c32bcc07489818b1b63c81f5f9,153,0.6710526315789473,5.0,1.1125177877574373
0xcb7281ddba4c19c32bcc07489818b1b63c81f5f9,153,0.6776315789473685,4.999999000000001,1.081547974505692
0xcb7281ddba4c19c32bcc07489818b1b63c81f5f9,153,0.6842105263157895,4.999999,1.081547974505692
0xcb7281ddba4c19c32bcc07489818b1b63c81f5f9,153,0.6907894736842105,4.9152,1.0980387839641432
0xcb7281ddba4c19c32bcc07489818b1b63c81f5f9,153,0.6973684210526315,4.74,1.088252321019299
0xcb7281ddba4c19c32bcc07489818b1b63c81f5f9,153,0.7039473684210527,4.0424571,1.0882523210192998
0xcb7281ddba4c19c32bcc07489818b1b63c81f5f9,153,0.7105263157894737,3.9999989999999994,1.0634764716566965
0xcb7281ddba4c19c32bcc07489818b1b63c81f5f9,153,0.7171052631578947,3.999586,1.0634764716566965
0xcb7281ddba4c19c32bcc07489818b1b63c81f5f9,153,0.7236842105263158,3.820941,1.0634764716566965
0xcb7281ddba4c19c32bcc07489818b1b63c81f5f9,153,0.7302631578947368,3.7374000000000027,1.0575131626524643
0xcb7281ddba4c19c32bcc07489818b1b63c81f5f9,153,0.7368421052631579,3.7116000000000002,1.0575131626524643
0xcb7281ddba4c19c32bcc07489818b1b63c81f5f9,153,0.743421052631579,3.000000000000002,1.038931270985039
0xcb7281ddba4c19c32bcc07489818b1b63c81f5f9,153,0.75,2.8000000000000003,1.038931270985039
0xcb7281ddba4c19c32bcc07489818b1b63c81f5f9,153,0.756578947368421,2.799999999999998,1.038931270985039
0xcb7281ddba4c19c32bcc07489818b1b63c81f5f9,153,0.7631578947368421,2.6,1.0349051944570966
0xcb7281ddba4c19c32bcc07489818b1b63c81f5f9,153,0.7697368421052632,2.4576,1.0513960039155477
0xcb7281ddba4c19c32bcc07489818b1b63c81f5f9,153,0.7763157894736842,2.08482,1.0474436355578862
0xcb7281ddba4c19c32bcc07489818b1b63c81f5f9,153,0.7828947368421053,2.03474,1.0348405294740939
0xcb7281ddba4c19c32bcc07489818b1b63c81f5f9,153,0.7894736842105263,1.9500000000000002,1.0348405294740939
0xcb7281ddba4c19c32bcc07489818b1b63c81f5f9,153,0.7960526315789473,1.814056056460553,1.0274077790010876
0xcb7281ddba4c19c32bcc07489818b1b63c81f5f9,153,0.8026315789473685,1.7040000000000002,1.0274077790010876
0xcb7281ddba4c19c32bcc07489818b1b63c81f5f9,153,0.8092105263157895,1.6,1.0274077790010876
0xcb7281ddba4c19c32bcc07489818b1b63c81f5f9,153,0.8157894736842105,1.5951,1.0274077790010876
0xcb7281ddba4c19c32bcc07489818b1b63c81f5f9,153,0.8223684210526315,1.5731999999999997,1.01766343501069
0xcb7281ddba4c19c32bcc07489818b1b63c81f5f9,153,0.8289473684210527,1.4937,1.01766343501069
0xcb7281ddba4c19c32bcc07489818b1b63c81f5f9,153,0.8355263157894737,1.44672,1.01766343501069
0xcb7281ddba4c19c32bcc07489818b1b63c81f5f9,153,0.8421052631578947,1.2810000000000006,1.01766343501069
0xcb7281ddba4c19c32bcc07489818b1b63c81f5f9,153,0.8486842105263158,1.22482,1.01766343501069
0xcb7281ddba4c19c32bcc07489818b1b63c81f5f9,153,0.8552631578947368,1.2098200000000001,1.01766343501069
0xcb7281ddba4c19c32bcc07489818b1b63c81f5f9,153,0.8618421052631579,1.058386,1.01766343501069
0xcb7281ddba4c19c32bcc07489818b1b63c81f5f9,153,0.868421052631579,1.036142,1.01766343501069
0xcb7281ddba4c19c32bcc07489818b1b63c81f5f9,153,0.875,1.02,1.0174776160940155
0xcb7281ddba4c19c32bcc07489818b1b63c81f5f9,153,0.881578947368421,1.0116,1.0174776160940155
0xcb7281ddba4c19c32bcc07489818b1b63c81f5f9,153,0.8881578947368421,1.000037914691944,1.0112836522048738
0xcb7281ddba4c19c32bcc07489818b1b63c81f5f9,153,0.8947368421052632,1.0000000000000009,1.0108057243244513
0xcb7281ddba4c19c32bcc07489818b1b63c81f5f9,153,0.9013157894736842,1.0,1.0108057243244513
0xcb7281ddba4c19c32bcc07489818b1b63c81f5f9,153,0.9078947368421053,0.99,1.00987662974108
0xcb7281ddba4c19c32bcc07489818b1b63c81f5f9,153,0.9144736842105263,0.8673420000000001,1.00987662974108
0xcb7281ddba4c19c32bcc07489818b1b63c81f5f9,153,0.9210526315789473,0.8445,1.0092572333521657
0xcb7281ddba4c19c32bcc07489818b1b63c81f5f9,153,0.9276315789473685,0.84,1.0077706820187717
0xcb7281ddba4c19c32bcc07489818b1b63c81f5f9,153,0.9342105263157895,0.800608,1.0077706820187717
0xcb7281ddba4c19c32bcc07489818b1b63c81f5f9,153,0.9407894736842105,0.7445,1.0075198264812613
0xcb7281ddba4c19c32bcc07489818b1b63c81f5f9,153,0.9473684210526315,0.6140572040537093,1.0037163783334853
0xcb7281ddba4c19c32bcc07489818b1b63c81f5f9,153,0.9539473684210527,0.600608,1.0037163783334853
0xcb7281ddba4c19c32bcc07489818b1b63c81f5f9,153,0.9605263157894737,0.6,1.002787283750114
0xcb7281ddba4c19c32bcc07489818b1b63c81f5f9,153,0.9671052631578947,0.44999999999999996,1.0018581891667426
0xcb7281ddba4c19c32bcc07489818b1b63c81f5f9,153,0.9736842105263158,0.400408,1.0018581891667426
0xcb7281ddba4c19c32bcc07489818b1b63c81f5f9,153,0.9802631578947368,0.35294099999999995,1.0018581891667426
0xcb7281ddba4c19c32bcc07489818b1b63c81f5f9,153,0.9868421052631579,0.3,1.0009290945833713
0xcb7281ddba4c19c32bcc07489818b1b63c81f5f9,153,0.993421052631579,0.15,1.0
0xcb7281ddba4c19c32bcc07489818b1b63c81f5f9,153,1.0,0.11159999999999999,1.0
0xcdbc708656ef6aabe195eddd89d3cc89294cbd73,149,0.0,24.99618555,0.013912592740983972
0xcdbc708656ef6aabe195eddd89d3cc89294cbd73,149,0.006756756756756757,24.99113139,0.014330554771212737
0xcdbc708656ef6aabe195eddd89d3cc89294cbd73,149,0.013513513513513514,24.929032,0.08505901235299566
0xcdbc708656ef6aabe195eddd89d3cc89294cbd73,149,0.02027027027027027,23.41488555,0.08505901235299566
0xcdbc708656ef6aabe195eddd89d3cc89294cbd73,149,0.02702702702702703,17.11488555,0.08505901235299566
0xcdbc708656ef6aabe195eddd89d3cc89294cbd73,149,0.033783783783783786,15.685156079999997,0.08505901235299566
0xcdbc708656ef6aabe195eddd89d3cc89294cbd73,149,0.04054054054054054,13.609799999999998,0.08505901235299566
0xcdbc708656ef6aabe195eddd89d3cc89294cbd73,149,0.0472972972972973,13.581,0.10766491570837934
0xcdbc708656ef6aabe195eddd89d3cc89294cbd73,149,0.05405405405405406,13.542,0.10766491570837934
0xcdbc708656ef6aabe195eddd89d3cc89294cbd73,149,0.060810810810810814,13.5407,0.18145053633444375
0xcdbc708656ef6aabe195eddd89d3cc89294cbd73,149,0.06756756756756757,13.4953,0.18145053633444375
0xcdbc708656ef6aabe195eddd89d3cc89294cbd73,149,0.07432432432432433,13.049999999999999,0.18145053633444375
0xcdbc708656ef6aabe195eddd89d3cc89294cbd73,149,0.08108108108108109,12.8071,0.18145053633444405
0xcdbc708656ef6aabe195eddd89d3cc89294cbd73,149,0.08783783783783784,12.491376639999999,0.18145053633444405
0xcdbc708656ef6aabe195eddd89d3cc89294cbd73,149,0.0945945945945946,12.4865,0.18145053633444405
0xcdbc708656ef6aabe195eddd89d3cc89294cbd73,149,0.10135135135135136,12.449900000000003,0.44053006834814606
0xcdbc708656ef6aabe195eddd89d3cc89294cbd73,149,0.10810810810810811,12.328399999999998,0.44053006834814606
0xcdbc708656ef6aabe195eddd89d3cc89294cbd73,149,0.11486486486486487,12.3,0.4405300683481461
0xcdbc708656ef6aabe195eddd89d3cc89294cbd73,149,0.12162162162162163,12.2941,0.4405300683481461
0xcdbc708656ef6aabe195eddd89d3cc89294cbd73,149,0.12837837837837837,12.276486901875208,0.4405300683481461
0xcdbc708656ef6aabe195eddd89d3cc89294cbd73,149,0.13513513513513514,12.18,0.2580649239687073
0xcdbc708656ef6aabe195eddd89d3cc89294cbd73,149,0.14189189189189189,12.061,0.3280462722137739
0xcdbc708656ef6aabe195eddd89d3cc89294cbd73,149,0.14864864864864866,11.85,0.32804627221377414
0xcdbc708656ef6aabe195eddd89d3cc89294cbd73,149,0.1554054054054054,11.8234,0.32804627221377414
0xcdbc708656ef6aabe195eddd89d3cc89294cbd73,149,0.16216216216216217,11.81775874,0.32804627221377414
0xcdbc708656ef6aabe195eddd89d3cc89294cbd73,149,0.16891891891891891,11.488199999999997,0.328046272213774
0xcdbc708656ef6aabe195eddd89d3cc89294cbd73,149,0.17567567567567569,11.3955,0.3280462722137741
0xcdbc708656ef6aabe195eddd89d3cc89294cbd73,149,0.18243243243243243,11.362000000000002,0.3280462722137741
0xcdbc708656ef6aabe195eddd89d3cc89294cbd73,149,0.1891891891891892,11.146999999999998,0.3280462722137741
0xcdbc708656ef6aabe195eddd89d3cc89294cbd73,149,0.19594594594594594,10.9312,0.3280462722137741
0xcdbc708656ef6aabe195eddd89d3cc89294cbd73,149,0.20270270270270271,10.9278,0.3280462722137729
0xcdbc708656ef6aabe195eddd89d3cc89294cbd73,149,0.20945945945945946,10.799999999999999,0.3280462722137729
0xcdbc708656ef6aabe195eddd89d3cc89294cbd73,149,0.21621621621621623,10.7385,0.3280462722137729
0xcdbc708656ef6aabe195eddd89d3cc89294cbd73,149,0.22297297297297297,10.734,0.32804627221377286
0xcdbc708656ef6aabe195eddd89d3cc89294cbd73,149,0.22972972972972974,10.669200000000002,0.32804627221377286
0xcdbc708656ef6aabe195eddd89d3cc89294cbd73,149,0.23648648648648649,10.60689366,0.3280462722137728
0xcdbc708656ef6aabe195eddd89d3cc89294cbd73,149,0.24324324324324326,10.419500000000001,0.3280462722137728
0xcdbc708656ef6aabe195eddd89d3cc89294cbd73,149,0.25,10.417610500000002,0.4185822410197776
0xcdbc708656ef6aabe195eddd89d3cc89294cbd73,149,0.25675675675675674,10.137661077401537,0.43356294396840606
0xcdbc708656ef6aabe195eddd89d3cc89294cbd73,149,0.2635135135135135,10.002799999999999,0.4335629439684062
0xcdbc708656ef6aabe195eddd89d3cc89294cbd73,149,0.2702702702702703,10.0016,0.4335629439684062
0xcdbc708656ef6aabe195eddd89d3cc89294cbd73,149,0.27702702702702703,10.0015,0.46425094464667227
0xcdbc708656ef6aabe195eddd89d3cc89294cbd73,149,0.28378378378378377,10.0009,0.47773359078308403
0xcdbc708656ef6aabe195eddd89d3cc89294cbd73,149,0.2905405405405405,10.0007,0.47773359078308403
0xcdbc708656ef6aabe195eddd89d3cc89294cbd73,149,0.2972972972972973,10.0007,0.47773359078308403
0xcdbc708656ef6aabe195eddd89d3cc89294cbd73,149,0.30405405405405406,10.00066254,0.4791672454889225
0xcdbc708656ef6aabe195eddd89d3cc89294cbd73,149,0.3108108108108108,9.9996,0.508744543289609
0xcdbc708656ef6aabe195eddd89d3cc89294cbd73,149,0.31756756756756754,9.999,0.508744543289609
0xcdbc708656ef6aabe195eddd89d3cc89294cbd73,149,0.32432432432432434,9.998099999999999,0.5393022117218897
0xcdbc708656ef6aabe195eddd89d3cc89294cbd73,149,0.3310810810810811,9.9975,0.5393022117218897
0xcdbc708656ef6aabe195eddd89d3cc89294cbd73,149,0.33783783783783783,9.995750500000002,0.5393022117218897
0xcdbc708656ef6aabe195eddd89d3cc89294cbd73,149,0.34459459459459457,9.995205449999998,0.5393022117218897
0xcdbc708656ef6aabe195eddd89d3cc89294cbd73,149,0.35135135135135137,9.995141,0.5540124358546797
0xcdbc708656ef6aabe195eddd89d3cc89294cbd73,149,0.3581081081081081,9.992309039999999,0.5540124358546797
0xcdbc708656ef6aabe195eddd89d3cc89294cbd73,149,0.36486486486486486,9.99,0.5540124358546799
0xcdbc708656ef6aabe195eddd89d3cc89294cbd73,149,0.3716216216216216,9.989999999999998,0.5540124358546799
0xcdbc708656ef6aabe195eddd89d3cc89294cbd73,149,0.3783783783783784,9.919,0.6176954677723312
0xcdbc708656ef6aabe195eddd89d3cc89294cbd73,149,0.38513513513513514,9.901350500000001,0.6176954677723312
0xcdbc708656ef6aabe195eddd89d3cc89294cbd73,149,0.3918918918918919,9.806363,0.6176954677723314
0xcdbc708656ef6aabe195eddd89d3cc89294cbd73,149,0.39864864864864863,9.5568,0.5894461321476681
0xcdbc708656ef6aabe195eddd89d3cc89294cbd73,149,0.40540540540540543,9.4852,0.5894461321476681
0xcdbc708656ef6aabe195eddd89d3cc89294cbd73,149,0.41216216216216217,9.3936,0.5894461321476681
0xcdbc708656ef6aabe195eddd89d3cc89294cbd73,149,0.4189189189189189,9.269699999999998,0.5194607121971405
0xcdbc708656ef6aabe195eddd89d3cc89294cbd73,149,0.42567567567567566,9.0304,0.5194607121971409
0xcdbc708656ef6aabe195eddd89d3cc89294cbd73,149,0.43243243243243246,9.02230496,0.5334714505135395
0xcdbc708656ef6aabe195eddd89d3cc89294cbd73,149,0.4391891891891892,9.01,0.5334714505135395
0xcdbc708656ef6aabe195eddd89d3cc89294cbd73,149,0.44594594594594594,8.9428,0.5690836131751817
0xcdbc708656ef6aabe195eddd89d3cc89294cbd73,149,0.4527027027027027,8.90076852,0.5690836131751817
0xcdbc708656ef6aabe195eddd89d3cc89294cbd73,149,0.4594594594594595,8.8938,0.5607513380943242
0xcdbc708656ef6aabe195eddd89d3cc89294cbd73,149,0.46621621621621623,8.792000000000002,0.5632680986278775
0xcdbc708656ef6aabe195eddd89d3cc89294cbd73,149,0.47297297297297297,8.19,0.5632680986278775
0xcdbc708656ef6aabe195eddd89d3cc89294cbd73,149,0.4797297297297297,8.157893999999999,0.4410569897163703
0xcdbc708656ef6aabe195eddd89d3cc89294cbd73,149,0.4864864864864865,8.0634,0.4410569897163703
0xcdbc708656ef6aabe195eddd89d3cc89294cbd73,149,0.49324324324324326,7.9938,0.4327247146355128
0xcdbc708656ef6aabe195eddd89d3cc89294cbd73,149,0.5,7.888,0.4327247146355128
0xcdbc708656ef6aabe195eddd89d3cc89294cbd73,149,0.5067567567567568,7.8374999999999995,0.4327247146355129
0xcdbc708656ef6aabe195eddd89d3cc89294cbd73,149,0.5135135135135135,7.800000000000002,0.4327247146355129
0xcdbc708656ef6aabe195eddd89d3cc89294cbd73,149,0.5202702702702703,7.59641889,0.4327247146355129
0xcdbc708656ef6aabe195eddd89d3cc89294cbd73,149,0.527027027027027,7.2841000000000005,0.4327247146355171
0xcdbc708656ef6aabe195eddd89d3cc89294cbd73,149,0.5337837837837838,7.102,0.32633165590129914
0xcdbc708656ef6aabe195eddd89d3cc89294cbd73,149,0.5405405405405406,6.810810520000547,0.3413123588499276
0xcdbc708656ef6aabe195eddd89d3cc89294cbd73,149,0.5472972972972973,6.660000000000001,0.3413123588499276
0xcdbc708656ef6aabe195eddd89d3cc89294cbd73,149,0.5540540540540541,6.553800000000001,0.3329800837690701
0xcdbc708656ef6aabe195eddd89d3cc89294cbd73,149,0.5608108108108109,5.9928,0.3344302172646309
0xcdbc708656ef6aabe195eddd89d3cc89294cbd73,149,0.5675675675675675,5.9796,0.9913406907536408
0xcdbc708656ef6aabe195eddd89d3cc89294cbd73,149,0.5743243243243243,5.94,0.9913406907536408
0xcdbc708656ef6aabe195eddd89d3cc89294cbd73,149,0.581081081081081,5.692306,1.0063213937022693
0xcdbc708656ef6aabe195eddd89d3cc89294cbd73,149,0.5878378378378378,5.617777777600497,1.0063213937022693
0xcdbc708656ef6aabe195eddd89d3cc89294cbd73,149,0.5945945945945946,5.4578999999999995,1.0063213937022693
0xcdbc708656ef6aabe195eddd89d3cc89294cbd73,149,0.6013513513513513,5.252999999999999,1.0063213937022693
0xcdbc708656ef6aabe195eddd89d3cc89294cbd73,149,0.6081081081081081,5.108108,1.0063213937022693
0xcdbc708656ef6aabe195eddd89d3cc89294cbd73,149,0.6148648648648649,5.003399999999999,1.0063213937022693
0xcdbc708656ef6aabe195eddd89d3cc89294cbd73,149,0.6216216216216216,4.9955,1.0063213937022693
0xcdbc708656ef6aabe195eddd89d3cc89294cbd73,149,0.6283783783783784,4.937899999999999,1.0063213937022693
0xcdbc708656ef6aabe195eddd89d3cc89294cbd73,149,0.6351351351351351,4.88,1.0063213937022693
0xcdbc708656ef6aabe195eddd89d3cc89294cbd73,149,0.6418918918918919,4.816,1.0063213937022693
0xcdbc708656ef6aabe195eddd89d3cc89294cbd73,149,0.6486486486486487,4.794650000000001,1.0063213937022693
0xcdbc708656ef6aabe195eddd89d3cc89294cbd73,149,0.6554054054054054,4.781599999999999,1.0179823845384726
0xcdbc708656ef6aabe195eddd89d3cc89294cbd73,149,0.6621621621621622,4.635000000000001,1.0179823845384726
0xcdbc708656ef6aabe195eddd89d3cc89294cbd73,149,0.668918918918919,4.598,1.0179823845384726
0xcdbc708656ef6aabe195eddd89d3cc89294cbd73,149,0.6756756756756757,4.5913505,1.0179823845384726
0xcdbc708656ef6aabe195eddd89d3cc89294cbd73,149,0.6824324324324325,4.583500000000001,1.0179823845384726
0xcdbc708656ef6aabe195eddd89d3cc89294cbd73,149,0.6891891891891891,4.5682,1.0179823845384726
0xcdbc708656ef6aabe195eddd89d3cc89294cbd73,149,0.6959459459459459,4.532,1.0179823845384726
0xcdbc708656ef6aabe195eddd89d3cc89294cbd73,149,0.7027027027027027,4.5120000000000005,1.0179823845384726
0xcdbc708656ef6aabe195eddd89d3cc89294cbd73,149,0.7094594594594594,4.4943,1.0315586601619429
0xcdbc708656ef6aabe195eddd89d3cc89294cbd73,149,0.7162162162162162,4.4854,1.0315586601619429
0xcdbc708656ef6aabe195eddd89d3cc89294cbd73,149,0.722972972972973,4.4733512401429145,1.0315586601619429
0xcdbc708656ef6aabe195eddd89d3cc89294cbd73,149,0.7297297297297297,4.457142,1.0495355066964407
0xcdbc708656ef6aabe195eddd89d3cc89294cbd73,149,0.7364864864864865,4.3775,1.0495355066964407
0xcdbc708656ef6aabe195eddd89d3cc89294cbd73,149,0.7432432432432432,4.0685,1.0495355066964407
0xcdbc708656ef6aabe195eddd89d3cc89294cbd73,149,0.75,4.0,1.0495355066964407
0xcdbc708656ef6aabe195eddd89d3cc89294cbd73,149,0.7567567567567568,3.99,1.0495355066964407
0xcdbc708656ef6aabe195eddd89d3cc89294cbd73,149,0.7635135135135135,3.84,1.0495355066964407
0xcdbc708656ef6aabe195eddd89d3cc89294cbd73,149,0.7702702702702703,3.75,1.0495355066964407
0xcdbc708656ef6aabe195eddd89d3cc89294cbd73,149,0.777027027027027,3.75,1.0495355066964407
0xcdbc708656ef6aabe195eddd89d3cc89294cbd73,149,0.7837837837837838,3.738205109200024,1.0495355066964407
0xcdbc708656ef6aabe195eddd89d3cc89294cbd73,149,0.7905405405405406,3.6323999999999996,0.9951195468898828
0xcdbc708656ef6aabe195eddd89d3cc89294cbd73,149,0.7972972972972973,3.5428,0.9951195468898828
0xcdbc708656ef6aabe195eddd89d3cc89294cbd73,149,0.8040540540540541,3.5351000000000004,1.0094887984140744
0xcdbc708656ef6aabe195eddd89d3cc89294cbd73,149,0.8108108108108109,3.502,1.0094887984140744
0xcdbc708656ef6aabe195eddd89d3cc89294cbd73,149,0.8175675675675675,3.4916,1.0094887984140744
0xcdbc708656ef6aabe195eddd89d3cc89294cbd73,149,0.8243243243243243,3.468000000000001,1.0094887984140744
0xcdbc708656ef6aabe195eddd89d3cc89294cbd73,149,0.831081081081081,3.3124,1.0094887984140744
0xcdbc708656ef6aabe195eddd89d3cc89294cbd73,149,0.8378378378378378,3.25,1.0094887984140744
0xcdbc708656ef6aabe195eddd89d3cc89294cbd73,149,0.8445945945945946,3.2328,1.0094887984140744
0xcdbc708656ef6aabe195eddd89d3cc89294cbd73,149,0.8513513513513513,3.2283,1.0559544912155279
0xcdbc708656ef6aabe195eddd89d3cc89294cbd73,149,0.8581081081081081,3.1,1.0559544912155279
0xcdbc708656ef6aabe195eddd89d3cc89294cbd73,149,0.8648648648648649,3.05,1.0559544912155279
0xcdbc708656ef6aabe195eddd89d3cc89294cbd73,149,0.8716216216216216,3.0311109999999997,1.0559544912155279
0xcdbc708656ef6aabe195eddd89d3cc89294cbd73,149,0.8783783783783784,2.9499999999999997,1.0559544912155283
0xcdbc708656ef6aabe195eddd89d3cc89294cbd73,149,0.8851351351351351,2.8895999999999997,1.0126662086868892
0xcdbc708656ef6aabe195eddd89d3cc89294cbd73,149,0.8918918918918919,2.8859999999999997,1.0126662086868892
0xcdbc708656ef6aabe195eddd89d3cc89294cbd73,149,0.8986486486486487,2.846153,1.0126662086868892
0xcdbc708656ef6aabe195eddd89d3cc89294cbd73,149,0.9054054054054054,2.4192,1.0126662086868892
0xcdbc708656ef6aabe195eddd89d3cc89294cbd73,149,0.9121621621621622,2.228571,1.030643055221387
0xcdbc708656ef6aabe195eddd89d3cc89294cbd73,149,0.918918918918919,2.2258059999999995,1.030643055221387
0xcdbc708656ef6aabe195eddd89d3cc89294cbd73,149,0.9256756756756757,1.4513999999999998,1.030643055221387
0xcdbc708656ef6aabe195eddd89d3cc89294cbd73,149,0.9324324324324325,1.1722999999999997,1.0130811595928142
0xcdbc708656ef6aabe195eddd89d3cc89294cbd73,149,0.9391891891891891,1.078,1.0130811595928142
0xcdbc708656ef6aabe195eddd89d3cc89294cbd73,149,0.9459459459459459,1.0170000000000001,1.0047488845119568
0xcdbc708656ef6aabe195eddd89d3cc89294cbd73,149,0.9527027027027027,0.9689999999999999,1.0047488845119568
0xcdbc708656ef6aabe195eddd89d3cc89294cbd73,149,0.9594594594594594,0.61,1.0047488845119568
0xcdbc708656ef6aabe195eddd89d3cc89294cbd73,149,0.9662162162162162,0.6,1.0017527439977336
0xcdbc708656ef6aabe195eddd89d3cc89294cbd73,149,0.972972972972973,0.20481900000000006,1.0017527439977336
0xcdbc708656ef6aabe195eddd89d3cc89294cbd73,149,0.9797297297297297,0.14900000000000013,1.0017527439977336
0xcdbc708656ef6aabe195eddd89d3cc89294cbd73,149,0.9864864864864865,0.11700000000000003,1.0
0xcdbc708656ef6aabe195eddd89d3cc89294cbd73,149,0.9932432432432432,0.035,1.0
0xcdbc708656ef6aabe195eddd89d3cc89294cbd73,149,1.0,0.035,1.0
0xce305d7fc93e0e1f2271e55b5f03e63748b63760,301,0.0,3.3366,0.0
0xce305d7fc93e0e1f2271e55b5f03e63748b63760,301,0.01,1.9992999999999999,-1.0698441712599172e-17
0xce305d7fc93e0e1f2271e55b5f03e63748b63760,301,0.02,1.7763,-0.02670260202389991
0xce305d7fc93e0e1f2271e55b5f03e63748b63760,301,0.03,1.5400888767603307,0.40353241886369506
0xce305d7fc93e0e1f2271e55b5f03e63748b63760,301,0.04,1.3131131049250533,0.3523516523187618
0xce305d7fc93e0e1f2271e55b5f03e63748b63760,301,0.05,1.2496,0.31774528316755957
0xce305d7fc93e0e1f2271e55b5f03e63748b63760,301,0.06,1.1508767880000002,0.31402212254714607
0xce305d7fc93e0e1f2271e55b5f03e63748b63760,301,0.07,1.1130741986629322,0.3082954652486169
0xce305d7fc93e0e1f2271e55b5f03e63748b63760,301,0.08,1.06394132,0.37004705272684196
0xce305d7fc93e0e1f2271e55b5f03e63748b63760,301,0.09,0.9942399999999999,0.35929333359887
0xce305d7fc93e0e1f2271e55b5f03e63748b63760,301,0.1,0.9414426674134126,0.3481351409249564
0xce305d7fc93e0e1f2271e55b5f03e63748b63760,301,0.11,0.9069167880000001,0.3388368585631243
0xce305d7fc93e0e1f2271e55b5f03e63748b63760,301,0.12,0.8722939799999999,0.37823278184326203
0xce305d7fc93e0e1f2271e55b5f03e63748b63760,301,0.13,0.84818833,0.3763941807215291
0xce305d7fc93e0e1f2271e55b5f03e63748b63760,301,0.14,0.800082495,0.36235831407806635
0xce305d7fc93e0e1f2271e55b5f03e63748b63760,301,0.15,0.7702385842010112,0.34796560223519485
0xce305d7fc93e0e1f2271e55b5f03e63748b63760,301,0.16,0.7518438949999998,0.3571561897579242
0xce305d7fc93e0e1f2271e55b5f03e63748b63760,301,0.17,0.7147947247220187,0.3565495395589443
0xce305d7fc93e0e1f2271e55b5f03e63748b63760,301,0.18,0.6937504530761446,0.3565495395589443
0xce305d7fc93e0e1f2271e55b5f03e63748b63760,301,0.19,0.668364792,0.34579541963142246
0xce305d7fc93e0e1f2271e55b5f03e63748b63760,301,0.2,0.6508028999999999,0.3758553190864506
0xce305d7fc93e0e1f2271e55b5f03e63748b63760,301,0.21,0.6407729129999998,0.3747251979551144
0xce305d7fc93e0e1f2271e55b5f03e63748b63760,301,0.22,0.6107999999999999,0.3747251979551144
0xce305d7fc93e0e1f2271e55b5f03e63748b63760,301,0.23,0.58176,0.43097278898826785
0xce305d7fc93e0e1f2271e55b5f03e63748b63760,301,0.24,0.5656589999999998,0.4212736135564747
0xce305d7fc93e0e1f2271e55b5f03e63748b63760,301,0.25,0.543917,0.41050350172690503
0xce305d7fc93e0e1f2271e55b5f03e63748b63760,301,0.26,0.5188029,0.4095186036325427
0xce305d7fc93e0e1f2271e55b5f03e63748b63760,301,0.27,0.5154500000000001,0.39880656772020895
0xce305d7fc93e0e1f2271e55b5f03e63748b63760,301,0.28,0.47274472799999995,0.39864431070235723
0xce305d7fc93e0e1f2271e55b5f03e63748b63760,301,0.29,0.4598239779999999,0.9528456535099504
0xce305d7fc93e0e1f2271e55b5f03e63748b63760,301,0.3,0.4487219999999998,0.9492576024178642
0xce305d7fc93e0e1f2271e55b5f03e63748b63760,301,0.31,0.43065400000000004,1.0068756238963932
0xce305d7fc93e0e1f2271e55b5f03e63748b63760,301,0.32,0.38378,1.0017483288522482
0xce305d7fc93e0e1f2271e55b5f03e63748b63760,301,0.33,0.35767499999999997,0.9943802971235342
0xce305d7fc93e0e1f2271e55b5f03e63748b63760,301,0.34,0.34078826399999995,0.994299896731517
0xce305d7fc93e0e1f2271e55b5f03e63748b63760,301,0.35,0.3228,0.994299896731517
0xce305d7fc93e0e1f2271e55b5f03e63748b63760,301,0.36,0.3148193999999998,0.9881370692498517
0xce305d7fc93e0e1f2271e55b5f03e63748b63760,301,0.37,0.30663463500000016,0.9864296631665704
0xce305d7fc93e0e1f2271e55b5f03e63748b63760,301,0.38,0.26890939900000005,0.9864138850242828
0xce305d7fc93e0e1f2271e55b5f03e63748b63760,301,0.39,0.24868970399999996,0.9858757731117369
0xce305d7fc93e0e1f2271e55b5f03e63748b63760,301,0.4,0.19995689550501233,0.9858757731117369
0xce305d7fc93e0e1f2271e55b5f03e63748b63760,301,0.41,0.18792,0.9830082794507595
0xce305d7fc93e0e1f2271e55b5f03e63748b63760,301,0.42,0.1818,1.0483117258217
0xce305d7fc93e0e1f2271e55b5f03e63748b63760,301,0.43,0.1818,1.0434540352748998
0xce305d7fc93e0e1f2271e55b5f03e63748b63760,301,0.44,0.1818,1.0410251900014995
0xce305d7fc93e0e1f2271e55b5f03e63748b63760,301,0.45,0.1818,1.0382115771447467
0xce305d7fc93e0e1f2271e55b5f03e63748b63760,301,0.46,0.18000400000000003,1.0366270829234856
0xce305d7fc93e0e1f2271e55b5f03e63748b63760,301,0.47,0.17148,1.0346974922924435
0xce305d7fc93e0e1f2271e55b5f03e63748b63760,301,0.48,0.16492400000000002,1.0345636252427215
0xce305d7fc93e0e1f2271e55b5f03e63748b63760,301,0.49,0.154924,1.033558967730541
0xce305d7fc93e0e1f2271e55b5f03e63748b63760,301,0.5,0.1454,1.032890968480431
0xce305d7fc93e0e1f2271e55b5f03e63748b63760,301,0.51,0.13492400000000002,1.0320701310018956
0xce305d7fc93e0e1f2271e55b5f03e63748b63760,301,0.52,0.1272,1.0319242399656716
0xce305d7fc93e0e1f2271e55b5f03e63748b63760,301,0.53,0.12096,1.0315511009475244
0xce305d7fc93e0e1f2271e55b5f03e63748b63760,301,0.54,0.11616,1.0299601939334622
0xce305d7fc93e0e1f2271e55b5f03e63748b63760,301,0.55,0.11400999999999999,1.0284370220433614
0xce305d7fc93e0e1f2271e55b5f03e63748b63760,301,0.56,0.10797547788509577,1.0257499282598688
0xce305d7fc93e0e1f2271e55b5f03e63748b63760,301,0.57,0.105,1.0241313660684428
0xce305d7fc93e0e1f2271e55b5f03e63748b63760,301,0.58,0.10350778499999996,1.0227367172340631
0xce305d7fc93e0e1f2271e55b5f03e63748b63760,301,0.59,0.102100568,1.0208554977459032
0xce305d7fc93e0e1f2271e55b5f03e63748b63760,301,0.6,0.10031999999999999,1.0204935757521936
0xce305d7fc93e0e1f2271e55b5f03e63748b63760,301,0.61,0.09823,1.017845225925207
0xce305d7fc93e0e1f2271e55b5f03e63748b63760,301,0.62,0.09567,1.017845225925207
0xce305d7fc93e0e1f2271e55b5f03e63748b63760,301,0.63,0.093855999,1.0171124307478363
0xce305d7fc93e0e1f2271e55b5f03e63748b63760,301,0.64,0.09144000000000001,1.016619447301255
0xce305d7fc93e0e1f2271e55b5f03e63748b63760,301,0.65,0.08921100000314107,1.0146092905973292
0xce305d7fc93e0e1f2271e55b5f03e63748b63760,301,0.66,0.08408,1.0134533846944291
0xce305d7fc93e0e1f2271e55b5f03e63748b63760,301,0.67,0.08169942599999999,1.0124846521819195
0xce305d7fc93e0e1f2271e55b5f03e63748b63760,301,0.68,0.075,1.0105919431066577
0xce305d7fc93e0e1f2271e55b5f03e63748b63760,301,0.69,0.07279200000000001,1.0094288228039567
0xce305d7fc93e0e1f2271e55b5f03e63748b63760,301,0.7,0.0716,1.0084706446795988
0xce305d7fc93e0e1f2271e55b5f03e63748b63760,301,0.71,0.06917999999999999,1.0084706446795988
0xce305d7fc93e0e1f2271e55b5f03e63748b63760,301,0.72,0.0676,1.0071188814012806
0xce305d7fc93e0e1f2271e55b5f03e63748b63760,301,0.73,0.06544,1.0068979072493442
0xce305d7fc93e0e1f2271e55b5f03e63748b63760,301,0.74,0.0632,1.006053556197205
0xce305d7fc93e0e1f2271e55b5f03e63748b63760,301,0.75,0.060939999999999994,1.005919956347183
0xce305d7fc93e0e1f2271e55b5f03e63748b63760,301,0.76,0.059931000000000005,1.0057283741538423
0xce305d7fc93e0e1f2271e55b5f03e63748b63760,301,0.77,0.055799999999999995,1.0055947743038203
0xce305d7fc93e0e1f2271e55b5f03e63748b63760,301,0.78,0.054924,1.0055947743038203
0xce305d7fc93e0e1f2271e55b5f03e63748b63760,301,0.79,0.05198099999999999,1.0045047865674306
0xce305d7fc93e0e1f2271e55b5f03e63748b63760,301,0.8,0.05004,1.0038362529179206
0xce305d7fc93e0e1f2271e55b5f03e63748b63760,301,0.81,0.047479999999999994,1.0037026530678983
0xce305d7fc93e0e1f2271e55b5f03e63748b63760,301,0.82,0.04501542599999997,1.002899717969266
0xce305d7fc93e0e1f2271e55b5f03e63748b63760,301,0.83,0.044924,1.0027081357759253
0xce305d7fc93e0e1f2271e55b5f03e63748b63760,301,0.84,0.04354,1.0024522920631331
0xce305d7fc93e0e1f2271e55b5f03e63748b63760,301,0.85,0.04,1.0024522920631331
0xce305d7fc93e0e1f2271e55b5f03e63748b63760,301,0.86,0.035904,1.002318692213111
0xce305d7fc93e0e1f2271e55b5f03e63748b63760,301,0.87,0.034924000000000004,1.002318692213111
0xce305d7fc93e0e1f2271e55b5f03e63748b63760,301,0.88,0.0318,1.002318692213111
0xce305d7fc93e0e1f2271e55b5f03e63748b63760,301,0.89,0.030065999999999985,1.0019923077795074
0xce305d7fc93e0e1f2271e55b5f03e63748b63760,301,0.9,0.03,1.0016003258111337
0xce305d7fc93e0e1f2271e55b5f03e63748b63760,301,0.91,0.02748,1.0010814239936479
0xce305d7fc93e0e1f2271e55b5f03e63748b63760,301,0.92,0.024924,1.0007474243685928
0xce305d7fc93e0e1f2271e55b5f03e63748b63760,301,0.93,0.015426000000000002,1.0006564428714924
0xce305d7fc93e0e1f2271e55b5f03e63748b63760,301,0.94,0.015,1.0002644609031186
0xce305d7fc93e0e1f2271e55b5f03e63748b63760,301,0.95,0.01,1.0001022038852667
0xce305d7fc93e0e1f2271e55b5f03e63748b63760,301,0.96,0.009009999999999808,0.9999855712161976
0xce305d7fc93e0e1f2271e55b5f03e63748b63760,301,0.97,0.0032494259999999715,1.0
0xce305d7fc93e0e1f2271e55b5f03e63748b63760,301,0.98,2.6139090891774686e-15,1.0
0xce305d7fc93e0e1f2271e55b5f03e63748b63760,301,0.99,7.709388682997087e-16,1.0
0xce305d7fc93e0e1f2271e55b5f03e63748b63760,301,1.0,3.8058445284150365e-16,1.0
0xcf006e28309313be21b36d22bde515882182353f,222,0.0,297.3,0.0
0xcf006e28309313be21b36d22bde515882182353f,222,0.00904977375565611,189.77012329000002,2.2158302304136222e-18
0xcf006e28309313be21b36d22bde515882182353f,222,0.01809954751131222,144.99512329,0.00914413168117806
0xcf006e28309313be21b36d22bde515882182353f,222,0.027149321266968326,113.21024284753831,-0.17771184636649015
0xcf006e28309313be21b36d22bde515882182353f,222,0.03619909502262444,108.570305248,-0.4281082451343284
0xcf006e28309313be21b36d22bde515882182353f,222,0.04524886877828054,104.4236007922439,-0.6616020713987295
0xcf006e28309313be21b36d22bde515882182353f,222,0.05429864253393665,100.35102551454948,-0.8028854884784365
0xcf006e28309313be21b36d22bde515882182353f,222,0.06334841628959276,85.20599037983156,-0.9492440071183477
0xcf006e28309313be21b36d22bde515882182353f,222,0.07239819004524888,74.39710880000001,-0.8761744825978194
0xcf006e28309313be21b36d22bde515882182353f,222,0.08144796380090498,73.30311397,-0.44495977968747297
0xcf006e28309313be21b36d22bde515882182353f,222,0.09049773755656108,70.65135099852553,-0.4287108351446299
0xcf006e28309313be21b36d22bde515882182353f,222,0.09954751131221719,69.35692945450054,-0.30637156001318827
0xcf006e28309313be21b36d22bde515882182353f,222,0.1085972850678733,65.9025,-0.330692674690708
0xcf006e28309313be21b36d22bde515882182353f,222,0.11764705882352941,60.51012189317308,-0.48051008640110254
0xcf006e28309313be21b36d22bde515882182353f,222,0.12669683257918551,58.139662,-0.1352068307720531
0xcf006e28309313be21b36d22bde515882182353f,222,0.13574660633484162,55.44512329000001,-0.15023828011097584
0xcf006e28309313be21b36d22bde515882182353f,222,0.14479638009049775,53.12717097760982,-0.15023828011097562
0xcf006e28309313be21b36d22bde515882182353f,222,0.15384615384615385,49.64505534,0.15670809079242112
0xcf006e28309313be21b36d22bde515882182353f,222,0.16289592760180996,46.29250899533359,0.0376322787502336
0xcf006e28309313be21b36d22bde515882182353f,222,0.17194570135746606,45.38524848,-0.12249441073523516
0xcf006e28309313be21b36d22bde515882182353f,222,0.18099547511312217,42.48,0.25412690325666265
0xcf006e28309313be21b36d22bde515882182353f,222,0.19004524886877827,39.19468061999999,0.3843994641939931
0xcf006e28309313be21b36d22bde515882182353f,222,0.19909502262443438,37.51262424,0.45750763206553013
0xcf006e28309313be21b36d22bde515882182353f,222,0.2081447963800905,35.60388715,0.5188860501994648
0xcf006e28309313be21b36d22bde515882182353f,222,0.2171945701357466,32.84365128,0.9524786448871768
0xcf006e28309313be21b36d22bde515882182353f,222,0.22624434389140272,32.44357955847796,0.9524786448871768
0xcf006e28309313be21b36d22bde515882182353f,222,0.23529411764705882,31.59632424,0.7955815771157471
0xcf006e28309313be21b36d22bde515882182353f,222,0.24434389140271492,31.170973800000002,0.8317223462082913
0xcf006e28309313be21b36d22bde515882182353f,222,0.25339366515837103,30.04524848,1.2150723214806542
0xcf006e28309313be21b36d22bde515882182353f,222,0.26244343891402716,28.382306309999997,1.2266684583352443
0xcf006e28309313be21b36d22bde515882182353f,222,0.27149321266968324,27.67898710452394,1.236759005761879
0xcf006e28309313be21b36d22bde515882182353f,222,0.28054298642533937,26.377982000000006,1.2727718531363814
0xcf006e28309313be21b36d22bde515882182353f,222,0.2895927601809955,25.857536783044115,1.262407877587324
0xcf006e28309313be21b36d22bde515882182353f,222,0.2986425339366516,24.898999999999997,1.342044287414807
0xcf006e28309313be21b36d22bde515882182353f,222,0.3076923076923077,24.757200000000005,1.1644706781897025
0xcf006e28309313be21b36d22bde515882182353f,222,0.3167420814479638,24.203637710213542,1.2037695569672908
0xcf006e28309313be21b36d22bde515882182353f,222,0.3257918552036199,23.079681660000002,1.2481332095300837
0xcf006e28309313be21b36d22bde515882182353f,222,0.334841628959276,21.330000000000002,1.2481332095300837
0xcf006e28309313be21b36d22bde515882182353f,222,0.3438914027149321,20.60082276,1.1648339277768867
0xcf006e28309313be21b36d22bde515882182353f,222,0.35294117647058826,19.0,1.0579436213667692
0xcf006e28309313be21b36d22bde515882182353f,222,0.36199095022624433,18.275800000000004,0.9584041112236447
0xcf006e28309313be21b36d22bde515882182353f,222,0.37104072398190047,17.904256520000004,0.9584041112236448
0xcf006e28309313be21b36d22bde515882182353f,222,0.38009049773755654,17.73775773,0.9146881081756266
0xcf006e28309313be21b36d22bde515882182353f,222,0.3891402714932127,16.827525,0.9146881081756266
0xcf006e28309313be21b36d22bde515882182353f,222,0.39819004524886875,16.500420000000002,0.9146881081756266
0xcf006e28309313be21b36d22bde515882182353f,222,0.4072398190045249,16.2905485,0.8442281893994262
0xcf006e28309313be21b36d22bde515882182353f,222,0.416289592760181,15.74943192,0.8157310666943851
0xcf006e28309313be21b36d22bde515882182353f,222,0.4253393665158371,15.4539,0.8037267842362176
0xcf006e28309313be21b36d22bde515882182353f,222,0.4343891402714932,14.865588920000004,0.7787954553465766
0xcf006e28309313be21b36d22bde515882182353f,222,0.4434389140271493,14.603317619999999,0.7240976813632745
0xcf006e28309313be21b36d22bde515882182353f,222,0.45248868778280543,14.451669268906377,0.6822695107102568
0xcf006e28309313be21b36d22bde515882182353f,222,0.46153846153846156,14.2857,0.6288692425674196
0xcf006e28309313be21b36d22bde515882182353f,222,0.47058823529411764,13.219840830000003,0.5111228894125248
0xcf006e28309313be21b36d22bde515882182353f,222,0.4796380090497738,12.679649999999999,0.4638447536464861
0xcf006e28309313be21b36d22bde515882182353f,222,0.48868778280542985,12.35,0.4412819218783741
0xcf006e28309313be21b36d22bde515882182353f,222,0.497737556561086,12.169840830000002,0.3939954874996796
0xcf006e28309313be21b36d22bde515882182353f,222,0.5067873303167421,12.031575030000003,0.35798264012517683
0xcf006e28309313be21b36d22bde515882182353f,222,0.5158371040723982,11.749589180000001,0.5063033803286701
0xcf006e28309313be21b36d22bde515882182353f,222,0.5248868778280543,11.1579,0.4753229369307611
0xcf006e28309313be21b36d22bde515882182353f,222,0.5339366515837104,10.957374,0.6005265613646328
0xcf006e28309313be21b36d22bde515882182353f,222,0.5429864253393665,10.4803585,0.6511512301173463
0xcf006e28309313be21b36d22bde515882182353f,222,0.5520361990950227,10.02597549,0.6511512301173463
0xcf006e28309313be21b36d22bde515882182353f,222,0.5610859728506787,9.657142,0.6479152931068839
0xcf006e28309313be21b36d22bde515882182353f,222,0.5701357466063348,9.389655131000001,0.512830580679801
0xcf006e28309313be21b36d22bde515882182353f,222,0.579185520361991,9.03,0.42802780764306664
0xcf006e28309313be21b36d22bde515882182353f,222,0.5882352941176471,8.991729920000001,0.4113261972664858
0xcf006e28309313be21b36d22bde515882182353f,222,0.5972850678733032,8.644877600000001,0.23047794786726777
0xcf006e28309313be21b36d22bde515882182353f,222,0.6063348416289592,8.326746432480132,0.3111702126257453
0xcf006e28309313be21b36d22bde515882182353f,222,0.6153846153846154,8.288713600000003,0.30513153662396225
0xcf006e28309313be21b36d22bde515882182353f,222,0.6244343891402715,8.076,0.30513153662396225
0xcf006e28309313be21b36d22bde515882182353f,222,0.6334841628959276,7.8375,0.6233598453367393
0xcf006e28309313be21b36d22bde515882182353f,222,0.6425339366515838,7.663354499999997,0.645358997754642
0xcf006e28309313be21b36d22bde515882182353f,222,0.6515837104072398,7.486771257,0.6632462551294757
0xcf006e28309313be21b36d22bde515882182353f,222,0.6606334841628959,7.065548818108789,0.6051584578209668
0xcf006e28309313be21b36d22bde515882182353f,222,0.669683257918552,6.733503000000001,0.6536975129779049
0xcf006e28309313be21b36d22bde515882182353f,222,0.6787330316742082,6.635872518936541,0.739830661348761
0xcf006e28309313be21b36d22bde515882182353f,222,0.6877828054298643,6.417582199264195,0.739830661348761
0xcf006e28309313be21b36d22bde515882182353f,222,0.6968325791855203,6.368663880000001,0.9108133662634879
0xcf006e28309313be21b36d22bde515882182353f,222,0.7058823529411765,6.314385870000001,0.8678129826476835
0xcf006e28309313be21b36d22bde515882182353f,222,0.7149321266968326,6.1708878,0.9041890900478766
0xcf006e28309313be21b36d22bde515882182353f,222,0.7239819004524887,5.96735318,0.9041890900478766
0xcf006e28309313be21b36d22bde515882182353f,222,0.7330316742081447,5.8864,0.9041890900478766
0xcf006e28309313be21b36d22bde515882182353f,222,0.7420814479638009,5.741144443050989,1.0606427580390054
0xcf006e28309313be21b36d22bde515882182353f,222,0.751131221719457,5.661111236,1.001549211687658
0xcf006e28309313be21b36d22bde515882182353f,222,0.7601809954751131,5.28,1.001549211687658
0xcf006e28309313be21b36d22bde515882182353f,222,0.7692307692307693,5.014762200000001,1.0003521257367858
0xcf006e28309313be21b36d22bde515882182353f,222,0.7782805429864253,4.4268,1.1160107462790885
0xcf006e28309313be21b36d22bde515882182353f,222,0.7873303167420814,3.859813111000004,1.0692850189654703
0xcf006e28309313be21b36d22bde515882182353f,222,0.7963800904977375,3.675076732198154,1.0450363579614657
0xcf006e28309313be21b36d22bde515882182353f,222,0.8054298642533937,3.6,1.0074577346141589
0xcf006e28309313be21b36d22bde515882182353f,222,0.8144796380090498,3.4674260800000027,0.971262984990562
0xcf006e28309313be21b36d22bde515882182353f,222,0.8235294117647058,3.223651621936016,0.9203893409275828
0xcf006e28309313be21b36d22bde515882182353f,222,0.832579185520362,2.899361329702224,0.9171985504576696
0xcf006e28309313be21b36d22bde515882182353f,222,0.8416289592760181,2.4877999999999996,0.9568648751020491
0xcf006e28309313be21b36d22bde515882182353f,222,0.8506787330316742,2.223789005982469,0.9258814144638046
0xcf006e28309313be21b36d22bde515882182353f,222,0.8597285067873304,1.9319730000000002,0.9258814144638046
0xcf006e28309313be21b36d22bde515882182353f,222,0.8687782805429864,1.6425,0.9697352503698523
0xcf006e28309313be21b36d22bde515882182353f,222,0.8778280542986425,1.611946975079213,1.0207758100979556
0xcf006e28309313be21b36d22bde515882182353f,222,0.8868778280542986,1.348787950000001,1.0119400611754226
0xcf006e28309313be21b36d22bde515882182353f,222,0.8959276018099548,1.23707687992191,1.0119400611754226
0xcf006e28309313be21b36d22bde515882182353f,222,0.9049773755656109,1.0373183099999994,0.9901243863860131
0xcf006e28309313be21b36d22bde515882182353f,222,0.9140271493212669,0.8550147034714228,0.979309285518005
0xcf006e28309313be21b36d22bde515882182353f,222,0.9230769230769231,0.7785455400000005,0.9779548684245162
0xcf006e28309313be21b36d22bde515882182353f,222,0.9321266968325792,0.7610192860000001,0.9700109636721188
0xcf006e28309313be21b36d22bde515882182353f,222,0.9411764705882353,0.6895758999999999,1.0072808587954654
0xcf006e28309313be21b36d22bde515882182353f,222,0.9502262443438914,0.477563,1.0084572680378592
0xcf006e28309313be21b36d22bde515882182353f,222,0.9592760180995475,0.3540743999999987,1.004761260117158
0xcf006e28309313be21b36d22bde515882182353f,222,0.9683257918552036,0.219512,1.004761260117158
0xcf006e28309313be21b36d22bde515882182353f,222,0.9773755656108597,0.113557,1.0018375596083007
0xcf006e28309313be21b36d22bde515882182353f,222,0.9864253393665159,0.1056,1.0006788853884254
0xcf006e28309313be21b36d22bde515882182353f,222,0.995475113122172,0.025547400000000386,0.9995617668628684
0xcf006e28309313be21b36d22bde515882182353f,222,1.0,0.018861639999998733,0.9999999999999991
0xcf90817e46ec2098f1b1f4f5192db8adf64062b9,164,0.0,46.9497,4.793459689624224e-15
0xcf90817e46ec2098f1b1f4f5192db8adf64062b9,164,0.006134969325153374,43.352251966666664,0.019472539664369435
0xcf90817e46ec2098f1b1f4f5192db8adf64062b9,164,0.012269938650306749,36.9112,0.036052027400574296
0xcf90817e46ec2098f1b1f4f5192db8adf64062b9,164,0.018404907975460124,23.8,0.036052027400574296
0xcf90817e46ec2098f1b1f4f5192db8adf64062b9,164,0.024539877300613498,20.25,-0.02993510785156278
0xcf90817e46ec2098f1b1f4f5192db8adf64062b9,164,0.03067484662576687,19.946799999999996,-0.02993510785156278
0xcf90817e46ec2098f1b1f4f5192db8adf64062b9,164,0.03680981595092025,17.69,-0.029935107851562694
0xcf90817e46ec2098f1b1f4f5192db8adf64062b9,164,0.04294478527607362,16.85313,-0.029935107851562694
0xcf90817e46ec2098f1b1f4f5192db8adf64062b9,164,0.049079754601226995,16.847,-0.02993510785156269
0xcf90817e46ec2098f1b1f4f5192db8adf64062b9,164,0.05521472392638037,15.254729999999999,-0.02993510785156269
0xcf90817e46ec2098f1b1f4f5192db8adf64062b9,164,0.06134969325153374,14.720399999999998,-0.02993510785156269
0xcf90817e46ec2098f1b1f4f5192db8adf64062b9,164,0.06748466257668712,12.974,-0.02993510785156269
0xcf90817e46ec2098f1b1f4f5192db8adf64062b9,164,0.0736196319018405,12.012,-0.02993510785156262
0xcf90817e46ec2098f1b1f4f5192db8adf64062b9,164,0.07975460122699386,11.5104,-0.02993510785156261
0xcf90817e46ec2098f1b1f4f5192db8adf64062b9,164,0.08588957055214724,11.339,-0.029935107851562597
0xcf90817e46ec2098f1b1f4f5192db8adf64062b9,164,0.09202453987730061,11.292000000000002,-0.022667724689127245
0xcf90817e46ec2098f1b1f4f5192db8adf64062b9,164,0.09815950920245399,11.074,-0.022667724689127207
0xcf90817e46ec2098f1b1f4f5192db8adf64062b9,164,0.10429447852760736,11.040000000000001,-0.022667724689126808
0xcf90817e46ec2098f1b1f4f5192db8adf64062b9,164,0.11042944785276074,10.68,-0.014770384489827326
0xcf90817e46ec2098f1b1f4f5192db8adf64062b9,164,0.1165644171779141,10.5436,-0.014770384489827324
0xcf90817e46ec2098f1b1f4f5192db8adf64062b9,164,0.12269938650306748,10.37,-0.003520127310299132
0xcf90817e46ec2098f1b1f4f5192db8adf64062b9,164,0.12883435582822086,9.99,-0.0034321444632962844
0xcf90817e46ec2098f1b1f4f5192db8adf64062b9,164,0.13496932515337423,9.99,-0.0034321444632962844
0xcf90817e46ec2098f1b1f4f5192db8adf64062b9,164,0.1411042944785276,9.98,-0.003432144463296284
0xcf90817e46ec2098f1b1f4f5192db8adf64062b9,164,0.147239263803681,9.971200000000001,-0.003432144463296284
0xcf90817e46ec2098f1b1f4f5192db8adf64062b9,164,0.15337423312883436,9.47052,-0.003432144463296284
0xcf90817e46ec2098f1b1f4f5192db8adf64062b9,164,0.15950920245398773,9.22548,-0.003432144463296284
0xcf90817e46ec2098f1b1f4f5192db8adf64062b9,164,0.1656441717791411,8.991,-0.003432144463296284
0xcf90817e46ec2098f1b1f4f5192db8adf64062b9,164,0.17177914110429449,8.982,-0.003432144463296284
0xcf90817e46ec2098f1b1f4f5192db8adf64062b9,164,0.17791411042944785,8.165000000000001,-0.003432144463296284
0xcf90817e46ec2098f1b1f4f5192db8adf64062b9,164,0.18404907975460122,7.992,-0.003432144463296284
0xcf90817e46ec2098f1b1f4f5192db8adf64062b9,164,0.1901840490797546,7.92,-0.003432144463296284
0xcf90817e46ec2098f1b1f4f5192db8adf64062b9,164,0.19631901840490798,7.808,-0.003432144463296284
0xcf90817e46ec2098f1b1f4f5192db8adf64062b9,164,0.20245398773006135,7.7,0.03703996515801446
0xcf90817e46ec2098f1b1f4f5192db8adf64062b9,164,0.2085889570552147,7.5894,0.03703996515801446
0xcf90817e46ec2098f1b1f4f5192db8adf64062b9,164,0.2147239263803681,7.3,0.03703996515801446
0xcf90817e46ec2098f1b1f4f5192db8adf64062b9,164,0.22085889570552147,6.993,0.03703996515801446
0xcf90817e46ec2098f1b1f4f5192db8adf64062b9,164,0.22699386503067484,6.986,0.03703996515801446
0xcf90817e46ec2098f1b1f4f5192db8adf64062b9,164,0.2331288343558282,6.958,0.03703996515801446
0xcf90817e46ec2098f1b1f4f5192db8adf64062b9,164,0.2392638036809816,6.72,0.0580730369467775
0xcf90817e46ec2098f1b1f4f5192db8adf64062b9,164,0.24539877300613497,6.72,0.05807303694677763
0xcf90817e46ec2098f1b1f4f5192db8adf64062b9,164,0.25153374233128833,6.63,0.10118463197817384
0xcf90817e46ec2098f1b1f4f5192db8adf64062b9,164,0.25766871165644173,6.56,0.02182410398160366
0xcf90817e46ec2098f1b1f4f5192db8adf64062b9,164,0.26380368098159507,6.48,0.02182410398160366
0xcf90817e46ec2098f1b1f4f5192db8adf64062b9,164,0.26993865030674846,6.4440599999999995,0.029319186752082393
0xcf90817e46ec2098f1b1f4f5192db8adf64062b9,164,0.27607361963190186,6.435,0.029319186752082428
0xcf90817e46ec2098f1b1f4f5192db8adf64062b9,164,0.2822085889570552,6.4308000000000005,0.029319186752082428
0xcf90817e46ec2098f1b1f4f5192db8adf64062b9,164,0.2883435582822086,6.0984,0.029319186752082442
0xcf90817e46ec2098f1b1f4f5192db8adf64062b9,164,0.294478527607362,6.0,0.029319186752082442
0xcf90817e46ec2098f1b1f4f5192db8adf64062b9,164,0.3006134969325153,5.976,0.02931918675208245
0xcf90817e46ec2098f1b1f4f5192db8adf64062b9,164,0.3067484662576687,5.944160000000001,-0.036053828227974746
0xcf90817e46ec2098f1b1f4f5192db8adf64062b9,164,0.3128834355828221,5.905,-0.036053828227974746
0xcf90817e46ec2098f1b1f4f5192db8adf64062b9,164,0.31901840490797545,5.76,-0.03605382822797473
0xcf90817e46ec2098f1b1f4f5192db8adf64062b9,164,0.32515337423312884,5.720000000000001,0.013216566093620949
0xcf90817e46ec2098f1b1f4f5192db8adf64062b9,164,0.3312883435582822,5.664,0.013216566093620952
0xcf90817e46ec2098f1b1f4f5192db8adf64062b9,164,0.3374233128834356,5.599,0.013216566093620952
0xcf90817e46ec2098f1b1f4f5192db8adf64062b9,164,0.34355828220858897,5.25,0.013216566093620952
0xcf90817e46ec2098f1b1f4f5192db8adf64062b9,164,0.3496932515337423,4.995,0.013216566093620952
0xcf90817e46ec2098f1b1f4f5192db8adf64062b9,164,0.3558282208588957,4.995,0.013216566093620952
0xcf90817e46ec2098f1b1f4f5192db8adf64062b9,164,0.3619631901840491,4.995,0.013216566093620952
0xcf90817e46ec2098f1b1f4f5192db8adf64062b9,164,0.36809815950920244,4.995,0.013216566093620952
0xcf90817e46ec2098f1b1f4f5192db8adf64062b9,164,0.37423312883435583,4.99,0.013216566093620952
0xcf90817e46ec2098f1b1f4f5192db8adf64062b9,164,0.3803680981595092,4.99,0.013216566093620954
0xcf90817e46ec2098f1b1f4f5192db8adf64062b9,164,0.38650306748466257,4.99,0.013216566093620954
0xcf90817e46ec2098f1b1f4f5192db8adf64062b9,164,0.39263803680981596,4.985,0.013216566093620954
0xcf90817e46ec2098f1b1f4f5192db8adf64062b9,164,0.3987730061349693,4.978210000000001,0.013216566093620954
0xcf90817e46ec2098f1b1f4f5192db8adf64062b9,164,0.4049079754601227,4.945,0.013216566093620954
0xcf90817e46ec2098f1b1f4f5192db8adf64062b9,164,0.4110429447852761,4.85,0.013216566093620954
0xcf90817e46ec2098f1b1f4f5192db8adf64062b9,164,0.4171779141104294,4.6000000000000005,0.013216566093620954
0xcf90817e46ec2098f1b1f4f5192db8adf64062b9,164,0.4233128834355828,4.5600000000000005,0.07374876483158135
0xcf90817e46ec2098f1b1f4f5192db8adf64062b9,164,0.4294478527607362,4.55,0.08166722106183781
0xcf90817e46ec2098f1b1f4f5192db8adf64062b9,164,0.43558282208588955,4.5,0.09046550576212276
0xcf90817e46ec2098f1b1f4f5192db8adf64062b9,164,0.44171779141104295,4.3,0.09046550576212273
0xcf90817e46ec2098f1b1f4f5192db8adf64062b9,164,0.44785276073619634,4.285,0.09046550576212198
0xcf90817e46ec2098f1b1f4f5192db8adf64062b9,164,0.4539877300613497,4.234999999999999,0.10392688135355795
0xcf90817e46ec2098f1b1f4f5192db8adf64062b9,164,0.4601226993865031,4.0,0.10392688135355795
0xcf90817e46ec2098f1b1f4f5192db8adf64062b9,164,0.4662576687116564,4.0,0.12152345075412783
0xcf90817e46ec2098f1b1f4f5192db8adf64062b9,164,0.4723926380368098,3.9840000000000004,0.13904963387709543
0xcf90817e46ec2098f1b1f4f5192db8adf64062b9,164,0.4785276073619632,3.84615,0.13904963387709543
0xcf90817e46ec2098f1b1f4f5192db8adf64062b9,164,0.48466257668711654,3.8114999999999997,0.13904963387709543
0xcf90817e46ec2098f1b1f4f5192db8adf64062b9,164,0.49079754601226994,3.75,0.16104534562780778
0xcf90817e46ec2098f1b1f4f5192db8adf64062b9,164,0.49693251533742333,3.7409999999999997,0.16587208437441014
0xcf90817e46ec2098f1b1f4f5192db8adf64062b9,164,0.5030674846625767,3.56,0.13552464992832441
0xcf90817e46ec2098f1b1f4f5192db8adf64062b9,164,0.50920245398773,3.5,0.1047306534773271
0xcf90817e46ec2098f1b1f4f5192db8adf64062b9,164,0.5153374233128835,3.4499999999999997,0.1047306534773272
0xcf90817e46ec2098f1b1f4f5192db8adf64062b9,164,0.5214723926380368,3.3189,0.1047306534773272
0xcf90817e46ec2098f1b1f4f5192db8adf64062b9,164,0.5276073619631901,3.2306999999999997,0.10595009573678668
0xcf90817e46ec2098f1b1f4f5192db8adf64062b9,164,0.5337423312883436,3.2245199999999996,0.10595009573678668
0xcf90817e46ec2098f1b1f4f5192db8adf64062b9,164,0.5398773006134969,3.0987,0.10595009573678671
0xcf90817e46ec2098f1b1f4f5192db8adf64062b9,164,0.5460122699386503,3.08,0.10595009573678674
0xcf90817e46ec2098f1b1f4f5192db8adf64062b9,164,0.5521472392638037,2.997,0.10595009573678674
0xcf90817e46ec2098f1b1f4f5192db8adf64062b9,164,0.558282208588957,2.94,0.10700588990082092
0xcf90817e46ec2098f1b1f4f5192db8adf64062b9,164,0.5644171779141104,2.67464,0.10700588990082092
0xcf90817e46ec2098f1b1f4f5192db8adf64062b9,164,0.5705521472392638,2.6399999999999997,0.06055094668331642
0xcf90817e46ec2098f1b1f4f5192db8adf64062b9,164,0.5766871165644172,2.112000000000002,0.05974379204491228
0xcf90817e46ec2098f1b1f4f5192db8adf64062b9,164,0.5828220858895705,2.0500000000000003,0.05974379204491228
0xcf90817e46ec2098f1b1f4f5192db8adf64062b9,164,0.588957055214724,1.99,0.05974379204491228
0xcf90817e46ec2098f1b1f4f5192db8adf64062b9,164,0.5950920245398773,1.9,0.05974379204491228
0xcf90817e46ec2098f1b1f4f5192db8adf64062b9,164,0.6012269938650306,1.9,0.05974379204491228
0xcf90817e46ec2098f1b1f4f5192db8adf64062b9,164,0.6073619631901841,1.85,0.0597437920449123
0xcf90817e46ec2098f1b1f4f5192db8adf64062b9,164,0.6134969325153374,1.7999999999999998,0.028069967123886506
0xcf90817e46ec2098f1b1f4f5192db8adf64062b9,164,0.6196319018404908,1.5378,0.042009969403017974
0xcf90817e46ec2098f1b1f4f5192db8adf64062b9,164,0.6257668711656442,1.3816000000000002,0.04200996940301801
0xcf90817e46ec2098f1b1f4f5192db8adf64062b9,164,0.6319018404907976,1.3751999999999995,0.042009969403018
0xcf90817e46ec2098f1b1f4f5192db8adf64062b9,164,0.6380368098159509,1.2376,0.042009969403018
0xcf90817e46ec2098f1b1f4f5192db8adf64062b9,164,0.6441717791411042,1.237050000000001,0.042009969403018
0xcf90817e46ec2098f1b1f4f5192db8adf64062b9,164,0.6503067484662577,1.0286,0.8426785123261087
0xcf90817e46ec2098f1b1f4f5192db8adf64062b9,164,0.656441717791411,0.9359999999999994,0.9733154435559395
0xcf90817e46ec2098f1b1f4f5192db8adf64062b9,164,0.6625766871165644,0.924,0.9733154435559395
0xcf90817e46ec2098f1b1f4f5192db8adf64062b9,164,0.6687116564417178,0.8999999999999999,0.9642884037555123
0xcf90817e46ec2098f1b1f4f5192db8adf64062b9,164,0.6748466257668712,0.7616000000000002,0.9642884037555123
0xcf90817e46ec2098f1b1f4f5192db8adf64062b9,164,0.6809815950920245,0.7467600000000005,0.9625639399542565
0xcf90817e46ec2098f1b1f4f5192db8adf64062b9,164,0.6871165644171779,0.7425,0.9890907683256156
0xcf90817e46ec2098f1b1f4f5192db8adf64062b9,164,0.6932515337423313,0.65,0.9890907683256156
0xcf90817e46ec2098f1b1f4f5192db8adf64062b9,164,0.6993865030674846,0.6384000000000001,1.0046039039091579
0xcf90817e46ec2098f1b1f4f5192db8adf64062b9,164,0.7055214723926381,0.6168,1.0046039039091579
0xcf90817e46ec2098f1b1f4f5192db8adf64062b9,164,0.7116564417177914,0.5999999999999999,1.0046039039091579
0xcf90817e46ec2098f1b1f4f5192db8adf64062b9,164,0.7177914110429447,0.581378571428572,1.0029377476710593
0xcf90817e46ec2098f1b1f4f5192db8adf64062b9,164,0.7239263803680982,0.56,1.0029377476710593
0xcf90817e46ec2098f1b1f4f5192db8adf64062b9,164,0.7300613496932515,0.4999999999999999,1.0029377476710593
0xcf90817e46ec2098f1b1f4f5192db8adf64062b9,164,0.7361963190184049,0.49300000000000005,1.0017411809518204
0xcf90817e46ec2098f1b1f4f5192db8adf64062b9,164,0.7423312883435583,0.4440000000000004,1.0017411809518204
0xcf90817e46ec2098f1b1f4f5192db8adf64062b9,164,0.7484662576687117,0.41610000000000036,1.0017411809518204
0xcf90817e46ec2098f1b1f4f5192db8adf64062b9,164,0.754601226993865,0.40600000000000036,1.0017411809518204
0xcf90817e46ec2098f1b1f4f5192db8adf64062b9,164,0.7607361963190185,0.35293,0.9955308237132773
0xcf90817e46ec2098f1b1f4f5192db8adf64062b9,164,0.7668711656441718,0.3360000000000003,0.9955308237132773
0xcf90817e46ec2098f1b1f4f5192db8adf64062b9,164,0.7730061349693251,0.3149999999999997,0.9955308237132773
0xcf90817e46ec2098f1b1f4f5192db8adf64062b9,164,0.7791411042944786,0.3149999999999997,0.9955308237132773
0xcf90817e46ec2098f1b1f4f5192db8adf64062b9,164,0.7852760736196319,0.30446999999999996,0.9955308237132773
0xcf90817e46ec2098f1b1f4f5192db8adf64062b9,164,0.7914110429447853,0.29000000000000026,0.9944693986859678
0xcf90817e46ec2098f1b1f4f5192db8adf64062b9,164,0.7975460122699386,0.24,0.990246222029831
0xcf90817e46ec2098f1b1f4f5192db8adf64062b9,164,0.803680981595092,0.2380000000000002,0.990246222029831
0xcf90817e46ec2098f1b1f4f5192db8adf64062b9,164,0.8098159509202454,0.2300000000000002,0.990246222029831
0xcf90817e46ec2098f1b1f4f5192db8adf64062b9,164,0.8159509202453987,0.21,0.990246222029831
0xcf90817e46ec2098f1b1f4f5192db8adf64062b9,164,0.8220858895705522,0.20952000000000023,0.9890932948027057
0xcf90817e46ec2098f1b1f4f5192db8adf64062b9,164,0.8282208588957055,0.1910000000000002,0.9868057407806315
0xcf90817e46ec2098f1b1f4f5192db8adf64062b9,164,0.8343558282208589,0.18366000000000016,0.9868057407806315
0xcf90817e46ec2098f1b1f4f5192db8adf64062b9,164,0.8404907975460123,0.16700000000000015,0.9868057407806315
0xcf90817e46ec2098f1b1f4f5192db8adf64062b9,164,0.8466257668711656,0.15800000000000014,0.9868057407806315
0xcf90817e46ec2098f1b1f4f5192db8adf64062b9,164,0.852760736196319,0.14400000000000013,0.9868057407806315
0xcf90817e46ec2098f1b1f4f5192db8adf64062b9,164,0.8588957055214724,0.13000000000000012,0.9868057407806315
0xcf90817e46ec2098f1b1f4f5192db8adf64062b9,164,0.8650306748466258,0.122,0.984658959313762
0xcf90817e46ec2098f1b1f4f5192db8adf64062b9,164,0.8711656441717791,0.08800000000000008,0.984658959313762
0xcf90817e46ec2098f1b1f4f5192db8adf64062b9,164,0.8773006134969326,0.088,0.984658959313762
0xcf90817e46ec2098f1b1f4f5192db8adf64062b9,164,0.8834355828220859,0.08,0.984658959313762
0xcf90817e46ec2098f1b1f4f5192db8adf64062b9,164,0.8895705521472392,0.07000000000000006,0.984658959313762
0xcf90817e46ec2098f1b1f4f5192db8adf64062b9,164,0.8957055214723927,0.06800000000000006,0.983884710260137
0xcf90817e46ec2098f1b1f4f5192db8adf64062b9,164,0.901840490797546,0.054862499999999995,0.983884710260137
0xcf90817e46ec2098f1b1f4f5192db8adf64062b9,164,0.9079754601226994,0.05450000000000005,0.983884710260137
0xcf90817e46ec2098f1b1f4f5192db8adf64062b9,164,0.9141104294478528,0.05400000000000005,0.983884710260137
0xcf90817e46ec2098f1b1f4f5192db8adf64062b9,164,0.9202453987730062,0.052777200000000024,0.9832836114494136
0xcf90817e46ec2098f1b1f4f5192db8adf64062b9,164,0.9263803680981595,0.050000000000000044,1.0007390559148241
0xcf90817e46ec2098f1b1f4f5192db8adf64062b9,164,0.9325153374233128,0.050000000000000044,1.0007390559148241
0xcf90817e46ec2098f1b1f4f5192db8adf64062b9,164,0.9386503067484663,0.039000000000000035,1.0007390559148241
0xcf90817e46ec2098f1b1f4f5192db8adf64062b9,164,0.9447852760736196,0.031830000000000025,1.0007390559148241
0xcf90817e46ec2098f1b1f4f5192db8adf64062b9,164,0.950920245398773,0.03,1.0007390559148241
0xcf90817e46ec2098f1b1f4f5192db8adf64062b9,164,0.9570552147239264,0.026000000000000023,1.0007390559148241
0xcf90817e46ec2098f1b1f4f5192db8adf64062b9,164,0.9631901840490797,0.02400000000000002,1.0003167382492104
0xcf90817e46ec2098f1b1f4f5192db8adf64062b9,164,0.9693251533742331,0.024,1.0003167382492104
0xcf90817e46ec2098f1b1f4f5192db8adf64062b9,164,0.9754601226993865,0.01892000000000002,1.0003167382492104
0xcf90817e46ec2098f1b1f4f5192db8adf64062b9,164,0.9815950920245399,0.018000000000000002,1.0000000000000002
0xcf90817e46ec2098f1b1f4f5192db8adf64062b9,164,0.9877300613496932,0.01200000000000001,1.0000000000000002
0xcf90817e46ec2098f1b1f4f5192db8adf64062b9,164,0.9938650306748467,0.009000000000000008,1.0000000000000002
0xcf90817e46ec2098f1b1f4f5192db8adf64062b9,164,1.0,0.0054,1.0000000000000002
0xd372b7468864233aa6d33aa2dda181511c7804be,224,0.0,680.6448,0.0
0xd372b7468864233aa6d33aa2dda181511c7804be,224,0.008968609865470852,496.5111991204103,0.031634481709506196
0xd372b7468864233aa6d33aa2dda181511c7804be,224,0.017937219730941704,436.4838317500001,0.03689312923494152
0xd372b7468864233aa6d33aa2dda181511c7804be,224,0.026905829596412557,428.0319984,0.03897945710708965
0xd372b7468864233aa6d33aa2dda181511c7804be,224,0.03587443946188341,418.2495984,0.048881866670349626
0xd372b7468864233aa6d33aa2dda181511c7804be,224,0.04484304932735426,389.11103204,0.08186160127302948
0xd372b7468864233aa6d33aa2dda181511c7804be,224,0.053811659192825115,363.95621530483174,0.1102196404607149
0xd372b7468864233aa6d33aa2dda181511c7804be,224,0.06278026905829596,338.9493317,0.1327298792528224
0xd372b7468864233aa6d33aa2dda181511c7804be,224,0.07174887892376682,298.87100000000004,0.13272987925282245
0xd372b7468864233aa6d33aa2dda181511c7804be,224,0.08071748878923767,276.55449999999996,0.13272987925282254
0xd372b7468864233aa6d33aa2dda181511c7804be,224,0.08968609865470852,240.9493317,0.14664858446801954
0xd372b7468864233aa6d33aa2dda181511c7804be,224,0.09865470852017937,232.96148667000003,0.1466485844680196
0xd372b7468864233aa6d33aa2dda181511c7804be,224,0.10762331838565023,224.2285,0.1518796996322316
0xd372b7468864233aa6d33aa2dda181511c7804be,224,0.11659192825112108,214.49999835,0.15324483718787107
0xd372b7468864233aa6d33aa2dda181511c7804be,224,0.12556053811659193,196.82849835,0.21402935732523193
0xd372b7468864233aa6d33aa2dda181511c7804be,224,0.13452914798206278,167.47899999999998,0.21471766197513417
0xd372b7468864233aa6d33aa2dda181511c7804be,224,0.14349775784753363,157.41000000000003,0.2158648363916379
0xd372b7468864233aa6d33aa2dda181511c7804be,224,0.15246636771300448,142.86314510251114,0.2209528120741084
0xd372b7468864233aa6d33aa2dda181511c7804be,224,0.16143497757847533,140.6352,0.22095281207410844
0xd372b7468864233aa6d33aa2dda181511c7804be,224,0.17040358744394618,109.11109580800002,0.22095281207410844
0xd372b7468864233aa6d33aa2dda181511c7804be,224,0.17937219730941703,108.13,0.22095281207410852
0xd372b7468864233aa6d33aa2dda181511c7804be,224,0.18834080717488788,102.27546,0.23120090352820827
0xd372b7468864233aa6d33aa2dda181511c7804be,224,0.19730941704035873,89.7,0.2594970643445654
0xd372b7468864233aa6d33aa2dda181511c7804be,224,0.2062780269058296,80.51840000000001,0.3195706724318158
0xd372b7468864233aa6d33aa2dda181511c7804be,224,0.21524663677130046,78.84774240000002,0.32064136855388603
0xd372b7468864233aa6d33aa2dda181511c7804be,224,0.2242152466367713,74.39070000000001,0.32171206467595614
0xd372b7468864233aa6d33aa2dda181511c7804be,224,0.23318385650224216,66.51360000000001,0.32645371893083813
0xd372b7468864233aa6d33aa2dda181511c7804be,224,0.242152466367713,63.542349999999985,0.326621971182239
0xd372b7468864233aa6d33aa2dda181511c7804be,224,0.25112107623318386,62.216,0.3441911768058765
0xd372b7468864233aa6d33aa2dda181511c7804be,224,0.2600896860986547,59.339999999999996,0.34526187292794674
0xd372b7468864233aa6d33aa2dda181511c7804be,224,0.26905829596412556,56.59840000000001,0.3507683101271645
0xd372b7468864233aa6d33aa2dda181511c7804be,224,0.27802690582959644,52.735800000000005,0.35822310840350957
0xd372b7468864233aa6d33aa2dda181511c7804be,224,0.28699551569506726,52.56360000000001,0.35929380452557996
0xd372b7468864233aa6d33aa2dda181511c7804be,224,0.29596412556053814,49.7,0.36124078894527
0xd372b7468864233aa6d33aa2dda181511c7804be,224,0.30493273542600896,47.9136,0.3623114850673401
0xd372b7468864233aa6d33aa2dda181511c7804be,224,0.31390134529147984,47.28,0.37086810633084943
0xd372b7468864233aa6d33aa2dda181511c7804be,224,0.32286995515695066,43.263600000000004,0.37489927734276396
0xd372b7468864233aa6d33aa2dda181511c7804be,224,0.33183856502242154,41.47344,0.37489927734276396
0xd372b7468864233aa6d33aa2dda181511c7804be,224,0.34080717488789236,40.0,0.37489927734276396
0xd372b7468864233aa6d33aa2dda181511c7804be,224,0.34977578475336324,38.431374064,0.37512871222606475
0xd372b7468864233aa6d33aa2dda181511c7804be,224,0.35874439461883406,36.668000000000006,0.37512871222606525
0xd372b7468864233aa6d33aa2dda181511c7804be,224,0.36771300448430494,34.47689,0.37512871222606525
0xd372b7468864233aa6d33aa2dda181511c7804be,224,0.37668161434977576,33.482426669999995,0.3761611692009186
0xd372b7468864233aa6d33aa2dda181511c7804be,224,0.38565022421524664,30.368460000000002,0.3761611692009189
0xd372b7468864233aa6d33aa2dda181511c7804be,224,0.39461883408071746,28.532426669999996,0.3761611692009189
0xd372b7468864233aa6d33aa2dda181511c7804be,224,0.40358744394618834,23.348379046650365,0.3830442156999404
0xd372b7468864233aa6d33aa2dda181511c7804be,224,0.4125560538116592,22.94898,0.3992576141198594
0xd372b7468864233aa6d33aa2dda181511c7804be,224,0.42152466367713004,21.488399999999995,0.39925761411985944
0xd372b7468864233aa6d33aa2dda181511c7804be,224,0.4304932735426009,19.74,0.4014372378633871
0xd372b7468864233aa6d33aa2dda181511c7804be,224,0.43946188340807174,18.9905,0.4112264595508854
0xd372b7468864233aa6d33aa2dda181511c7804be,224,0.4484304932735426,18.5003,0.4142065127717843
0xd372b7468864233aa6d33aa2dda181511c7804be,224,0.45739910313901344,18.297,0.4340908693245151
0xd372b7468864233aa6d33aa2dda181511c7804be,224,0.4663677130044843,17.31866584,0.4542046607605468
0xd372b7468864233aa6d33aa2dda181511c7804be,224,0.47533632286995514,16.835,0.4159655135437567
0xd372b7468864233aa6d33aa2dda181511c7804be,224,0.484304932735426,15.58,0.5404721768816253
0xd372b7468864233aa6d33aa2dda181511c7804be,224,0.49327354260089684,14.972520384000003,0.6332796578609357
0xd372b7468864233aa6d33aa2dda181511c7804be,224,0.5022421524663677,14.399999999999999,0.6037896275346406
0xd372b7468864233aa6d33aa2dda181511c7804be,224,0.5112107623318386,13.585440000000002,0.6181363888679077
0xd372b7468864233aa6d33aa2dda181511c7804be,224,0.5201793721973094,12.689560000000004,0.5095788149643957
0xd372b7468864233aa6d33aa2dda181511c7804be,224,0.5291479820627802,11.042260384000002,0.5020094522511265
0xd372b7468864233aa6d33aa2dda181511c7804be,224,0.5381165919282511,9.999998999999999,0.5020094522511265
0xd372b7468864233aa6d33aa2dda181511c7804be,224,0.547085201793722,9.66,0.4960856179817219
0xd372b7468864233aa6d33aa2dda181511c7804be,224,0.5560538116591929,9.3906,0.5031958050152119
0xd372b7468864233aa6d33aa2dda181511c7804be,224,0.5650224215246636,8.773333352941236,0.5038076313706805
0xd372b7468864233aa6d33aa2dda181511c7804be,224,0.5739910313901345,8.6,0.37111779052841876
0xd372b7468864233aa6d33aa2dda181511c7804be,224,0.5829596412556054,8.192799999999998,0.3711177905284178
0xd372b7468864233aa6d33aa2dda181511c7804be,224,0.5919282511210763,8.187399480000002,0.4082862416231378
0xd372b7468864233aa6d33aa2dda181511c7804be,224,0.600896860986547,8.120000000000001,0.4558587998926021
0xd372b7468864233aa6d33aa2dda181511c7804be,224,0.6098654708520179,7.746867439999999,0.36605033873924875
0xd372b7468864233aa6d33aa2dda181511c7804be,224,0.6188340807174888,7.52458,0.3680008411604828
0xd372b7468864233aa6d33aa2dda181511c7804be,224,0.6278026905829597,6.7312,0.44265130435710043
0xd372b7468864233aa6d33aa2dda181511c7804be,224,0.6367713004484304,6.3936,0.4187648386566603
0xd372b7468864233aa6d33aa2dda181511c7804be,224,0.6457399103139013,6.000936699999999,0.4524994145063575
0xd372b7468864233aa6d33aa2dda181511c7804be,224,0.6547085201793722,5.699879730000001,0.48462029816846114
0xd372b7468864233aa6d33aa2dda181511c7804be,224,0.6636771300448431,5.53392,0.4856610147991132
0xd372b7468864233aa6d33aa2dda181511c7804be,224,0.672645739910314,5.1422,0.6230290329118771
0xd372b7468864233aa6d33aa2dda181511c7804be,224,0.6816143497757847,4.953180363488134,0.610698615887233
0xd372b7468864233aa6d33aa2dda181511c7804be,224,0.6905829596412556,4.702319999999999,0.5729421461301015
0xd372b7468864233aa6d33aa2dda181511c7804be,224,0.6995515695067265,4.59853582,0.5513148492599932
0xd372b7468864233aa6d33aa2dda181511c7804be,224,0.7085201793721974,4.4422,0.5735274574736537
0xd372b7468864233aa6d33aa2dda181511c7804be,224,0.7174887892376681,4.2636,0.6011950100508902
0xd372b7468864233aa6d33aa2dda181511c7804be,224,0.726457399103139,4.1083,0.619175055168701
0xd372b7468864233aa6d33aa2dda181511c7804be,224,0.7354260089686099,3.515,0.7220383611818664
0xd372b7468864233aa6d33aa2dda181511c7804be,224,0.7443946188340808,3.2176799999999997,0.7129374441442704
0xd372b7468864233aa6d33aa2dda181511c7804be,224,0.7533632286995515,3.0888,0.7010088186482891
0xd372b7468864233aa6d33aa2dda181511c7804be,224,0.7623318385650224,3.015,0.7461624258532977
0xd372b7468864233aa6d33aa2dda181511c7804be,224,0.7713004484304933,2.9727,0.7316391979154058
0xd372b7468864233aa6d33aa2dda181511c7804be,224,0.7802690582959642,2.9449,0.7476300380743462
0xd372b7468864233aa6d33aa2dda181511c7804be,224,0.7892376681614349,2.7083,0.900049749314583
0xd372b7468864233aa6d33aa2dda181511c7804be,224,0.7982062780269058,2.6,0.8901075710382177
0xd372b7468864233aa6d33aa2dda181511c7804be,224,0.8071748878923767,2.25,0.863585816442355
0xd372b7468864233aa6d33aa2dda181511c7804be,224,0.8161434977578476,2.2100000000000004,1.0206722332089286
0xd372b7468864233aa6d33aa2dda181511c7804be,224,0.8251121076233184,2.13144,1.1048128879618093
0xd372b7468864233aa6d33aa2dda181511c7804be,224,0.8340807174887892,2.0999999999999988,1.0887524461307576
0xd372b7468864233aa6d33aa2dda181511c7804be,224,0.8430493273542601,2.04,1.0887524461307578
0xd372b7468864233aa6d33aa2dda181511c7804be,224,0.852017937219731,1.9392000000000003,1.0734261959262685
0xd372b7468864233aa6d33aa2dda181511c7804be,224,0.8609865470852018,1.6936360000000001,1.0604735566591375
0xd372b7468864233aa6d33aa2dda181511c7804be,224,0.8699551569506726,1.6,1.0465545070722257
0xd372b7468864233aa6d33aa2dda181511c7804be,224,0.8789237668161435,1.4399569920000002,1.0354229383608293
0xd372b7468864233aa6d33aa2dda181511c7804be,224,0.8878923766816144,1.372509824,1.032210849994619
0xd372b7468864233aa6d33aa2dda181511c7804be,224,0.8968609865470852,1.10022,1.032210849994619
0xd372b7468864233aa6d33aa2dda181511c7804be,224,0.905829596412556,0.9525098240000001,1.0286647044487527
0xd372b7468864233aa6d33aa2dda181511c7804be,224,0.9147982062780269,0.8400000000000001,1.0202215007432853
0xd372b7468864233aa6d33aa2dda181511c7804be,224,0.9237668161434978,0.6749999999999999,1.008940952314332
0xd372b7468864233aa6d33aa2dda181511c7804be,224,0.9327354260089686,0.555,1.0079008475100353
0xd372b7468864233aa6d33aa2dda181511c7804be,224,0.9417040358744395,0.512,1.0040769327883563
0xd372b7468864233aa6d33aa2dda181511c7804be,224,0.9506726457399103,0.4564370922139786,1.0005861804607183
0xd372b7468864233aa6d33aa2dda181511c7804be,224,0.9596412556053812,0.012,1.0000355367407965
0xd372b7468864233aa6d33aa2dda181511c7804be,224,0.968609865470852,0.0001124040000000548,1.0000000000000007
0xd372b7468864233aa6d33aa2dda181511c7804be,224,0.9775784753363229,3.232969447708456e-15,1.0000000000000007
0xd372b7468864233aa6d33aa2dda181511c7804be,224,0.9865470852017937,7.993605777301127e-16,1.0000000000000007
0xd372b7468864233aa6d33aa2dda181511c7804be,224,0.9955156950672646,1.77635683940025e-16,1.0000000000000007
0xd372b7468864233aa6d33aa2dda181511c7804be,224,1.0,1.0658141036401512e-16,1.0000000000000007
0xdaeb1eb83a0bfacabac7ee811805fa2b43c60d2f,981,0.0,39.08,0.0021221814534084253
0xdaeb1eb83a0bfacabac7ee811805fa2b43c60d2f,981,0.009183673469387756,18.108636920000002,0.01380709718030546
0xdaeb1eb83a0bfacabac7ee811805fa2b43c60d2f,981,0.018367346938775512,16.2893,-0.08060969682317533
0xdaeb1eb83a0bfacabac7ee811805fa2b43c60d2f,981,0.027551020408163266,14.586600000000002,-0.02253205043914965
0xdaeb1eb83a0bfacabac7ee811805fa2b43c60d2f,981,0.036734693877551024,13.2,-0.13325456105176303
0xdaeb1eb83a0bfacabac7ee811805fa2b43c60d2f,981,0.04591836734693878,12.7839,-0.2458224468412532
0xdaeb1eb83a0bfacabac7ee811805fa2b43c60d2f,981,0.05510204081632653,11.915199999999999,-0.23407478846525426
0xdaeb1eb83a0bfacabac7ee811805fa2b43c60d2f,981,0.06428571428571428,11.337229000000002,-0.16079494019147303
0xdaeb1eb83a0bfacabac7ee811805fa2b43c60d2f,981,0.07346938775510205,10.8,-0.09805218417765917
0xdaeb1eb83a0bfacabac7ee811805fa2b43c60d2f,981,0.0826530612244898,10.3844,-0.05531143179652477
0xdaeb1eb83a0bfacabac7ee811805fa2b43c60d2f,981,0.09183673469387756,9.956875199999999,-0.005855377056223887
0xdaeb1eb83a0bfacabac7ee811805fa2b43c60d2f,981,0.10102040816326531,9.450000000000001,0.10025369561419663
0xdaeb1eb83a0bfacabac7ee811805fa2b43c60d2f,981,0.11020408163265306,9.3,0.15736661794589812
0xdaeb1eb83a0bfacabac7ee811805fa2b43c60d2f,981,0.11938775510204082,8.85,0.20515076277594851
0xdaeb1eb83a0bfacabac7ee811805fa2b43c60d2f,981,0.12857142857142856,8.6812,0.1668813723578757
0xdaeb1eb83a0bfacabac7ee811805fa2b43c60d2f,981,0.1377551020408163,8.4,0.2169560705563188
0xdaeb1eb83a0bfacabac7ee811805fa2b43c60d2f,981,0.1469387755102041,8.05,0.26585851274355626
0xdaeb1eb83a0bfacabac7ee811805fa2b43c60d2f,981,0.15612244897959185,7.800000000000001,0.35222899117830964
0xdaeb1eb83a0bfacabac7ee811805fa2b43c60d2f,981,0.1653061224489796,7.5,0.3843385192559669
0xdaeb1eb83a0bfacabac7ee811805fa2b43c60d2f,981,0.17448979591836736,7.28865942,0.322518450830591
0xdaeb1eb83a0bfacabac7ee811805fa2b43c60d2f,981,0.1836734693877551,7.091945,0.2800748217624225
0xdaeb1eb83a0bfacabac7ee811805fa2b43c60d2f,981,0.19285714285714287,6.75,0.29945126111963144
0xdaeb1eb83a0bfacabac7ee811805fa2b43c60d2f,981,0.20204081632653062,6.509491848,0.27314543797325197
0xdaeb1eb83a0bfacabac7ee811805fa2b43c60d2f,981,0.21122448979591837,6.222461000000001,0.27919160674901955
0xdaeb1eb83a0bfacabac7ee811805fa2b43c60d2f,981,0.22040816326530613,5.988,0.2625832301571294
0xdaeb1eb83a0bfacabac7ee811805fa2b43c60d2f,981,0.22959183673469388,5.817776800000001,0.2376706652692912
0xdaeb1eb83a0bfacabac7ee811805fa2b43c60d2f,981,0.23877551020408164,5.7,0.19024452322355517
0xdaeb1eb83a0bfacabac7ee811805fa2b43c60d2f,981,0.2479591836734694,5.564,0.1662196910855405
0xdaeb1eb83a0bfacabac7ee811805fa2b43c60d2f,981,0.2571428571428571,5.394,0.11547187372142623
0xdaeb1eb83a0bfacabac7ee811805fa2b43c60d2f,981,0.26632653061224487,5.2224,0.20012845996065293
0xdaeb1eb83a0bfacabac7ee811805fa2b43c60d2f,981,0.2755102040816326,5.0594803200000005,0.27025271668197487
0xdaeb1eb83a0bfacabac7ee811805fa2b43c60d2f,981,0.28469387755102044,4.95,0.23334521314443712
0xdaeb1eb83a0bfacabac7ee811805fa2b43c60d2f,981,0.2938775510204082,4.8,0.29693868711479154
0xdaeb1eb83a0bfacabac7ee811805fa2b43c60d2f,981,0.30306122448979594,4.745475000000001,0.3025984527453155
0xdaeb1eb83a0bfacabac7ee811805fa2b43c60d2f,981,0.3122448979591837,4.6000000000000005,0.33927528438574384
0xdaeb1eb83a0bfacabac7ee811805fa2b43c60d2f,981,0.32142857142857145,4.4541926,0.33466184644355146
0xdaeb1eb83a0bfacabac7ee811805fa2b43c60d2f,981,0.3306122448979592,4.39375,0.33466184644355146
0xdaeb1eb83a0bfacabac7ee811805fa2b43c60d2f,981,0.33979591836734696,4.2496,0.2811459663141212
0xdaeb1eb83a0bfacabac7ee811805fa2b43c60d2f,981,0.3489795918367347,4.172000000000001,0.24239309886298274
0xdaeb1eb83a0bfacabac7ee811805fa2b43c60d2f,981,0.35816326530612247,4.0161,0.18710381318857452
0xdaeb1eb83a0bfacabac7ee811805fa2b43c60d2f,981,0.3673469387755102,3.9151510000000003,0.16865006141980562
0xdaeb1eb83a0bfacabac7ee811805fa2b43c60d2f,981,0.376530612244898,3.782221200000001,0.1686500614198054
0xdaeb1eb83a0bfacabac7ee811805fa2b43c60d2f,981,0.38571428571428573,3.6725000000000003,0.23969700572956534
0xdaeb1eb83a0bfacabac7ee811805fa2b43c60d2f,981,0.3948979591836735,3.5999999999999996,0.3178894272617093
0xdaeb1eb83a0bfacabac7ee811805fa2b43c60d2f,981,0.40408163265306124,3.5000000000000004,0.3547969307992471
0xdaeb1eb83a0bfacabac7ee811805fa2b43c60d2f,981,0.413265306122449,3.4083,0.30243071936453414
0xdaeb1eb83a0bfacabac7ee811805fa2b43c60d2f,981,0.42244897959183675,3.3,0.2821315924188892
0xdaeb1eb83a0bfacabac7ee811805fa2b43c60d2f,981,0.4316326530612245,3.2,0.3097679310677975
0xdaeb1eb83a0bfacabac7ee811805fa2b43c60d2f,981,0.44081632653061226,3.1096000000000004,0.3461956370593472
0xdaeb1eb83a0bfacabac7ee811805fa2b43c60d2f,981,0.45,3.0000000000000004,0.28395113234329
0xdaeb1eb83a0bfacabac7ee811805fa2b43c60d2f,981,0.45918367346938777,2.998,0.34853926353398085
0xdaeb1eb83a0bfacabac7ee811805fa2b43c60d2f,981,0.4683673469387755,2.836666,0.4325038340818792
0xdaeb1eb83a0bfacabac7ee811805fa2b43c60d2f,981,0.4775510204081633,2.748702,0.43250383408187876
0xdaeb1eb83a0bfacabac7ee811805fa2b43c60d2f,981,0.48673469387755103,2.607624029,0.3867834781622882
0xdaeb1eb83a0bfacabac7ee811805fa2b43c60d2f,981,0.4959183673469388,2.5,0.423690981699826
0xdaeb1eb83a0bfacabac7ee811805fa2b43c60d2f,981,0.5051020408163265,2.4507143670220075,0.40704208066904946
0xdaeb1eb83a0bfacabac7ee811805fa2b43c60d2f,981,0.5142857142857142,2.4,0.5288368423429229
0xdaeb1eb83a0bfacabac7ee811805fa2b43c60d2f,981,0.523469387755102,2.3,0.6222004345411031
0xdaeb1eb83a0bfacabac7ee811805fa2b43c60d2f,981,0.5326530612244897,2.2,0.6203550409104748
0xdaeb1eb83a0bfacabac7ee811805fa2b43c60d2f,981,0.5418367346938775,2.1279,0.6526491065058199
0xdaeb1eb83a0bfacabac7ee811805fa2b43c60d2f,981,0.5510204081632653,2.1,0.6376226888258358
0xdaeb1eb83a0bfacabac7ee811805fa2b43c60d2f,981,0.560204081632653,2.0,0.6171390243625023
0xdaeb1eb83a0bfacabac7ee811805fa2b43c60d2f,981,0.5693877551020409,1.935,0.7246321284155808
0xdaeb1eb83a0bfacabac7ee811805fa2b43c60d2f,981,0.5785714285714286,1.85,0.7993698230790948
0xdaeb1eb83a0bfacabac7ee811805fa2b43c60d2f,981,0.5877551020408164,1.7999999999999998,0.7579817484853881
0xdaeb1eb83a0bfacabac7ee811805fa2b43c60d2f,981,0.5969387755102041,1.75,0.7469094974241273
0xdaeb1eb83a0bfacabac7ee811805fa2b43c60d2f,981,0.6061224489795919,1.6500000000000001,0.7369444787065275
0xdaeb1eb83a0bfacabac7ee811805fa2b43c60d2f,981,0.6153061224489796,1.625,0.7686443334949187
0xdaeb1eb83a0bfacabac7ee811805fa2b43c60d2f,981,0.6244897959183674,1.6,0.7059015774811042
0xdaeb1eb83a0bfacabac7ee811805fa2b43c60d2f,981,0.6336734693877552,1.5399999999999998,0.7449053903120707
0xdaeb1eb83a0bfacabac7ee811805fa2b43c60d2f,981,0.6428571428571429,1.5,0.7273743261317404
0xdaeb1eb83a0bfacabac7ee811805fa2b43c60d2f,981,0.6520408163265307,1.4047020000000001,0.690466822594203
0xdaeb1eb83a0bfacabac7ee811805fa2b43c60d2f,981,0.6612244897959184,1.392,0.6775510048237379
0xdaeb1eb83a0bfacabac7ee811805fa2b43c60d2f,981,0.6704081632653062,1.3499999999999999,0.6738602544699839
0xdaeb1eb83a0bfacabac7ee811805fa2b43c60d2f,981,0.6795918367346939,1.25,0.785394730160423
0xdaeb1eb83a0bfacabac7ee811805fa2b43c60d2f,981,0.6887755102040817,1.2,0.7557764585715491
0xdaeb1eb83a0bfacabac7ee811805fa2b43c60d2f,981,0.6979591836734694,1.1904705746022408,0.7447042075102878
0xdaeb1eb83a0bfacabac7ee811805fa2b43c60d2f,981,0.7071428571428572,1.1,0.7447042075102878
0xdaeb1eb83a0bfacabac7ee811805fa2b43c60d2f,981,0.7163265306122449,1.05,0.6939563901461735
0xdaeb1eb83a0bfacabac7ee811805fa2b43c60d2f,981,0.7255102040816327,1.025581172000251,0.723297855458516
0xdaeb1eb83a0bfacabac7ee811805fa2b43c60d2f,981,0.7346938775510204,0.9992785,0.7877752641385944
0xdaeb1eb83a0bfacabac7ee811805fa2b43c60d2f,981,0.7438775510204082,0.9249999999999999,0.7799324196368719
0xdaeb1eb83a0bfacabac7ee811805fa2b43c60d2f,981,0.753061224489796,0.89923797,0.742471303546271
0xdaeb1eb83a0bfacabac7ee811805fa2b43c60d2f,981,0.7622448979591837,0.8,0.7202345326649043
0xdaeb1eb83a0bfacabac7ee811805fa2b43c60d2f,981,0.7714285714285715,0.7798582740000001,0.6900626485229677
0xdaeb1eb83a0bfacabac7ee811805fa2b43c60d2f,981,0.7806122448979592,0.719403984,0.6787135911851748
0xdaeb1eb83a0bfacabac7ee811805fa2b43c60d2f,981,0.789795918367347,0.7000000000000001,0.8309570432775178
0xdaeb1eb83a0bfacabac7ee811805fa2b43c60d2f,981,0.7989795918367347,0.6597700230000001,0.8115584594181879
0xdaeb1eb83a0bfacabac7ee811805fa2b43c60d2f,981,0.8081632653061225,0.647802,0.9601198984673212
0xdaeb1eb83a0bfacabac7ee811805fa2b43c60d2f,981,0.8173469387755102,0.5997114,1.0389425162478338
0xdaeb1eb83a0bfacabac7ee811805fa2b43c60d2f,981,0.826530612244898,0.55,1.1117630690938423
0xdaeb1eb83a0bfacabac7ee811805fa2b43c60d2f,981,0.8357142857142857,0.535083984,1.0878506975518716
0xdaeb1eb83a0bfacabac7ee811805fa2b43c60d2f,981,0.8448979591836735,0.5,1.0642446583631777
0xdaeb1eb83a0bfacabac7ee811805fa2b43c60d2f,981,0.8540816326530613,0.48837200000000003,1.054962421223487
0xdaeb1eb83a0bfacabac7ee811805fa2b43c60d2f,981,0.863265306122449,0.44999999999999996,1.036615701214977
0xdaeb1eb83a0bfacabac7ee811805fa2b43c60d2f,981,0.8724489795918368,0.42000000000000004,1.0244362250475896
0xdaeb1eb83a0bfacabac7ee811805fa2b43c60d2f,981,0.8816326530612245,0.4,1.0062524517177065
0xdaeb1eb83a0bfacabac7ee811805fa2b43c60d2f,981,0.8908163265306123,0.36,1.0007198842560363
0xdaeb1eb83a0bfacabac7ee811805fa2b43c60d2f,981,0.9,0.35000000000000003,0.9799594135161712
0xdaeb1eb83a0bfacabac7ee811805fa2b43c60d2f,981,0.9091836734693878,0.315058485,0.965011874583471
0xdaeb1eb83a0bfacabac7ee811805fa2b43c60d2f,981,0.9183673469387755,0.28,1.0447320822245527
0xdaeb1eb83a0bfacabac7ee811805fa2b43c60d2f,981,0.9275510204081633,0.25,1.0376320013371119
0xdaeb1eb83a0bfacabac7ee811805fa2b43c60d2f,981,0.936734693877551,0.2,1.0292953713455564
0xdaeb1eb83a0bfacabac7ee811805fa2b43c60d2f,981,0.9459183673469388,0.19,1.0188725596651618
0xdaeb1eb83a0bfacabac7ee811805fa2b43c60d2f,981,0.9551020408163265,0.159776992,1.0077488226364655
0xdaeb1eb83a0bfacabac7ee811805fa2b43c60d2f,981,0.9642857142857143,0.127659,1.0077488226364655
0xdaeb1eb83a0bfacabac7ee811805fa2b43c60d2f,981,0.9734693877551021,0.105456,1.0043762149632054
0xdaeb1eb83a0bfacabac7ee811805fa2b43c60d2f,981,0.9826530612244898,0.090228,1.0024385710274846
0xdaeb1eb83a0bfacabac7ee811805fa2b43c60d2f,981,0.9918367346938776,0.05499999999999999,1.0000000000000009
0xdaeb1eb83a0bfacabac7ee811805fa2b43c60d2f,981,1.0,1.1091128016005314e-16,1.0000000000000009
0xdd704b471041b806b65d04a3b48f5aa953811d06,194,0.0,242.76606713599998,5.942839560415051e-05
0xdd704b471041b806b65d04a3b48f5aa953811d06,194,0.0051813471502590676,241.24060254930174,0.003848425877869432
0xdd704b471041b806b65d04a3b48f5aa953811d06,194,0.010362694300518135,215.1060239999999,0.003966339361211001
0xdd704b471041b806b65d04a3b48f5aa953811d06,194,0.015544041450777202,199.97867029000005,0.003966339361211025
0xdd704b471041b806b65d04a3b48f5aa953811d06,194,0.02072538860103627,198.23213699999994,0.004050195500114103
0xdd704b471041b806b65d04a3b48f5aa953811d06,194,0.025906735751295335,193.98220499999996,0.0043988411050460835
0xdd704b471041b806b65d04a3b48f5aa953811d06,194,0.031088082901554404,191.32626721500003,0.004459822028180895
0xdd704b471041b806b65d04a3b48f5aa953811d06,194,0.03626943005181347,185.3071802395173,0.004582874574171431
0xdd704b471041b806b65d04a3b48f5aa953811d06,194,0.04145077720207254,178.92667921500004,0.004643855497306242
0xdd704b471041b806b65d04a3b48f5aa953811d06,194,0.046632124352331605,176.87075612622283,0.0046932366815173295
0xdd704b471041b806b65d04a3b48f5aa953811d06,194,0.05181347150259067,176.31241799999995,0.00504188228644931
0xdd704b471041b806b65d04a3b48f5aa953811d06,194,0.05699481865284974,174.8708174687897,0.005193966114650905
0xdd704b471041b806b65d04a3b48f5aa953811d06,194,0.06217616580310881,168.7108194687897,0.0053460499428524995
0xdd704b471041b806b65d04a3b48f5aa953811d06,194,0.06735751295336788,165.69362229,0.005493441797029461
0xdd704b471041b806b65d04a3b48f5aa953811d06,194,0.07253886010362694,162.5508214687897,0.0056455256252310555
0xdd704b471041b806b65d04a3b48f5aa953811d06,194,0.07772020725388601,161.532091215,0.005706506548365867
0xdd704b471041b806b65d04a3b48f5aa953811d06,194,0.08290155440414508,160.28718607676592,0.0058809005902280545
0xdd704b471041b806b65d04a3b48f5aa953811d06,194,0.08808290155440414,160.26073084799998,0.005910378961063445
0xdd704b471041b806b65d04a3b48f5aa953811d06,194,0.09326424870466321,158.64263099999997,0.006259024565995426
0xdd704b471041b806b65d04a3b48f5aa953811d06,194,0.09844559585492228,156.548006148,0.006380563888949747
0xdd704b471041b806b65d04a3b48f5aa953811d06,194,0.10362694300518134,154.18680957218552,0.0064174195273773785
0xdd704b471041b806b65d04a3b48f5aa953811d06,194,0.10880829015544041,150.38824414799998,0.006538958850331699
0xdd704b471041b806b65d04a3b48f5aa953811d06,194,0.11398963730569948,149.132503215,0.006660920696601322
0xdd704b471041b806b65d04a3b48f5aa953811d06,194,0.11917098445595854,147.3159469375659,0.006968119712138743
0xdd704b471041b806b65d04a3b48f5aa953811d06,194,0.12435233160621761,146.58012567,0.008583470564114732
0xdd704b471041b806b65d04a3b48f5aa953811d06,194,0.12953367875647667,144.27681157218552,0.008620326202542364
0xdd704b471041b806b65d04a3b48f5aa953811d06,194,0.13471502590673576,144.22848214799998,0.008741865525496684
0xdd704b471041b806b65d04a3b48f5aa953811d06,194,0.13989637305699482,140.97284399999998,0.009090511130428665
0xdd704b471041b806b65d04a3b48f5aa953811d06,194,0.14507772020725387,138.306624,0.009090511130428676
0xdd704b471041b806b65d04a3b48f5aa953811d06,194,0.15025906735751296,138.06872014799995,0.009212050453382997
0xdd704b471041b806b65d04a3b48f5aa953811d06,194,0.15544041450777202,134.36681357218552,0.009260788026497508
0xdd704b471041b806b65d04a3b48f5aa953811d06,194,0.16062176165803108,131.77651943499998,0.009412866941637297
0xdd704b471041b806b65d04a3b48f5aa953811d06,194,0.16580310880829016,125.61667343499998,0.009564945856777085
0xdd704b471041b806b65d04a3b48f5aa953811d06,194,0.17098445595854922,124.8271880767659,0.009739339898639272
0xdd704b471041b806b65d04a3b48f5aa953811d06,194,0.17616580310880828,124.45681557218553,0.009788077471753783
0xdd704b471041b806b65d04a3b48f5aa953811d06,194,0.18134715025906736,124.20886943000001,0.01003225173044514
0xdd704b471041b806b65d04a3b48f5aa953811d06,194,0.18652849740932642,124.10664,0.010904713245936616
0xdd704b471041b806b65d04a3b48f5aa953811d06,194,0.19170984455958548,123.30305699999998,0.011253358850868598
0xdd704b471041b806b65d04a3b48f5aa953811d06,194,0.19689119170984457,119.45682743499998,0.011405437766008386
0xdd704b471041b806b65d04a3b48f5aa953811d06,194,0.20207253886010362,114.54681757218555,0.011454175339122897
0xdd704b471041b806b65d04a3b48f5aa953811d06,194,0.20725388601036268,114.03021267,0.013645400829586304
0xdd704b471041b806b65d04a3b48f5aa953811d06,194,0.21243523316062177,113.29698143499999,0.013797479744726093
0xdd704b471041b806b65d04a3b48f5aa953811d06,194,0.21761658031088082,107.13713543499999,0.013949558659865881
0xdd704b471041b806b65d04a3b48f5aa953811d06,194,0.22279792746113988,105.63326999999998,0.01429820426479786
0xdd704b471041b806b65d04a3b48f5aa953811d06,194,0.22797927461139897,104.63681957218554,0.014346941837912373
0xdd704b471041b806b65d04a3b48f5aa953811d06,194,0.23316062176165803,102.08672,0.015437720167810766
0xdd704b471041b806b65d04a3b48f5aa953811d06,194,0.23834196891191708,100.977289435,0.015589799082950554
0xdd704b471041b806b65d04a3b48f5aa953811d06,194,0.24352331606217617,99.999998,0.015597176111703616
0xdd704b471041b806b65d04a3b48f5aa953811d06,194,0.24870466321243523,99.05935894803545,0.016272348717317427
0xdd704b471041b806b65d04a3b48f5aa953811d06,194,0.2538860103626943,98.44999200000001,0.019682052915105514
0xdd704b471041b806b65d04a3b48f5aa953811d06,194,0.25906735751295334,94.91273734800001,0.019803592238059834
0xdd704b471041b806b65d04a3b48f5aa953811d06,194,0.26424870466321243,94.72682157218556,0.01985232981117435
0xdd704b471041b806b65d04a3b48f5aa953811d06,194,0.2694300518134715,89.28271539066407,0.020191724120725823
0xdd704b471041b806b65d04a3b48f5aa953811d06,194,0.27461139896373055,88.84208474657711,0.020282787721298153
0xdd704b471041b806b65d04a3b48f5aa953811d06,194,0.27979274611398963,87.963483,0.020619597760339725
0xdd704b471041b806b65d04a3b48f5aa953811d06,194,0.2849740932642487,87.89997299999999,0.021986781165946465
0xdd704b471041b806b65d04a3b48f5aa953811d06,194,0.29015544041450775,84.8168181176007,0.02204634221421938
0xdd704b471041b806b65d04a3b48f5aa953811d06,194,0.29533678756476683,81.77004477380453,0.022476058252010496
0xdd704b471041b806b65d04a3b48f5aa953811d06,194,0.3005181347150259,77.215300674,0.022712258611390878
0xdd704b471041b806b65d04a3b48f5aa953811d06,194,0.30569948186528495,75.61008077380453,0.023141974649181996
0xdd704b471041b806b65d04a3b48f5aa953811d06,194,0.31088082901554404,74.556736,0.02423275297908039
0xdd704b471041b806b65d04a3b48f5aa953811d06,194,0.3160621761658031,74.14858597510107,0.024662208624595793
0xdd704b471041b806b65d04a3b48f5aa953811d06,194,0.32124352331606215,72.70682011760071,0.024721769672868706
0xdd704b471041b806b65d04a3b48f5aa953811d06,194,0.32642487046632124,70.893537,0.025070415277800687
0xdd704b471041b806b65d04a3b48f5aa953811d06,194,0.3316062176165803,70.39537667399999,0.02530661563718107
0xdd704b471041b806b65d04a3b48f5aa953811d06,194,0.33678756476683935,69.94199733628133,0.02552047139146823
0xdd704b471041b806b65d04a3b48f5aa953811d06,194,0.34196891191709844,63.575452674,0.02575667175084861
0xdd704b471041b806b65d04a3b48f5aa953811d06,194,0.3471502590673575,63.33344014574831,0.02618638778863973
0xdd704b471041b806b65d04a3b48f5aa953811d06,194,0.35233160621761656,61.99297265845718,0.026749567150388055
0xdd704b471041b806b65d04a3b48f5aa953811d06,194,0.35751295336787564,61.419998,0.027961457366863667
0xdd704b471041b806b65d04a3b48f5aa953811d06,194,0.3626943005181347,60.5968221176007,0.02802101841513658
0xdd704b471041b806b65d04a3b48f5aa953811d06,194,0.36787564766839376,58.849995,0.03007996957542034
0xdd704b471041b806b65d04a3b48f5aa953811d06,194,0.37305699481865284,57.17347614574831,0.03050968561321146
0xdd704b471041b806b65d04a3b48f5aa953811d06,194,0.37823834196891193,56.755528674000004,0.03074588597259184
0xdd704b471041b806b65d04a3b48f5aa953811d06,194,0.38341968911917096,55.63785599917404,0.030745885972591907
0xdd704b471041b806b65d04a3b48f5aa953811d06,194,0.38860103626943004,53.60400458000001,0.030997041692109442
0xdd704b471041b806b65d04a3b48f5aa953811d06,194,0.39378238341968913,53.00999999999999,0.03169715299945001
0xdd704b471041b806b65d04a3b48f5aa953811d06,194,0.39896373056994816,51.47915279000001,0.0318492319145898
0xdd704b471041b806b65d04a3b48f5aa953811d06,194,0.40414507772020725,50.237330382,0.03188276847447686
0xdd704b471041b806b65d04a3b48f5aa953811d06,194,0.40932642487046633,48.486824117600705,0.03194232952274977
0xdd704b471041b806b65d04a3b48f5aa953811d06,194,0.41450777202072536,47.311188,0.0319992375176475
0xdd704b471041b806b65d04a3b48f5aa953811d06,194,0.41968911917098445,45.51410822507142,0.03201453313582762
0xdd704b471041b806b65d04a3b48f5aa953811d06,194,0.42487046632124353,45.319306790000006,0.03216661205096741
0xdd704b471041b806b65d04a3b48f5aa953811d06,194,0.43005181347150256,45.08971699254578,0.03238133740752598
0xdd704b471041b806b65d04a3b48f5aa953811d06,194,0.43523316062176165,43.418156382,0.03241487396741305
0xdd704b471041b806b65d04a3b48f5aa953811d06,194,0.44041450777202074,41.4896565,0.032740403616548286
0xdd704b471041b806b65d04a3b48f5aa953811d06,194,0.44559585492227977,39.159460790000004,0.032892482531688076
0xdd704b471041b806b65d04a3b48f5aa953811d06,194,0.45077720207253885,37.619997999999995,0.03320815761544625
0xdd704b471041b806b65d04a3b48f5aa953811d06,194,0.45595854922279794,37.259945,0.03524421886292314
0xdd704b471041b806b65d04a3b48f5aa953811d06,194,0.46113989637305697,37.23731662921351,0.03527370100986725
0xdd704b471041b806b65d04a3b48f5aa953811d06,194,0.46632124352331605,37.199196,0.035488426376094055
0xdd704b471041b806b65d04a3b48f5aa953811d06,194,0.47150259067357514,36.598982382,0.035521962935981116
0xdd704b471041b806b65d04a3b48f5aa953811d06,194,0.47668393782383417,36.5723101078374,0.03553022670593864
0xdd704b471041b806b65d04a3b48f5aa953811d06,194,0.48186528497409326,36.3768261176007,0.03558978775421155
0xdd704b471041b806b65d04a3b48f5aa953811d06,194,0.48704663212435234,36.168648000000005,0.03565101433043666
0xdd704b471041b806b65d04a3b48f5aa953811d06,194,0.49222797927461137,35.339999999999996,0.036351125637777225
0xdd704b471041b806b65d04a3b48f5aa953811d06,194,0.49740932642487046,34.89229549243091,0.036357031138067916
0xdd704b471041b806b65d04a3b48f5aa953811d06,194,0.5025906735751295,34.054109848044504,0.03641280421568848
0xdd704b471041b806b65d04a3b48f5aa953811d06,194,0.5077720207253886,33.69231969352148,0.03644206641180441
0xdd704b471041b806b65d04a3b48f5aa953811d06,194,0.5129533678756477,33.68871,0.03650329298802952
0xdd704b471041b806b65d04a3b48f5aa953811d06,194,0.5181347150259067,33.13999,0.03848084949552178
0xdd704b471041b806b65d04a3b48f5aa953811d06,194,0.5233160621761658,33.129998,0.03852127629381167
0xdd704b471041b806b65d04a3b48f5aa953811d06,194,0.5284974093264249,32.999614789999995,0.03867335520895146
0xdd704b471041b806b65d04a3b48f5aa953811d06,194,0.533678756476684,32.357335275,0.03870384567051886
0xdd704b471041b806b65d04a3b48f5aa953811d06,194,0.538860103626943,31.221501234000005,0.038831958670169475
0xdd704b471041b806b65d04a3b48f5aa953811d06,194,0.5440414507772021,31.208772,0.03891984843281519
0xdd704b471041b806b65d04a3b48f5aa953811d06,194,0.5492227979274611,31.03731862921351,0.0389493305797593
0xdd704b471041b806b65d04a3b48f5aa953811d06,194,0.5544041450777202,30.999329999999997,0.039164055945986105
0xdd704b471041b806b65d04a3b48f5aa953811d06,194,0.5595854922279793,30.789569999999998,0.039164055945986105
0xdd704b471041b806b65d04a3b48f5aa953811d06,194,0.5647668393782384,29.749997999999998,0.03945697269085379
0xdd704b471041b806b65d04a3b48f5aa953811d06,194,0.5699481865284974,29.589838993230227,0.03983759741508037
0xdd704b471041b806b65d04a3b48f5aa953811d06,194,0.5751295336787565,27.74231946103591,0.03986469786400171
0xdd704b471041b806b65d04a3b48f5aa953811d06,194,0.5803108808290155,27.547938486,0.039891793399861236
0xdd704b471041b806b65d04a3b48f5aa953811d06,194,0.5854922279792746,27.509922,0.04062875267074603
0xdd704b471041b806b65d04a3b48f5aa953811d06,194,0.5906735751295337,26.928641195,0.040775402652590303
0xdd704b471041b806b65d04a3b48f5aa953811d06,194,0.5958549222797928,26.866743432,0.040896941975544616
0xdd704b471041b806b65d04a3b48f5aa953811d06,194,0.6010362694300518,26.131239529346427,0.04095811942115167
0xdd704b471041b806b65d04a3b48f5aa953811d06,194,0.6062176165803109,26.129561695677236,0.04095811942115167
0xdd704b471041b806b65d04a3b48f5aa953811d06,194,0.6113989637305699,24.837320629213508,0.04098760156809578
0xdd704b471041b806b65d04a3b48f5aa953811d06,194,0.616580310880829,24.799760999999997,0.04133023358537735
0xdd704b471041b806b65d04a3b48f5aa953811d06,194,0.6217616580310881,24.799464,0.04154495895160415
0xdd704b471041b806b65d04a3b48f5aa953811d06,194,0.6269430051813472,24.266828117600706,0.04160451999987706
0xdd704b471041b806b65d04a3b48f5aa953811d06,194,0.6321243523316062,22.714111848044503,0.04166029307749763
0xdd704b471041b806b65d04a3b48f5aa953811d06,194,0.6373056994818653,22.232323250119798,0.041689555273613566
0xdd704b471041b806b65d04a3b48f5aa953811d06,194,0.6424870466321243,22.038453485999998,0.04171665080947309
0xdd704b471041b806b65d04a3b48f5aa953811d06,194,0.6476683937823834,21.059923,0.04285047247385296
0xdd704b471041b806b65d04a3b48f5aa953811d06,194,0.6528497409326425,20.92539811562686,0.04291268166243925
0xdd704b471041b806b65d04a3b48f5aa953811d06,194,0.6580310880829016,20.727771574,0.04296323706842194
0xdd704b471041b806b65d04a3b48f5aa953811d06,194,0.6632124352331606,19.889504999375838,0.04296323706842194
0xdd704b471041b806b65d04a3b48f5aa953811d06,194,0.6683937823834197,19.87186563781765,0.04311630842204652
0xdd704b471041b806b65d04a3b48f5aa953811d06,194,0.6735751295336787,19.489443,0.043251786101344177
0xdd704b471041b806b65d04a3b48f5aa953811d06,194,0.6787564766839378,19.47246750308506,0.04326695272313899
0xdd704b471041b806b65d04a3b48f5aa953811d06,194,0.6839378238341969,18.637322629213507,0.0432964348700831
0xdd704b471041b806b65d04a3b48f5aa953811d06,194,0.689119170984456,18.599883000000002,0.04394062079488711
0xdd704b471041b806b65d04a3b48f5aa953811d06,194,0.694300518134715,18.599598,0.04415534616111392
0xdd704b471041b806b65d04a3b48f5aa953811d06,194,0.6994818652849741,17.914510739935263,0.044199249281411425
0xdd704b471041b806b65d04a3b48f5aa953811d06,194,0.7046632124352331,17.669999999999998,0.04489936058875199
0xdd704b471041b806b65d04a3b48f5aa953811d06,194,0.7098445595854922,17.325421716,0.04496000742368401
0xdd704b471041b806b65d04a3b48f5aa953811d06,194,0.7150259067357513,16.789983,0.04496000742368401
0xdd704b471041b806b65d04a3b48f5aa953811d06,194,0.7202072538860104,16.52896702809058,0.04498710787260535
0xdd704b471041b806b65d04a3b48f5aa953811d06,194,0.7253886010362695,16.519973,0.04498710787260535
0xdd704b471041b806b65d04a3b48f5aa953811d06,194,0.7305699481865285,16.28232428664838,0.045014748758325326
0xdd704b471041b806b65d04a3b48f5aa953811d06,194,0.7357512953367875,14.929791000000002,0.0453093310311452
0xdd704b471041b806b65d04a3b48f5aa953811d06,194,0.7409326424870466,13.726830429,0.04531567379393662
0xdd704b471041b806b65d04a3b48f5aa953811d06,194,0.7461139896373057,13.68963899937584,0.04531567379393662
0xdd704b471041b806b65d04a3b48f5aa953811d06,194,0.7512953367875648,12.437324629213505,0.045345155940880726
0xdd704b471041b806b65d04a3b48f5aa953811d06,194,0.7564766839378239,12.437121429,0.045375646402448136
0xdd704b471041b806b65d04a3b48f5aa953811d06,194,0.7616580310880829,12.399732,0.045590371768674934
0xdd704b471041b806b65d04a3b48f5aa953811d06,194,0.7668393782383419,12.109281,0.0458837749066614
0xdd704b471041b806b65d04a3b48f5aa953811d06,194,0.772020725388601,11.339958000000001,0.0458837749066614
0xdd704b471041b806b65d04a3b48f5aa953811d06,194,0.7772020725388601,11.10982499698208,0.04609711478945894
0xdd704b471041b806b65d04a3b48f5aa953811d06,194,0.7823834196891192,11.01897,0.046124210325318465
0xdd704b471041b806b65d04a3b48f5aa953811d06,194,0.7875647668393783,10.8405,0.04666219059306436
0xdd704b471041b806b65d04a3b48f5aa953811d06,194,0.7927461139896373,10.629356999999999,0.0468766113494592
0xdd704b471041b806b65d04a3b48f5aa953811d06,194,0.7979274611398963,9.699921,0.047357988232139346
0xdd704b471041b806b65d04a3b48f5aa953811d06,194,0.8031088082901554,9.144449397,0.04736659100336148
0xdd704b471041b806b65d04a3b48f5aa953811d06,194,0.8082901554404145,9.099951,0.04750112046173059
0xdd704b471041b806b65d04a3b48f5aa953811d06,194,0.8134715025906736,7.919911999999999,0.04793390225008859
0xdd704b471041b806b65d04a3b48f5aa953811d06,194,0.8186528497409327,7.489772999375838,0.04793390225008859
0xdd704b471041b806b65d04a3b48f5aa953811d06,194,0.8238341968911918,7.328576970000001,0.048014294680418505
0xdd704b471041b806b65d04a3b48f5aa953811d06,194,0.8290155440414507,6.199866,0.048014294680418595
0xdd704b471041b806b65d04a3b48f5aa953811d06,194,0.8341968911917098,6.199866,0.0482290200466454
0xdd704b471041b806b65d04a3b48f5aa953811d06,194,0.8393782383419689,6.199866,0.0484437454128722
0xdd704b471041b806b65d04a3b48f5aa953811d06,194,0.844559585492228,5.729518,0.04850015718852753
0xdd704b471041b806b65d04a3b48f5aa953811d06,194,0.8497409326424871,5.599080176237787,0.04879068618535754
0xdd704b471041b806b65d04a3b48f5aa953811d06,194,0.8549222797927462,5.509485,0.04881778172121707
0xdd704b471041b806b65d04a3b48f5aa953811d06,194,0.8601036269430051,5.4054,0.04881778172121707
0xdd704b471041b806b65d04a3b48f5aa953811d06,194,0.8652849740932642,5.389997999999999,0.04881778172121707
0xdd704b471041b806b65d04a3b48f5aa953811d06,194,0.8704663212435233,4.949963,0.04898921809987209
0xdd704b471041b806b65d04a3b48f5aa953811d06,194,0.8756476683937824,4.529943,0.0492140250689246
0xdd704b471041b806b65d04a3b48f5aa953811d06,194,0.8808290155440415,4.349961,0.04942990009161398
0xdd704b471041b806b65d04a3b48f5aa953811d06,194,0.8860103626943006,4.239998,0.04942990009161398
0xdd704b471041b806b65d04a3b48f5aa953811d06,194,0.8911917098445595,3.721600000000003,0.0435342259245356
0xdd704b471041b806b65d04a3b48f5aa953811d06,194,0.8963730569948186,3.6899279999999997,0.04363695313383513
0xdd704b471041b806b65d04a3b48f5aa953811d06,194,0.9015544041450777,3.5999999999999996,0.05051523966209323
0xdd704b471041b806b65d04a3b48f5aa953811d06,194,0.9067357512953368,2.997915839887786,0.050529615280937294
0xdd704b471041b806b65d04a3b48f5aa953811d06,194,0.9119170984455959,2.6599880000000002,0.0508937369239072
0xdd704b471041b806b65d04a3b48f5aa953811d06,194,0.917098445595855,2.549936,0.0509947691268837
0xdd704b471041b806b65d04a3b48f5aa953811d06,194,0.9222797927461139,2.521600000000002,0.04244604158462005
0xdd704b471041b806b65d04a3b48f5aa953811d06,194,0.927461139896373,2.319998,0.04244604158462005
0xdd704b471041b806b65d04a3b48f5aa953811d06,194,0.9326424870466321,2.209788,0.04244604158462005
0xdd704b471041b806b65d04a3b48f5aa953811d06,194,0.9378238341968912,2.0000000000000018,1.0152322791525514
0xdd704b471041b806b65d04a3b48f5aa953811d06,194,0.9430051813471503,1.839813,1.0152322791525514
0xdd704b471041b806b65d04a3b48f5aa953811d06,194,0.9481865284974094,1.6199370000000002,1.0153126715828815
0xdd704b471041b806b65d04a3b48f5aa953811d06,194,0.9533678756476683,1.539459,1.0153202426111243
0xdd704b471041b806b65d04a3b48f5aa953811d06,194,0.9585492227979274,1.3999989999999998,1.008441960995928
0xdd704b471041b806b65d04a3b48f5aa953811d06,194,0.9637305699481865,1.3524451270702207,1.0022515080335574
0xdd704b471041b806b65d04a3b48f5aa953811d06,194,0.9689119170984456,1.3399820000000002,1.0022515080335574
0xdd704b471041b806b65d04a3b48f5aa953811d06,194,0.9740932642487047,1.289907,1.0022961825045587
0xdd704b471041b806b65d04a3b48f5aa953811d06,194,0.9792746113989638,1.059999,1.0063880604210338
0xdd704b471041b806b65d04a3b48f5aa953811d06,194,0.9844559585492227,1.0199990000000012,1.0046443615426723
0xdd704b471041b806b65d04a3b48f5aa953811d06,194,0.9896373056994818,0.7192799999999999,1.0046443615426723
0xdd704b471041b806b65d04a3b48f5aa953811d06,194,0.9948186528497409,0.5671200000000003,1.001858065931311
0xdd704b471041b806b65d04a3b48f5aa953811d06,194,1.0,0.37818899999999983,1.0000000000000002
0xe27249b5caf89a279dbdceb26ca85ad01e0aac63,218,0.0,96.00000000000001,0.06957360736794466
0xe27249b5caf89a279dbdceb26ca85ad01e0aac63,218,0.009216589861751152,69.36330000000001,0.0695736073679449
0xe27249b5caf89a279dbdceb26ca85ad01e0aac63,218,0.018433179723502304,67.31650000000002,0.6489686232649453
0xe27249b5caf89a279dbdceb26ca85ad01e0aac63,218,0.027649769585253458,64.67200000000001,0.6489686232649458
0xe27249b5caf89a279dbdceb26ca85ad01e0aac63,218,0.03686635944700461,59.492562500000005,0.6489686232649459
0xe27249b5caf89a279dbdceb26ca85ad01e0aac63,218,0.04608294930875576,58.228800000000014,0.5177240609690952
0xe27249b5caf89a279dbdceb26ca85ad01e0aac63,218,0.055299539170506916,57.742562500000005,0.5177240609690948
0xe27249b5caf89a279dbdceb26ca85ad01e0aac63,218,0.06451612903225806,55.992562500000005,0.5404811147066805
0xe27249b5caf89a279dbdceb26ca85ad01e0aac63,218,0.07373271889400922,55.32921603000001,0.5404811147066803
0xe27249b5caf89a279dbdceb26ca85ad01e0aac63,218,0.08294930875576037,53.679216030000006,0.5404811147066804
0xe27249b5caf89a279dbdceb26ca85ad01e0aac63,218,0.09216589861751152,53.4288,0.5404811147066805
0xe27249b5caf89a279dbdceb26ca85ad01e0aac63,218,0.10138248847926268,51.60513684915454,0.3836282361500838
0xe27249b5caf89a279dbdceb26ca85ad01e0aac63,218,0.11059907834101383,50.043150000000004,0.38362823615008346
0xe27249b5caf89a279dbdceb26ca85ad01e0aac63,218,0.11981566820276497,49.0512,0.7455622414359349
0xe27249b5caf89a279dbdceb26ca85ad01e0aac63,218,0.12903225806451613,48.22440884,0.68671036433181
0xe27249b5caf89a279dbdceb26ca85ad01e0aac63,218,0.1382488479262673,46.80315,0.6730225137497506
0xe27249b5caf89a279dbdceb26ca85ad01e0aac63,218,0.14746543778801843,45.134144635660206,0.647430980259248
0xe27249b5caf89a279dbdceb26ca85ad01e0aac63,218,0.15668202764976957,44.800538319999994,0.647430980259248
0xe27249b5caf89a279dbdceb26ca85ad01e0aac63,218,0.16589861751152074,44.56745976,0.48515978394406106
0xe27249b5caf89a279dbdceb26ca85ad01e0aac63,218,0.17511520737327188,42.808099999999996,0.47147193336200166
0xe27249b5caf89a279dbdceb26ca85ad01e0aac63,218,0.18433179723502305,41.76315,0.45778408277994226
0xe27249b5caf89a279dbdceb26ca85ad01e0aac63,218,0.1935483870967742,39.5208,0.4440962321978834
0xe27249b5caf89a279dbdceb26ca85ad01e0aac63,218,0.20276497695852536,38.708099999999995,1.2417286339748161
0xe27249b5caf89a279dbdceb26ca85ad01e0aac63,218,0.2119815668202765,37.9262674,1.2417286339748166
0xe27249b5caf89a279dbdceb26ca85ad01e0aac63,218,0.22119815668202766,36.6581,1.2280407833927571
0xe27249b5caf89a279dbdceb26ca85ad01e0aac63,218,0.2304147465437788,35.941769803925936,1.1201306063280705
0xe27249b5caf89a279dbdceb26ca85ad01e0aac63,218,0.23963133640552994,34.36806224,1.1201306063280707
0xe27249b5caf89a279dbdceb26ca85ad01e0aac63,218,0.2488479262672811,34.00515,1.1022834640011887
0xe27249b5caf89a279dbdceb26ca85ad01e0aac63,218,0.25806451612903225,33.3,1.1022834640011887
0xe27249b5caf89a279dbdceb26ca85ad01e0aac63,218,0.2672811059907834,32.37435,1.102283464001189
0xe27249b5caf89a279dbdceb26ca85ad01e0aac63,218,0.2764976958525346,31.252200000000002,1.0496411160698973
0xe27249b5caf89a279dbdceb26ca85ad01e0aac63,218,0.2857142857142857,31.0775,1.0496411160698975
0xe27249b5caf89a279dbdceb26ca85ad01e0aac63,218,0.29493087557603687,30.017277110000002,1.049641116069898
0xe27249b5caf89a279dbdceb26ca85ad01e0aac63,218,0.30414746543778803,29.1522,1.049641116069898
0xe27249b5caf89a279dbdceb26ca85ad01e0aac63,218,0.31336405529953915,28.49303688,1.049641116069898
0xe27249b5caf89a279dbdceb26ca85ad01e0aac63,218,0.3225806451612903,27.079877109999998,1.0496411160698977
0xe27249b5caf89a279dbdceb26ca85ad01e0aac63,218,0.3317972350230415,27.051200000000005,1.0496411160698984
0xe27249b5caf89a279dbdceb26ca85ad01e0aac63,218,0.34101382488479265,26.12987711,1.0039438599435369
0xe27249b5caf89a279dbdceb26ca85ad01e0aac63,218,0.35023041474654376,25.984350000000003,1.0919822018756191
0xe27249b5caf89a279dbdceb26ca85ad01e0aac63,218,0.35944700460829493,25.78374316186142,1.1129887048328466
0xe27249b5caf89a279dbdceb26ca85ad01e0aac63,218,0.3686635944700461,25.254599999999996,1.112988704832847
0xe27249b5caf89a279dbdceb26ca85ad01e0aac63,218,0.3778801843317972,24.790499999999998,1.067183979329887
0xe27249b5caf89a279dbdceb26ca85ad01e0aac63,218,0.3870967741935484,24.184350000000002,1.0671839793298867
0xe27249b5caf89a279dbdceb26ca85ad01e0aac63,218,0.39631336405529954,23.241400000000002,1.0671839793298872
0xe27249b5caf89a279dbdceb26ca85ad01e0aac63,218,0.4055299539170507,22.994877943261766,0.7436835102881153
0xe27249b5caf89a279dbdceb26ca85ad01e0aac63,218,0.4147465437788018,22.609999999999996,0.6978787847851553
0xe27249b5caf89a279dbdceb26ca85ad01e0aac63,218,0.423963133640553,21.38759544,0.6978787847851553
0xe27249b5caf89a279dbdceb26ca85ad01e0aac63,218,0.43317972350230416,21.246299999999998,0.6978787847851551
0xe27249b5caf89a279dbdceb26ca85ad01e0aac63,218,0.4423963133640553,20.8976,0.6978787847851594
0xe27249b5caf89a279dbdceb26ca85ad01e0aac63,218,0.45161290322580644,20.0,0.8548057831656163
0xe27249b5caf89a279dbdceb26ca85ad01e0aac63,218,0.4608294930875576,19.5156,0.6848293906872374
0xe27249b5caf89a279dbdceb26ca85ad01e0aac63,218,0.4700460829493088,19.0963,0.6848293906872372
0xe27249b5caf89a279dbdceb26ca85ad01e0aac63,218,0.4792626728110599,18.5328,0.6848293906872377
0xe27249b5caf89a279dbdceb26ca85ad01e0aac63,218,0.48847926267281105,18.2735,0.6848293906872377
0xe27249b5caf89a279dbdceb26ca85ad01e0aac63,218,0.4976958525345622,18.0,0.57139416128298
0xe27249b5caf89a279dbdceb26ca85ad01e0aac63,218,0.5069124423963134,17.20151928,0.57139416128298
0xe27249b5caf89a279dbdceb26ca85ad01e0aac63,218,0.5161290322580645,16.512,0.585846649770041
0xe27249b5caf89a279dbdceb26ca85ad01e0aac63,218,0.5253456221198156,16.450200000000002,0.585846649770041
0xe27249b5caf89a279dbdceb26ca85ad01e0aac63,218,0.5345622119815668,15.546299999999999,0.5858466497700409
0xe27249b5caf89a279dbdceb26ca85ad01e0aac63,218,0.543778801843318,15.395880939999998,0.6472697258400499
0xe27249b5caf89a279dbdceb26ca85ad01e0aac63,218,0.5529953917050692,14.773499999999999,0.6472697258400499
0xe27249b5caf89a279dbdceb26ca85ad01e0aac63,218,0.5622119815668203,14.4424112,0.8485500371559233
0xe27249b5caf89a279dbdceb26ca85ad01e0aac63,218,0.5714285714285714,13.3175,0.9000685371770236
0xe27249b5caf89a279dbdceb26ca85ad01e0aac63,218,0.5806451612903226,12.88281928,1.0549031755790743
0xe27249b5caf89a279dbdceb26ca85ad01e0aac63,218,0.5898617511520737,12.481665999999999,1.0549031755790743
0xe27249b5caf89a279dbdceb26ca85ad01e0aac63,218,0.5990783410138248,12.0581,1.0549031755790743
0xe27249b5caf89a279dbdceb26ca85ad01e0aac63,218,0.6082949308755761,11.96891928,1.0332073225314524
0xe27249b5caf89a279dbdceb26ca85ad01e0aac63,218,0.6175115207373272,11.5,1.137895435357204
0xe27249b5caf89a279dbdceb26ca85ad01e0aac63,218,0.6267281105990783,10.898333,1.0916810826369507
0xe27249b5caf89a279dbdceb26ca85ad01e0aac63,218,0.6359447004608295,10.4963,1.051846411244489
0xe27249b5caf89a279dbdceb26ca85ad01e0aac63,218,0.6451612903225806,10.023399999999999,1.0482711008658578
0xe27249b5caf89a279dbdceb26ca85ad01e0aac63,218,0.6543778801843319,9.648333,1.0482711008658578
0xe27249b5caf89a279dbdceb26ca85ad01e0aac63,218,0.663594470046083,9.022,1.134187783877601
0xe27249b5caf89a279dbdceb26ca85ad01e0aac63,218,0.6728110599078341,8.447014009710147,0.9493303729965887
0xe27249b5caf89a279dbdceb26ca85ad01e0aac63,218,0.6820276497695853,7.800000000000001,0.9493303729965887
0xe27249b5caf89a279dbdceb26ca85ad01e0aac63,218,0.6912442396313364,7.48655227108868,0.9922929158072531
0xe27249b5caf89a279dbdceb26ca85ad01e0aac63,218,0.7004608294930875,6.6716999999999995,0.9906165951949458
0xe27249b5caf89a279dbdceb26ca85ad01e0aac63,218,0.7096774193548387,6.591899999999999,1.2143360754088983
0xe27249b5caf89a279dbdceb26ca85ad01e0aac63,218,0.7188940092165899,6.086600000000001,1.191252005552013
0xe27249b5caf89a279dbdceb26ca85ad01e0aac63,218,0.728110599078341,5.38570956,1.1897337548626858
0xe27249b5caf89a279dbdceb26ca85ad01e0aac63,218,0.7373271889400922,5.024633400000002,1.1897337548626858
0xe27249b5caf89a279dbdceb26ca85ad01e0aac63,218,0.7465437788018433,4.579999999999999,1.084377634574887
0xe27249b5caf89a279dbdceb26ca85ad01e0aac63,218,0.7557603686635944,4.04472782,1.040263934251009
0xe27249b5caf89a279dbdceb26ca85ad01e0aac63,218,0.7649769585253456,4.0,0.9562378383960032
0xe27249b5caf89a279dbdceb26ca85ad01e0aac63,218,0.7741935483870968,3.3599679039891295,0.9417243259568275
0xe27249b5caf89a279dbdceb26ca85ad01e0aac63,218,0.783410138248848,3.19717594,0.9417243259568275
0xe27249b5caf89a279dbdceb26ca85ad01e0aac63,218,0.7926267281105991,2.691967400000001,0.9417243259568304
0xe27249b5caf89a279dbdceb26ca85ad01e0aac63,218,0.8018433179723502,2.3200000000000003,1.0610413820709383
0xe27249b5caf89a279dbdceb26ca85ad01e0aac63,218,0.8110599078341014,1.9383,1.0221793127379986
0xe27249b5caf89a279dbdceb26ca85ad01e0aac63,218,0.8202764976958525,1.5864124000000008,1.0221793127379986
0xe27249b5caf89a279dbdceb26ca85ad01e0aac63,218,0.8294930875576036,1.25,1.0221793127379986
0xe27249b5caf89a279dbdceb26ca85ad01e0aac63,218,0.8387096774193549,1.2,1.0221793127379986
0xe27249b5caf89a279dbdceb26ca85ad01e0aac63,218,0.847926267281106,0.96972,1.0221793127379986
0xe27249b5caf89a279dbdceb26ca85ad01e0aac63,218,0.8571428571428571,0.94936,1.0221793127379986
0xe27249b5caf89a279dbdceb26ca85ad01e0aac63,218,0.8663594470046083,0.9293600000000001,1.0199736277218048
0xe27249b5caf89a279dbdceb26ca85ad01e0aac63,218,0.8755760368663594,0.9058400000000001,1.0199736277218048
0xe27249b5caf89a279dbdceb26ca85ad01e0aac63,218,0.8847926267281107,0.86584,1.0199736277218048
0xe27249b5caf89a279dbdceb26ca85ad01e0aac63,218,0.8940092165898618,0.837279996,1.017767942705611
0xe27249b5caf89a279dbdceb26ca85ad01e0aac63,218,0.9032258064516129,0.80584,1.017767942705611
0xe27249b5caf89a279dbdceb26ca85ad01e0aac63,218,0.9124423963133641,0.6806506011347371,1.0152709028413656
0xe27249b5caf89a279dbdceb26ca85ad01e0aac63,218,0.9216589861751152,0.5766699959999999,1.011414105041621
0xe27249b5caf89a279dbdceb26ca85ad01e0aac63,218,0.9308755760368663,0.5222799960000001,1.009208420025427
0xe27249b5caf89a279dbdceb26ca85ad01e0aac63,218,0.9400921658986175,0.4980700026011066,1.009208420025427
0xe27249b5caf89a279dbdceb26ca85ad01e0aac63,218,0.9493087557603687,0.321533000565562,1.0022056850161905
0xe27249b5caf89a279dbdceb26ca85ad01e0aac63,218,0.9585253456221198,0.20728000000000005,0.9999999999999967
0xe27249b5caf89a279dbdceb26ca85ad01e0aac63,218,0.967741935483871,0.1846,0.9999999999999996
0xe27249b5caf89a279dbdceb26ca85ad01e0aac63,218,0.9769585253456221,0.1591,0.9999999999999996
0xe27249b5caf89a279dbdceb26ca85ad01e0aac63,218,0.9861751152073732,0.03,0.9999999999999996
0xe27249b5caf89a279dbdceb26ca85ad01e0aac63,218,0.9953917050691244,1.5083934101767227e-14,0.9999999999999996
0xe27249b5caf89a279dbdceb26ca85ad01e0aac63,218,1.0,2.771116669464391e-15,0.9999999999999996
0xea5ea97ace089a67895dc11bb8aff9f30694a678,151,0.0,59.84,-0.00697611732897976
0xea5ea97ace089a67895dc11bb8aff9f30694a678,151,0.006666666666666667,56.949999999999996,-0.006976117328979729
0xea5ea97ace089a67895dc11bb8aff9f30694a678,151,0.013333333333333334,53.090928888888854,-0.011912609452225815
0xea5ea97ace089a67895dc11bb8aff9f30694a678,151,0.02,50.15,-0.011907479954304455
0xea5ea97ace089a67895dc11bb8aff9f30694a678,151,0.02666666666666667,46.48,0.013233899752881424
0xea5ea97ace089a67895dc11bb8aff9f30694a678,151,0.03333333333333333,42.7688095238095,0.008737039807975354
0xea5ea97ace089a67895dc11bb8aff9f30694a678,151,0.04,42.14,0.008737039807975354
0xea5ea97ace089a67895dc11bb8aff9f30694a678,151,0.04666666666666667,38.39988695652174,0.09237726691708532
0xea5ea97ace089a67895dc11bb8aff9f30694a678,151,0.05333333333333334,37.720000000000006,0.09237726691708532
0xea5ea97ace089a67895dc11bb8aff9f30694a678,151,0.06,36.74428571428572,0.09237726691708532
0xea5ea97ace089a67895dc11bb8aff9f30694a678,151,0.06666666666666667,34.1,0.09237726691708532
0xea5ea97ace089a67895dc11bb8aff9f30694a678,151,0.07333333333333333,31.900000000000006,0.07551831670538424
0xea5ea97ace089a67895dc11bb8aff9f30694a678,151,0.08,31.39,0.08105817458427994
0xea5ea97ace089a67895dc11bb8aff9f30694a678,151,0.08666666666666667,31.15,0.0871930542141552
0xea5ea97ace089a67895dc11bb8aff9f30694a678,151,0.09333333333333334,28.86,0.11502913022292739
0xea5ea97ace089a67895dc11bb8aff9f30694a678,151,0.1,28.159999999999997,0.12843421842371203
0xea5ea97ace089a67895dc11bb8aff9f30694a678,151,0.10666666666666667,27.96721052631579,0.12339363168698841
0xea5ea97ace089a67895dc11bb8aff9f30694a678,151,0.11333333333333333,27.37589285714286,0.16555857880028713
0xea5ea97ace089a67895dc11bb8aff9f30694a678,151,0.12,26.717037037037038,0.16333994982289546
0xea5ea97ace089a67895dc11bb8aff9f30694a678,151,0.12666666666666668,26.400000000000002,0.1667596151802385
0xea5ea97ace089a67895dc11bb8aff9f30694a678,151,0.13333333333333333,26.130000000000003,0.1667596151802385
0xea5ea97ace089a67895dc11bb8aff9f30694a678,151,0.14,25.914376707774046,0.29587097866099754
0xea5ea97ace089a67895dc11bb8aff9f30694a678,151,0.14666666666666667,24.5962,0.29587097866099754
0xea5ea97ace089a67895dc11bb8aff9f30694a678,151,0.15333333333333332,24.378117647058822,0.2958709786609976
0xea5ea97ace089a67895dc11bb8aff9f30694a678,151,0.16,24.076,0.3092897455232116
0xea5ea97ace089a67895dc11bb8aff9f30694a678,151,0.16666666666666666,23.759999999999998,0.3253977375146479
0xea5ea97ace089a67895dc11bb8aff9f30694a678,151,0.17333333333333334,23.700000000000003,0.3253977375146479
0xea5ea97ace089a67895dc11bb8aff9f30694a678,151,0.18,23.400000000000006,0.3315483832763607
0xea5ea97ace089a67895dc11bb8aff9f30694a678,151,0.18666666666666668,22.23312,0.3273709200758305
0xea5ea97ace089a67895dc11bb8aff9f30694a678,151,0.19333333333333333,21.75,0.3273709200758305
0xea5ea97ace089a67895dc11bb8aff9f30694a678,151,0.2,21.599999999999998,0.3273709200758305
0xea5ea97ace089a67895dc11bb8aff9f30694a678,151,0.20666666666666667,21.5315,0.3242445467982391
0xea5ea97ace089a67895dc11bb8aff9f30694a678,151,0.21333333333333335,21.08,0.30940319914737036
0xea5ea97ace089a67895dc11bb8aff9f30694a678,151,0.22,20.72043,0.30940319914737036
0xea5ea97ace089a67895dc11bb8aff9f30694a678,151,0.22666666666666666,20.58870967741936,0.30940319914737036
0xea5ea97ace089a67895dc11bb8aff9f30694a678,151,0.23333333333333334,20.048,0.30940319914737036
0xea5ea97ace089a67895dc11bb8aff9f30694a678,151,0.24,19.768888888888892,0.2998965294539568
0xea5ea97ace089a67895dc11bb8aff9f30694a678,151,0.24666666666666667,19.1177,0.2998965294539568
0xea5ea97ace089a67895dc11bb8aff9f30694a678,151,0.25333333333333335,19.080000000000002,0.29989652945395673
0xea5ea97ace089a67895dc11bb8aff9f30694a678,151,0.26,18.2271859375,0.32181229864567945
0xea5ea97ace089a67895dc11bb8aff9f30694a678,151,0.26666666666666666,18.159202,0.3388305079028534
0xea5ea97ace089a67895dc11bb8aff9f30694a678,151,0.2733333333333333,17.67,0.3154399968586271
0xea5ea97ace089a67895dc11bb8aff9f30694a678,151,0.28,17.543,0.2554488074947585
0xea5ea97ace089a67895dc11bb8aff9f30694a678,151,0.2866666666666667,17.360000000000003,0.2520291446811882
0xea5ea97ace089a67895dc11bb8aff9f30694a678,151,0.29333333333333333,17.009999999999998,0.2520291446811882
0xea5ea97ace089a67895dc11bb8aff9f30694a678,151,0.3,16.926545454545455,0.2830290329028403
0xea5ea97ace089a67895dc11bb8aff9f30694a678,151,0.30666666666666664,16.538800000000002,0.2830290329028403
0xea5ea97ace089a67895dc11bb8aff9f30694a678,151,0.31333333333333335,16.47,0.2830290329028403
0xea5ea97ace089a67895dc11bb8aff9f30694a678,151,0.32,16.45,0.2830290329028404
0xea5ea97ace089a67895dc11bb8aff9f30694a678,151,0.32666666666666666,15.55749333333333,0.28922332354236635
0xea5ea97ace089a67895dc11bb8aff9f30694a678,151,0.3333333333333333,15.516799999999996,0.28922332354236635
0xea5ea97ace089a67895dc11bb8aff9f30694a678,151,0.34,14.582947058823528,0.2892233235423663
0xea5ea97ace089a67895dc11bb8aff9f30694a678,151,0.3466666666666667,13.887360000000001,0.2997257997878382
0xea5ea97ace089a67895dc11bb8aff9f30694a678,151,0.35333333333333333,13.68,0.33152868761112825
0xea5ea97ace089a67895dc11bb8aff9f30694a678,151,0.36,13.6444,0.33152868761112825
0xea5ea97ace089a67895dc11bb8aff9f30694a678,151,0.36666666666666664,13.42,0.33152868761112825
0xea5ea97ace089a67895dc11bb8aff9f30694a678,151,0.37333333333333335,13.344,0.33152868761112825
0xea5ea97ace089a67895dc11bb8aff9f30694a678,151,0.38,12.928,0.328026950285209
0xea5ea97ace089a67895dc11bb8aff9f30694a678,151,0.38666666666666666,12.805152542372884,0.328026950285209
0xea5ea97ace089a67895dc11bb8aff9f30694a678,151,0.3933333333333333,12.150000000000002,0.3312756323746849
0xea5ea97ace089a67895dc11bb8aff9f30694a678,151,0.4,12.1,0.33777299655363663
0xea5ea97ace089a67895dc11bb8aff9f30694a678,151,0.4066666666666667,11.76,0.33777299655363663
0xea5ea97ace089a67895dc11bb8aff9f30694a678,151,0.41333333333333333,11.749099999999999,0.33777299655363663
0xea5ea97ace089a67895dc11bb8aff9f30694a678,151,0.42,11.65,0.33777299655363663
0xea5ea97ace089a67895dc11bb8aff9f30694a678,151,0.4266666666666667,11.446729411764707,0.33777299655363663
0xea5ea97ace089a67895dc11bb8aff9f30694a678,151,0.43333333333333335,11.391929999999999,0.4496426726883193
0xea5ea97ace089a67895dc11bb8aff9f30694a678,151,0.44,11.18,0.4558664636386836
0xea5ea97ace089a67895dc11bb8aff9f30694a678,151,0.44666666666666666,10.819,0.511200068785851
0xea5ea97ace089a67895dc11bb8aff9f30694a678,151,0.4533333333333333,10.665006451612905,0.602333466625971
0xea5ea97ace089a67895dc11bb8aff9f30694a678,151,0.46,10.360000000000001,0.602333466625971
0xea5ea97ace089a67895dc11bb8aff9f30694a678,151,0.4666666666666667,10.339999999999998,0.602333466625971
0xea5ea97ace089a67895dc11bb8aff9f30694a678,151,0.47333333333333333,10.20000000000001,0.602333466625971
0xea5ea97ace089a67895dc11bb8aff9f30694a678,151,0.48,10.11937,0.5990356545901293
0xea5ea97ace089a67895dc11bb8aff9f30694a678,151,0.4866666666666667,10.108235294117646,0.5875133939037406
0xea5ea97ace089a67895dc11bb8aff9f30694a678,151,0.49333333333333335,10.08,0.5850512348464536
0xea5ea97ace089a67895dc11bb8aff9f30694a678,151,0.5,9.823875,0.5797815305307881
0xea5ea97ace089a67895dc11bb8aff9f30694a678,151,0.5066666666666667,9.495352941176467,0.7910877824590492
0xea5ea97ace089a67895dc11bb8aff9f30694a678,151,0.5133333333333333,9.432,0.7910877824590492
0xea5ea97ace089a67895dc11bb8aff9f30694a678,151,0.52,9.36,0.7775459076439708
0xea5ea97ace089a67895dc11bb8aff9f30694a678,151,0.5266666666666666,9.216000000000008,0.7775459076439708
0xea5ea97ace089a67895dc11bb8aff9f30694a678,151,0.5333333333333333,9.180000000000001,0.8381702889925084
0xea5ea97ace089a67895dc11bb8aff9f30694a678,151,0.54,9.1594,0.8381702889925084
0xea5ea97ace089a67895dc11bb8aff9f30694a678,151,0.5466666666666666,9.12,0.8381702889925084
0xea5ea97ace089a67895dc11bb8aff9f30694a678,151,0.5533333333333333,9.020000000000001,0.8502759043575028
0xea5ea97ace089a67895dc11bb8aff9f30694a678,151,0.56,9.020000000000001,0.8432655903749495
0xea5ea97ace089a67895dc11bb8aff9f30694a678,151,0.5666666666666667,8.78,0.8432655903749495
0xea5ea97ace089a67895dc11bb8aff9f30694a678,151,0.5733333333333334,8.708060000000007,0.8432655903749495
0xea5ea97ace089a67895dc11bb8aff9f30694a678,151,0.58,8.600000000000001,0.8432655903749495
0xea5ea97ace089a67895dc11bb8aff9f30694a678,151,0.5866666666666667,8.298320000000006,0.8432655903749495
0xea5ea97ace089a67895dc11bb8aff9f30694a678,151,0.5933333333333334,8.244999999999997,0.8432655903749495
0xea5ea97ace089a67895dc11bb8aff9f30694a678,151,0.6,8.219999999999997,0.8432655903749495
0xea5ea97ace089a67895dc11bb8aff9f30694a678,151,0.6066666666666667,8.19,0.8382643297898353
0xea5ea97ace089a67895dc11bb8aff9f30694a678,151,0.6133333333333333,8.118650937500004,0.8382643297898353
0xea5ea97ace089a67895dc11bb8aff9f30694a678,151,0.62,8.06,0.8382643297898353
0xea5ea97ace089a67895dc11bb8aff9f30694a678,151,0.6266666666666667,8.05,0.8382643297898353
0xea5ea97ace089a67895dc11bb8aff9f30694a678,151,0.6333333333333333,8.0,0.8416839951471784
0xea5ea97ace089a67895dc11bb8aff9f30694a678,151,0.64,7.98,0.8416839951471784
0xea5ea97ace089a67895dc11bb8aff9f30694a678,151,0.6466666666666666,7.93598,0.8187457650577586
0xea5ea97ace089a67895dc11bb8aff9f30694a678,151,0.6533333333333333,7.849549999999998,0.8179906852816952
0xea5ea97ace089a67895dc11bb8aff9f30694a678,151,0.66,7.652759862068973,0.8133559774470396
0xea5ea97ace089a67895dc11bb8aff9f30694a678,151,0.6666666666666666,7.316799999999999,0.7883349699604322
0xea5ea97ace089a67895dc11bb8aff9f30694a678,151,0.6733333333333333,7.155000000000001,0.7883349699604322
0xea5ea97ace089a67895dc11bb8aff9f30694a678,151,0.68,7.055999999999997,0.7883349699604322
0xea5ea97ace089a67895dc11bb8aff9f30694a678,151,0.6866666666666666,7.029999999999998,0.7883349699604323
0xea5ea97ace089a67895dc11bb8aff9f30694a678,151,0.6933333333333334,6.8707692307692305,0.7883349699604324
0xea5ea97ace089a67895dc11bb8aff9f30694a678,151,0.7,6.67,0.7655258020269545
0xea5ea97ace089a67895dc11bb8aff9f30694a678,151,0.7066666666666667,6.55333333333333,0.7655258020269545
0xea5ea97ace089a67895dc11bb8aff9f30694a678,151,0.7133333333333334,6.529499999999999,0.7431970970761833
0xea5ea97ace089a67895dc11bb8aff9f30694a678,151,0.72,6.509999999999999,0.7431970970761833
0xea5ea97ace089a67895dc11bb8aff9f30694a678,151,0.7266666666666667,6.450000000000001,0.7431970970761833
0xea5ea97ace089a67895dc11bb8aff9f30694a678,151,0.7333333333333333,6.4399999999999995,0.7431970970761832
0xea5ea97ace089a67895dc11bb8aff9f30694a678,151,0.74,6.125,0.7431970970761832
0xea5ea97ace089a67895dc11bb8aff9f30694a678,151,0.7466666666666667,6.056538461538462,0.7731463610917084
0xea5ea97ace089a67895dc11bb8aff9f30694a678,151,0.7533333333333333,6.01999,0.8441720391127063
0xea5ea97ace089a67895dc11bb8aff9f30694a678,151,0.76,5.999271428571428,0.8441720391127063
0xea5ea97ace089a67895dc11bb8aff9f30694a678,151,0.7666666666666667,5.5145,0.8441720391127063
0xea5ea97ace089a67895dc11bb8aff9f30694a678,151,0.7733333333333333,5.5115,0.8441720391127063
0xea5ea97ace089a67895dc11bb8aff9f30694a678,151,0.78,5.44,0.847518902103685
0xea5ea97ace089a67895dc11bb8aff9f30694a678,151,0.7866666666666666,5.3297000000000025,0.8407511893318896
0xea5ea97ace089a67895dc11bb8aff9f30694a678,151,0.7933333333333333,5.279999999999999,0.8407511893318896
0xea5ea97ace089a67895dc11bb8aff9f30694a678,151,0.8,5.204340000000001,0.8390058599518548
0xea5ea97ace089a67895dc11bb8aff9f30694a678,151,0.8066666666666666,5.2,0.855018267141174
0xea5ea97ace089a67895dc11bb8aff9f30694a678,151,0.8133333333333334,5.136,0.8579728580099184
0xea5ea97ace089a67895dc11bb8aff9f30694a678,151,0.82,4.599999999999999,0.92089470058503
0xea5ea97ace089a67895dc11bb8aff9f30694a678,151,0.8266666666666667,4.533333333333334,0.92089470058503
0xea5ea97ace089a67895dc11bb8aff9f30694a678,151,0.8333333333333334,4.450000000000001,0.9056771897448536
0xea5ea97ace089a67895dc11bb8aff9f30694a678,151,0.84,4.42,0.8905622688653974
0xea5ea97ace089a67895dc11bb8aff9f30694a678,151,0.8466666666666667,4.3999999999999995,0.8905622688653974
0xea5ea97ace089a67895dc11bb8aff9f30694a678,151,0.8533333333333334,4.188,0.8905622688653974
0xea5ea97ace089a67895dc11bb8aff9f30694a678,151,0.86,4.145500000000001,0.8892078526801555
0xea5ea97ace089a67895dc11bb8aff9f30694a678,151,0.8666666666666667,4.050000000000001,0.8924565347696313
0xea5ea97ace089a67895dc11bb8aff9f30694a678,151,0.8733333333333333,3.9182,0.9136988120363746
0xea5ea97ace089a67895dc11bb8aff9f30694a678,151,0.88,3.9063800000000013,0.9136988120363746
0xea5ea97ace089a67895dc11bb8aff9f30694a678,151,0.8866666666666667,3.8200000000000007,0.9692793116696728
0xea5ea97ace089a67895dc11bb8aff9f30694a678,151,0.8933333333333333,3.7800000000000002,0.9771445419915619
0xea5ea97ace089a67895dc11bb8aff9f30694a678,151,0.9,3.5999999999999996,0.9771445419915621
0xea5ea97ace089a67895dc11bb8aff9f30694a678,151,0.9066666666666666,3.1893400000000014,0.9766247528572459
0xea5ea97ace089a67895dc11bb8aff9f30694a678,151,0.9133333333333333,2.867540000000003,0.9766247528572459
0xea5ea97ace089a67895dc11bb8aff9f30694a678,151,0.92,2.6058333333333352,0.9751132323105718
0xea5ea97ace089a67895dc11bb8aff9f30694a678,151,0.9266666666666666,2.6000000000000023,0.9751132323105718
0xea5ea97ace089a67895dc11bb8aff9f30694a678,151,0.9333333333333333,2.52,0.9664956756100674
0xea5ea97ace089a67895dc11bb8aff9f30694a678,151,0.94,2.42,0.9664956756100674
0xea5ea97ace089a67895dc11bb8aff9f30694a678,151,0.9466666666666667,2.4000000000000004,0.9685474748244733
0xea5ea97ace089a67895dc11bb8aff9f30694a678,151,0.9533333333333334,2.3499999999999996,0.9685474748244736
0xea5ea97ace089a67895dc11bb8aff9f30694a678,151,0.96,2.3030000000000017,0.968262085798932
0xea5ea97ace089a67895dc11bb8aff9f30694a678,151,0.9666666666666667,2.1999999999999997,0.9682620857989321
0xea5ea97ace089a67895dc11bb8aff9f30694a678,151,0.9733333333333334,2.0300000000000002,0.9852578226249271
0xea5ea97ace089a67895dc11bb8aff9f30694a678,151,0.98,1.68,0.9852578226249271
0xea5ea97ace089a67895dc11bb8aff9f30694a678,151,0.9866666666666667,1.56,0.986762475382158
0xea5ea97ace089a67895dc11bb8aff9f30694a678,151,0.9933333333333333,1.548,1.001986825553049
0xea5ea97ace089a67895dc11bb8aff9f30694a678,151,1.0,1.1500000000000004,1.0000000000000004
0xed541ad118dea9103306043869e83344cac44967,143,0.0,142.40699999999998,0.029841246973502655
0xed541ad118dea9103306043869e83344cac44967,143,0.007042253521126761,117.49999999999999,0.034317434019528054
0xed541ad118dea9103306043869e83344cac44967,143,0.014084507042253521,106.407,0.04177774576290372
0xed541ad118dea9103306043869e83344cac44967,143,0.02112676056338028,106.128,0.05167757944636322
0xed541ad118dea9103306043869e83344cac44967,143,0.028169014084507043,100.6539,0.06097312748018566
0xed541ad118dea9103306043869e83344cac44967,143,0.035211267605633804,94.185,0.06108503216078299
0xed541ad118dea9103306043869e83344cac44967,143,0.04225352112676056,93.31775999999999,0.06108503216078299
0xed541ad118dea9103306043869e83344cac44967,143,0.04929577464788732,75.6585,0.07264851536301527
0xed541ad118dea9103306043869e83344cac44967,143,0.056338028169014086,73.60000000000001,0.07264851536301527
0xed541ad118dea9103306043869e83344cac44967,143,0.06338028169014084,72.9708,0.07264851536301527
0xed541ad118dea9103306043869e83344cac44967,143,0.07042253521126761,69.8176,0.07264851536301527
0xed541ad118dea9103306043869e83344cac44967,143,0.07746478873239436,62.731399999999994,0.07264851536301527
0xed541ad118dea9103306043869e83344cac44967,143,0.08450704225352113,59.64,0.07264851536301527
0xed541ad118dea9103306043869e83344cac44967,143,0.09154929577464789,51.82450000000001,0.07264851536301527
0xed541ad118dea9103306043869e83344cac44967,143,0.09859154929577464,51.271430001547834,0.07264851536301527
0xed541ad118dea9103306043869e83344cac44967,143,0.1056338028169014,49.4,0.07712470240904068
0xed541ad118dea9103306043869e83344cac44967,143,0.11267605633802817,48.60000000000001,0.07712470240904068
0xed541ad118dea9103306043869e83344cac44967,143,0.11971830985915492,46.736166059999995,0.07712470240904068
0xed541ad118dea9103306043869e83344cac44967,143,0.1267605633802817,45.278999999999996,0.11031326389999048
0xed541ad118dea9103306043869e83344cac44967,143,0.13380281690140844,43.7581,0.11814659123053493
0xed541ad118dea9103306043869e83344cac44967,143,0.14084507042253522,41.795,0.2513131558497905
0xed541ad118dea9103306043869e83344cac44967,143,0.14788732394366197,41.5,0.2513131558497905
0xed541ad118dea9103306043869e83344cac44967,143,0.15492957746478872,40.773599999999995,0.2617575922905165
0xed541ad118dea9103306043869e83344cac44967,143,0.1619718309859155,40.562,0.26175759229051654
0xed541ad118dea9103306043869e83344cac44967,143,0.16901408450704225,40.0608,0.2617575922905166
0xed541ad118dea9103306043869e83344cac44967,143,0.176056338028169,39.808099999999996,0.27861491306442954
0xed541ad118dea9103306043869e83344cac44967,143,0.18309859154929578,38.35,0.24194971927507533
0xed541ad118dea9103306043869e83344cac44967,143,0.19014084507042253,37.1077,0.2419497192750754
0xed541ad118dea9103306043869e83344cac44967,143,0.19718309859154928,34.0767,0.24194971927507547
0xed541ad118dea9103306043869e83344cac44967,143,0.20422535211267606,33.884956683999995,0.24194971927507547
0xed541ad118dea9103306043869e83344cac44967,143,0.2112676056338028,29.528899999999997,0.27351504429247225
0xed541ad118dea9103306043869e83344cac44967,143,0.21830985915492956,27.599999999999998,0.2735150442924723
0xed541ad118dea9103306043869e83344cac44967,143,0.22535211267605634,27.527340474,0.3022502781367198
0xed541ad118dea9103306043869e83344cac44967,143,0.2323943661971831,26.95,0.30225027813671984
0xed541ad118dea9103306043869e83344cac44967,143,0.23943661971830985,24.5,0.30225027813671984
0xed541ad118dea9103306043869e83344cac44967,143,0.24647887323943662,23.165100000000002,0.3022502781367199
0xed541ad118dea9103306043869e83344cac44967,143,0.2535211267605634,22.8024,0.3022502781367199
0xed541ad118dea9103306043869e83344cac44967,143,0.2605633802816901,22.636200000000002,0.3830738035021032
0xed541ad118dea9103306043869e83344cac44967,143,0.2676056338028169,21.56,0.4020975984477111
0xed541ad118dea9103306043869e83344cac44967,143,0.2746478873239437,21.254400000000004,0.4020975984477111
0xed541ad118dea9103306043869e83344cac44967,143,0.28169014084507044,21.09,0.38719189558444655
0xed541ad118dea9103306043869e83344cac44967,143,0.2887323943661972,20.88,0.4874584854154155
0xed541ad118dea9103306043869e83344cac44967,143,0.29577464788732394,20.720000000000002,0.45015693352865654
0xed541ad118dea9103306043869e83344cac44967,143,0.3028169014084507,19.88,0.45015693352865654
0xed541ad118dea9103306043869e83344cac44967,143,0.30985915492957744,19.2,0.44194462236154863
0xed541ad118dea9103306043869e83344cac44967,143,0.31690140845070425,19.012449999999998,0.35279389702820946
0xed541ad118dea9103306043869e83344cac44967,143,0.323943661971831,18.0992,0.289387215458911
0xed541ad118dea9103306043869e83344cac44967,143,0.33098591549295775,17.28,0.28938721545891105
0xed541ad118dea9103306043869e83344cac44967,143,0.3380281690140845,16.43965434,0.28938721545891105
0xed541ad118dea9103306043869e83344cac44967,143,0.34507042253521125,16.2687,0.28938721545891105
0xed541ad118dea9103306043869e83344cac44967,143,0.352112676056338,15.729400000000002,0.28938721545891105
0xed541ad118dea9103306043869e83344cac44967,143,0.3591549295774648,14.9702,0.4043491273619813
0xed541ad118dea9103306043869e83344cac44967,143,0.36619718309859156,14.825,0.4043491273619812
0xed541ad118dea9103306043869e83344cac44967,143,0.3732394366197183,13.767799999999998,0.4443528109923102
0xed541ad118dea9103306043869e83344cac44967,143,0.38028169014084506,13.64,0.4443528109923102
0xed541ad118dea9103306043869e83344cac44967,143,0.3873239436619718,13.449999999999998,0.4443528109923102
0xed541ad118dea9103306043869e83344cac44967,143,0.39436619718309857,12.219999999999999,0.5471559068160269
0xed541ad118dea9103306043869e83344cac44967,143,0.4014084507042254,11.700000000000001,0.6071591929727264
0xed541ad118dea9103306043869e83344cac44967,143,0.4084507042253521,11.589999999999998,0.8265669613454046
0xed541ad118dea9103306043869e83344cac44967,143,0.4154929577464789,10.935,0.8265669613454046
0xed541ad118dea9103306043869e83344cac44967,143,0.4225352112676056,10.71,0.8265669613454045
0xed541ad118dea9103306043869e83344cac44967,143,0.4295774647887324,10.584,0.8492463090452667
0xed541ad118dea9103306043869e83344cac44967,143,0.43661971830985913,10.331958754,0.8492463090452667
0xed541ad118dea9103306043869e83344cac44967,143,0.44366197183098594,10.224999999999998,0.8231352179434518
0xed541ad118dea9103306043869e83344cac44967,143,0.4507042253521127,10.118641056880106,0.8007542901736365
0xed541ad118dea9103306043869e83344cac44967,143,0.45774647887323944,10.08,0.8228368129340284
0xed541ad118dea9103306043869e83344cac44967,143,0.4647887323943662,10.08,0.8228368129340283
0xed541ad118dea9103306043869e83344cac44967,143,0.47183098591549294,9.854953995,0.8203435767493922
0xed541ad118dea9103306043869e83344cac44967,143,0.4788732394366197,9.6,0.8203435767493922
0xed541ad118dea9103306043869e83344cac44967,143,0.4859154929577465,9.59002300266673,0.8171186843680577
0xed541ad118dea9103306043869e83344cac44967,143,0.49295774647887325,9.549999999999999,0.8171186843680577
0xed541ad118dea9103306043869e83344cac44967,143,0.5,9.520753995,0.814880590845045
0xed541ad118dea9103306043869e83344cac44967,143,0.5070422535211268,9.220753995,0.8121948786174298
0xed541ad118dea9103306043869e83344cac44967,143,0.5140845070422535,9.21110833,0.8121948786174298
0xed541ad118dea9103306043869e83344cac44967,143,0.5211267605633803,9.11009833,0.8121948786174298
0xed541ad118dea9103306043869e83344cac44967,143,0.528169014084507,9.09999733,0.8121948786174298
0xed541ad118dea9103306043869e83344cac44967,143,0.5352112676056338,8.94757333,0.8121948786174298
0xed541ad118dea9103306043869e83344cac44967,143,0.5422535211267606,8.860754012518615,0.8121948786174298
0xed541ad118dea9103306043869e83344cac44967,143,0.5492957746478874,8.75757333,0.8121948786174298
0xed541ad118dea9103306043869e83344cac44967,143,0.5563380281690141,8.668300000000002,0.8121948786174298
0xed541ad118dea9103306043869e83344cac44967,143,0.5633802816901409,8.602,0.8349115278760088
0xed541ad118dea9103306043869e83344cac44967,143,0.5704225352112676,8.436705,0.8349115278760088
0xed541ad118dea9103306043869e83344cac44967,143,0.5774647887323944,8.4,0.8013401250308182
0xed541ad118dea9103306043869e83344cac44967,143,0.5845070422535211,8.0,0.8013401250308182
0xed541ad118dea9103306043869e83344cac44967,143,0.5915492957746479,7.949111826000001,0.8013401250308182
0xed541ad118dea9103306043869e83344cac44967,143,0.5985915492957746,7.884800000000003,0.8013401250308182
0xed541ad118dea9103306043869e83344cac44967,143,0.6056338028169014,7.499204999999999,0.8013401250308182
0xed541ad118dea9103306043869e83344cac44967,143,0.6126760563380281,7.157856970000001,0.793133782113105
0xed541ad118dea9103306043869e83344cac44967,143,0.6197183098591549,7.000000000000001,0.7706782437655443
0xed541ad118dea9103306043869e83344cac44967,143,0.6267605633802817,6.9738,0.748670324122586
0xed541ad118dea9103306043869e83344cac44967,143,0.6338028169014085,6.649999999999999,0.729210151923986
0xed541ad118dea9103306043869e83344cac44967,143,0.6408450704225352,6.647,0.8064467594031542
0xed541ad118dea9103306043869e83344cac44967,143,0.647887323943662,6.510000000000002,0.8064467594031542
0xed541ad118dea9103306043869e83344cac44967,143,0.6549295774647887,6.399999999999999,0.9079069991130633
0xed541ad118dea9103306043869e83344cac44967,143,0.6619718309859155,6.331799999999999,0.9079069991130633
0xed541ad118dea9103306043869e83344cac44967,143,0.6690140845070423,6.159139756,0.9079069991130633
0xed541ad118dea9103306043869e83344cac44967,143,0.676056338028169,6.0,0.9079069991130633
0xed541ad118dea9103306043869e83344cac44967,143,0.6830985915492958,5.6875,0.9027780347894925
0xed541ad118dea9103306043869e83344cac44967,143,0.6901408450704225,5.6000000000000005,0.9296351570656449
0xed541ad118dea9103306043869e83344cac44967,143,0.6971830985915493,5.4399999999999995,0.9296351570656449
0xed541ad118dea9103306043869e83344cac44967,143,0.704225352112676,5.4399999999999995,0.929635157065645
0xed541ad118dea9103306043869e83344cac44967,143,0.7112676056338029,4.88,0.952911329704977
0xed541ad118dea9103306043869e83344cac44967,143,0.7183098591549296,4.764704999999998,1.027514409837175
0xed541ad118dea9103306043869e83344cac44967,143,0.7253521126760564,4.7585999999999995,1.027514409837175
0xed541ad118dea9103306043869e83344cac44967,143,0.7323943661971831,4.3999999999999995,1.0237073981893008
0xed541ad118dea9103306043869e83344cac44967,143,0.7394366197183099,4.399999999999998,1.055790163919545
0xed541ad118dea9103306043869e83344cac44967,143,0.7464788732394366,4.35,1.1352424839864959
0xed541ad118dea9103306043869e83344cac44967,143,0.7535211267605634,4.29280210146102,1.1352424839864959
0xed541ad118dea9103306043869e83344cac44967,143,0.7605633802816901,4.056428429999999,1.1352424839864959
0xed541ad118dea9103306043869e83344cac44967,143,0.7676056338028169,4.000000000000001,1.1352424839864959
0xed541ad118dea9103306043869e83344cac44967,143,0.7746478873239436,3.999999999999999,1.1352424839864965
0xed541ad118dea9103306043869e83344cac44967,143,0.7816901408450704,3.9556,1.1057324748543997
0xed541ad118dea9103306043869e83344cac44967,143,0.7887323943661971,3.689,1.1057324748543997
0xed541ad118dea9103306043869e83344cac44967,143,0.795774647887324,3.38,1.08051662116179
0xed541ad118dea9103306043869e83344cac44967,143,0.8028169014084507,3.199999999999999,1.0566436235829881
0xed541ad118dea9103306043869e83344cac44967,143,0.8098591549295775,2.999999,1.0387898909096822
0xed541ad118dea9103306043869e83344cac44967,143,0.8169014084507042,2.5,1.0574406702681214
0xed541ad118dea9103306043869e83344cac44967,143,0.823943661971831,2.34,1.0574406702681214
0xed541ad118dea9103306043869e83344cac44967,143,0.8309859154929577,2.325,1.0574406702681212
0xed541ad118dea9103306043869e83344cac44967,143,0.8380281690140845,2.205,1.0574406702681212
0xed541ad118dea9103306043869e83344cac44967,143,0.8450704225352113,2.1,1.0429676654859723
0xed541ad118dea9103306043869e83344cac44967,143,0.852112676056338,2.0790000000000006,1.0429676654859723
0xed541ad118dea9103306043869e83344cac44967,143,0.8591549295774648,1.8445867999999999,1.029207120475316
0xed541ad118dea9103306043869e83344cac44967,143,0.8661971830985915,1.8,1.0157785593372397
0xed541ad118dea9103306043869e83344cac44967,143,0.8732394366197183,1.5,1.0157785593372397
0xed541ad118dea9103306043869e83344cac44967,143,0.8802816901408451,1.4999999999999998,1.0105134443243522
0xed541ad118dea9103306043869e83344cac44967,143,0.8873239436619719,1.4184000000000014,1.0046944011645191
0xed541ad118dea9103306043869e83344cac44967,143,0.8943661971830986,1.3552500000000012,1.0046944011645191
0xed541ad118dea9103306043869e83344cac44967,143,0.9014084507042254,1.2376,1.0046944011645191
0xed541ad118dea9103306043869e83344cac44967,143,0.9084507042253521,1.070408,1.0046944011645191
0xed541ad118dea9103306043869e83344cac44967,143,0.9154929577464789,0.79425,1.0015666654661088
0xed541ad118dea9103306043869e83344cac44967,143,0.9225352112676056,0.375,1.0015666654661088
0xed541ad118dea9103306043869e83344cac44967,143,0.9295774647887324,0.16000000000000003,1.0003730155871688
0xed541ad118dea9103306043869e83344cac44967,143,0.9366197183098591,0.15,1.0
0xed541ad118dea9103306043869e83344cac44967,143,0.9436619718309859,0.05,1.0
0xed541ad118dea9103306043869e83344cac44967,143,0.9507042253521126,0.020408,1.0
0xed541ad118dea9103306043869e83344cac44967,143,0.9577464788732394,4.413999999997035e-06,1.0
0xed541ad118dea9103306043869e83344cac44967,143,0.9647887323943662,3.2951419370874646e-15,1.0
0xed541ad118dea9103306043869e83344cac44967,143,0.971830985915493,1.2789769243681803e-15,1.0
0xed541ad118dea9103306043869e83344cac44967,143,0.9788732394366197,1.1723955140041654e-15,1.0
0xed541ad118dea9103306043869e83344cac44967,143,0.9859154929577465,1.118272141553689e-15,1.0
0xed541ad118dea9103306043869e83344cac44967,143,0.9929577464788732,1.0125233984581429e-15,1.0
0xed541ad118dea9103306043869e83344cac44967,143,1.0,8.88178419700125e-17,1.0
0xef2281918ea87f8f9070cb982e70f2151240441d,122,0.0,55.21888364999999,0.1646599394701927
0xef2281918ea87f8f9070cb982e70f2151240441d,122,0.008264462809917356,41.699099999999994,0.1646599394701927
0xef2281918ea87f8f9070cb982e70f2151240441d,122,0.01652892561983471,37.9291,0.1646599394701927
0xef2281918ea87f8f9070cb982e70f2151240441d,122,0.024793388429752067,37.83593082,0.22133116368118683
0xef2281918ea87f8f9070cb982e70f2151240441d,122,0.03305785123966942,31.427295600000004,0.4264705490163753
0xef2281918ea87f8f9070cb982e70f2151240441d,122,0.04132231404958678,31.001128400000002,0.43474054333287987
0xef2281918ea87f8f9070cb982e70f2151240441d,122,0.049586776859504134,30.389099999999996,0.43474054333287987
0xef2281918ea87f8f9070cb982e70f2151240441d,122,0.05785123966942149,28.89505933333333,0.4631144585699481
0xef2281918ea87f8f9070cb982e70f2151240441d,122,0.06611570247933884,27.9011284,0.47138445288645264
0xef2281918ea87f8f9070cb982e70f2151240441d,122,0.0743801652892562,26.786700000000003,0.4713844528864528
0xef2281918ea87f8f9070cb982e70f2151240441d,122,0.08264462809917356,26.6012103,0.5297096759607479
0xef2281918ea87f8f9070cb982e70f2151240441d,122,0.09090909090909091,23.550281016042778,0.5297096759607479
0xef2281918ea87f8f9070cb982e70f2151240441d,122,0.09917355371900827,23.106721771217707,0.5685803902997542
0xef2281918ea87f8f9070cb982e70f2151240441d,122,0.10743801652892562,16.731400000000004,0.5796116921922537
0xef2281918ea87f8f9070cb982e70f2151240441d,122,0.11570247933884298,16.6455,0.5476459884424124
0xef2281918ea87f8f9070cb982e70f2151240441d,122,0.12396694214876033,16.099999999999998,0.5829022800022475
0xef2281918ea87f8f9070cb982e70f2151240441d,122,0.1322314049586777,15.425800000000002,0.5972659543414396
0xef2281918ea87f8f9070cb982e70f2151240441d,122,0.14049586776859505,15.3265,0.6055555356754585
0xef2281918ea87f8f9070cb982e70f2151240441d,122,0.1487603305785124,14.865,0.605751403961902
0xef2281918ea87f8f9070cb982e70f2151240441d,122,0.15702479338842976,13.725800000000003,0.6106637805859058
0xef2281918ea87f8f9070cb982e70f2151240441d,122,0.1652892561983471,13.18521702989721,0.851510359334208
0xef2281918ea87f8f9070cb982e70f2151240441d,122,0.17355371900826447,13.144400000000003,0.8555321880806905
0xef2281918ea87f8f9070cb982e70f2151240441d,122,0.18181818181818182,12.322000000000001,0.8476234854398655
0xef2281918ea87f8f9070cb982e70f2151240441d,122,0.19008264462809918,11.6127,0.8476234854398655
0xef2281918ea87f8f9070cb982e70f2151240441d,122,0.19834710743801653,11.424056603773588,0.8476234854398655
0xef2281918ea87f8f9070cb982e70f2151240441d,122,0.2066115702479339,11.23936,0.8476234854398655
0xef2281918ea87f8f9070cb982e70f2151240441d,122,0.21487603305785125,11.173818999999996,0.8476234854398655
0xef2281918ea87f8f9070cb982e70f2151240441d,122,0.2231404958677686,11.1,0.908560285666741
0xef2281918ea87f8f9070cb982e70f2151240441d,122,0.23140495867768596,10.677918999999996,0.908560285666741
0xef2281918ea87f8f9070cb982e70f2151240441d,122,0.2396694214876033,10.527918999999997,0.908560285666741
0xef2281918ea87f8f9070cb982e70f2151240441d,122,0.24793388429752067,10.499804000000003,0.8905504141737236
0xef2281918ea87f8f9070cb982e70f2151240441d,122,0.256198347107438,10.469038999999997,0.8905504141737236
0xef2281918ea87f8f9070cb982e70f2151240441d,122,0.2644628099173554,10.423400000000003,0.8976872186942709
0xef2281918ea87f8f9070cb982e70f2151240441d,122,0.2727272727272727,10.409038999999996,0.8976872186942709
0xef2281918ea87f8f9070cb982e70f2151240441d,122,0.2809917355371901,10.369038999999997,0.8976872186942709
0xef2281918ea87f8f9070cb982e70f2151240441d,122,0.2892561983471074,10.363538999999998,0.8976872186942709
0xef2281918ea87f8f9070cb982e70f2151240441d,122,0.2975206611570248,10.327538999999998,0.8976872186942709
0xef2281918ea87f8f9070cb982e70f2151240441d,122,0.30578512396694213,10.309898999999998,0.8976872186942709
0xef2281918ea87f8f9070cb982e70f2151240441d,122,0.3140495867768595,10.309338999999998,0.8976872186942709
0xef2281918ea87f8f9070cb982e70f2151240441d,122,0.32231404958677684,10.291338999999999,0.8976872186942709
0xef2281918ea87f8f9070cb982e70f2151240441d,122,0.3305785123966942,10.261338999999998,0.8976872186942709
0xef2281918ea87f8f9070cb982e70f2151240441d,122,0.33884297520661155,10.251338999999998,0.8976872186942709
0xef2281918ea87f8f9070cb982e70f2151240441d,122,0.34710743801652894,10.243538999999998,0.8976872186942709
0xef2281918ea87f8f9070cb982e70f2151240441d,122,0.35537190082644626,10.224,0.8976872186942709
0xef2281918ea87f8f9070cb982e70f2151240441d,122,0.36363636363636365,10.1664,0.8917363048361251
0xef2281918ea87f8f9070cb982e70f2151240441d,122,0.371900826446281,9.86,0.8923456728383939
0xef2281918ea87f8f9070cb982e70f2151240441d,122,0.38016528925619836,9.758000000000001,0.8923456728383943
0xef2281918ea87f8f9070cb982e70f2151240441d,122,0.3884297520661157,9.557000000000002,0.8994824773589417
0xef2281918ea87f8f9070cb982e70f2151240441d,122,0.39669421487603307,9.03,0.8994824773589417
0xef2281918ea87f8f9070cb982e70f2151240441d,122,0.4049586776859504,8.6,0.8620498715052898
0xef2281918ea87f8f9070cb982e70f2151240441d,122,0.4132231404958678,8.395800000000001,0.8529093514712585
0xef2281918ea87f8f9070cb982e70f2151240441d,122,0.4214876033057851,8.346299999999996,0.8439255260663819
0xef2281918ea87f8f9070cb982e70f2151240441d,122,0.4297520661157025,8.3265,0.8522151074004009
0xef2281918ea87f8f9070cb982e70f2151240441d,122,0.4380165289256198,7.6,0.906187701887062
0xef2281918ea87f8f9070cb982e70f2151240441d,122,0.4462809917355372,7.243539,0.906187701887062
0xef2281918ea87f8f9070cb982e70f2151240441d,122,0.45454545454545453,7.17382,0.906187701887062
0xef2281918ea87f8f9070cb982e70f2151240441d,122,0.4628099173553719,7.0,0.9144772832210809
0xef2281918ea87f8f9070cb982e70f2151240441d,122,0.47107438016528924,6.9156,0.9144772832210811
0xef2281918ea87f8f9070cb982e70f2151240441d,122,0.4793388429752066,6.8999999999999995,0.9087318134854043
0xef2281918ea87f8f9070cb982e70f2151240441d,122,0.48760330578512395,6.307504000000001,0.8965109381999045
0xef2281918ea87f8f9070cb982e70f2151240441d,122,0.49586776859504134,6.06606,0.8886022355590794
0xef2281918ea87f8f9070cb982e70f2151240441d,122,0.5041322314049587,5.9147,0.8886022355590794
0xef2281918ea87f8f9070cb982e70f2151240441d,122,0.512396694214876,5.8404799999999994,0.8886022355590794
0xef2281918ea87f8f9070cb982e70f2151240441d,122,0.5206611570247934,5.8,0.9173746051288326
0xef2281918ea87f8f9070cb982e70f2151240441d,122,0.5289256198347108,5.639727000000001,0.9173746051288326
0xef2281918ea87f8f9070cb982e70f2151240441d,122,0.5371900826446281,5.416000000000001,0.9173746051288325
0xef2281918ea87f8f9070cb982e70f2151240441d,122,0.5454545454545454,5.3964,0.9173746051288325
0xef2281918ea87f8f9070cb982e70f2151240441d,122,0.5537190082644629,5.27,0.9684309384617789
0xef2281918ea87f8f9070cb982e70f2151240441d,122,0.5619834710743802,4.673500000000001,0.968430938461779
0xef2281918ea87f8f9070cb982e70f2151240441d,122,0.5702479338842975,4.24048,0.968430938461779
0xef2281918ea87f8f9070cb982e70f2151240441d,122,0.5785123966942148,4.2,0.968430938461779
0xef2281918ea87f8f9070cb982e70f2151240441d,122,0.5867768595041323,4.199999999999999,0.968430938461779
0xef2281918ea87f8f9070cb982e70f2151240441d,122,0.5950413223140496,3.5999999999999996,0.9684309384617792
0xef2281918ea87f8f9070cb982e70f2151240441d,122,0.6033057851239669,3.5,0.9684309384617792
0xef2281918ea87f8f9070cb982e70f2151240441d,122,0.6115702479338843,3.499804,0.9641105193256937
0xef2281918ea87f8f9070cb982e70f2151240441d,122,0.6198347107438017,3.3000000000000003,0.9593226278792963
0xef2281918ea87f8f9070cb982e70f2151240441d,122,0.628099173553719,3.3000000000000003,0.9884852394164438
0xef2281918ea87f8f9070cb982e70f2151240441d,122,0.6363636363636364,3.2,1.0207695561766426
0xef2281918ea87f8f9070cb982e70f2151240441d,122,0.6446280991735537,3.15,1.0207695561766426
0xef2281918ea87f8f9070cb982e70f2151240441d,122,0.6528925619834711,3.1,1.019420241314476
0xef2281918ea87f8f9070cb982e70f2151240441d,122,0.6611570247933884,2.7594000000000003,1.0296515300725684
0xef2281918ea87f8f9070cb982e70f2151240441d,122,0.6694214876033058,2.7000000000000006,1.0296515300725684
0xef2281918ea87f8f9070cb982e70f2151240441d,122,0.6776859504132231,2.6399999999999997,1.0181605906012148
0xef2281918ea87f8f9070cb982e70f2151240441d,122,0.6859504132231405,2.507204,1.0166371705955428
0xef2281918ea87f8f9070cb982e70f2151240441d,122,0.6942148760330579,2.352,1.0166371705955428
0xef2281918ea87f8f9070cb982e70f2151240441d,122,0.7024793388429752,2.3453,1.0064289507689648
0xef2281918ea87f8f9070cb982e70f2151240441d,122,0.7107438016528925,2.2404800000000002,1.0046880734762476
0xef2281918ea87f8f9070cb982e70f2151240441d,122,0.71900826446281,2.2102,1.0046880734762478
0xef2281918ea87f8f9070cb982e70f2151240441d,122,0.7272727272727273,2.1664,1.0046880734762478
0xef2281918ea87f8f9070cb982e70f2151240441d,122,0.7355371900826446,2.157204,1.0046880734762478
0xef2281918ea87f8f9070cb982e70f2151240441d,122,0.743801652892562,1.9008,1.0046880734762478
0xef2281918ea87f8f9070cb982e70f2151240441d,122,0.7520661157024794,1.8900000000000001,1.0046880734762478
0xef2281918ea87f8f9070cb982e70f2151240441d,122,0.7603305785123967,1.85,0.9966357105891249
0xef2281918ea87f8f9070cb982e70f2151240441d,122,0.768595041322314,1.7872000000000001,1.0191945140331142
0xef2281918ea87f8f9070cb982e70f2151240441d,122,0.7768595041322314,1.4000000000000001,1.01888983003198
0xef2281918ea87f8f9070cb982e70f2151240441d,122,0.7851239669421488,1.4000000000000001,1.0127961500092924
0xef2281918ea87f8f9070cb982e70f2151240441d,122,0.7933884297520661,1.2454400000000003,1.0083612123538155
0xef2281918ea87f8f9070cb982e70f2151240441d,122,0.8016528925619835,1.2,1.0057496352012352
0xef2281918ea87f8f9070cb982e70f2151240441d,122,0.8099173553719008,1.144,1.000770228096982
0xef2281918ea87f8f9070cb982e70f2151240441d,122,0.8181818181818182,1.1,0.9959823366505846
0xef2281918ea87f8f9070cb982e70f2151240441d,122,0.8264462809917356,1.0,0.9916297080629506
0xef2281918ea87f8f9070cb982e70f2151240441d,122,0.8347107438016529,0.9600000000000009,0.987451184618822
0xef2281918ea87f8f9070cb982e70f2151240441d,122,0.8429752066115702,0.84,0.987451184618822
0xef2281918ea87f8f9070cb982e70f2151240441d,122,0.8512396694214877,0.8000000000000002,1.0057322246868845
0xef2281918ea87f8f9070cb982e70f2151240441d,122,0.859504132231405,0.6405599999999999,1.0057322246868845
0xef2281918ea87f8f9070cb982e70f2151240441d,122,0.8677685950413223,0.6,1.0031206475343042
0xef2281918ea87f8f9070cb982e70f2151240441d,122,0.8760330578512396,0.59245,1.0031206475343042
0xef2281918ea87f8f9070cb982e70f2151240441d,122,0.8842975206611571,0.5530000000000005,1.0031206475343042
0xef2281918ea87f8f9070cb982e70f2151240441d,122,0.8925619834710744,0.49253700000000006,1.0009768169076367
0xef2281918ea87f8f9070cb982e70f2151240441d,122,0.9008264462809917,0.44999999999999996,1.0009768169076367
0xef2281918ea87f8f9070cb982e70f2151240441d,122,0.9090909090909091,0.35000000000000003,1.0009768169076367
0xef2281918ea87f8f9070cb982e70f2151240441d,122,0.9173553719008265,0.24047999999999997,1.0009768169076367
0xef2281918ea87f8f9070cb982e70f2151240441d,122,0.9256198347107438,0.22442,1.000914052003403
0xef2281918ea87f8f9070cb982e70f2151240441d,122,0.9338842975206612,0.21000000000000002,1.0006093680022687
0xef2281918ea87f8f9070cb982e70f2151240441d,122,0.9421487603305785,0.2004,1.0006093680022687
0xef2281918ea87f8f9070cb982e70f2151240441d,122,0.9504132231404959,0.16032,1.0006093680022687
0xef2281918ea87f8f9070cb982e70f2151240441d,122,0.9586776859504132,0.14,1.0003046840011343
0xef2281918ea87f8f9070cb982e70f2151240441d,122,0.9669421487603306,0.12024,1.0003046840011343
0xef2281918ea87f8f9070cb982e70f2151240441d,122,0.9752066115702479,0.08016,1.0003046840011343
0xef2281918ea87f8f9070cb982e70f2151240441d,122,0.9834710743801653,0.07,1.0
0xef2281918ea87f8f9070cb982e70f2151240441d,122,0.9917355371900827,0.04008,1.0
0xef2281918ea87f8f9070cb982e70f2151240441d,122,1.0,9.237055564881303e-16,1.0
0xf114b578bc08e5641d4cbfbb52e6e97b038d6ecc,419,0.0,129.88034536960032,0.01025544378350582
0xf114b578bc08e5641d4cbfbb52e6e97b038d6ecc,419,0.009569377990430622,107.58,0.06712348048323313
0xf114b578bc08e5641d4cbfbb52e6e97b038d6ecc,419,0.019138755980861243,89.6503581959433,0.09832084561651509
0xf114b578bc08e5641d4cbfbb52e6e97b038d6ecc,419,0.028708133971291867,76.77445719999999,0.12923153727394124
0xf114b578bc08e5641d4cbfbb52e6e97b038d6ecc,419,0.03827751196172249,71.0893305265785,0.06870459414026246
0xf114b578bc08e5641d4cbfbb52e6e97b038d6ecc,419,0.04784688995215311,65.85144480000001,0.1324953937225604
0xf114b578bc08e5641d4cbfbb52e6e97b038d6ecc,419,0.05741626794258373,65.1296528,0.06885318167217934
0xf114b578bc08e5641d4cbfbb52e6e97b038d6ecc,419,0.06698564593301436,59.754974999999995,0.17324889148156625
0xf114b578bc08e5641d4cbfbb52e6e97b038d6ecc,419,0.07655502392344497,58.272000000000006,0.22644626502142567
0xf114b578bc08e5641d4cbfbb52e6e97b038d6ecc,419,0.0861244019138756,54.1696528,0.2688160954288463
0xf114b578bc08e5641d4cbfbb52e6e97b038d6ecc,419,0.09569377990430622,51.73009433788017,0.28915427711852737
0xf114b578bc08e5641d4cbfbb52e6e97b038d6ecc,419,0.10526315789473684,50.375060399999995,0.3256890375180218
0xf114b578bc08e5641d4cbfbb52e6e97b038d6ecc,419,0.11483253588516747,49.45061568,0.27071146708094956
0xf114b578bc08e5641d4cbfbb52e6e97b038d6ecc,419,0.12440191387559808,47.81664375754105,0.33472438976895647
0xf114b578bc08e5641d4cbfbb52e6e97b038d6ecc,419,0.1339712918660287,44.895061399999996,0.3923114842241838
0xf114b578bc08e5641d4cbfbb52e6e97b038d6ecc,419,0.14354066985645933,42.65187114,0.42174382091068946
0xf114b578bc08e5641d4cbfbb52e6e97b038d6ecc,419,0.15311004784688995,40.616400282354554,0.49002184621200834
0xf114b578bc08e5641d4cbfbb52e6e97b038d6ecc,419,0.16267942583732056,39.799356959290414,0.5491621708243084
0xf114b578bc08e5641d4cbfbb52e6e97b038d6ecc,419,0.1722488038277512,39.336299999999994,0.598958813601747
0xf114b578bc08e5641d4cbfbb52e6e97b038d6ecc,419,0.18181818181818182,38.717337475253075,0.6421945695768427
0xf114b578bc08e5641d4cbfbb52e6e97b038d6ecc,419,0.19138755980861244,37.45689442543102,0.7244982032510976
0xf114b578bc08e5641d4cbfbb52e6e97b038d6ecc,419,0.20095693779904306,35.668771844910985,0.680559205840594
0xf114b578bc08e5641d4cbfbb52e6e97b038d6ecc,419,0.21052631578947367,34.032816000000004,0.7307433743844046
0xf114b578bc08e5641d4cbfbb52e6e97b038d6ecc,419,0.22009569377990432,33.14360738991259,0.7484402336788657
0xf114b578bc08e5641d4cbfbb52e6e97b038d6ecc,419,0.22966507177033493,31.799072199999994,0.8155183227806607
0xf114b578bc08e5641d4cbfbb52e6e97b038d6ecc,419,0.23923444976076555,30.574218070605713,0.8607643843253573
0xf114b578bc08e5641d4cbfbb52e6e97b038d6ecc,419,0.24880382775119617,29.874991832124937,0.8753697556694705
0xf114b578bc08e5641d4cbfbb52e6e97b038d6ecc,419,0.2583732057416268,29.430763126218192,0.8275968535374251
0xf114b578bc08e5641d4cbfbb52e6e97b038d6ecc,419,0.2679425837320574,28.541164188353946,0.7972156442370989
0xf114b578bc08e5641d4cbfbb52e6e97b038d6ecc,419,0.27751196172248804,27.473731959295666,0.8304016133901665
0xf114b578bc08e5641d4cbfbb52e6e97b038d6ecc,419,0.28708133971291866,25.540456312171777,0.8365830370478098
0xf114b578bc08e5641d4cbfbb52e6e97b038d6ecc,419,0.2966507177033493,23.78,0.7656281987455886
0xf114b578bc08e5641d4cbfbb52e6e97b038d6ecc,419,0.3062200956937799,22.493335284743942,0.8147010251481831
0xf114b578bc08e5641d4cbfbb52e6e97b038d6ecc,419,0.3157894736842105,22.183218597118003,0.7948718799888038
0xf114b578bc08e5641d4cbfbb52e6e97b038d6ecc,419,0.3253588516746411,21.959988,0.8202487330441341
0xf114b578bc08e5641d4cbfbb52e6e97b038d6ecc,419,0.3349282296650718,21.447223,0.8419805200520827
0xf114b578bc08e5641d4cbfbb52e6e97b038d6ecc,419,0.3444976076555024,21.21940404040404,0.8884941537062194
0xf114b578bc08e5641d4cbfbb52e6e97b038d6ecc,419,0.35406698564593303,20.769814243987756,0.9303694465823482
0xf114b578bc08e5641d4cbfbb52e6e97b038d6ecc,419,0.36363636363636365,20.27324386,0.9340160645653297
0xf114b578bc08e5641d4cbfbb52e6e97b038d6ecc,419,0.37320574162679426,20.0,0.9874697241546099
0xf114b578bc08e5641d4cbfbb52e6e97b038d6ecc,419,0.3827751196172249,19.999993999999997,0.9928151669721745
0xf114b578bc08e5641d4cbfbb52e6e97b038d6ecc,419,0.3923444976076555,19.593385663416708,1.0519575411481148
0xf114b578bc08e5641d4cbfbb52e6e97b038d6ecc,419,0.4019138755980861,18.782116860000006,1.0789432112390982
0xf114b578bc08e5641d4cbfbb52e6e97b038d6ecc,419,0.41148325358851673,18.24854392435128,0.9514674533224053
0xf114b578bc08e5641d4cbfbb52e6e97b038d6ecc,419,0.42105263157894735,17.37499893362499,0.9907742786859486
0xf114b578bc08e5641d4cbfbb52e6e97b038d6ecc,419,0.430622009569378,17.11285198993526,0.9899859007058581
0xf114b578bc08e5641d4cbfbb52e6e97b038d6ecc,419,0.44019138755980863,16.769997660710363,0.975446266101441
0xf114b578bc08e5641d4cbfbb52e6e97b038d6ecc,419,0.44976076555023925,16.512294637072085,0.9620525259509225
0xf114b578bc08e5641d4cbfbb52e6e97b038d6ecc,419,0.45933014354066987,16.419997020510948,0.9884374101647048
0xf114b578bc08e5641d4cbfbb52e6e97b038d6ecc,419,0.4688995215311005,16.183597122302153,0.966283584539857
0xf114b578bc08e5641d4cbfbb52e6e97b038d6ecc,419,0.4784688995215311,14.936168030208078,1.0206745634099321
0xf114b578bc08e5641d4cbfbb52e6e97b038d6ecc,419,0.4880382775119617,13.849,0.9398034539660213
0xf114b578bc08e5641d4cbfbb52e6e97b038d6ecc,419,0.49760765550239233,12.176945100000001,0.9493037042898305
0xf114b578bc08e5641d4cbfbb52e6e97b038d6ecc,419,0.507177033492823,11.643999999999998,1.0135861580206484
0xf114b578bc08e5641d4cbfbb52e6e97b038d6ecc,419,0.5167464114832536,11.48599884656202,0.9311515178553403
0xf114b578bc08e5641d4cbfbb52e6e97b038d6ecc,419,0.5263157894736842,11.302837771335597,0.82498112983285
0xf114b578bc08e5641d4cbfbb52e6e97b038d6ecc,419,0.5358851674641149,11.152,0.8889062207599143
0xf114b578bc08e5641d4cbfbb52e6e97b038d6ecc,419,0.5454545454545454,11.022296637072087,0.8742192323260396
0xf114b578bc08e5641d4cbfbb52e6e97b038d6ecc,419,0.5550239234449761,10.979994,0.9079223171072286
0xf114b578bc08e5641d4cbfbb52e6e97b038d6ecc,419,0.5645933014354066,10.939998020510945,0.8879016369379327
0xf114b578bc08e5641d4cbfbb52e6e97b038d6ecc,419,0.5741626794258373,10.9166664,0.8467596609245377
0xf114b578bc08e5641d4cbfbb52e6e97b038d6ecc,419,0.583732057416268,10.410720264810449,0.9333147076633893
0xf114b578bc08e5641d4cbfbb52e6e97b038d6ecc,419,0.5933014354066986,10.0,1.0045304507234492
0xf114b578bc08e5641d4cbfbb52e6e97b038d6ecc,419,0.6028708133971292,9.999999,0.9593194880713675
0xf114b578bc08e5641d4cbfbb52e6e97b038d6ecc,419,0.6124401913875598,9.999997999999998,0.8839678987215525
0xf114b578bc08e5641d4cbfbb52e6e97b038d6ecc,419,0.6220095693779905,9.999996999999999,1.0103511587155727
0xf114b578bc08e5641d4cbfbb52e6e97b038d6ecc,419,0.631578947368421,9.989998999999997,1.1484058360050615
0xf114b578bc08e5641d4cbfbb52e6e97b038d6ecc,419,0.6411483253588517,9.939998999999998,1.169683581370242
0xf114b578bc08e5641d4cbfbb52e6e97b038d6ecc,419,0.6507177033492823,9.875,1.215405679443876
0xf114b578bc08e5641d4cbfbb52e6e97b038d6ecc,419,0.6602870813397129,9.5,1.239047609021877
0xf114b578bc08e5641d4cbfbb52e6e97b038d6ecc,419,0.6698564593301436,9.299998,1.1505418961571185
0xf114b578bc08e5641d4cbfbb52e6e97b038d6ecc,419,0.6794258373205742,8.857155360000002,1.161013169541165
0xf114b578bc08e5641d4cbfbb52e6e97b038d6ecc,419,0.6889952153110048,7.38,1.0946736170096785
0xf114b578bc08e5641d4cbfbb52e6e97b038d6ecc,419,0.6985645933014354,6.4935,1.0853036450000344
0xf114b578bc08e5641d4cbfbb52e6e97b038d6ecc,419,0.7081339712918661,5.604136596375454,1.104109908062342
0xf114b578bc08e5641d4cbfbb52e6e97b038d6ecc,419,0.7177033492822966,5.49,1.0631637099885731
0xf114b578bc08e5641d4cbfbb52e6e97b038d6ecc,419,0.7272727272727273,5.489999999999999,0.9877970360523949
0xf114b578bc08e5641d4cbfbb52e6e97b038d6ecc,419,0.7368421052631579,5.489998000000001,0.9543176659629385
0xf114b578bc08e5641d4cbfbb52e6e97b038d6ecc,419,0.7464114832535885,5.489997,0.9594305661941055
0xf114b578bc08e5641d4cbfbb52e6e97b038d6ecc,419,0.7559808612440191,5.479999,0.9784191712491206
0xf114b578bc08e5641d4cbfbb52e6e97b038d6ecc,419,0.7655502392344498,5.479998999999999,1.0550560376384603
0xf114b578bc08e5641d4cbfbb52e6e97b038d6ecc,419,0.7751196172248804,5.479998000000001,1.0412918162544902
0xf114b578bc08e5641d4cbfbb52e6e97b038d6ecc,419,0.784688995215311,5.46,0.982150225735236
0xf114b578bc08e5641d4cbfbb52e6e97b038d6ecc,419,0.7942583732057417,5.459999000000001,0.9617981918636006
0xf114b578bc08e5641d4cbfbb52e6e97b038d6ecc,419,0.8038277511961722,5.459999,1.0043012966537581
0xf114b578bc08e5641d4cbfbb52e6e97b038d6ecc,419,0.8133971291866029,5.130999999999999,1.0337657934050297
0xf114b578bc08e5641d4cbfbb52e6e97b038d6ecc,419,0.8229665071770335,4.7999953343999096,1.0710827712748492
0xf114b578bc08e5641d4cbfbb52e6e97b038d6ecc,419,0.8325358851674641,4.65,1.0820116474173787
0xf114b578bc08e5641d4cbfbb52e6e97b038d6ecc,419,0.8421052631578947,4.649998,1.064230929322359
0xf114b578bc08e5641d4cbfbb52e6e97b038d6ecc,419,0.8516746411483254,4.6000000000000005,1.0847817532397133
0xf114b578bc08e5641d4cbfbb52e6e97b038d6ecc,419,0.861244019138756,3.95,1.0907345375240645
0xf114b578bc08e5641d4cbfbb52e6e97b038d6ecc,419,0.8708133971291866,3.6455999999999995,1.1210835188381338
0xf114b578bc08e5641d4cbfbb52e6e97b038d6ecc,419,0.8803827751196173,3.338,1.0772793781757366
0xf114b578bc08e5641d4cbfbb52e6e97b038d6ecc,419,0.8899521531100478,2.999996999999999,1.0954809726572445
0xf114b578bc08e5641d4cbfbb52e6e97b038d6ecc,419,0.8995215311004785,2.3379999999999996,1.0638333138711082
0xf114b578bc08e5641d4cbfbb52e6e97b038d6ecc,419,0.9090909090909091,1.9999979999999995,1.0830898308144983
0xf114b578bc08e5641d4cbfbb52e6e97b038d6ecc,419,0.9186602870813397,1.3250000000000002,1.0616899751591795
0xf114b578bc08e5641d4cbfbb52e6e97b038d6ecc,419,0.9282296650717703,1.0000000000000009,1.0360704296563334
0xf114b578bc08e5641d4cbfbb52e6e97b038d6ecc,419,0.937799043062201,1.0000000000000009,1.028154705933537
0xf114b578bc08e5641d4cbfbb52e6e97b038d6ecc,419,0.9473684210526315,1.0,1.0086589853219152
0xf114b578bc08e5641d4cbfbb52e6e97b038d6ecc,419,0.9569377990430622,0.9999999999999993,0.9812310013129857
0xf114b578bc08e5641d4cbfbb52e6e97b038d6ecc,419,0.9665071770334929,0.999999,1.0153666408664728
0xf114b578bc08e5641d4cbfbb52e6e97b038d6ecc,419,0.9760765550239234,0.9999989999999996,1.0303974599287422
0xf114b578bc08e5641d4cbfbb52e6e97b038d6ecc,419,0.9856459330143541,0.9867,1.0124133075721093
0xf114b578bc08e5641d4cbfbb52e6e97b038d6ecc,419,0.9952153110047847,0.18170000000000003,1.0000000000000004
0xf114b578bc08e5641d4cbfbb52e6e97b038d6ecc,419,1.0,4.44089209850063e-17,1.0000000000000004
0xf1432e8ec0445b3428750ea50a396dceb46cb143,160,0.0,269.6421316799999,2.572440514375489e-17
0xf1432e8ec0445b3428750ea50a396dceb46cb143,160,0.006289308176100629,261.1940177024665,2.981717930924372e-17
0xf1432e8ec0445b3428750ea50a396dceb46cb143,160,0.012578616352201259,240.8532356241762,2.981717930924372e-17
0xf1432e8ec0445b3428750ea50a396dceb46cb143,160,0.018867924528301886,240.32800000000003,5.525889868218807e-17
0xf1432e8ec0445b3428750ea50a396dceb46cb143,160,0.025157232704402517,216.6318,5.525889868218807e-17
0xf1432e8ec0445b3428750ea50a396dceb46cb143,160,0.031446540880503145,210.53249999999997,0.033153737814715596
0xf1432e8ec0445b3428750ea50a396dceb46cb143,160,0.03773584905660377,206.7318,0.033153737814715596
0xf1432e8ec0445b3428750ea50a396dceb46cb143,160,0.0440251572327044,205.438061387,0.033153737814715596
0xf1432e8ec0445b3428750ea50a396dceb46cb143,160,0.050314465408805034,184.94760000000002,0.04391995001771504
0xf1432e8ec0445b3428750ea50a396dceb46cb143,160,0.05660377358490566,175.441582165,0.04391995001771504
0xf1432e8ec0445b3428750ea50a396dceb46cb143,160,0.06289308176100629,171.90797999999998,0.04391995001771504
0xf1432e8ec0445b3428750ea50a396dceb46cb143,160,0.06918238993710692,171.29699999999997,0.05187684709324677
0xf1432e8ec0445b3428750ea50a396dceb46cb143,160,0.07547169811320754,168.7686,0.07171604380157255
0xf1432e8ec0445b3428750ea50a396dceb46cb143,160,0.08176100628930817,167.79699999999997,0.09297687278739333
0xf1432e8ec0445b3428750ea50a396dceb46cb143,160,0.0880503144654088,167.41410000000002,0.09297687278739333
0xf1432e8ec0445b3428750ea50a396dceb46cb143,160,0.09433962264150944,167.31676,0.09822842485724428
0xf1432e8ec0445b3428750ea50a396dceb46cb143,160,0.10062893081761007,164.17399999999998,0.09822842485724428
0xf1432e8ec0445b3428750ea50a396dceb46cb143,160,0.1069182389937107,157.59335812499998,0.14052020394401604
0xf1432e8ec0445b3428750ea50a396dceb46cb143,160,0.11320754716981132,151.566582165,0.14052020394401604
0xf1432e8ec0445b3428750ea50a396dceb46cb143,160,0.11949685534591195,151.33708000000001,0.17055080661060484
0xf1432e8ec0445b3428750ea50a396dceb46cb143,160,0.12578616352201258,144.0412,0.17055080661060484
0xf1432e8ec0445b3428750ea50a396dceb46cb143,160,0.1320754716981132,142.461,0.17055080661060484
0xf1432e8ec0445b3428750ea50a396dceb46cb143,160,0.13836477987421383,137.96012448,0.17501144291688775
0xf1432e8ec0445b3428750ea50a396dceb46cb143,160,0.14465408805031446,136.8182,0.3732538203351256
0xf1432e8ec0445b3428750ea50a396dceb46cb143,160,0.1509433962264151,132.093,0.40071572444181075
0xf1432e8ec0445b3428750ea50a396dceb46cb143,160,0.15723270440251572,122.683494,0.4028933998610306
0xf1432e8ec0445b3428750ea50a396dceb46cb143,160,0.16352201257861634,114.00272788398154,0.4028933998610306
0xf1432e8ec0445b3428750ea50a396dceb46cb143,160,0.16981132075471697,112.02149999999999,0.41216795909227044
0xf1432e8ec0445b3428750ea50a396dceb46cb143,160,0.1761006289308176,111.25560000000003,0.41428979831241225
0xf1432e8ec0445b3428750ea50a396dceb46cb143,160,0.18238993710691823,108.12989999999998,0.41445424085197324
0xf1432e8ec0445b3428750ea50a396dceb46cb143,160,0.18867924528301888,108.0609,0.4231039184328813
0xf1432e8ec0445b3428750ea50a396dceb46cb143,160,0.1949685534591195,107.8149,0.4277194491964947
0xf1432e8ec0445b3428750ea50a396dceb46cb143,160,0.20125786163522014,104.43150000000001,0.44087485236137386
0xf1432e8ec0445b3428750ea50a396dceb46cb143,160,0.20754716981132076,103.68947941176471,0.4401621717841099
0xf1432e8ec0445b3428750ea50a396dceb46cb143,160,0.2138364779874214,89.54568,0.4459972296394999
0xf1432e8ec0445b3428750ea50a396dceb46cb143,160,0.22012578616352202,87.975,0.4459972296394999
0xf1432e8ec0445b3428750ea50a396dceb46cb143,160,0.22641509433962265,85.07939999999999,0.4829212023229587
0xf1432e8ec0445b3428750ea50a396dceb46cb143,160,0.23270440251572327,84.55,0.49167378910604365
0xf1432e8ec0445b3428750ea50a396dceb46cb143,160,0.2389937106918239,83.7898,0.49167378910604365
0xf1432e8ec0445b3428750ea50a396dceb46cb143,160,0.24528301886792453,80.72399999999999,0.5107703420873198
0xf1432e8ec0445b3428750ea50a396dceb46cb143,160,0.25157232704402516,78.84250000000002,0.5107703420873198
0xf1432e8ec0445b3428750ea50a396dceb46cb143,160,0.2578616352201258,72.79250000000002,0.534641033313915
0xf1432e8ec0445b3428750ea50a396dceb46cb143,160,0.2641509433962264,70.4,0.5526108896692957
0xf1432e8ec0445b3428750ea50a396dceb46cb143,160,0.27044025157232704,69.867777,0.5549979585017761
0xf1432e8ec0445b3428750ea50a396dceb46cb143,160,0.27672955974842767,67.2925,0.5812557188510308
0xf1432e8ec0445b3428750ea50a396dceb46cb143,160,0.2830188679245283,65.2808,0.6066923274220906
0xf1432e8ec0445b3428750ea50a396dceb46cb143,160,0.2893081761006289,62.397000000000006,0.6594232148014444
0xf1432e8ec0445b3428750ea50a396dceb46cb143,160,0.29559748427672955,61.842240000000004,0.520654929804171
0xf1432e8ec0445b3428750ea50a396dceb46cb143,160,0.3018867924528302,59.01550000000001,0.5402761075326272
0xf1432e8ec0445b3428750ea50a396dceb46cb143,160,0.3081761006289308,58.56340000000002,0.5789673152521079
0xf1432e8ec0445b3428750ea50a396dceb46cb143,160,0.31446540880503143,57.907949798167515,0.6031150125888924
0xf1432e8ec0445b3428750ea50a396dceb46cb143,160,0.32075471698113206,57.57121297777778,0.6031150125888924
0xf1432e8ec0445b3428750ea50a396dceb46cb143,160,0.3270440251572327,53.472,0.6031150125888924
0xf1432e8ec0445b3428750ea50a396dceb46cb143,160,0.3333333333333333,51.74015,0.6031150125888924
0xf1432e8ec0445b3428750ea50a396dceb46cb143,160,0.33962264150943394,50.878800000000005,0.6031150125888924
0xf1432e8ec0445b3428750ea50a396dceb46cb143,160,0.34591194968553457,48.61033594999999,0.6074679657712724
0xf1432e8ec0445b3428750ea50a396dceb46cb143,160,0.3522012578616352,46.0306,0.6074679657712738
0xf1432e8ec0445b3428750ea50a396dceb46cb143,160,0.3584905660377358,45.92126097560976,0.7023672248921154
0xf1432e8ec0445b3428750ea50a396dceb46cb143,160,0.36477987421383645,45.92,0.7100058460846259
0xf1432e8ec0445b3428750ea50a396dceb46cb143,160,0.3710691823899371,45.55760000000001,0.7426973239878801
0xf1432e8ec0445b3428750ea50a396dceb46cb143,160,0.37735849056603776,45.12,0.7426973239878801
0xf1432e8ec0445b3428750ea50a396dceb46cb143,160,0.3836477987421384,43.9003,0.7426973239878801
0xf1432e8ec0445b3428750ea50a396dceb46cb143,160,0.389937106918239,41.95924960000001,0.7426973239878801
0xf1432e8ec0445b3428750ea50a396dceb46cb143,160,0.39622641509433965,41.144400000000005,0.7431333619476193
0xf1432e8ec0445b3428750ea50a396dceb46cb143,160,0.4025157232704403,40.82758234859417,0.7655853808624316
0xf1432e8ec0445b3428750ea50a396dceb46cb143,160,0.4088050314465409,40.13956609250879,0.7759387653752573
0xf1432e8ec0445b3428750ea50a396dceb46cb143,160,0.41509433962264153,39.36,0.8075633299323927
0xf1432e8ec0445b3428750ea50a396dceb46cb143,160,0.42138364779874216,37.582,0.8075633299323927
0xf1432e8ec0445b3428750ea50a396dceb46cb143,160,0.4276729559748428,32.93992,0.8096855935203785
0xf1432e8ec0445b3428750ea50a396dceb46cb143,160,0.4339622641509434,32.736000000000004,0.8096855935203785
0xf1432e8ec0445b3428750ea50a396dceb46cb143,160,0.44025157232704404,32.49,0.812656168428577
0xf1432e8ec0445b3428750ea50a396dceb46cb143,160,0.44654088050314467,32.164,0.8245915140418747
0xf1432e8ec0445b3428750ea50a396dceb46cb143,160,0.4528301886792453,30.502486,0.8254290782464373
0xf1432e8ec0445b3428750ea50a396dceb46cb143,160,0.4591194968553459,29.45,0.8290623643813282
0xf1432e8ec0445b3428750ea50a396dceb46cb143,160,0.46540880503144655,29.15164014263882,0.8764313640513837
0xf1432e8ec0445b3428750ea50a396dceb46cb143,160,0.4716981132075472,29.04,0.8764313640513837
0xf1432e8ec0445b3428750ea50a396dceb46cb143,160,0.4779874213836478,28.1394,0.8767477302961045
0xf1432e8ec0445b3428750ea50a396dceb46cb143,160,0.48427672955974843,27.32861020590868,0.8275592534947775
0xf1432e8ec0445b3428750ea50a396dceb46cb143,160,0.49056603773584906,26.9556156,0.8275592534947775
0xf1432e8ec0445b3428750ea50a396dceb46cb143,160,0.4968553459119497,26.634,0.8275592534947775
0xf1432e8ec0445b3428750ea50a396dceb46cb143,160,0.5031446540880503,24.556600000000003,0.8571239002686232
0xf1432e8ec0445b3428750ea50a396dceb46cb143,160,0.5094339622641509,23.660706704464133,0.8384983975083763
0xf1432e8ec0445b3428750ea50a396dceb46cb143,160,0.5157232704402516,23.490000000000002,0.8495850074336172
0xf1432e8ec0445b3428750ea50a396dceb46cb143,160,0.5220125786163522,22.59881298825024,0.9233491565424315
0xf1432e8ec0445b3428750ea50a396dceb46cb143,160,0.5283018867924528,22.297321427766555,0.8968261715952571
0xf1432e8ec0445b3428750ea50a396dceb46cb143,160,0.5345911949685535,22.287,0.8968261715952571
0xf1432e8ec0445b3428750ea50a396dceb46cb143,160,0.5408805031446541,21.999999,0.9071202432525651
0xf1432e8ec0445b3428750ea50a396dceb46cb143,160,0.5471698113207547,21.849999999999998,0.9117617665466253
0xf1432e8ec0445b3428750ea50a396dceb46cb143,160,0.5534591194968553,20.909411545805497,0.9195949763094169
0xf1432e8ec0445b3428750ea50a396dceb46cb143,160,0.559748427672956,20.883880359999996,0.9381738005209784
0xf1432e8ec0445b3428750ea50a396dceb46cb143,160,0.5660377358490566,20.31,0.9487829966216874
0xf1432e8ec0445b3428750ea50a396dceb46cb143,160,0.5723270440251572,19.999995000000002,0.8426910621375879
0xf1432e8ec0445b3428750ea50a396dceb46cb143,160,0.5786163522012578,19.999988000000002,0.8426910621375879
0xf1432e8ec0445b3428750ea50a396dceb46cb143,160,0.5849056603773585,19.906499999999998,0.8901327348009332
0xf1432e8ec0445b3428750ea50a396dceb46cb143,160,0.5911949685534591,19.23179,0.9472597839354544
0xf1432e8ec0445b3428750ea50a396dceb46cb143,160,0.5974842767295597,18.333328546666706,0.92073679898828
0xf1432e8ec0445b3428750ea50a396dceb46cb143,160,0.6037735849056604,18.108,0.92073679898828
0xf1432e8ec0445b3428750ea50a396dceb46cb143,160,0.610062893081761,18.0,0.8252540340818992
0xf1432e8ec0445b3428750ea50a396dceb46cb143,160,0.6163522012578616,16.965,0.8252540340818992
0xf1432e8ec0445b3428750ea50a396dceb46cb143,160,0.6226415094339622,16.9304,0.87060622557321
0xf1432e8ec0445b3428750ea50a396dceb46cb143,160,0.6289308176100629,16.404008814578777,0.8774035746471206
0xf1432e8ec0445b3428750ea50a396dceb46cb143,160,0.6352201257861635,15.4972,0.8774035746471206
0xf1432e8ec0445b3428750ea50a396dceb46cb143,160,0.6415094339622641,15.3,0.8917259893830776
0xf1432e8ec0445b3428750ea50a396dceb46cb143,160,0.6477987421383647,14.999997,0.903615604056583
0xf1432e8ec0445b3428750ea50a396dceb46cb143,160,0.6540880503144654,14.64,0.903615604056583
0xf1432e8ec0445b3428750ea50a396dceb46cb143,160,0.660377358490566,14.55,0.9060026731792425
0xf1432e8ec0445b3428750ea50a396dceb46cb143,160,0.6666666666666666,14.436800000000002,0.9060026731792425
0xf1432e8ec0445b3428750ea50a396dceb46cb143,160,0.6729559748427673,14.205,0.9060026731792425
0xf1432e8ec0445b3428750ea50a396dceb46cb143,160,0.6792452830188679,13.999999,0.9194621011008388
0xf1432e8ec0445b3428750ea50a396dceb46cb143,160,0.6855345911949685,13.999987,0.9194621011008388
0xf1432e8ec0445b3428750ea50a396dceb46cb143,160,0.6918238993710691,13.200000000000001,0.9342152497488886
0xf1432e8ec0445b3428750ea50a396dceb46cb143,160,0.6981132075471698,12.822000000000003,0.9342152497488886
0xf1432e8ec0445b3428750ea50a396dceb46cb143,160,0.7044025157232704,11.856,0.9342152497488886
0xf1432e8ec0445b3428750ea50a396dceb46cb143,160,0.710691823899371,11.844600000000002,0.952463067042108
0xf1432e8ec0445b3428750ea50a396dceb46cb143,160,0.7169811320754716,11.725,0.9302208874169716
0xf1432e8ec0445b3428750ea50a396dceb46cb143,160,0.7232704402515723,11.5,0.9355254854673261
0xf1432e8ec0445b3428750ea50a396dceb46cb143,160,0.7295597484276729,9.999998999999999,0.9435128680678533
0xf1432e8ec0445b3428750ea50a396dceb46cb143,160,0.7358490566037735,9.999994000000001,0.9521482550616136
0xf1432e8ec0445b3428750ea50a396dceb46cb143,160,0.7421383647798742,9.0,0.9521482550616136
0xf1432e8ec0445b3428750ea50a396dceb46cb143,160,0.7484276729559748,8.313814805520703,0.9521482550616159
0xf1432e8ec0445b3428750ea50a396dceb46cb143,160,0.7547169811320755,7.889999,0.9521482550616144
0xf1432e8ec0445b3428750ea50a396dceb46cb143,160,0.7610062893081762,7.412399999999999,0.9521482550616144
0xf1432e8ec0445b3428750ea50a396dceb46cb143,160,0.7672955974842768,7.316800000000001,0.9313712054179859
0xf1432e8ec0445b3428750ea50a396dceb46cb143,160,0.7735849056603774,7.285200000000001,0.9313712054179859
0xf1432e8ec0445b3428750ea50a396dceb46cb143,160,0.779874213836478,7.1808,0.9461243540660357
0xf1432e8ec0445b3428750ea50a396dceb46cb143,160,0.7861635220125787,6.8,0.952489871726461
0xf1432e8ec0445b3428750ea50a396dceb46cb143,160,0.7924528301886793,6.719999999999999,0.952489871726461
0xf1432e8ec0445b3428750ea50a396dceb46cb143,160,0.7987421383647799,4.999999,1.0019639852190056
0xf1432e8ec0445b3428750ea50a396dceb46cb143,160,0.8050314465408805,4.999998,1.0054104780550859
0xf1432e8ec0445b3428750ea50a396dceb46cb143,160,0.8113207547169812,4.95,1.0054104780550859
0xf1432e8ec0445b3428750ea50a396dceb46cb143,160,0.8176100628930818,4.939,1.0122136248270168
0xf1432e8ec0445b3428750ea50a396dceb46cb143,160,0.8238993710691824,4.4645023,1.017407887237924
0xf1432e8ec0445b3428750ea50a396dceb46cb143,160,0.8301886792452831,4.384600000000001,1.0354191194580975
0xf1432e8ec0445b3428750ea50a396dceb46cb143,160,0.8364779874213837,3.3999999999999995,1.0173834860868922
0xf1432e8ec0445b3428750ea50a396dceb46cb143,160,0.8427672955974843,3.3003,0.9998767211413074
0xf1432e8ec0445b3428750ea50a396dceb46cb143,160,0.8490566037735849,3.0072,0.9998767211413074
0xf1432e8ec0445b3428750ea50a396dceb46cb143,160,0.8553459119496856,2.62,0.9859786742493787
0xf1432e8ec0445b3428750ea50a396dceb46cb143,160,0.8616352201257862,2.5500000000000003,0.9859786742493812
0xf1432e8ec0445b3428750ea50a396dceb46cb143,160,0.8679245283018868,2.2076999999999996,0.9802497083549983
0xf1432e8ec0445b3428750ea50a396dceb46cb143,160,0.8742138364779874,2.031298039341953,0.9749451156092418
0xf1432e8ec0445b3428750ea50a396dceb46cb143,160,0.8805031446540881,1.999999,0.9749451156092418
0xf1432e8ec0445b3428750ea50a396dceb46cb143,160,0.8867924528301887,1.4999980000000002,0.9756370208559398
0xf1432e8ec0445b3428750ea50a396dceb46cb143,160,0.8930817610062893,1.4934957263270114,0.9756370208559397
0xf1432e8ec0445b3428750ea50a396dceb46cb143,160,0.89937106918239,1.2222,0.9691537411187965
0xf1432e8ec0445b3428750ea50a396dceb46cb143,160,0.9056603773584906,0.9999990000000001,0.96384914837304
0xf1432e8ec0445b3428750ea50a396dceb46cb143,160,0.9119496855345912,0.9999990000000001,0.9585445556272836
0xf1432e8ec0445b3428750ea50a396dceb46cb143,160,0.9182389937106918,0.999999,0.9585445556272836
0xf1432e8ec0445b3428750ea50a396dceb46cb143,160,0.9245283018867925,0.999999,0.9585445556272836
0xf1432e8ec0445b3428750ea50a396dceb46cb143,160,0.9308176100628931,0.9999989999999999,0.9585445556272836
0xf1432e8ec0445b3428750ea50a396dceb46cb143,160,0.9371069182389937,0.9999980000000002,0.9532399681861252
0xf1432e8ec0445b3428750ea50a396dceb46cb143,160,0.9433962264150944,0.8,1.0020422702493865
0xf1432e8ec0445b3428750ea50a396dceb46cb143,160,0.949685534591195,0.37,1.0010609196100708
0xf1432e8ec0445b3428750ea50a396dceb46cb143,160,0.9559748427672956,0.2,1.0
0xf1432e8ec0445b3428750ea50a396dceb46cb143,160,0.9622641509433962,0.108,1.0
0xf1432e8ec0445b3428750ea50a396dceb46cb143,160,0.9685534591194969,9.832135106080387e-15,1.0
0xf1432e8ec0445b3428750ea50a396dceb46cb143,160,0.9748427672955975,3.0198066269804255e-16,1.0
0xf1432e8ec0445b3428750ea50a396dceb46cb143,160,0.9811320754716981,9.769962616701376e-17,1.0
0xf1432e8ec0445b3428750ea50a396dceb46cb143,160,0.9874213836477987,5.684341886080807e-17,1.0
0xf1432e8ec0445b3428750ea50a396dceb46cb143,160,0.9937106918238994,7.105427357601008e-18,1.0
0xf1432e8ec0445b3428750ea50a396dceb46cb143,160,1.0,2.220446049250315e-18,1.0
0xf229d2b21a9183904c56cddeecbe6ab7c4ca3058,111,0.0,13.236,0.033970239447950495
0xf229d2b21a9183904c56cddeecbe6ab7c4ca3058,111,0.00909090909090909,13.220199999999998,0.08696220302279839
0xf229d2b21a9183904c56cddeecbe6ab7c4ca3058,111,0.01818181818181818,12.316799999999999,0.09062218774689036
0xf229d2b21a9183904c56cddeecbe6ab7c4ca3058,111,0.02727272727272727,11.3069,-0.0610753242649704
0xf229d2b21a9183904c56cddeecbe6ab7c4ca3058,111,0.03636363636363636,10.031999999999998,-0.06107532426497002
0xf229d2b21a9183904c56cddeecbe6ab7c4ca3058,111,0.045454545454545456,9.6138,-0.061075324264969436
0xf229d2b21a9183904c56cddeecbe6ab7c4ca3058,111,0.05454545454545454,8.866000000000001,-0.013017899981519017
0xf229d2b21a9183904c56cddeecbe6ab7c4ca3058,111,0.06363636363636363,8.496702679999999,-0.013017899981519017
0xf229d2b21a9183904c56cddeecbe6ab7c4ca3058,111,0.07272727272727272,8.160117162496087,-0.008322185196154394
0xf229d2b21a9183904c56cddeecbe6ab7c4ca3058,111,0.08181818181818182,7.9798,-0.008322185196154394
0xf229d2b21a9183904c56cddeecbe6ab7c4ca3058,111,0.09090909090909091,7.657,0.17782989708674968
0xf229d2b21a9183904c56cddeecbe6ab7c4ca3058,111,0.1,7.399,0.1798557683966393
0xf229d2b21a9183904c56cddeecbe6ab7c4ca3058,111,0.10909090909090909,7.068000000000001,0.32209608381021404
0xf229d2b21a9183904c56cddeecbe6ab7c4ca3058,111,0.11818181818181818,6.887499999999998,0.32209608381021404
0xf229d2b21a9183904c56cddeecbe6ab7c4ca3058,111,0.12727272727272726,6.316612889999999,0.3077835042513382
0xf229d2b21a9183904c56cddeecbe6ab7c4ca3058,111,0.13636363636363635,6.2987,0.34316778643420237
0xf229d2b21a9183904c56cddeecbe6ab7c4ca3058,111,0.14545454545454545,6.2798,0.34316778643420237
0xf229d2b21a9183904c56cddeecbe6ab7c4ca3058,111,0.15454545454545454,6.0041020000000005,0.2720422621808987
0xf229d2b21a9183904c56cddeecbe6ab7c4ca3058,111,0.16363636363636364,5.82947,0.2910335311563163
0xf229d2b21a9183904c56cddeecbe6ab7c4ca3058,111,0.17272727272727273,5.8201,0.4239883794601254
0xf229d2b21a9183904c56cddeecbe6ab7c4ca3058,111,0.18181818181818182,5.5375,0.40721792159680076
0xf229d2b21a9183904c56cddeecbe6ab7c4ca3058,111,0.19090909090909092,5.25762288,0.3932836835673215
0xf229d2b21a9183904c56cddeecbe6ab7c4ca3058,111,0.2,5.24981289,0.37919649896212876
0xf229d2b21a9183904c56cddeecbe6ab7c4ca3058,111,0.20909090909090908,5.1792,0.39342858032326067
0xf229d2b21a9183904c56cddeecbe6ab7c4ca3058,111,0.21818181818181817,4.964134782608697,0.3665083497009151
0xf229d2b21a9183904c56cddeecbe6ab7c4ca3058,111,0.22727272727272727,4.6506430000000005,0.3087374764533342
0xf229d2b21a9183904c56cddeecbe6ab7c4ca3058,111,0.23636363636363636,4.5798000000000005,0.3087374764533342
0xf229d2b21a9183904c56cddeecbe6ab7c4ca3058,111,0.24545454545454545,4.5138,0.30873747645333405
0xf229d2b21a9183904c56cddeecbe6ab7c4ca3058,111,0.2545454545454545,4.2875,0.29196701859000934
0xf229d2b21a9183904c56cddeecbe6ab7c4ca3058,111,0.2636363636363636,4.21902288,0.27688833768320426
0xf229d2b21a9183904c56cddeecbe6ab7c4ca3058,111,0.2727272727272727,4.2009,0.3194061440949341
0xf229d2b21a9183904c56cddeecbe6ab7c4ca3058,111,0.2818181818181818,4.19981289,0.3090661505947226
0xf229d2b21a9183904c56cddeecbe6ab7c4ca3058,111,0.2909090909090909,3.9463800000000013,0.3090661505947226
0xf229d2b21a9183904c56cddeecbe6ab7c4ca3058,111,0.3,3.7996000000000003,0.2996746941912608
0xf229d2b21a9183904c56cddeecbe6ab7c4ca3058,111,0.3090909090909091,3.5946,0.32354777636886073
0xf229d2b21a9183904c56cddeecbe6ab7c4ca3058,111,0.3181818181818182,3.429114241433171,0.31980309412437585
0xf229d2b21a9183904c56cddeecbe6ab7c4ca3058,111,0.32727272727272727,3.3939000000000004,0.3198030941243771
0xf229d2b21a9183904c56cddeecbe6ab7c4ca3058,111,0.33636363636363636,3.3,0.3198030941243771
0xf229d2b21a9183904c56cddeecbe6ab7c4ca3058,111,0.34545454545454546,3.236109999999999,0.2763862570075101
0xf229d2b21a9183904c56cddeecbe6ab7c4ca3058,111,0.35454545454545455,3.2350000000000003,0.30006614351052463
0xf229d2b21a9183904c56cddeecbe6ab7c4ca3058,111,0.36363636363636365,3.204,0.3518828333983107
0xf229d2b21a9183904c56cddeecbe6ab7c4ca3058,111,0.37272727272727274,3.1500000000000004,0.33779564879311796
0xf229d2b21a9183904c56cddeecbe6ab7c4ca3058,111,0.38181818181818183,3.1284,0.30910609111717113
0xf229d2b21a9183904c56cddeecbe6ab7c4ca3058,111,0.39090909090909093,3.0951208799999996,0.2970313614555774
0xf229d2b21a9183904c56cddeecbe6ab7c4ca3058,111,0.4,2.916,0.26180535147395667
0xf229d2b21a9183904c56cddeecbe6ab7c4ca3058,111,0.4090909090909091,2.8655899999999996,0.223359546395105
0xf229d2b21a9183904c56cddeecbe6ab7c4ca3058,111,0.41818181818181815,2.63898,0.27957412115296937
0xf229d2b21a9183904c56cddeecbe6ab7c4ca3058,111,0.42727272727272725,2.5843,0.3255345671548825
0xf229d2b21a9183904c56cddeecbe6ab7c4ca3058,111,0.43636363636363634,2.55,0.3584046645669989
0xf229d2b21a9183904c56cddeecbe6ab7c4ca3058,111,0.44545454545454544,2.5070099999999997,0.3584046645669988
0xf229d2b21a9183904c56cddeecbe6ab7c4ca3058,111,0.45454545454545453,2.3562000000000007,0.3607149628422504
0xf229d2b21a9183904c56cddeecbe6ab7c4ca3058,111,0.4636363636363636,2.3184,0.36335530372825225
0xf229d2b21a9183904c56cddeecbe6ab7c4ca3058,111,0.4727272727272727,2.2752,0.3681959286859223
0xf229d2b21a9183904c56cddeecbe6ab7c4ca3058,111,0.4818181818181818,2.216400000000002,0.35858444387529365
0xf229d2b21a9183904c56cddeecbe6ab7c4ca3058,111,0.4909090909090909,2.196,0.3602346569290448
0xf229d2b21a9183904c56cddeecbe6ab7c4ca3058,111,0.5,2.1951210000000003,0.3307841095407255
0xf229d2b21a9183904c56cddeecbe6ab7c4ca3058,111,0.509090909090909,2.1846,0.3307841095407255
0xf229d2b21a9183904c56cddeecbe6ab7c4ca3058,111,0.5181818181818182,2.1690000000000005,0.33540470609122874
0xf229d2b21a9183904c56cddeecbe6ab7c4ca3058,111,0.5272727272727272,2.14,0.33540470609122874
0xf229d2b21a9183904c56cddeecbe6ab7c4ca3058,111,0.5363636363636364,2.0934,0.338705132198731
0xf229d2b21a9183904c56cddeecbe6ab7c4ca3058,111,0.5454545454545454,2.0566,0.5233599480035974
0xf229d2b21a9183904c56cddeecbe6ab7c4ca3058,111,0.5545454545454546,2.0394,0.531280970661603
0xf229d2b21a9183904c56cddeecbe6ab7c4ca3058,111,0.5636363636363636,2.0,0.5178646043709433
0xf229d2b21a9183904c56cddeecbe6ab7c4ca3058,111,0.5727272727272728,1.965749999999999,0.8431343428132709
0xf229d2b21a9183904c56cddeecbe6ab7c4ca3058,111,0.5818181818181818,1.9097999999999997,0.8511653796748598
0xf229d2b21a9183904c56cddeecbe6ab7c4ca3058,111,0.5909090909090909,1.8720000000000003,0.8260499419787448
0xf229d2b21a9183904c56cddeecbe6ab7c4ca3058,111,0.6,1.8289799999999998,0.8405533022662739
0xf229d2b21a9183904c56cddeecbe6ab7c4ca3058,111,0.6090909090909091,1.7783999999999998,0.8537550066962831
0xf229d2b21a9183904c56cddeecbe6ab7c4ca3058,111,0.6181818181818182,1.6999999999999997,0.8980290154554602
0xf229d2b21a9183904c56cddeecbe6ab7c4ca3058,111,0.6272727272727273,1.62,0.9542435902133246
0xf229d2b21a9183904c56cddeecbe6ab7c4ca3058,111,0.6363636363636364,1.5623999999999998,0.978006658187341
0xf229d2b21a9183904c56cddeecbe6ab7c4ca3058,111,0.6454545454545455,1.5,0.9780066581873408
0xf229d2b21a9183904c56cddeecbe6ab7c4ca3058,111,0.6545454545454545,1.3749999999999998,0.9595591545376837
0xf229d2b21a9183904c56cddeecbe6ab7c4ca3058,111,0.6636363636363637,1.3,1.009199709813125
0xf229d2b21a9183904c56cddeecbe6ab7c4ca3058,111,0.6727272727272727,1.2,0.993100070264333
0xf229d2b21a9183904c56cddeecbe6ab7c4ca3058,111,0.6818181818181818,1.1736,1.0048715900477578
0xf229d2b21a9183904c56cddeecbe6ab7c4ca3058,111,0.6909090909090909,1.05,0.9907844054425652
0xf229d2b21a9183904c56cddeecbe6ab7c4ca3058,111,0.7,1.0000000000000009,0.9840762222972352
0xf229d2b21a9183904c56cddeecbe6ab7c4ca3058,111,0.7090909090909091,0.9826800000000009,0.9731099527018868
0xf229d2b21a9183904c56cddeecbe6ab7c4ca3058,111,0.7181818181818181,0.9809999999999999,0.9965429780651531
0xf229d2b21a9183904c56cddeecbe6ab7c4ca3058,111,0.7272727272727273,0.9367000000000005,0.9839758677606921
0xf229d2b21a9183904c56cddeecbe6ab7c4ca3058,111,0.7363636363636363,0.9199999999999996,0.9716328107732851
0xf229d2b21a9183904c56cddeecbe6ab7c4ca3058,111,0.7454545454545455,0.8506319999999998,0.9716328107732849
0xf229d2b21a9183904c56cddeecbe6ab7c4ca3058,111,0.7545454545454545,0.826086,0.9605497384096989
0xf229d2b21a9183904c56cddeecbe6ab7c4ca3058,111,0.7636363636363637,0.81,1.0167643131675632
0xf229d2b21a9183904c56cddeecbe6ab7c4ca3058,111,0.7727272727272727,0.7535500000000007,1.016764313167563
0xf229d2b21a9183904c56cddeecbe6ab7c4ca3058,111,0.7818181818181819,0.702702,1.0073366057423838
0xf229d2b21a9183904c56cddeecbe6ab7c4ca3058,111,0.7909090909090909,0.689286,0.9980954126413774
0xf229d2b21a9183904c56cddeecbe6ab7c4ca3058,111,0.8,0.686,0.9980954126413774
0xf229d2b21a9183904c56cddeecbe6ab7c4ca3058,111,0.8090909090909091,0.6734399999999999,0.9890602949265955
0xf229d2b21a9183904c56cddeecbe6ab7c4ca3058,111,0.8181818181818182,0.6433,0.9804295464918141
0xf229d2b21a9183904c56cddeecbe6ab7c4ca3058,111,0.8272727272727273,0.6379000000000006,0.9718712464350022
0xf229d2b21a9183904c56cddeecbe6ab7c4ca3058,111,0.8363636363636363,0.6250000000000006,0.9718712464350027
0xf229d2b21a9183904c56cddeecbe6ab7c4ca3058,111,0.8454545454545455,0.6083999999999999,0.9747316157281714
0xf229d2b21a9183904c56cddeecbe6ab7c4ca3058,111,0.8545454545454545,0.5616,0.9775919850213399
0xf229d2b21a9183904c56cddeecbe6ab7c4ca3058,111,0.8636363636363636,0.5148,0.986173092900846
0xf229d2b21a9183904c56cddeecbe6ab7c4ca3058,111,0.8727272727272727,0.4264,0.9804523543145086
0xf229d2b21a9183904c56cddeecbe6ab7c4ca3058,111,0.8818181818181818,0.3744,0.9851829650685952
0xf229d2b21a9183904c56cddeecbe6ab7c4ca3058,111,0.8909090909090909,0.297,0.9893635048047648
0xf229d2b21a9183904c56cddeecbe6ab7c4ca3058,111,0.9,0.265,0.9876427216643248
0xf229d2b21a9183904c56cddeecbe6ab7c4ca3058,111,0.9090909090909091,0.2322,0.9961138153402473
0xf229d2b21a9183904c56cddeecbe6ab7c4ca3058,111,0.9181818181818182,0.13674,0.9950045501753356
0xf229d2b21a9183904c56cddeecbe6ab7c4ca3058,111,0.9272727272727272,0.0936,0.9974248626541707
0xf229d2b21a9183904c56cddeecbe6ab7c4ca3058,111,0.9363636363636364,0.05406,0.9966995738924975
0xf229d2b21a9183904c56cddeecbe6ab7c4ca3058,111,0.9454545454545454,0.054000000000000006,0.9970296165032478
0xf229d2b21a9183904c56cddeecbe6ab7c4ca3058,111,0.9545454545454546,0.0486,0.9975796875211649
0xf229d2b21a9183904c56cddeecbe6ab7c4ca3058,111,0.9636363636363636,0.039599999999999996,0.9985698153534157
0xf229d2b21a9183904c56cddeecbe6ab7c4ca3058,111,0.9727272727272728,0.0234,0.9990098721677493
0xf229d2b21a9183904c56cddeecbe6ab7c4ca3058,111,0.9818181818181818,0.0162,1.0
0xf229d2b21a9183904c56cddeecbe6ab7c4ca3058,111,0.990909090909091,3.590461261637756e-15,1.0
0xf229d2b21a9183904c56cddeecbe6ab7c4ca3058,111,1.0,7.460698725481052e-16,1.0
0xf9712c6d06a0e6527ae7f85c9d540158e1a40a57,280,0.0,159.114978732,0.0
0xf9712c6d06a0e6527ae7f85c9d540158e1a40a57,280,0.007168458781362007,86.00012790806319,0.3218346754157292
0xf9712c6d06a0e6527ae7f85c9d540158e1a40a57,280,0.014336917562724014,68.27753367000001,0.29699852365630064
0xf9712c6d06a0e6527ae7f85c9d540158e1a40a57,280,0.021505376344086023,62.66996387999999,0.29699852365630064
0xf9712c6d06a0e6527ae7f85c9d540158e1a40a57,280,0.02867383512544803,59.243232000000006,0.1637658169759265
0xf9712c6d06a0e6527ae7f85c9d540158e1a40a57,280,0.035842293906810034,53.79286550000001,0.2157107095446659
0xf9712c6d06a0e6527ae7f85c9d540158e1a40a57,280,0.043010752688172046,51.9220028,0.12656028767356697
0xf9712c6d06a0e6527ae7f85c9d540158e1a40a57,280,0.05017921146953405,50.749267840000016,0.12656028767356697
0xf9712c6d06a0e6527ae7f85c9d540158e1a40a57,280,0.05734767025089606,48.029591300000014,0.12656028767356697
0xf9712c6d06a0e6527ae7f85c9d540158e1a40a57,280,0.06451612903225806,46.37470464,0.1782825572439603
0xf9712c6d06a0e6527ae7f85c9d540158e1a40a57,280,0.07168458781362007,44.22546989999999,0.23968707727319566
0xf9712c6d06a0e6527ae7f85c9d540158e1a40a57,280,0.07885304659498207,41.22546989999999,0.25532898345665
0xf9712c6d06a0e6527ae7f85c9d540158e1a40a57,280,0.08602150537634409,38.548722810000015,0.3229222749117221
0xf9712c6d06a0e6527ae7f85c9d540158e1a40a57,280,0.0931899641577061,37.76696384,0.3883793326599048
0xf9712c6d06a0e6527ae7f85c9d540158e1a40a57,280,0.1003584229390681,36.692199220000006,0.5204167564580692
0xf9712c6d06a0e6527ae7f85c9d540158e1a40a57,280,0.10752688172043011,35.98868584,0.5182836816499591
0xf9712c6d06a0e6527ae7f85c9d540158e1a40a57,280,0.11469534050179211,33.657329999999995,0.49642822197624265
0xf9712c6d06a0e6527ae7f85c9d540158e1a40a57,280,0.12186379928315412,32.8302,0.5090897895398729
0xf9712c6d06a0e6527ae7f85c9d540158e1a40a57,280,0.12903225806451613,31.46959130000001,0.49409070181064946
0xf9712c6d06a0e6527ae7f85c9d540158e1a40a57,280,0.13620071684587814,30.462805995584162,0.4887463775111611
0xf9712c6d06a0e6527ae7f85c9d540158e1a40a57,280,0.14336917562724014,30.03056388000001,0.5985598613319296
0xf9712c6d06a0e6527ae7f85c9d540158e1a40a57,280,0.15053763440860216,28.942848480000006,0.5933653720750557
0xf9712c6d06a0e6527ae7f85c9d540158e1a40a57,280,0.15770609318996415,28.278963839999996,0.5985533682203585
0xf9712c6d06a0e6527ae7f85c9d540158e1a40a57,280,0.16487455197132617,27.52696384,0.6037413643656615
0xf9712c6d06a0e6527ae7f85c9d540158e1a40a57,280,0.17204301075268819,27.001049719999997,0.7587319375676376
0xf9712c6d06a0e6527ae7f85c9d540158e1a40a57,280,0.17921146953405018,26.7302,0.7991489566065036
0xf9712c6d06a0e6527ae7f85c9d540158e1a40a57,280,0.1863799283154122,26.038205944999998,0.7991489566065036
0xf9712c6d06a0e6527ae7f85c9d540158e1a40a57,280,0.1935483870967742,24.709805899999996,0.7991489566065036
0xf9712c6d06a0e6527ae7f85c9d540158e1a40a57,280,0.2007168458781362,24.173000999999996,0.8573434665854939
0xf9712c6d06a0e6527ae7f85c9d540158e1a40a57,280,0.2078853046594982,23.650199999999998,1.0634997589676782
0xf9712c6d06a0e6527ae7f85c9d540158e1a40a57,280,0.21505376344086022,23.5042,1.0634997589676782
0xf9712c6d06a0e6527ae7f85c9d540158e1a40a57,280,0.2222222222222222,23.02771716,1.1459999359676643
0xf9712c6d06a0e6527ae7f85c9d540158e1a40a57,280,0.22939068100358423,22.527584582461134,1.1459999359676643
0xf9712c6d06a0e6527ae7f85c9d540158e1a40a57,280,0.23655913978494625,22.06908192,1.1459999359676643
0xf9712c6d06a0e6527ae7f85c9d540158e1a40a57,280,0.24372759856630824,21.652012997999996,1.1459999359676643
0xf9712c6d06a0e6527ae7f85c9d540158e1a40a57,280,0.25089605734767023,21.47272776,1.1459999359676643
0xf9712c6d06a0e6527ae7f85c9d540158e1a40a57,280,0.25806451612903225,20.432797506000007,1.1595218408144643
0xf9712c6d06a0e6527ae7f85c9d540158e1a40a57,280,0.26523297491039427,19.926200979999997,1.1480821518962916
0xf9712c6d06a0e6527ae7f85c9d540158e1a40a57,280,0.2724014336917563,19.337453352,1.1467322340006616
0xf9712c6d06a0e6527ae7f85c9d540158e1a40a57,280,0.27956989247311825,19.058586400000003,1.1652278611219942
0xf9712c6d06a0e6527ae7f85c9d540158e1a40a57,280,0.2867383512544803,18.5842059,1.1652278611219942
0xf9712c6d06a0e6527ae7f85c9d540158e1a40a57,280,0.2939068100358423,18.339600839999996,1.1611372008322058
0xf9712c6d06a0e6527ae7f85c9d540158e1a40a57,280,0.3010752688172043,17.714999249999998,1.161137200832206
0xf9712c6d06a0e6527ae7f85c9d540158e1a40a57,280,0.30824372759856633,17.4692994,1.1296744069743183
0xf9712c6d06a0e6527ae7f85c9d540158e1a40a57,280,0.3154121863799283,17.409669760000007,1.1234790043794065
0xf9712c6d06a0e6527ae7f85c9d540158e1a40a57,280,0.3225806451612903,17.31691179389692,1.1354912607859275
0xf9712c6d06a0e6527ae7f85c9d540158e1a40a57,280,0.32974910394265233,17.074200839999996,1.1367520931908022
0xf9712c6d06a0e6527ae7f85c9d540158e1a40a57,280,0.33691756272401435,16.96749945,1.1520433709407247
0xf9712c6d06a0e6527ae7f85c9d540158e1a40a57,280,0.34408602150537637,16.856811131999997,1.1392259686993884
0xf9712c6d06a0e6527ae7f85c9d540158e1a40a57,280,0.35125448028673834,16.627200839999997,1.1392259686993884
0xf9712c6d06a0e6527ae7f85c9d540158e1a40a57,280,0.35842293906810035,16.1967993,1.1383737476695612
0xf9712c6d06a0e6527ae7f85c9d540158e1a40a57,280,0.3655913978494624,15.966747745964481,1.1383737476695612
0xf9712c6d06a0e6527ae7f85c9d540158e1a40a57,280,0.3727598566308244,15.6767648,1.1383737476695612
0xf9712c6d06a0e6527ae7f85c9d540158e1a40a57,280,0.37992831541218636,15.47851961,1.0877223952566135
0xf9712c6d06a0e6527ae7f85c9d540158e1a40a57,280,0.3870967741935484,15.293600000000003,1.0877223952566135
0xf9712c6d06a0e6527ae7f85c9d540158e1a40a57,280,0.3942652329749104,14.74,1.1100911646190268
0xf9712c6d06a0e6527ae7f85c9d540158e1a40a57,280,0.4014336917562724,14.512045216382305,1.1256421635852376
0xf9712c6d06a0e6527ae7f85c9d540158e1a40a57,280,0.40860215053763443,13.664999250000001,1.0965189358646117
0xf9712c6d06a0e6527ae7f85c9d540158e1a40a57,280,0.4157706093189964,13.380404133554112,1.0878552193005282
0xf9712c6d06a0e6527ae7f85c9d540158e1a40a57,280,0.4229390681003584,13.26,1.067324000512734
0xf9712c6d06a0e6527ae7f85c9d540158e1a40a57,280,0.43010752688172044,12.518431,1.0266822159237228
0xf9712c6d06a0e6527ae7f85c9d540158e1a40a57,280,0.43727598566308246,12.389999999999999,1.0341949622656494
0xf9712c6d06a0e6527ae7f85c9d540158e1a40a57,280,0.4444444444444444,12.25,1.0147038750204285
0xf9712c6d06a0e6527ae7f85c9d540158e1a40a57,280,0.45161290322580644,12.221137037545608,1.0106218635552529
0xf9712c6d06a0e6527ae7f85c9d540158e1a40a57,280,0.45878136200716846,11.93565786,1.0106218635552529
0xf9712c6d06a0e6527ae7f85c9d540158e1a40a57,280,0.4659498207885305,11.764800000000001,1.0106218635552529
0xf9712c6d06a0e6527ae7f85c9d540158e1a40a57,280,0.4731182795698925,11.5764,1.0075547801684943
0xf9712c6d06a0e6527ae7f85c9d540158e1a40a57,280,0.48028673835125446,11.05575786,0.9775371253753342
0xf9712c6d06a0e6527ae7f85c9d540158e1a40a57,280,0.4874551971326165,10.62,0.9754898472523841
0xf9712c6d06a0e6527ae7f85c9d540158e1a40a57,280,0.4946236559139785,10.542564819000003,0.9795005446731008
0xf9712c6d06a0e6527ae7f85c9d540158e1a40a57,280,0.5017921146953405,10.069165949999999,1.0055357235541114
0xf9712c6d06a0e6527ae7f85c9d540158e1a40a57,280,0.5089605734767025,10.03929672,0.9826539983775819
0xf9712c6d06a0e6527ae7f85c9d540158e1a40a57,280,0.5161290322580645,9.629899220000002,0.9826539983775819
0xf9712c6d06a0e6527ae7f85c9d540158e1a40a57,280,0.5232974910394266,9.1,0.9797970292863013
0xf9712c6d06a0e6527ae7f85c9d540158e1a40a57,280,0.5304659498207885,9.044,0.9494612120261575
0xf9712c6d06a0e6527ae7f85c9d540158e1a40a57,280,0.5376344086021505,8.950962452999999,0.9379878838800373
0xf9712c6d06a0e6527ae7f85c9d540158e1a40a57,280,0.5448028673835126,8.818152995129985,0.9379878838800373
0xf9712c6d06a0e6527ae7f85c9d540158e1a40a57,280,0.5519713261648745,8.765414579999998,0.9370139171443733
0xf9712c6d06a0e6527ae7f85c9d540158e1a40a57,280,0.5591397849462365,8.58751572,0.9341751656558913
0xf9712c6d06a0e6527ae7f85c9d540158e1a40a57,280,0.5663082437275986,8.415,0.9274060968430273
0xf9712c6d06a0e6527ae7f85c9d540158e1a40a57,280,0.5734767025089605,8.275495498956245,0.9270499366871298
0xf9712c6d06a0e6527ae7f85c9d540158e1a40a57,280,0.5806451612903226,7.865414579999999,0.9251020032158019
0xf9712c6d06a0e6527ae7f85c9d540158e1a40a57,280,0.5878136200716846,7.75,0.9251020032158019
0xf9712c6d06a0e6527ae7f85c9d540158e1a40a57,280,0.5949820788530465,7.565414579999999,0.924128036480138
0xf9712c6d06a0e6527ae7f85c9d540158e1a40a57,280,0.6021505376344086,7.403498700000004,0.9284284210271166
0xf9712c6d06a0e6527ae7f85c9d540158e1a40a57,280,0.6093189964157706,7.313410000000001,0.9284284210271166
0xf9712c6d06a0e6527ae7f85c9d540158e1a40a57,280,0.6164874551971327,7.265414579999999,0.9371478971543513
0xf9712c6d06a0e6527ae7f85c9d540158e1a40a57,280,0.6236559139784946,7.074971360000001,0.9371478971543513
0xf9712c6d06a0e6527ae7f85c9d540158e1a40a57,280,0.6308243727598566,6.990910850000001,1.091132038062808
0xf9712c6d06a0e6527ae7f85c9d540158e1a40a57,280,0.6379928315412187,6.9,1.0901580713271442
0xf9712c6d06a0e6527ae7f85c9d540158e1a40a57,280,0.6451612903225806,6.63,1.0816984886027763
0xf9712c6d06a0e6527ae7f85c9d540158e1a40a57,280,0.6523297491039427,6.4211737376027855,1.0802791885634533
0xf9712c6d06a0e6527ae7f85c9d540158e1a40a57,280,0.6594982078853047,6.353120247472784,1.0793052218277894
0xf9712c6d06a0e6527ae7f85c9d540158e1a40a57,280,0.6666666666666666,6.065414579999999,1.0723418096632322
0xf9712c6d06a0e6527ae7f85c9d540158e1a40a57,280,0.6738351254480287,5.633332640000001,1.0713678429275684
0xf9712c6d06a0e6527ae7f85c9d540158e1a40a57,280,0.6810035842293907,5.58,1.056515035262374
0xf9712c6d06a0e6527ae7f85c9d540158e1a40a57,280,0.6881720430107527,5.465414579999999,1.0555410685267101
0xf9712c6d06a0e6527ae7f85c9d540158e1a40a57,280,0.6953405017921147,5.45,1.0641363249689437
0xf9712c6d06a0e6527ae7f85c9d540158e1a40a57,280,0.7025089605734767,5.361921179999999,1.0595911468691792
0xf9712c6d06a0e6527ae7f85c9d540158e1a40a57,280,0.7096774193548387,5.2912867079999995,1.0543966576123052
0xf9712c6d06a0e6527ae7f85c9d540158e1a40a57,280,0.7168458781362007,5.279999999999999,1.053372044561802
0xf9712c6d06a0e6527ae7f85c9d540158e1a40a57,280,0.7240143369175627,5.2169,1.0531061516429656
0xf9712c6d06a0e6527ae7f85c9d540158e1a40a57,280,0.7311827956989247,5.148,1.0354189157233098
0xf9712c6d06a0e6527ae7f85c9d540158e1a40a57,280,0.7383512544802867,5.111145212,1.0241468740358934
0xf9712c6d06a0e6527ae7f85c9d540158e1a40a57,280,0.7455197132616488,4.9706,1.021979408462347
0xf9712c6d06a0e6527ae7f85c9d540158e1a40a57,280,0.7526881720430108,4.78742,1.0390322024503913
0xf9712c6d06a0e6527ae7f85c9d540158e1a40a57,280,0.7598566308243727,4.486044150000001,1.0380582357147274
0xf9712c6d06a0e6527ae7f85c9d540158e1a40a57,280,0.7670250896057348,4.33151973,1.0342784683257267
0xf9712c6d06a0e6527ae7f85c9d540158e1a40a57,280,0.7741935483870968,4.212523000000001,1.0342784683257267
0xf9712c6d06a0e6527ae7f85c9d540158e1a40a57,280,0.7813620071684588,3.755283728,1.0321731418933249
0xf9712c6d06a0e6527ae7f85c9d540158e1a40a57,280,0.7885304659498208,3.68,1.0301842961890475
0xf9712c6d06a0e6527ae7f85c9d540158e1a40a57,280,0.7956989247311828,3.57125,1.028155198823081
0xf9712c6d06a0e6527ae7f85c9d540158e1a40a57,280,0.8028673835125448,3.2,1.0281551988230813
0xf9712c6d06a0e6527ae7f85c9d540158e1a40a57,280,0.8100358422939068,3.1040940759999995,1.016486771906846
0xf9712c6d06a0e6527ae7f85c9d540158e1a40a57,280,0.8172043010752689,2.82112756,1.0153913431755974
0xf9712c6d06a0e6527ae7f85c9d540158e1a40a57,280,0.8243727598566308,2.63984,1.0068209553506813
0xf9712c6d06a0e6527ae7f85c9d540158e1a40a57,280,0.8315412186379928,2.3833326400000003,1.003408662892283
0xf9712c6d06a0e6527ae7f85c9d540158e1a40a57,280,0.8387096774193549,2.176067249999998,1.003408662892283
0xf9712c6d06a0e6527ae7f85c9d540158e1a40a57,280,0.8458781362007168,2.0604,1.003408662892283
0xf9712c6d06a0e6527ae7f85c9d540158e1a40a57,280,0.8530465949820788,1.8770856460000005,0.9998796242878363
0xf9712c6d06a0e6527ae7f85c9d540158e1a40a57,280,0.8602150537634409,1.8036284858504834,0.9998796242878363
0xf9712c6d06a0e6527ae7f85c9d540158e1a40a57,280,0.8673835125448028,1.6478733780596808,0.9998796242878363
0xf9712c6d06a0e6527ae7f85c9d540158e1a40a57,280,0.8745519713261649,1.51015205000001,1.0098841357634647
0xf9712c6d06a0e6527ae7f85c9d540158e1a40a57,280,0.8817204301075269,1.1131928099999993,1.0133564511620718
0xf9712c6d06a0e6527ae7f85c9d540158e1a40a57,280,0.8888888888888888,1.0833329999999999,1.009778433601546
0xf9712c6d06a0e6527ae7f85c9d540158e1a40a57,280,0.8960573476702509,0.8498352799999993,1.0085966872956074
0xf9712c6d06a0e6527ae7f85c9d540158e1a40a57,280,0.9032258064516129,0.8070529110000008,1.0064220792993328
0xf9712c6d06a0e6527ae7f85c9d540158e1a40a57,280,0.910394265232975,0.7370529110000007,1.0058449618032266
0xf9712c6d06a0e6527ae7f85c9d540158e1a40a57,280,0.9175627240143369,0.6811206049999998,1.0058449618032266
0xf9712c6d06a0e6527ae7f85c9d540158e1a40a57,280,0.9247311827956989,0.660879819,1.0048222967307796
0xf9712c6d06a0e6527ae7f85c9d540158e1a40a57,280,0.931899641577061,0.6451706049999999,1.0048222967307796
0xf9712c6d06a0e6527ae7f85c9d540158e1a40a57,280,0.9390681003584229,0.5970529110000006,1.0037970701258176
0xf9712c6d06a0e6527ae7f85c9d540158e1a40a57,280,0.946236559139785,0.5316450000000001,1.002071054975211
0xf9712c6d06a0e6527ae7f85c9d540158e1a40a57,280,0.953405017921147,0.52093,1.002071054975211
0xf9712c6d06a0e6527ae7f85c9d540158e1a40a57,280,0.9605734767025089,0.31578900000000004,1.001045828370249
0xf9712c6d06a0e6527ae7f85c9d540158e1a40a57,280,0.967741935483871,0.2545444799999973,1.000715578976076
0xf9712c6d06a0e6527ae7f85c9d540158e1a40a57,280,0.974910394265233,0.2042380099999949,1.000555604939743
0xf9712c6d06a0e6527ae7f85c9d540158e1a40a57,280,0.982078853046595,0.15668290045129418,0.9999999999999994
0xf9712c6d06a0e6527ae7f85c9d540158e1a40a57,280,0.989247311827957,0.10471099999999998,0.9999999999999994
0xf9712c6d06a0e6527ae7f85c9d540158e1a40a57,280,0.996415770609319,0.06978314999999996,0.9999999999999994
0xf9712c6d06a0e6527ae7f85c9d540158e1a40a57,280,1.0,0.031548,0.9999999999999994
